gene_id,baseMean,log2FoldChange,lfcSE,stat,pvalue,padj,gene_name,gene_type,regulation
ENSG00000165312,1117.3214166539126,-2.12700320240737,0.08162339208690657,-26.05874551430911,1.0708555799046847e-149,9.412820547362178e-146,OTUD1,protein_coding,Down
ENSG00000235387,66.74178839375911,-2.7184137003487927,0.11191518713567301,-24.289944644003523,2.503813774907429e-130,1.100426154071815e-126,SPAAR,protein_coding,Down
ENSG00000116016,27940.773390235274,-2.6973200955507033,0.11130006691230675,-24.23466733111598,9.594987289181167e-130,3.614568783081534e-126,EPAS1,protein_coding,Down
ENSG00000135604,827.380836540576,-3.066553120043567,0.12709013357326818,-24.128962916509032,1.2417872205363436e-128,3.6384365561714867e-125,STX11,protein_coding,Down
ENSG00000261371,12086.561759160732,-2.3172847871314506,0.0971837472747638,-23.84436546349548,1.1585439158854035e-125,2.777345732899827e-122,PECAM1,protein_coding,Down
ENSG00000170989,1799.9344922736377,-2.8593790639354553,0.12214032799967409,-23.410605741480286,3.332653292692967e-121,5.492629208019596e-118,S1PR1,protein_coding,Down
ENSG00000102760,3448.586261246189,-2.8691314006634596,0.12319439570294499,-23.289463650454614,5.669069244588741e-120,8.793726822341476e-117,RGCC,protein_coding,Down
ENSG00000139567,2273.238684957201,-2.553152866097193,0.10999812439378298,-23.210876368738298,3.53592594881111e-119,5.180131515008276e-116,ACVRL1,protein_coding,Down
ENSG00000010319,734.863292763469,-3.193156048448044,0.13768695074081622,-23.191421055281296,5.557766316025995e-119,7.713594618610814e-116,SEMA3G,protein_coding,Down
ENSG00000182010,2133.296812229642,-4.08102854726914,0.1766953036117914,-23.096417753328456,5.030149315384375e-118,6.632251872334298e-115,RTKN2,protein_coding,Down
ENSG00000120156,960.8698049499318,-3.27973602938882,0.14257338710008538,-23.003844518938667,4.266061196555587e-117,5.35695398824623e-114,TEK,protein_coding,Down
ENSG00000070778,1172.9809944794888,-2.4621791168433864,0.10737246951636915,-22.931195751887053,2.2700891937186265e-116,2.6027066103634863e-113,PTPN21,protein_coding,Down
ENSG00000122679,1139.37735290377,-3.1983042710813705,0.13952463424250414,-22.92286439914604,2.748882083489789e-116,2.899520821665029e-113,RAMP3,protein_coding,Down
ENSG00000213853,14868.335896353521,-2.7196305303619135,0.11879752221830342,-22.89299035517168,5.456709282151616e-116,5.534362452705312e-113,EMP2,protein_coding,Down
ENSG00000151718,2002.1183026444503,-2.4008796426884973,0.10591033567683394,-22.66898341267035,9.066357224722345e-114,8.244132414342352e-111,WWC2,protein_coding,Down
ENSG00000157654,6194.343225342296,-2.532153632756964,0.11203266307376966,-22.601923075680418,4.1490432136805487e-113,3.419070923273627e-110,PALM2AKAP2,protein_coding,Down
ENSG00000168309,1770.3831293394132,-4.532881057470735,0.20199931733964413,-22.440081071408247,1.5995301389480088e-111,1.2781699928502725e-108,FAM107A,protein_coding,Down
ENSG00000131477,944.3717161423447,-2.8359929376728905,0.12649264390463688,-22.420220260483706,2.4994554058771063e-111,1.9385482074405676e-108,RAMP2,protein_coding,Down
ENSG00000132622,439.8354864720682,-2.7700190003351337,0.12360815288697409,-22.40967877635068,3.1671373622586196e-111,2.3862117783645658e-108,HSPA12B,protein_coding,Down
ENSG00000169744,992.1765762964751,-2.615844673021769,0.1169349374131373,-22.370086570276694,7.698721770644443e-111,5.639313696997055e-108,LDB2,protein_coding,Down
ENSG00000072163,1240.4123039586357,-2.7857495936244594,0.12721603187886035,-21.897787193025714,2.727065854369766e-106,1.598060590660683e-103,LIMS2,protein_coding,Down
ENSG00000105227,1156.8961278456663,-3.325088919439041,0.153645311951005,-21.641330133778233,7.335639052236003e-104,3.7929568981855563e-101,PRX,protein_coding,Down
ENSG00000154133,1315.469560913839,-2.8173986300914637,0.13031086022254046,-21.62059728007325,1.1497970759309184e-103,5.830797863903523e-101,ROBO4,protein_coding,Down
ENSG00000136160,1551.894006591968,-3.515253988673249,0.16261461542528255,-21.617085152400847,1.2406995459480268e-103,6.173065476726315e-101,EDNRB,protein_coding,Down
ENSG00000171132,1034.8980991875517,-1.9140433547652704,0.08921649935431082,-21.453916804826825,4.197742199865008e-102,1.729600965788129e-99,PRKCE,protein_coding,Down
ENSG00000154721,722.2930157934336,-2.522205574966355,0.1185732237536147,-21.27129123356963,2.094356234148563e-100,8.12179027860259e-98,JAM2,protein_coding,Down
ENSG00000179776,3199.952123957735,-2.5359701908320758,0.12009820127581423,-21.115804932065853,5.693195833877879e-99,1.9497347290825933e-96,CDH5,protein_coding,Down
ENSG00000095370,1148.4521535137583,-2.2689898204815804,0.10760350044865782,-21.086579999915628,1.0562727216315286e-98,3.5258116037244824e-96,SH2D3C,protein_coding,Down
ENSG00000186994,281.02243806582766,-2.8264323951757793,0.13459106288345293,-21.00014915272112,6.537999119718343e-98,2.0283180798467377e-95,KANK3,protein_coding,Down
ENSG00000064989,2459.0348793804133,-2.786327212726215,0.13294702115111107,-20.958177088896207,1.580239661328479e-97,4.7897609045094245e-95,CALCRL,protein_coding,Down
ENSG00000238018,114.580754647422,-3.3401956918402305,0.15952293450092503,-20.938655010893505,2.380857803608996e-97,6.975913364574359e-95,AC093110.1,lncRNA,Down
ENSG00000228401,31.73905066037129,-3.623346796035311,0.17378094076300657,-20.850081603463313,1.5216283706507285e-96,4.314552702587066e-94,AL590226.1,lncRNA,Down
ENSG00000162367,190.85172891193608,-2.8054560811066733,0.1363245047346652,-20.57925012503852,4.211457454302131e-94,1.1105613306994719e-91,TAL1,protein_coding,Down
ENSG00000134256,248.5092014957704,-2.765156884924202,0.13478329308430861,-20.515575941556513,1.5630637146924325e-93,4.001746617130044e-91,CD101,protein_coding,Down
ENSG00000166265,788.8684128072057,-2.2751279805335396,0.1109701670209756,-20.50215874779655,2.0595147603084273e-93,5.222058098974349e-91,CYYR1,protein_coding,Down
ENSG00000107742,6497.909739133317,-3.1734218516858728,0.15627647250290533,-20.306459448826345,1.1274459132295427e-91,2.63103971078434e-89,SPOCK2,protein_coding,Down
ENSG00000103241,608.391594900037,-2.7338500726172406,0.13472043307833498,-20.29276487722992,1.4897684422142777e-91,3.446069633437763e-89,FOXF1,protein_coding,Down
ENSG00000142748,1549.3299268358896,-4.4889567180537036,0.22154815607081454,-20.261765196632357,2.7975132073726353e-91,6.359519248139344e-89,FCN3,protein_coding,Down
ENSG00000137834,878.8463574523325,-2.55378079638145,0.12615974284266174,-20.242438188593642,4.1416453561101785e-91,9.33463145646371e-89,SMAD6,protein_coding,Down
ENSG00000263155,132.2965189521674,-3.2997570923859043,0.16326637256096901,-20.21088017468917,7.853497806740282e-91,1.7550570946079766e-88,MYZAP,protein_coding,Down
ENSG00000133121,832.4413439143907,-2.0455830059604208,0.10199563243349764,-20.05559411864194,1.8037632587863547e-89,3.775018820174299e-87,STARD13,protein_coding,Down
ENSG00000189129,291.0854380039314,-2.71373383828165,0.13540531061711397,-20.041561338426995,2.3914717356530624e-89,4.965599186548918e-87,PLAC9,protein_coding,Down
ENSG00000154783,1246.4015126866414,-2.251964063440486,0.11242980717571825,-20.02995575649131,3.019260686861227e-89,6.22014877441645e-87,FGD5,protein_coding,Down
ENSG00000171115,1108.4848946314546,-2.4602552589954367,0.1231376193387549,-19.979720837603725,8.268492185706172e-89,1.6644285415043647e-86,GIMAP8,protein_coding,Down
ENSG00000168497,3232.961321656257,-3.3046411486138263,0.16690839819860054,-19.799130446879662,3.0287669066085677e-87,5.396525900491076e-85,CAVIN2,protein_coding,Down
ENSG00000197256,4717.070098721927,-1.6439630815769464,0.0833023470867989,-19.734895102823202,1.0817115446307384e-86,1.8890551941663956e-84,KANK2,protein_coding,Down
ENSG00000022267,3151.1369692805592,-3.4278102356594404,0.17370782246614322,-19.73319443531418,1.1187268989233144e-86,1.9408439687241974e-84,FHL1,protein_coding,Down
ENSG00000108576,1138.3562960740735,-6.124952613120033,0.31206917623941305,-19.626906722825762,9.109448399858146e-86,1.5203554069889831e-83,SLC6A4,protein_coding,Down
ENSG00000120279,513.4065872737448,-2.266517391274897,0.11554179551003657,-19.616428680805946,1.1194695883369884e-85,1.845025815277899e-83,MYCT1,protein_coding,Down
ENSG00000094963,2542.0549048320445,-3.2883975119455497,0.16779545933283058,-19.597654936674125,1.619156216902929e-85,2.651996859610574e-83,FMO2,protein_coding,Down
ENSG00000198844,650.4086506357609,-2.4281094771514806,0.12396732998908781,-19.58668850385996,2.008359562853231e-85,3.2292952239292498e-83,ARHGEF15,protein_coding,Down
ENSG00000130052,708.6300755839833,-2.214278130647391,0.11306437703072801,-19.584224393202174,2.1079252051816995e-85,3.36884773700857e-83,STARD8,protein_coding,Down
ENSG00000101280,55.76083340920566,-4.212322564556593,0.21512520490812556,-19.580795129773694,2.254733874499151e-85,3.581767004249555e-83,ANGPT4,protein_coding,Down
ENSG00000150048,188.50797610035988,-2.298602389168876,0.11751113649864453,-19.56071958503601,3.343258968518993e-85,5.247722559514634e-83,CLEC1A,protein_coding,Down
ENSG00000198873,1485.1656913743634,-2.480904482465151,0.12700992625069776,-19.53315426361427,5.738320631293526e-85,8.953817458414809e-83,GRK5,protein_coding,Down
ENSG00000137507,2089.357759962874,-2.352137144829216,0.12087273570500091,-19.459617018760834,2.4158332060469304e-84,3.6196319115600885e-82,LRRC32,protein_coding,Down
ENSG00000101331,110.41053822514215,-2.5101617085760206,0.12935520484066673,-19.405185215916994,6.976667104505253e-84,1.016434870418804e-81,CCM2L,protein_coding,Down
ENSG00000115306,21670.08862316857,-1.7808531843346822,0.0918145503127365,-19.396197860456578,8.309446842198881e-84,1.2039566660922226e-81,SPTBN1,protein_coding,Down
ENSG00000163815,461.1264417997934,-3.7385914930294635,0.19281659600783527,-19.389365700022744,9.489995067736458e-84,1.36749273189186e-81,CLEC3B,protein_coding,Down
ENSG00000249751,46.056265019954566,-2.252802952310606,0.11624024172414842,-19.380576974854964,1.1257766827715803e-83,1.613409300254705e-81,ECSCR,protein_coding,Down
ENSG00000104967,271.94091262466645,-2.391657644951728,0.12378493287989051,-19.321072357589532,3.571534852034838e-83,4.98314148402956e-81,NOVA2,protein_coding,Down
ENSG00000176435,1549.9094656977709,-2.2797240520790245,0.11868183749956936,-19.20870202306479,3.129940724930498e-82,4.169368150078495e-80,CLEC14A,protein_coding,Down
ENSG00000114790,1151.1107069098643,-2.6791028476640575,0.13950225974556005,-19.204727239189584,3.3789413379693045e-82,4.4775217629271636e-80,ARHGEF26,protein_coding,Down
ENSG00000157554,1011.3314896744919,-2.150341480630983,0.11206406431737298,-19.188501628328158,4.6176224396891804e-82,6.0883351867301844e-80,ERG,protein_coding,Down
ENSG00000032444,3572.6587757802636,-1.5529412633340467,0.08135014414940414,-19.089594487773525,3.0815211791610257e-81,3.9833192889449136e-79,PNPLA6,protein_coding,Down
ENSG00000224215,15.467881911458297,-5.265922088260068,0.27596228008847873,-19.08203572811369,3.561145807909193e-81,4.5808495099788005e-79,AL606469.1,lncRNA,Down
ENSG00000130307,142.17636311784884,-2.287256114211917,0.11991366631761678,-19.074190494298072,4.1377973063288925e-81,5.296782279994801e-79,USHBP1,protein_coding,Down
ENSG00000170323,981.6802911111408,-4.907834603412617,0.2575841856876693,-19.053322665404448,6.166130514348634e-81,7.855114090018043e-79,FABP4,protein_coding,Down
ENSG00000197465,38.00323606037024,-3.3227648389858446,0.1750803985288359,-18.978508541826187,2.567822574291478e-80,3.2398794872758984e-78,GYPE,protein_coding,Down
ENSG00000169252,446.55883311335975,-3.1051659815029766,0.16367403451570087,-18.97164685095549,2.9259495030955244e-80,3.6741565903156655e-78,ADRB2,protein_coding,Down
ENSG00000127329,2273.544951333834,-2.625371856409417,0.1384016598753724,-18.969222325610154,3.0640588199076385e-80,3.82934744459547e-78,PTPRB,protein_coding,Down
ENSG00000173269,1422.682894292246,-2.117986339693555,0.11180384003962326,-18.943770973724526,4.970617928525069e-80,6.182792206377645e-78,MMRN2,protein_coding,Down
ENSG00000215595,20.09065403512259,-2.558080628340889,0.13508881116048263,-18.936287960236346,5.7297137736782666e-80,7.093547052201685e-78,C20orf202,protein_coding,Down
ENSG00000144655,3290.5445756690888,-2.372077874802336,0.1254632677171869,-18.90655263458749,1.0073044851740207e-79,1.2129049896821426e-77,CSRNP1,protein_coding,Down
ENSG00000120913,995.4853292277775,-1.9708200290236908,0.10445164786028673,-18.868252147250335,2.0806727378850685e-79,2.482685072309016e-77,PDLIM2,protein_coding,Down
ENSG00000204305,14650.859625125879,-4.9864656587626826,0.26490189725882596,-18.82382010231731,4.818216017152784e-79,5.6721587666213806e-77,AGER,protein_coding,Down
ENSG00000121691,5706.361646831207,-1.9067914626821243,0.10164580189057851,-18.759175757546597,1.62906069975885e-78,1.8841373093263544e-76,CAT,protein_coding,Down
ENSG00000133800,636.264106596687,-3.2308143933113564,0.17277267865486687,-18.699799172329072,4.969150993356478e-78,5.599850927128647e-76,LYVE1,protein_coding,Down
ENSG00000047648,285.34635078812306,-2.385737628525649,0.12769096668659818,-18.683683665588887,6.721646842924542e-78,7.542545840337028e-76,ARHGAP6,protein_coding,Down
ENSG00000136114,275.7864981587077,-2.235052754603859,0.11963758923456631,-18.681860516444576,6.955214761211641e-78,7.771568358184364e-76,THSD1,protein_coding,Down
ENSG00000177303,1902.003438211212,-1.6935772141145813,0.09066883721980283,-18.67871328281124,7.377615309380489e-78,8.208764375880317e-76,CASKIN2,protein_coding,Down
ENSG00000111961,1971.597035456322,-1.8761722715394853,0.10045845227407509,-18.676101702431477,7.747475464470491e-78,8.584072604961633e-76,SASH1,protein_coding,Down
ENSG00000171056,309.753090612395,-2.9195021668975434,0.15659953918024966,-18.643108288697643,1.4364634831022784e-77,1.5783142520586285e-75,SOX7,protein_coding,Down
ENSG00000105974,12919.540844129417,-3.421923220048254,0.1839450124935201,-18.602968211322388,3.0400000149918053e-77,3.3125950576584255e-75,CAV1,protein_coding,Down
ENSG00000246430,71.24986909483073,-3.575544865387502,0.19271445449098787,-18.553589427588626,7.628361122418835e-77,8.24425749172888e-75,LINC00968,lncRNA,Down
ENSG00000070614,5641.731846346066,-1.588914200891764,0.08568052015808056,-18.544637660464915,9.010586878984908e-77,9.658909593448455e-75,NDST1,protein_coding,Down
ENSG00000268388,482.2147263659885,-3.9230940794360816,0.2116670366815024,-18.534270337705923,1.092616864408814e-76,1.166490150383013e-74,FENDRR,lncRNA,Down
ENSG00000286256,34.64278235007373,-3.657359159798631,0.1981286061604213,-18.45952096809953,4.3720185195594065e-76,4.556922069596108e-74,AC084871.3,lncRNA,Down
ENSG00000161835,581.8059434256318,-2.332491871762587,0.12666444427111184,-18.414732604598452,1.0008239516864371e-75,1.0309268596082557e-73,TAMALIN,protein_coding,Down
ENSG00000117758,3319.8873823219496,-1.0566439445233216,0.0574783998588171,-18.38332220658077,1.7868273617812892e-75,1.8263037802392478e-73,STX12,protein_coding,Down
ENSG00000102683,43.822087428367496,-3.829621407506069,0.20862046501022682,-18.35688271195415,2.9082999782054233e-75,2.92717062691897e-73,SGCG,protein_coding,Down
ENSG00000263586,11.431291513810818,-2.8029966540102027,0.1527595833374253,-18.34907239710625,3.357962242977565e-75,3.3668997850691405e-73,HID1-AS1,lncRNA,Down
ENSG00000225938,12.988467654841376,-2.5390392791333487,0.13847581374112009,-18.33561551680116,4.301201469255785e-75,4.296313740313449e-73,AL109741.1,lncRNA,Down
ENSG00000135363,688.5110690569933,-1.9148534359232376,0.10450301097340099,-18.323428369069887,5.38135380033092e-75,5.3549547062160887e-73,LMO2,protein_coding,Down
ENSG00000138821,8290.16784978471,-2.5138665138366147,0.13732469151136778,-18.3060051777252,7.411156688804748e-75,7.347075258788768e-73,SLC39A8,protein_coding,Down
ENSG00000166292,1163.751238626447,-4.347831308135153,0.237576990398679,-18.300725591476848,8.16541436230603e-75,8.064493510637078e-73,TMEM100,protein_coding,Down
ENSG00000125810,5671.666262996032,-2.2313677827449845,0.12213123510040388,-18.270246599165077,1.4280395897439931e-74,1.3947186659833e-72,CD93,protein_coding,Down
ENSG00000105538,695.557051044258,-2.291557627885781,0.12549194191810353,-18.260595802886368,1.7042134586750844e-74,1.6522098862228668e-72,RASIP1,protein_coding,Down
ENSG00000114812,1201.6260853791273,-3.2048377554620022,0.17600764132700425,-18.208514876395284,4.41768351523613e-74,4.251617310101341e-72,VIPR1,protein_coding,Down
ENSG00000171509,102.04541195495761,-3.12687671937688,0.17183870245508653,-18.196580134176415,5.493194395112003e-74,5.267474043603764e-72,RXFP1,protein_coding,Down
ENSG00000123119,194.65728062506113,-3.2932499633671957,0.18114630235226215,-18.180056234120915,7.425759535092748e-74,7.069215846223674e-72,NECAB1,protein_coding,Down
ENSG00000204217,5655.034237021036,-1.383465103834767,0.07618127651339793,-18.160172251661578,1.0668943017240466e-73,1.0120144869231334e-71,BMPR2,protein_coding,Down
ENSG00000164035,936.9957521016606,-2.7581995388508527,0.15200635996736653,-18.1452903644492,1.3989384787899993e-73,1.31750027448901e-71,EMCN,protein_coding,Down
ENSG00000149557,446.05569915694554,-2.150997741771233,0.11860131046925934,-18.136374153544935,1.6453444640127425e-73,1.5440474560859794e-71,FEZ1,protein_coding,Down
ENSG00000234281,56.21913285846698,-3.6625069410483504,0.2019657033396202,-18.134301420917865,1.7085637016943496e-73,1.5976888231801419e-71,LANCL1-AS1,lncRNA,Down
ENSG00000105339,2609.311041823794,-1.7776978534991983,0.09806115694259745,-18.12846094136762,1.9000291486766928e-73,1.7704511890672927e-71,DENND3,protein_coding,Down
ENSG00000079308,15535.216478135939,-2.179211588962587,0.12040989773699552,-18.098276220801342,3.2879774648650034e-73,3.021044102734848e-71,TNS1,protein_coding,Down
ENSG00000148488,265.87082811883477,-3.5678548244547152,0.19745322826721726,-18.069366886350767,5.554746948755652e-73,5.04749247610126e-71,ST8SIA6,protein_coding,Down
ENSG00000173517,2574.15899088547,-1.7004448709251894,0.09441547545225004,-18.010234686422535,1.619405193416184e-72,1.4624559914515334e-70,PEAK1,protein_coding,Down
ENSG00000163788,1412.2018094159419,-1.214054487774289,0.06742445659607323,-18.006144195532087,1.743591416545095e-72,1.5638947501460595e-70,SNRK,protein_coding,Down
ENSG00000251230,23.601226472380006,-3.486995555923099,0.1941854979149222,-17.95703383293249,4.228062649736159e-72,3.7288967248676426e-70,MIR3945HG,lncRNA,Down
ENSG00000236304,31.455118035087235,-3.089343341691292,0.17206184925290785,-17.954842140225818,4.3983043773284487e-72,3.8661095476717066e-70,AP001189.1,lncRNA,Down
ENSG00000111897,9806.323855001632,-1.1833456219585972,0.06595818843259266,-17.940844800004502,5.658825095270325e-72,4.957581985457757e-70,SERINC1,protein_coding,Down
ENSG00000131471,3713.528592820787,-2.6416272132538916,0.1477743631658365,-17.876085923573793,1.811141290906114e-71,1.5658949456129254e-69,AOC3,protein_coding,Down
ENSG00000126785,634.9279445987419,-1.8811810020033146,0.10541250683553878,-17.845899490259473,3.1105404907512648e-71,2.6459662174551887e-69,RHOJ,protein_coding,Down
ENSG00000091106,266.83388639994035,-2.12507789654095,0.11938654032256811,-17.79997888203515,7.069552825235316e-71,5.91822565083985e-69,NLRC4,protein_coding,Down
ENSG00000144843,861.4594623431746,-1.603033425891762,0.09018750373226081,-17.774451665173917,1.1148238933496205e-70,9.303134831528322e-69,ADPRH,protein_coding,Down
ENSG00000131097,137.37109597833853,-2.7239963834103387,0.15352742142949946,-17.74273519379866,1.961503356459046e-70,1.6164013596820325e-68,HIGD1B,protein_coding,Down
ENSG00000227051,1109.130569669574,-2.652361987239492,0.15049096866532882,-17.624725329119112,1.5913967480460957e-69,1.2602141815608272e-67,C14orf132,protein_coding,Down
ENSG00000213144,26.980094482204137,-2.4842996960149515,0.14102881558082056,-17.615546764563536,1.87171899113629e-69,1.4777613711456276e-67,AC084880.1,processed_pseudogene,Down
ENSG00000087074,4964.999890628213,-1.85528504350388,0.10551963509405766,-17.582367886793048,3.3623636804941713e-69,2.6001621775551698e-67,PPP1R15A,protein_coding,Down
ENSG00000131634,1013.7616281400335,-1.9051754031303305,0.10842539527784968,-17.571302352628273,4.0868185781056833e-69,3.132831566995549e-67,TMEM204,protein_coding,Down
ENSG00000164736,171.89336168037957,-2.6993871876466087,0.1536343587454238,-17.570205061483446,4.166636425609286e-69,3.184759494009185e-67,SOX17,protein_coding,Down
ENSG00000114854,663.6588389984552,-3.540620937154761,0.20154844900490507,-17.567095924755012,4.4013366392021824e-69,3.3544291091260566e-67,TNNC1,protein_coding,Down
ENSG00000167588,577.343522985497,-3.9130378635520784,0.22308639534010996,-17.54045941522518,7.035630945056685e-69,5.331310000607609e-67,GPD1,protein_coding,Down
ENSG00000177469,11759.098551528798,-2.066103776154027,0.11780810532707653,-17.53787458356791,7.363015762110773e-69,5.547506447053174e-67,CAVIN1,protein_coding,Down
ENSG00000031081,2417.121435426762,-2.1639081211970144,0.12352188280652267,-17.518419182343838,1.0366604885938061e-68,7.76611848983485e-67,ARHGAP31,protein_coding,Down
ENSG00000169218,61.11946504885493,-3.5999769694050476,0.20553872402158943,-17.514835642489018,1.1040434207385377e-68,8.224187854484531e-67,RSPO1,protein_coding,Down
ENSG00000133561,1398.9147791961016,-2.107289963284394,0.12065305231185289,-17.465699565044286,2.6147635872284623e-68,1.9260144076875573e-66,GIMAP6,protein_coding,Down
ENSG00000249741,16.214557280264152,-2.77927454242446,0.1591576105349282,-17.462404299004792,2.770173227517605e-68,2.0348041228311766e-66,AC093890.1,processed_pseudogene,Down
ENSG00000173706,4785.104264402459,-2.148305204983455,0.12324712165050157,-17.430875270868544,4.810403352688998e-68,3.513859734360356e-66,HEG1,protein_coding,Down
ENSG00000197381,1292.460281452245,-1.7815553733498941,0.10224412940891016,-17.42452484704358,5.375309992067938e-68,3.9156608975367825e-66,ADARB1,protein_coding,Down
ENSG00000122694,2248.494237069121,-2.208820383272542,0.12681737163708579,-17.41733293127648,6.095289462340255e-68,4.427900361485194e-66,GLIPR2,protein_coding,Down
ENSG00000114654,299.65428126226294,-2.5692947536061252,0.1476634784825122,-17.39966293635976,8.298981149604505e-68,6.012201453710737e-66,EFCC1,protein_coding,Down
ENSG00000071282,1868.9344976184357,-1.7741909830108533,0.10225443914133726,-17.350747780822953,1.9469331957327554e-67,1.3989272035823642e-65,LMCD1,protein_coding,Down
ENSG00000228692,4.3302121895061525,-3.5080880196385884,0.20249102507538236,-17.324659294566832,3.065052602872286e-67,2.172726804778016e-65,AL445307.1,lncRNA,Down
ENSG00000092051,78.52096682536913,-2.5841458214902397,0.14920801219833835,-17.31908215528803,3.3770112643719535e-67,2.387447373766445e-65,JPH4,protein_coding,Down
ENSG00000241644,2409.018434779196,-3.5121953815481546,0.20291553625592063,-17.30865682516548,4.047470296200355e-67,2.8537912222139937e-65,INMT,protein_coding,Down
ENSG00000233746,6.735456325702207,-3.57078168197845,0.2064326786957988,-17.297560175733555,4.907357906013874e-67,3.4416762761060065e-65,LINC00656,lncRNA,Down
ENSG00000168952,387.78696168119666,-3.5101313716500377,0.20314812746290617,-17.27867943203646,6.808917738035338e-67,4.750030707724652e-65,STXBP6,protein_coding,Down
ENSG00000171596,78.32866904693742,-2.6697355205037194,0.15459138354874327,-17.269626930157727,7.965566648684915e-67,5.542268932079715e-65,NMUR1,protein_coding,Down
ENSG00000112782,3545.4072194648497,-3.6205445089694677,0.21041554393795978,-17.206639971602915,2.3677741430856952e-66,1.630240317315138e-64,CLIC5,protein_coding,Down
ENSG00000159307,370.86755629319396,-3.553528153918383,0.20684260581030015,-17.179865531076324,3.7578123247146415e-66,2.5605558398636973e-64,SCUBE1,protein_coding,Down
ENSG00000164849,48.3290981728561,-2.094137986513321,0.1219940528399812,-17.16590225312203,4.779970562213235e-66,3.2403039518139595e-64,GPR146,protein_coding,Down
ENSG00000145147,1700.568818960632,-2.4939747632686524,0.14534438286427961,-17.159072226392734,5.376566318509636e-66,3.626088332969287e-64,SLIT2,protein_coding,Down
ENSG00000188536,984.9155937373879,-4.122758884552911,0.2410852250364574,-17.10083595512524,1.4629082279058398e-65,9.717100748079848e-64,HBA2,protein_coding,Down
ENSG00000067082,10078.817012573722,-1.8244292040711523,0.10673965585667775,-17.092327958419343,1.6927904975386637e-65,1.1187690581477333e-63,KLF6,protein_coding,Down
ENSG00000011201,2494.703342646179,-2.8220551842596926,0.16550721669352397,-17.050949442799222,3.439014267803961e-65,2.2558907025370758e-63,ANOS1,protein_coding,Down
ENSG00000197245,106.14516999756846,-2.293983279285563,0.135112710361933,-16.978293701166663,1.1889266590962063e-64,7.722166502553438e-63,FAM110D,protein_coding,Down
ENSG00000147526,5977.647376928076,-1.8803913277873794,0.11080876175520431,-16.96969894800818,1.3763583499237966e-64,8.852334070119637e-63,TACC1,protein_coding,Down
ENSG00000213203,369.4646528790441,-2.0302682181722003,0.12014465747391836,-16.898530994713116,4.612551935714132e-64,2.8891447635340063e-62,GIMAP1,protein_coding,Down
ENSG00000110756,1600.250857501846,-1.15541965063294,0.06837845338013869,-16.897422996825853,4.7000319676333736e-64,2.9369631039453096e-62,HPS5,protein_coding,Down
ENSG00000244734,5616.833130771716,-4.250056621776544,0.251655674254482,-16.888379864142287,5.47868820225096e-64,3.399364891608419e-62,HBB,protein_coding,Down
ENSG00000179820,5621.830042833186,-1.9524886041976433,0.11568529843953462,-16.877586266660778,6.577986698464974e-64,4.071866414049797e-62,MYADM,protein_coding,Down
ENSG00000090006,6336.9324307677625,-2.1981993934042534,0.13027659333669375,-16.873325722627012,7.070124406344878e-64,4.356055621385851e-62,LTBP4,protein_coding,Down
ENSG00000254810,29.638914265293742,-2.4804812943174674,0.14704928006778428,-16.86836748315978,7.689222228537013e-64,4.715460236430721e-62,AP001189.3,lncRNA,Down
ENSG00000185291,621.5992934948658,-1.7183765154351889,0.10203251192246195,-16.841460462534165,1.2120769883837821e-63,7.3987199499260025e-62,IL3RA,protein_coding,Down
ENSG00000150625,427.79650702846345,-4.45863331939957,0.2649048453087228,-16.831075000547585,1.444553675958271e-63,8.777161390557513e-62,GPM6A,protein_coding,Down
ENSG00000128849,2320.1687299447026,-2.2294145566070824,0.13274597606571562,-16.794592368686306,2.673348111125494e-63,1.6168850846417263e-61,CGNL1,protein_coding,Down
ENSG00000162407,2681.040552808927,-1.4032911500697645,0.08363298411541045,-16.779159142919905,3.46710605140864e-63,2.0921644525319416e-61,PLPP3,protein_coding,Down
ENSG00000224397,843.1283453982663,-2.522124477771708,0.15036807012978734,-16.773005569565296,3.845552759547104e-63,2.3152334764670578e-61,PELATON,lncRNA,Down
ENSG00000109501,2935.9117597330824,-1.716305456739646,0.10243053208617095,-16.755799484628106,5.136573672026966e-63,3.078441993894343e-61,WFS1,protein_coding,Down
ENSG00000080546,977.1441236777414,-1.6452700790202714,0.09824139171923328,-16.747218766223643,5.93362240381608e-63,3.540036714674887e-61,SESN1,protein_coding,Down
ENSG00000185010,995.9419629410206,-1.8266447642325856,0.10914925724570182,-16.735292665534992,7.24999059264623e-63,4.305906574956782e-61,F8,protein_coding,Down
ENSG00000277494,425.56771346403013,-3.6621710236152705,0.218910315678031,-16.72909297249162,8.045416534681997e-63,4.7675872813385226e-61,GPIHBP1,protein_coding,Down
ENSG00000092421,576.3133135679049,-2.574633582248887,0.15394365674918867,-16.72451880523785,8.687500817403884e-63,5.125042428522157e-61,SEMA6A,protein_coding,Down
ENSG00000140932,21.742895213875883,-2.3246613637185884,0.13902059026381566,-16.721705463249297,9.107517643567551e-63,5.3608312558231325e-61,CMTM2,protein_coding,Down
ENSG00000113070,1853.9677077752594,-2.5753314628804125,0.15405613619606484,-16.71683794277969,9.882550933231875e-63,5.8040727863992105e-61,HBEGF,protein_coding,Down
ENSG00000253177,16.20046014982526,-2.9728613601885683,0.1779142832857379,-16.709514858984235,1.117409039892171e-62,6.504652622948465e-61,AC104211.1,lncRNA,Down
ENSG00000183722,1603.2553597907581,-1.7097021808616906,0.10258331899407293,-16.666473629698743,2.297554762794097e-62,1.3199677362719026e-60,LHFPL6,protein_coding,Down
ENSG00000158246,444.0895875250432,-2.7888254616098442,0.16733707878613618,-16.665914582948353,2.3191387745704584e-62,1.3294715105526738e-60,TENT5B,protein_coding,Down
ENSG00000183019,812.6312881617788,-4.017572555311488,0.24107459880045687,-16.665266997444753,2.3443938366313412e-62,1.3410339581771903e-60,MCEMP1,protein_coding,Down
ENSG00000259072,11.2731269470468,-2.584107044116029,0.1552641755372394,-16.643292215828904,3.384855288001692e-62,1.92783226662213e-60,AL355835.1,lncRNA,Down
ENSG00000184374,38.64894729727554,-3.141834362922663,0.18883485594192004,-16.638000157603305,3.6976230212342332e-62,2.096910087525736e-60,COLEC10,protein_coding,Down
ENSG00000112214,167.78255003703273,-2.8121282585173413,0.16912138968562554,-16.627868679087364,4.378959765956606e-62,2.4779650006067748e-60,FHL5,protein_coding,Down
ENSG00000101307,402.01659029134447,-2.7744428353338626,0.16714234580398016,-16.59928142080554,7.053022367364722e-62,3.9571957410086746e-60,SIRPB1,protein_coding,Down
ENSG00000131831,611.1519487113843,-2.135593643103995,0.12882459788189904,-16.577530054173483,1.0130782917997948e-61,5.659931049737413e-60,RAI2,protein_coding,Down
ENSG00000135049,951.6535251207848,-1.2585642766685432,0.07600590614361075,-16.558769449975717,1.3839562356563778e-61,7.715629161576889e-60,AGTPBP1,protein_coding,Down
ENSG00000069702,1132.761360290401,-2.613712440775898,0.15801434572330333,-16.540981952061063,1.8596609525477815e-61,1.0324054593407369e-59,TGFBR3,protein_coding,Down
ENSG00000178726,2901.146954152451,-2.4341023269436337,0.14716058988850605,-16.54044964611649,1.876166987918112e-61,1.0372017499245411e-59,THBD,protein_coding,Down
ENSG00000165757,2856.316671734393,-2.1164058147181923,0.12802158552370638,-16.531632584149545,2.1718069801566902e-61,1.1981286624839313e-59,JCAD,protein_coding,Down
ENSG00000165810,590.7279079569205,-3.4114475351189975,0.2069528935529752,-16.48417413523984,4.7676484272723106e-61,2.5868907207236797e-59,BTNL9,protein_coding,Down
ENSG00000177098,453.6015121555463,-2.820045051828567,0.1711192485787902,-16.47999903722172,5.108567324862115e-61,2.766179062764147e-59,SCN4B,protein_coding,Down
ENSG00000159200,2167.616351556354,-1.8286349517440663,0.11112384473057305,-16.455828685352905,7.617219170320813e-61,4.090958646056209e-59,RCAN1,protein_coding,Down
ENSG00000134201,201.94925317159868,-2.4512805053577544,0.14944279319150458,-16.4028017210341,1.826181334282627e-60,9.748259470654428e-59,GSTM5,protein_coding,Down
ENSG00000123178,756.5670548604462,-1.2699098232433146,0.07750193893405824,-16.385523261860648,2.4267166976275638e-60,1.2875758413770392e-58,SPRYD7,protein_coding,Down
ENSG00000200253,7.628151428803992,-2.0704331558779776,0.12651854059597897,-16.364662018111996,3.4192068940906064e-60,1.7925345088900454e-58,RNU6-529P,snRNA,Down
ENSG00000250899,157.8208459381974,-2.1378105239943044,0.131244304841913,-16.2887869806568,1.1855744544062685e-59,6.1181210103118e-58,AC125807.2,lncRNA,Down
ENSG00000100034,1548.9274371198374,-1.2641796754262722,0.07761735783544586,-16.287331992238386,1.2141145360022544e-59,6.253164123902236e-58,PPM1F,protein_coding,Down
ENSG00000130164,5979.2372014301845,-2.123291027406622,0.1303755246202333,-16.28596343977513,1.2415834901959886e-59,6.382174782937274e-58,LDLR,protein_coding,Down
ENSG00000112531,5428.762072118005,-1.392382142155441,0.0855662232016586,-16.272567492828774,1.545396539992024e-59,7.913030438755276e-58,QKI,protein_coding,Down
ENSG00000066056,1584.338196319584,-1.953228083904452,0.12011247898391643,-16.261658242571094,1.8467146576183439e-59,9.437570837479791e-58,TIE1,protein_coding,Down
ENSG00000172159,252.86300765906196,-2.4409997720687087,0.15026418982558087,-16.24472054787038,2.4344823099169363e-59,1.2369421678710908e-57,FRMD3,protein_coding,Down
ENSG00000158578,23.465927230103848,-4.109083131993675,0.2533302521300966,-16.22026227599329,3.626428722456043e-59,1.8354880117306307e-57,ALAS2,protein_coding,Down
ENSG00000182575,172.50368004748145,-2.420435167859259,0.14929063712006765,-16.212906680226794,4.08769474899392e-59,2.0571089795986576e-57,NXPH3,protein_coding,Down
ENSG00000227544,21.67664203305133,-2.5241069859077143,0.15581971921659227,-16.198893173457456,5.1342866870939416e-59,2.5739760444613543e-57,AC018647.1,lncRNA,Down
ENSG00000204301,1289.554742841079,-1.8178573386744228,0.11241129809656289,-16.171482488467106,8.014632099384663e-59,3.995195623077005e-57,NOTCH4,protein_coding,Down
ENSG00000206172,21.143616847089724,-4.3721374360792655,0.27060393743901084,-16.156961637207015,1.0143962818661235e-58,5.0281259309792625e-57,HBA1,protein_coding,Down
ENSG00000268505,9.693003888819863,-4.1072190308363306,0.25449992404881555,-16.138390006153898,1.3707030340727424e-58,6.781508256753887e-57,AC135012.3,lncRNA,Down
ENSG00000107738,2828.590002197421,-1.585730832366309,0.0984514459625637,-16.106729737309145,2.288089638644247e-58,1.1235926214348007e-56,VSIR,protein_coding,Down
ENSG00000182253,597.072438779548,-1.8225002214828276,0.1134294258951161,-16.067261269293777,4.3278944519313846e-58,2.113455124026493e-56,SYNM,protein_coding,Down
ENSG00000197471,1523.1858138345153,-2.2782261408259843,0.14236599831212265,-16.00260011404697,1.2254828794966764e-57,5.96235858530025e-56,SPN,protein_coding,Down
ENSG00000261338,105.66558606546556,-1.6122739698855357,0.10080124840646477,-15.994583354605897,1.3938769892888828e-57,6.769159522568663e-56,AC021016.1,lncRNA,Down
ENSG00000161649,127.15081726349013,-4.9322677098113346,0.30862814176474734,-15.981263670929172,1.7261092095120213e-57,8.35183483574899e-56,CD300LG,protein_coding,Down
ENSG00000163513,10276.86119518491,-1.6834606383386046,0.10543166493518634,-15.967315316262003,2.158797559500741e-57,1.0369306310388805e-55,TGFBR2,protein_coding,Down
ENSG00000176771,556.697467889398,-3.519098952322941,0.22064919094722402,-15.948841403930897,2.902313728918589e-57,1.3890020513898946e-55,NCKAP5,protein_coding,Down
ENSG00000073754,22.29626932397103,-4.103395024349246,0.2573415344097844,-15.94532741774633,3.07026766105587e-57,1.4667202576457117e-55,CD5L,protein_coding,Down
ENSG00000156052,4651.071718157011,-1.2183674091485335,0.07652750001188523,-15.920648250097194,4.556316845654323e-57,2.157092912386077e-55,GNAQ,protein_coding,Down
ENSG00000187688,1289.7554097386553,-1.8766980216906686,0.117953199643131,-15.910530849257533,5.35574467216229e-57,2.5219819108021356e-55,TRPV2,protein_coding,Down
ENSG00000129250,7036.887018870664,-1.3055446622554452,0.08213759666041688,-15.894605093608774,6.906229686090062e-57,3.246297269557842e-55,KIF1C,protein_coding,Down
ENSG00000161281,289.8918842277877,-1.9307820374343814,0.12152997157593794,-15.88729111343479,7.760964535837715e-57,3.63510896643056e-55,COX7A1,protein_coding,Down
ENSG00000259523,25.408051199045488,-1.5488657630831515,0.09758500365870512,-15.871965004993717,9.908937814411505e-57,4.608442507337414e-55,AC022613.2,lncRNA,Down
ENSG00000161940,753.7461341710443,-1.755715827026002,0.11073893496843322,-15.854548605930509,1.3076377016606832e-56,6.049544946103898e-55,BCL6B,protein_coding,Down
ENSG00000140044,1593.8132144263752,-1.4553108615850108,0.09181486873641694,-15.850492209087964,1.3948407181401481e-56,6.4304107932440046e-55,JDP2,protein_coding,Down
ENSG00000260908,135.01930348733143,-4.1377172504348865,0.2611454850758396,-15.84449085624914,1.5345886324963725e-56,7.062321507666552e-55,AC009093.3,transcribed_unprocessed_pseudogene,Down
ENSG00000280339,89.3473238047396,-2.427633653162765,0.153311993234841,-15.834597163211834,1.7960569461382431e-56,8.222573206539144e-55,AP001528.2,TEC,Down
ENSG00000135063,1018.911977372783,-2.8445938879875854,0.18006305999975414,-15.797764894095822,3.2234429505397826e-56,1.4630325405461975e-54,FAM189A2,protein_coding,Down
ENSG00000073712,2521.309349139405,-1.4480349302721767,0.09171966479427363,-15.78761690331191,3.7861574223984973e-56,1.7154806053032366e-54,FERMT2,protein_coding,Down
ENSG00000167434,327.87377059046037,-4.3218817105038845,0.2739621295795681,-15.775471292825749,4.589594465495312e-56,2.0723905146423185e-54,CA4,protein_coding,Down
ENSG00000171049,240.99938244764533,-3.1576428354607713,0.2002040592208853,-15.772121942727154,4.839610772226304e-56,2.181547625018934e-54,FPR2,protein_coding,Down
ENSG00000154342,114.60938428068432,-4.066904896753657,0.2581791408584104,-15.752259780676908,6.627022819400948e-56,2.9519356714122125e-54,WNT3A,protein_coding,Down
ENSG00000187950,30.11513273517964,-3.9394897497085632,0.2502661581101843,-15.741200406225639,7.893198311643844e-56,3.510010783778215e-54,OVCH1,protein_coding,Down
ENSG00000134917,477.4925716474377,-3.5204897191294866,0.22370511847190722,-15.737188952927728,8.409746347817925e-56,3.7208894495295083e-54,ADAMTS8,protein_coding,Down
ENSG00000110799,13527.561497067763,-2.30116983326889,0.14670333374506064,-15.685872805507175,1.889480004052401e-55,8.304264617810302e-54,VWF,protein_coding,Down
ENSG00000169418,971.1585596692546,-2.601933512189192,0.16589330776003366,-15.68437899829519,1.934457051422041e-55,8.487792420299371e-54,NPR1,protein_coding,Down
ENSG00000055813,63.21075910050346,-2.783530619310477,0.1779880719033719,-15.63886045589409,3.9574660871035546e-55,1.713602310622672e-53,CCDC85A,protein_coding,Down
ENSG00000183090,23.649712129587606,-4.3634455351919605,0.2791118628959636,-15.633321672244342,4.3169980268214616e-55,1.866217015857081e-53,FREM3,protein_coding,Down
ENSG00000187800,423.97809548151866,-1.9985840355390618,0.12787885227189047,-15.628729848855377,4.639592669836821e-55,1.9958574013637354e-53,PEAR1,protein_coding,Down
ENSG00000260468,13.064963953737598,-2.3459676707682626,0.15019072166094366,-15.619924086018422,5.326901627787503e-55,2.280363570207085e-53,LINC01290,lncRNA,Down
ENSG00000131355,65.96976021598505,-2.943348783141043,0.1886809152696499,-15.599610479600491,7.323960993434597e-55,3.115045990272102e-53,ADGRE3,protein_coding,Down
ENSG00000132376,2118.0669588569663,-1.0871094995456176,0.06977267393835224,-15.580734378993919,9.841754219313162e-55,4.165763383038332e-53,INPP5K,protein_coding,Down
ENSG00000118526,288.0795362377098,-3.110868226060169,0.1997938560064292,-15.570389842018285,1.1569990656662012e-54,4.889433551541302e-53,TCF21,protein_coding,Down
ENSG00000117245,123.8415864154222,-1.9886356397131821,0.12773349019895466,-15.56863150467219,1.189244360535085e-54,5.009644374969679e-53,KIF17,protein_coding,Down
ENSG00000167874,131.50900628264117,-2.1106708752467958,0.13587411977871777,-15.534016917159779,2.041793481287312e-54,8.573581863303568e-53,TMEM88,protein_coding,Down
ENSG00000186594,1005.7690736183799,-1.5985331432516279,0.10305037206605076,-15.51215304906457,2.870884818642686e-54,1.1997659693757152e-52,MIR22HG,lncRNA,Down
ENSG00000272274,35.76411060833827,-2.6483966245587727,0.17096612312375917,-15.490768440959782,4.004750241080123e-54,1.6578534357501232e-52,LINC00551,lncRNA,Down
ENSG00000151702,1237.813140562401,-1.695438523445218,0.10959665876538993,-15.469801201463534,5.547810963799436e-54,2.2823053840154618e-52,FLI1,protein_coding,Down
ENSG00000175662,2507.6973474046026,-1.3565031470317697,0.08769583411384035,-15.468273501690582,5.681034939136916e-54,2.3298427891919202e-52,TOM1L2,protein_coding,Down
ENSG00000101162,35.06687579464696,-2.6943205817655227,0.17422658643779843,-15.46446289773023,6.027389447013817e-54,2.468047511145254e-52,TUBB1,protein_coding,Down
ENSG00000154734,2651.5540150871952,-2.358739138912036,0.15257481179394855,-15.459557912465264,6.50433937874412e-54,2.6550995265864157e-52,ADAMTS1,protein_coding,Down
ENSG00000130226,43.97028377920942,-3.2672446338906544,0.21136892387279804,-15.457544912595024,6.710790574103325e-54,2.7351398367713243e-52,DPP6,protein_coding,Down
ENSG00000152583,9804.57362134134,-1.97473265412745,0.12777097527592254,-15.455252257901273,6.95388198747049e-54,2.8298436421234076e-52,SPARCL1,protein_coding,Down
ENSG00000108381,82.03460976401276,-2.668576567641792,0.1730461717116566,-15.421182342527565,1.1792544792432933e-53,4.762165485091217e-52,ASPA,protein_coding,Down
ENSG00000157510,779.4686246786257,-1.7036801196192999,0.11052167223305188,-15.41489632935366,1.2997926930158975e-53,5.224928858967868e-52,AFAP1L1,protein_coding,Down
ENSG00000184113,1887.1786963605898,-2.672809253205367,0.17340380900348987,-15.413786286272265,1.3223187014776419e-53,5.30738876072533e-52,CLDN5,protein_coding,Down
ENSG00000166091,5.69432601073087,-2.9432902747746708,0.19132934843140004,-15.383370606261012,2.116373328629981e-53,8.443080888951982e-52,CMTM5,protein_coding,Down
ENSG00000103994,3499.22851666899,-1.350558744216193,0.0878340195896198,-15.376260252306631,2.3620227504081536e-53,9.380503001244429e-52,ZNF106,protein_coding,Down
ENSG00000279805,19.770169310879517,-2.209562318534341,0.143710537362301,-15.375089113778284,2.405122725830123e-53,9.537306207539902e-52,Z95114.3,TEC,Down
ENSG00000198576,119.89493965675115,-3.3986151235034896,0.22108363851538806,-15.372531166601622,2.5020022975880693e-53,9.906576664774383e-52,ARC,protein_coding,Down
ENSG00000104938,16.45942716368298,-4.477430091128801,0.2914070359501783,-15.364866110831672,2.8161983447254674e-53,1.1133905599761704e-51,CLEC4M,protein_coding,Down
ENSG00000112902,1514.9481748344524,-2.5713492172472643,0.16736448461628892,-15.36376862237238,2.864291056950391e-53,1.1307089097572127e-51,SEMA5A,protein_coding,Down
ENSG00000136732,1094.9438168618092,-1.7413769755647293,0.1134795214417892,-15.345297137668943,3.8081171963900285e-53,1.498806723415001e-51,GYPC,protein_coding,Down
ENSG00000171992,6927.126811147819,-1.7138798788291443,0.11169537587530126,-15.344233057083319,3.8710729916144297e-53,1.5190505176915554e-51,SYNPO,protein_coding,Down
ENSG00000148339,1290.7477387200997,-1.645711259137954,0.10732649824732746,-15.333690058027528,4.553663150519777e-53,1.7842510739852382e-51,SLC25A25,protein_coding,Down
ENSG00000000938,1381.9715249030937,-2.0891482209733745,0.13636476818154383,-15.320293128735935,5.596455249037523e-53,2.186348517290659e-51,FGR,protein_coding,Down
ENSG00000204403,16.770272928653053,-2.5365695879527164,0.16562454642611707,-15.31517907633484,6.054490262475791e-53,2.361788583158086e-51,CASP12,polymorphic_pseudogene,Down
ENSG00000166927,1985.8413424955422,-2.1528219754847604,0.14068155384595374,-15.302802084785755,7.323447287404988e-53,2.852574667191574e-51,MS4A7,protein_coding,Down
ENSG00000150977,1361.9479351538673,-1.3042121633071369,0.08528722112215593,-15.291999740959179,8.645415562280502e-53,3.352641299666718e-51,RILPL2,protein_coding,Down
ENSG00000128512,1536.382519214538,-1.6145494020304363,0.10560165040029004,-15.289054630399997,9.045365050242765e-53,3.492332011345559e-51,DOCK4,protein_coding,Down
ENSG00000131055,260.5587312523501,-2.255395592736278,0.14761877019663633,-15.278514986488284,1.063363341601835e-52,4.0935607763562614e-51,COX4I2,protein_coding,Down
ENSG00000129467,470.83118511122746,-1.7485788980481953,0.11453310574820537,-15.26701722288356,1.268437730853057e-52,4.854673869752556e-51,ADCY4,protein_coding,Down
ENSG00000163687,239.91256903375375,-3.4707164593427846,0.2274215696210808,-15.261157792224944,1.387641462153468e-52,5.296640814908328e-51,DNASE1L3,protein_coding,Down
ENSG00000157570,1002.1761676013411,-2.011835955655504,0.1319946358913061,-15.241800866151825,1.8665387360116663e-52,7.112807293154283e-51,TSPAN18,protein_coding,Down
ENSG00000167261,257.18203905312333,-2.166007288159835,0.14215082043152025,-15.23738858196241,1.996936550863713e-52,7.587783407244396e-51,DPEP2,protein_coding,Down
ENSG00000137726,329.9125382428126,-1.8477984563944325,0.12132526323468962,-15.230121139898795,2.231776151189182e-52,8.45573809006591e-51,FXYD6,protein_coding,Down
ENSG00000235750,2553.227339329512,-1.2744942957418288,0.08368634113576538,-15.229418307035328,2.2558965802071823e-52,8.534862671458163e-51,KIAA0040,protein_coding,Down
ENSG00000116147,67.51325022710007,-3.872529756375258,0.25439432046369137,-15.222548008606065,2.5057847259751866e-52,9.466696736957833e-51,TNR,protein_coding,Down
ENSG00000112419,1975.6775155056162,-1.5754028298378338,0.10364955704776867,-15.199320428468234,3.573084583286891e-52,1.3460320065896473e-50,PHACTR2,protein_coding,Down
ENSG00000183807,145.66326520733935,-2.3126797406643234,0.1523709063915435,-15.177961432620812,4.949258082976508e-52,1.8617965142380958e-50,FAM162B,protein_coding,Down
ENSG00000137393,1943.6341686143487,-1.7327395836324246,0.11417290821516453,-15.176451320369194,5.0645010394358324e-52,1.9024343648137164e-50,RNF144B,protein_coding,Down
ENSG00000233038,45.798132833305125,-2.2197048639765256,0.14636969097302155,-15.16505807466421,6.024559526520245e-52,2.25664253855595e-50,PTPRN2-AS1,lncRNA,Down
ENSG00000100307,1336.1629327575056,-1.6325784761049185,0.10772013949495785,-15.155740456326981,6.942851369724173e-52,2.5895755391743487e-50,CBX7,protein_coding,Down
ENSG00000137878,162.66704493378657,-2.610206417690462,0.17232422612906226,-15.147065948438078,7.922534411537052e-52,2.9466464376901557e-50,GCOM1,protein_coding,Down
ENSG00000099260,735.1442522338788,-2.070988248685986,0.13677983280717762,-15.141035094007728,8.683611845970742e-52,3.2206307226195287e-50,PALMD,protein_coding,Down
ENSG00000205038,182.5571977861928,-2.7321375451570784,0.1805373922669093,-15.133361077453937,9.758154503387427e-52,3.6090117006216895e-50,PKHD1L1,protein_coding,Down
ENSG00000109458,1263.2591140444938,-1.4225378513390805,0.09414490315224558,-15.110088849299004,1.389522625224536e-51,5.117557489828355e-50,GAB1,protein_coding,Down
ENSG00000113555,1084.0313861904444,-1.7005033106610479,0.11259756704028326,-15.10248716166905,1.5593864343028265e-51,5.735149270929642e-50,PCDH12,protein_coding,Down
ENSG00000122707,595.9573493092188,-1.6008362304225656,0.10602626883201936,-15.098486894401793,1.656920985760067e-51,6.085376935166151e-50,RECK,protein_coding,Down
ENSG00000254847,5.164828103642969,-2.416188887345251,0.1602647454594109,-15.076234516949215,2.3213592934940026e-51,8.501978412421785e-50,AC009806.1,lncRNA,Down
ENSG00000169926,5111.405450517864,-1.3906097858556896,0.09226264737956498,-15.07229442631073,2.4640491973815642e-51,8.99958134833128e-50,KLF13,protein_coding,Down
ENSG00000135111,663.974158383684,-2.1323234887537743,0.14159626386049776,-15.059179039176934,3.0049532745395343e-51,1.0929740393049314e-49,TBX3,protein_coding,Down
ENSG00000174175,499.03023543192074,-2.323735664567141,0.15462781968001654,-15.027927506032416,4.818465713019344e-51,1.7453700666527486e-49,SELP,protein_coding,Down
ENSG00000004939,9.549844496847392,-3.427956367484298,0.22819878190469597,-15.021799585748605,5.285308777125588e-51,1.9118462613553056e-49,SLC4A1,protein_coding,Down
ENSG00000129596,134.51350193406006,-2.6970596017529385,0.1796879170351472,-15.009688165205844,6.344527385196722e-51,2.282471857402968e-49,CDO1,protein_coding,Down
ENSG00000179914,226.16566471807715,-4.73529004575062,0.31548132833407727,-15.009731544987696,6.34037952893154e-51,2.282471857402968e-49,ITLN1,protein_coding,Down
ENSG00000119138,3143.534981474354,-1.712328078336453,0.11416571317290707,-14.998619381837397,7.496240601438295e-51,2.685813378531628e-49,KLF9,protein_coding,Down
ENSG00000115896,249.52228181226323,-1.776655686489157,0.11849696357070465,-14.993259176882317,8.126556531537434e-51,2.9076973641335436e-49,PLCL1,protein_coding,Down
ENSG00000112137,396.60187053635565,-2.2254053150995503,0.1484432894501041,-14.991619515731434,8.329706463172497e-51,2.976346333792124e-49,PHACTR1,protein_coding,Down
ENSG00000166025,2186.732319960058,-1.785474056215459,0.11912857314258885,-14.98779015911126,8.824062662979889e-51,3.1487216836641365e-49,AMOTL1,protein_coding,Down
ENSG00000178878,1261.0005055345084,-2.05715210756994,0.13739266005491127,-14.97279481122037,1.1057504713156103e-50,3.929735839432971e-49,APOLD1,protein_coding,Down
ENSG00000282840,10.95338679865767,-2.777072144935032,0.185561147288017,-14.965806072672233,1.2282662049396644e-50,4.347567761645497e-49,AC004554.1,lncRNA,Down
ENSG00000105971,5772.619255000217,-2.3649122157441567,0.15821251436584285,-14.947693772666108,1.6123699469673947e-50,5.669092733537359e-49,CAV2,protein_coding,Down
ENSG00000256948,49.15375769942135,-3.314969037268582,0.22192222917692517,-14.93752586013255,1.8782016772189693e-50,6.5774473078704146e-49,AC026369.3,lncRNA,Down
ENSG00000148677,590.9815848964258,-4.408349671856561,0.2951779266544547,-14.93455056690985,1.9639373550783305e-50,6.86857135986944e-49,ANKRD1,protein_coding,Down
ENSG00000078596,1121.0663579936097,-2.0428730027496225,0.13679532052219387,-14.93379301975599,1.9863820781824985e-50,6.937866940618872e-49,ITM2A,protein_coding,Down
ENSG00000154175,1931.8000140688487,-2.5189130250644225,0.16885985386467242,-14.917181126326975,2.548127426567377e-50,8.864659662082022e-49,ABI3BP,protein_coding,Down
ENSG00000169442,2088.776184410819,-2.3582359485815543,0.15814586011185308,-14.91177794292956,2.76296259048458e-50,9.586753093562943e-49,CD52,protein_coding,Down
ENSG00000141161,19.71660911799291,-2.572290311762915,0.17252689201420227,-14.909503566268185,2.858700386519896e-50,9.905903967480902e-49,UNC45B,protein_coding,Down
ENSG00000076067,3588.578896646459,-1.247920285658186,0.08371545392565999,-14.906689591223495,2.9817346134571063e-50,1.0318680020585812e-48,RBMS2,protein_coding,Down
ENSG00000078081,7942.841059614972,-2.766933251351963,0.1856328763988281,-14.905405254871278,3.039627570540745e-50,1.0505239716272535e-48,LAMP3,protein_coding,Down
ENSG00000164659,1166.7476320830817,-2.1159518151666132,0.1420562085651288,-14.895173090562306,3.5426600206481396e-50,1.2195815240795227e-48,ELAPOR2,protein_coding,Down
ENSG00000169379,631.1008392642941,-1.1060501985681175,0.07439072863816928,-14.868118901588657,5.308400812290057e-50,1.817954927533621e-48,ARL13B,protein_coding,Down
ENSG00000088854,1185.691813340702,-1.2870528817802176,0.08659133417880596,-14.863529866886331,5.684916122887871e-50,1.941855416587476e-48,C20orf194,protein_coding,Down
ENSG00000174059,2780.0574850161333,-1.650245755170362,0.11117275913484835,-14.843975880536313,7.610822265636166e-50,2.5896436534816216e-48,CD34,protein_coding,Down
ENSG00000163492,125.4826167788303,-3.2269400526378202,0.21760319469373723,-14.829470023082772,9.447589379317432e-50,3.202222775483299e-48,CCDC141,protein_coding,Down
ENSG00000150457,1437.1256436187857,-1.218212078031924,0.08219924297581722,-14.820234760438348,1.0840492583803947e-49,3.6602277776556985e-48,LATS2,protein_coding,Down
ENSG00000157734,251.15598389661602,-2.2393677100129348,0.15115299175184316,-14.815239077036848,1.1677305969205002e-49,3.9327018953759375e-48,SNX22,protein_coding,Down
ENSG00000147113,748.812648705824,-1.7641747660508755,0.11910326633909331,-14.81214428685924,1.2227647998774499e-49,4.1075551302889625e-48,DIPK2B,protein_coding,Down
ENSG00000128268,715.2872993309271,-3.03578016743527,0.20512289096639458,-14.7998117281441,1.4689320354885246e-49,4.915702763430507e-48,MGAT3,protein_coding,Down
ENSG00000286320,28.47149903230972,-2.4790531124874784,0.16752935427114174,-14.79772379755728,1.5152406303939587e-49,5.064245300822395e-48,AC108053.1,lncRNA,Down
ENSG00000108342,458.32195014092304,-4.678760689663089,0.3162938112441054,-14.792450953307375,1.638759670027235e-49,5.46322281904149e-48,CSF3,protein_coding,Down
ENSG00000171777,179.46050705947772,-1.9359738812983178,0.13090748463039575,-14.788870833202145,1.7282889764435248e-49,5.754416705658554e-48,RASGRP4,protein_coding,Down
ENSG00000189292,68.57624063947026,-3.1272626990920833,0.21205773353716637,-14.74722306481684,3.205868152020343e-49,1.0593827464758952e-47,ALKAL2,protein_coding,Down
ENSG00000166482,5980.320264948665,-2.646353456819246,0.17947427872738592,-14.745029068142676,3.311771776539526e-49,1.0930090331332578e-47,MFAP4,protein_coding,Down
ENSG00000243566,1301.9480080227083,-4.104875415368902,0.2790099622840259,-14.712289775482033,5.375717272058797e-49,1.7675519259874125e-47,UPK3B,protein_coding,Down
ENSG00000155011,261.4055828156041,-2.3163326593728906,0.15756480660590264,-14.700825071720788,6.3679070488351395e-49,2.08081423640375e-47,DKK2,protein_coding,Down
ENSG00000204420,25.625561552747754,-2.1992646827798743,0.1496282870491213,-14.698187930587483,6.6207807763985276e-49,2.1607671915053115e-47,MPIG6B,protein_coding,Down
ENSG00000173114,163.01519638667085,-2.9104819541412925,0.19835044263950735,-14.67343311872995,9.53937651954401e-49,3.094137254863168e-47,LRRN3,protein_coding,Down
ENSG00000166912,1118.0876974862458,-1.1561363462853376,0.07889858842337126,-14.653447791505332,1.2804956573154752e-48,4.1229145889388375e-47,MTMR10,protein_coding,Down
ENSG00000068001,3235.2121953905103,-1.226232873353347,0.08374417122805408,-14.642605632982395,1.5019990154346667e-48,4.806761412258758e-47,HYAL2,protein_coding,Down
ENSG00000118777,296.99161071691714,-2.0629619093380933,0.14094826509809197,-14.636305795622167,1.6478138917135586e-48,5.254274767168868e-47,ABCG2,protein_coding,Down
ENSG00000162520,106.56689046149764,-1.88754551455098,0.1290838962430259,-14.622625823110447,2.014773418641558e-48,6.408875156764522e-47,SYNC,protein_coding,Down
ENSG00000169282,160.34486395148735,-1.7583418621585731,0.12032479544453023,-14.6132960846725,2.3106315686062978e-48,7.3322929559744975e-47,KCNAB1,protein_coding,Down
ENSG00000012822,3990.440328960552,-1.2006430465074425,0.0821823984361941,-14.60949144042826,2.4433500121070793e-48,7.744127382123039e-47,CALCOCO1,protein_coding,Down
ENSG00000197852,373.84637707443994,-1.5927523084306436,0.10906665012657688,-14.603476925184564,2.6688001058660397e-48,8.448530467189372e-47,INKA2,protein_coding,Down
ENSG00000248441,36.16056078983623,-2.145609477580476,0.14693365504932673,-14.602573364558165,2.7044133135308307e-48,8.55100468558849e-47,LINC01197,lncRNA,Down
ENSG00000179144,764.859580457724,-1.813421333996105,0.12422444206497665,-14.597943076673909,2.894471757754357e-48,9.130050269375884e-47,GIMAP7,protein_coding,Down
ENSG00000138669,159.75398858569525,-2.651406988790168,0.18172644580992114,-14.590099844705252,3.247220561588068e-48,1.0218282363851713e-46,PRKG2,protein_coding,Down
ENSG00000185432,4429.891474605997,-1.883953875681334,0.12928639307271278,-14.571942421054068,4.2367100081582917e-48,1.3242647005169459e-46,METTL7A,protein_coding,Down
ENSG00000174099,1344.8224563642523,-1.8987566122128758,0.13032875306587544,-14.568977048780157,4.424669160667026e-48,1.380810955819994e-46,MSRB3,protein_coding,Down
ENSG00000027075,1542.5587789382519,-1.0977579026625626,0.07538964336946373,-14.56112343286671,4.963534372366591e-48,1.5434952995201299e-46,PRKCH,protein_coding,Down
ENSG00000034971,34.489155819670565,-4.509733743483725,0.31033383881234483,-14.531878833267383,7.610405970354498e-48,2.347209420330387e-46,MYOC,protein_coding,Down
ENSG00000112425,224.3549529198372,-1.1988035909459496,0.08259506839493229,-14.514227232233923,9.84610370482765e-48,3.0261276771131133e-46,EPM2A,protein_coding,Down
ENSG00000148841,1552.1688142579542,-1.6641551304265065,0.11476010920855997,-14.501163704908508,1.1911324487258556e-47,3.652344496848931e-46,ITPRIP,protein_coding,Down
ENSG00000119862,1215.9526208091438,-1.8321540335174376,0.12635036530406907,-14.500583588407194,1.2012423610737365e-47,3.6790663253791445e-46,LGALSL,protein_coding,Down
ENSG00000138735,1037.7409251959436,-1.72333323226366,0.11885111165403084,-14.499933642019185,1.2126707023576132e-47,3.705460767227145e-46,PDE5A,protein_coding,Down
ENSG00000169860,359.06036958914893,-1.8082140808481053,0.1247481729577899,-14.49491433802351,1.3046503829380335e-47,3.981901689592123e-46,P2RY1,protein_coding,Down
ENSG00000149403,48.944884660943,-2.5081782723557895,0.17307060739859667,-14.492225514522154,1.356746485007971e-47,4.136116162966497e-46,GRIK4,protein_coding,Down
ENSG00000261468,62.10965096668133,-1.8485761936816902,0.12769389809402035,-14.476621211145057,1.702633486883485e-47,5.184577950244515e-46,AC096921.2,lncRNA,Down
ENSG00000173391,2420.674178233403,-2.5504926246857855,0.17621305829599604,-14.473913848096117,1.7710122157416155e-47,5.380367756809493e-46,OLR1,protein_coding,Down
ENSG00000238078,11.399064643669329,-2.338578221953166,0.16172057169711496,-14.460610653374815,2.148828945406143e-47,6.461188060474343e-46,LINC01352,lncRNA,Down
ENSG00000272823,6.601252968586731,-2.3850364090512888,0.1649460514561333,-14.459493804164078,2.1839807205878875e-47,6.559404510467266e-46,AL445423.1,lncRNA,Down
ENSG00000275830,12.502408543024044,-2.823214930857792,0.19532692620208633,-14.453792857708098,2.372528920166731e-47,7.101428788285665e-46,AL390755.1,lncRNA,Down
ENSG00000143110,1193.33207449041,-1.814013855191671,0.12562349149403293,-14.440084681755849,2.894862463292984e-47,8.625708831303502e-46,C1orf162,protein_coding,Down
ENSG00000138670,1195.250158178275,-1.4885174645779338,0.10310366486581374,-14.437095582540094,3.0231552219219503e-47,8.987666651869427e-46,RASGEF1B,protein_coding,Down
ENSG00000261863,27.786695015508027,-4.416221099358529,0.3061611487181538,-14.424498725094669,3.6289686228780313e-47,1.0692279618468567e-45,LINC01996,lncRNA,Down
ENSG00000287382,35.36587451725087,-1.7520436083925108,0.12148895246369139,-14.42142328880589,3.7943632458673144e-47,1.1154666532165115e-45,AC110611.2,lncRNA,Down
ENSG00000287115,6.894085994453271,-1.995371655336313,0.13837998367868487,-14.419510700113392,3.9009823865884745e-47,1.145533469201983e-45,AC009951.6,lncRNA,Down
ENSG00000038945,4075.8376012057906,-2.342799204906333,0.16272630154602036,-14.397176010565016,5.390131745072242e-47,1.572320510149945e-45,MSR1,protein_coding,Down
ENSG00000120645,119.80614007556444,-2.5634230278156513,0.17821694406601082,-14.383722273153612,6.54761747969461e-47,1.8994573480698224e-45,IQSEC3,protein_coding,Down
ENSG00000244953,26.820198778004247,-2.6577306856296734,0.18486081471306823,-14.376928337976175,7.222984418674149e-47,2.090780451376919e-45,AC087521.1,lncRNA,Down
ENSG00000106991,6974.129547837936,-1.5813533937888131,0.11004011836283466,-14.370698771648224,7.902981919286962e-47,2.2776134777223737e-45,ENG,protein_coding,Down
ENSG00000141338,684.7769371648743,-2.887805829416072,0.20101828273123298,-14.365886476491038,8.471574368845913e-47,2.4388145863151388e-45,ABCA8,protein_coding,Down
ENSG00000149564,2802.269989806043,-1.9151072749995084,0.13336529892590018,-14.359861901284916,9.241110535944807e-47,2.6545543010115966e-45,ESAM,protein_coding,Down
ENSG00000279453,368.61776256875663,-1.5250825558630818,0.10622727616652335,-14.356788678948535,9.660065243449816e-47,2.771881615557907e-45,Z99129.4,TEC,Down
ENSG00000272784,5.446712314848604,-2.330383629012907,0.16247414885262162,-14.34310409052686,1.1767224720926731e-46,3.354613144765815e-45,AC019193.2,lncRNA,Down
ENSG00000180871,121.65265491264563,-2.638596723060827,0.1843775339399516,-14.310836394634553,1.8724769624274348e-46,5.297984710215821e-45,CXCR2,protein_coding,Down
ENSG00000135917,309.27052253973994,-2.890253525076828,0.20202574905579737,-14.30636212752549,1.9968927420015418e-46,5.643950868872525e-45,SLC19A3,protein_coding,Down
ENSG00000197405,1589.650712696629,-1.9529726543596462,0.13656347800883364,-14.300841504881104,2.1617961085271948e-46,6.090444805754501e-45,C5AR1,protein_coding,Down
ENSG00000234880,8.996071670887138,-3.417479993036976,0.23911474681243206,-14.292217600940095,2.44691674081432e-46,6.864382388858896e-45,LINC00163,lncRNA,Down
ENSG00000145990,492.78261652808374,-1.8225621229342628,0.12757192038667164,-14.286546109912438,2.6545203164337562e-46,7.430966108742903e-45,GFOD1,protein_coding,Down
ENSG00000110786,23.42666649508415,-3.406656131062019,0.23868599090191236,-14.272543261502008,3.245240620065972e-46,9.046193990606733e-45,PTPN5,protein_coding,Down
ENSG00000135218,2219.080285105715,-2.897933611281425,0.20305412757270644,-14.271729641367562,3.2833296908329436e-46,9.142703690313064e-45,CD36,protein_coding,Down
ENSG00000141469,157.514776926821,-2.867016467905323,0.20096559708285372,-14.266205308380792,3.553979740010735e-46,9.885911998321e-45,SLC14A1,protein_coding,Down
ENSG00000100060,937.5788724343444,-1.5104022718396766,0.10587386081460919,-14.266054531481307,3.56166986970869e-46,9.896863484111502e-45,MFNG,protein_coding,Down
ENSG00000108387,420.7254664129571,-1.487469746792272,0.10427949609217659,-14.264259058918364,3.654527659621883e-46,1.0144199408866216e-44,SEPTIN4,protein_coding,Down
ENSG00000106034,641.2567905921373,-2.075666528120583,0.1458180423938643,-14.234634439228502,5.5854237641141865e-46,1.5406655299130867e-44,CPED1,protein_coding,Down
ENSG00000170909,761.2010608891896,-2.1968620610979204,0.1545243919224457,-14.216927397459065,7.194303333265032e-46,1.9741288126763672e-44,OSCAR,protein_coding,Down
ENSG00000121068,1498.8773719846567,-1.8957717306048945,0.13335074967718863,-14.216430992657484,7.245505291060451e-46,1.9861120013021216e-44,TBX2,protein_coding,Down
ENSG00000179133,52.02996321123394,-3.7785674276322894,0.2658202314124577,-14.214747340917434,7.42188235022556e-46,2.0323472230056908e-44,C10orf67,protein_coding,Down
ENSG00000150764,848.5426882632396,-1.3071026368863894,0.0919576060132005,-14.214187314736696,7.481491739536247e-46,2.0465449914063365e-44,DIXDC1,protein_coding,Down
ENSG00000277782,57.94035971026587,-1.31663721331623,0.09263796595017053,-14.212717213852063,7.640246308747038e-46,2.0878061674783358e-44,AC068870.2,lncRNA,Down
ENSG00000165495,237.1256466086465,-2.43417728456675,0.17132881005120304,-14.207635504147119,8.215281244858699e-46,2.2402995493994195e-44,PKNOX2,protein_coding,Down
ENSG00000163686,417.7540357218453,-1.282080491607989,0.09025040795148041,-14.205813809697673,8.431741086205875e-46,2.2969526078848026e-44,ABHD6,protein_coding,Down
ENSG00000237248,32.42237103892031,-1.7598775319434916,0.12404604382743382,-14.187292699086303,1.0981710446349817e-45,2.9762354005163893e-44,LINC00987,lncRNA,Down
ENSG00000064999,2991.262999715747,-1.07661222195469,0.07588871515999811,-14.1867235422927,1.1071182524184051e-45,2.9974033178925403e-44,ANKS1A,protein_coding,Down
ENSG00000101335,9005.485729009915,-1.7079952650498382,0.12047686412607768,-14.176956525548677,1.2724660052674512e-45,3.4344860346880947e-44,MYL9,protein_coding,Down
ENSG00000149577,3097.0013366965286,-1.0727744296846948,0.07567578686348245,-14.175926992605413,1.2912668431232038e-45,3.4781109962368624e-44,SIDT2,protein_coding,Down
ENSG00000159723,36.40822926632771,-3.0702151795873975,0.21698452772883847,-14.149465916870298,1.8818101366731868e-45,5.043021677243083e-44,AGRP,protein_coding,Down
ENSG00000124019,95.7797479521824,-1.8813522162240177,0.13313677989827088,-14.13097280602362,2.447399097387745e-45,6.545427403459923e-44,FAM124B,protein_coding,Down
ENSG00000087589,410.147022876919,-1.9325510971691613,0.1367963671947514,-14.127210662092123,2.5816925492108526e-45,6.883643328886773e-44,CASS4,protein_coding,Down
ENSG00000163827,67.8466790722305,-2.4737964493733493,0.17517050801477357,-14.12221998673837,2.7712180483730485e-45,7.374068611059262e-44,LRRC2,protein_coding,Down
ENSG00000133246,353.61016780315146,-2.128421285877106,0.1507727271194564,-14.116752588754128,2.994769407027514e-45,7.944876183432146e-44,PRAM1,protein_coding,Down
ENSG00000120318,1057.175301644188,-1.3281220123877004,0.09408927821201139,-14.115551076872359,3.0462527923095187e-45,8.073335289769046e-44,ARAP3,protein_coding,Down
ENSG00000178217,16.31916608475363,-2.296386316347477,0.1626874443560769,-14.115326019390505,3.0559937176075273e-45,8.091019511376555e-44,SH2D4B,protein_coding,Down
ENSG00000198075,273.0952347834027,-2.243474744317727,0.1590026503040384,-14.109668864184629,3.311291641561077e-45,8.749374808413387e-44,SULT1C4,protein_coding,Down
ENSG00000124942,39061.59627982976,-1.9785147112726158,0.14023529161793694,-14.108536363749051,3.364893733391325e-45,8.882106881834759e-44,AHNAK,protein_coding,Down
ENSG00000198909,1836.6410013888437,-1.0492075215517813,0.07449553981588708,-14.084165631188903,4.7523853576707556e-45,1.2457296409719466e-43,MAP3K3,protein_coding,Down
ENSG00000186417,423.7444264595614,-2.543623633339426,0.1806387957471298,-14.081269877928989,4.951201873283359e-45,1.296556041692971e-43,GLDN,protein_coding,Down
ENSG00000220205,2618.772321684961,-1.148303655842585,0.08156582675697661,-14.078244547976295,5.167758403522109e-45,1.351922510921409e-43,VAMP2,protein_coding,Down
ENSG00000167850,214.94593157097017,-2.090010198369466,0.14847173633690616,-14.076821959075755,5.272821552438229e-45,1.3780406772824191e-43,CD300C,protein_coding,Down
ENSG00000119280,5867.288941345049,-1.2145561827697384,0.0862859388890832,-14.075945610686317,5.338598033824027e-45,1.3924711192081067e-43,C1orf198,protein_coding,Down
ENSG00000266120,6.48020341149099,-4.131331031478446,0.2935062477243503,-14.075785655365102,5.3506916852284306e-45,1.3942464401133765e-43,AC104984.4,lncRNA,Down
ENSG00000092295,154.85813410550793,-2.4106383104074722,0.1716023147536474,-14.047819307497042,7.944280939712587e-45,2.059888774633441e-43,TGM1,protein_coding,Down
ENSG00000127241,195.0230732767046,-2.6903744179386737,0.1915376143903352,-14.04619362365008,8.128715125738153e-45,2.105640647010954e-43,MASP1,protein_coding,Down
ENSG00000235997,226.86818745276935,-2.4137095999756157,0.1718452292911525,-14.04583420751318,8.170062587038117e-45,2.1142742926417582e-43,LINC01936,lncRNA,Down
ENSG00000234506,6.795998391585768,-2.4886907012538724,0.17745449893160892,-14.024387751437146,1.1056216881855528e-44,2.8555576804557324e-43,LINC01506,lncRNA,Down
ENSG00000165197,476.79403689371003,-3.579668184188681,0.25535232206358927,-14.018545651984523,1.2004963697936946e-44,3.091512624165989e-43,VEGFD,protein_coding,Down
ENSG00000244215,21.825487345204163,-4.868569888933266,0.347583637148196,-14.006901846353308,1.4144195484709945e-44,3.624707822466485e-43,LINC02016,lncRNA,Down
ENSG00000116194,170.5539304548436,-2.533550610467426,0.18117293254458974,-13.98415632447676,1.9477285751457422e-44,4.957683641563052e-43,ANGPTL1,protein_coding,Down
ENSG00000188015,114.84535725961074,-2.371485397589582,0.16963141674799512,-13.980225143746024,2.0583583139220354e-44,5.234224564910711e-43,S100A3,protein_coding,Down
ENSG00000166317,28.007760133816717,-2.6640980644263355,0.19065311433395196,-13.973535516235238,2.261170715864043e-44,5.722367732949599e-43,SYNPO2L,protein_coding,Down
ENSG00000157077,1054.7223274024796,-1.3155140752581154,0.09430051740730949,-13.950231784795553,3.135846261475878e-44,7.920715125969243e-43,ZFYVE9,protein_coding,Down
ENSG00000272839,12.21341260016728,-2.190765749179189,0.15714549527771735,-13.941002542309793,3.568915346435815e-44,8.997351595173274e-43,AC011899.2,lncRNA,Down
ENSG00000161640,45.56259582060194,-2.44033946004039,0.1755062918596623,-13.90456965492568,5.942319100277918e-44,1.4838916162341733e-42,SIGLEC11,protein_coding,Down
ENSG00000091428,312.6149899651868,-1.8256205886774102,0.1313099679634749,-13.903137872862962,6.062417846354083e-44,1.511020402725493e-42,RAPGEF4,protein_coding,Down
ENSG00000178175,122.70280854964183,-1.9766528938331291,0.14233922016410366,-13.886916701905736,7.603874616589759e-44,1.8880807310684738e-42,ZNF366,protein_coding,Down
ENSG00000182950,35.53608195942281,-2.347143159831527,0.16905760110218657,-13.883689017998076,7.954242277326313e-44,1.9732207794270445e-42,ODF3L1,protein_coding,Down
ENSG00000111052,296.4786399039342,-2.5613549909506466,0.18450589861317762,-13.882239051449554,8.116821405629879e-44,2.011659590850187e-42,LIN7A,protein_coding,Down
ENSG00000154188,741.6203921782094,-2.342256656407949,0.1687745906130881,-13.87801711086664,8.609280884380075e-44,2.1317064499634047e-42,ANGPT1,protein_coding,Down
ENSG00000232234,5.298437774901914,-3.448880481416979,0.2487328331846891,-13.86580306772816,1.02077217434891e-43,2.5156787137925942e-42,AL355499.1,lncRNA,Down
ENSG00000103647,199.95120403099227,-2.172239442022385,0.15666492718705013,-13.865512090200248,1.0249201857287385e-43,2.523542978306894e-42,CORO2B,protein_coding,Down
ENSG00000133874,536.7045772278731,-1.3345036173663063,0.09626393422778518,-13.862965689814091,1.0619432122067388e-43,2.6098268877811467e-42,RNF122,protein_coding,Down
ENSG00000102575,6285.971983137341,-1.7954701119205763,0.12955156419324843,-13.85911565870655,1.1204616937555886e-43,2.751077734109392e-42,ACP5,protein_coding,Down
ENSG00000241158,56.22419880078881,-2.7433519675764817,0.19811806720731961,-13.847055981551218,1.325336335898625e-43,3.2450435633840986e-42,ADAMTS9-AS1,lncRNA,Down
ENSG00000272473,11.002255201988984,-2.5937073023122057,0.18742424895919668,-13.838696522544797,1.4888186595328055e-43,3.6351988936926004e-42,AC006273.1,lncRNA,Down
ENSG00000147027,1109.1165637398171,-1.7805377266368483,0.12873092283704515,-13.831468674319638,1.6462466585284025e-43,4.00106215533585e-42,TMEM47,protein_coding,Down
ENSG00000092964,8654.953620617132,-1.5808923288407197,0.11434810296134826,-13.82526065495892,1.7946123838862292e-43,4.353627282712039e-42,DPYSL2,protein_coding,Down
ENSG00000153902,111.34011873810671,-1.65398688113156,0.1197082965148372,-13.816810774903619,2.0181480600935634e-43,4.891412164031918e-42,LGI4,protein_coding,Down
ENSG00000112149,1562.9275612987074,-1.6980884688801188,0.12297033577210524,-13.808927642737359,2.2515837113980336e-43,5.445190362415039e-42,CD83,protein_coding,Down
ENSG00000164741,5169.353313165363,-2.25011604578423,0.16300738178913596,-13.803767787000888,2.418729763462674e-43,5.830155746116154e-42,DLC1,protein_coding,Down
ENSG00000151474,576.2407798016753,-1.3302095738629465,0.09649295982218742,-13.785560898061295,3.1133731804252976e-43,7.470395884241592e-42,FRMD4A,protein_coding,Down
ENSG00000204592,48092.08009597926,-1.3330206997354443,0.096803433386654,-13.770386577210223,3.841520277618126e-43,9.167501332198188e-42,HLA-E,protein_coding,Down
ENSG00000119326,1992.5497537315912,-1.40127945842017,0.10177567045969099,-13.768314687498494,3.953280315660915e-43,9.425678293307262e-42,CTNNAL1,protein_coding,Down
ENSG00000155511,182.53436098118564,-3.754617225677563,0.27281868788108954,-13.762316851674202,4.2953757485199554e-43,1.0213621144136269e-41,GRIA1,protein_coding,Down
ENSG00000136826,2235.0093044271803,-2.29440586042321,0.16680016759662472,-13.755416996773079,4.725481889521247e-43,1.120602135131972e-41,KLF4,protein_coding,Down
ENSG00000171819,25.866111317437408,-3.893627407897998,0.2831047753459136,-13.753308834655089,4.865247864819055e-43,1.1516749209630027e-41,ANGPTL7,protein_coding,Down
ENSG00000237167,5.17353401416149,-4.381356326777752,0.31856999766818034,-13.753198225971465,4.872693438568874e-43,1.1524029235431499e-41,AC128709.3,lncRNA,Down
ENSG00000184347,1799.336545497681,-2.47646881094179,0.18011307991608833,-13.749522311736246,5.126690017473619e-43,1.2113872379998147e-41,SLIT3,protein_coding,Down
ENSG00000287255,16.85724098462773,-1.8083816339915153,0.13183379844273688,-13.717132141777746,8.017440015580904e-43,1.8826348460451332e-41,AC007877.1,lncRNA,Down
ENSG00000275178,4.4441897779554065,-2.714124143989478,0.19793279470228603,-13.712351952953712,8.563621388894136e-43,2.0073128535567857e-41,AC018529.1,lncRNA,Down
ENSG00000176438,548.7608511835612,-1.77436077949445,0.12950972299522104,-13.700598985606081,1.0069021172643834e-42,2.3518165484731433e-41,SYNE3,protein_coding,Down
ENSG00000140600,42.971944476043205,-4.214862321513356,0.3077103659851051,-13.69749864623468,1.0508234289164963e-42,2.4500631141050405e-41,SH3GL3,protein_coding,Down
ENSG00000155659,3416.2584168320295,-2.3930975258055276,0.17475329927235392,-13.694147897464717,1.100437085067768e-42,2.563474022370763e-41,VSIG4,protein_coding,Down
ENSG00000257894,115.75999297779987,-3.180517117900755,0.23233308137481065,-13.689471594317622,1.173595946454197e-42,2.7266718156825704e-41,AC027288.3,lncRNA,Down
ENSG00000231993,31.726342923612442,-1.85987992532119,0.13589819505270515,-13.685832432136984,1.2338596535158301e-42,2.859128212936067e-41,EP300-AS1,lncRNA,Down
ENSG00000168539,28.490625034229325,-4.46891491778267,0.32680702178667526,-13.674476433678876,1.442417410157463e-42,3.3394685782135467e-41,CHRM1,protein_coding,Down
ENSG00000156218,440.6591118291269,-2.3197401687124493,0.16981609719720805,-13.660307868331978,1.752412934194168e-42,4.046508675542926e-41,ADAMTSL3,protein_coding,Down
ENSG00000117114,2323.7493896859005,-1.9167707567100625,0.140322504988165,-13.659752987389483,1.7658171273861395e-42,4.073893057670385e-41,ADGRL2,protein_coding,Down
ENSG00000159640,1927.1292958606946,-1.7105187559816404,0.1252449729076032,-13.657384534256229,1.8241877474313173e-42,4.2012079388440033e-41,ACE,protein_coding,Down
ENSG00000118946,1149.2425312078822,-1.7302555122110799,0.12673594773684616,-13.652444654485665,1.9521794982634908e-42,4.4881406599135357e-41,PCDH17,protein_coding,Down
ENSG00000152818,6048.142820375034,-1.4465910691840913,0.10603015949929914,-13.64320374519151,2.216068678322136e-42,5.085964407950803e-41,UTRN,protein_coding,Down
ENSG00000077522,55.22855926895593,-2.7906914241829854,0.20457512093247965,-13.641401806156368,2.2715173862681462e-42,5.204162769408429e-41,ACTN2,protein_coding,Down
ENSG00000196396,4347.857823235798,-1.0133359334126264,0.07433785051090663,-13.63149359913161,2.6019984695521567e-42,5.93039754901386e-41,PTPN1,protein_coding,Down
ENSG00000171943,287.4803744991682,-1.1531264029009631,0.08460765594170484,-13.629102355648214,2.6886702736331465e-42,6.122645519491025e-41,SRGAP2C,protein_coding,Down
ENSG00000285551,4.325506131791144,-3.8221132208265467,0.2805828079835974,-13.622050646274747,2.961341748032998e-42,6.726148311423787e-41,AC067752.1,lncRNA,Down
ENSG00000248551,4.4214623647106475,-4.620433137874578,0.33920374970255734,-13.62140937983783,2.987462006265619e-42,6.779636239692287e-41,AC095050.1,lncRNA,Down
ENSG00000165072,616.6378465165478,-2.7288821955128224,0.20035826011274407,-13.620013439811498,3.045116945697647e-42,6.904534295618826e-41,MAMDC2,protein_coding,Down
ENSG00000196814,1381.381485698956,-1.5174117043552051,0.11145145775406716,-13.615000960360527,3.261414526373751e-42,7.382274769139554e-41,MVB12B,protein_coding,Down
ENSG00000164530,110.78164669781664,-3.575525015088555,0.2628847196594236,-13.601113901640131,3.943807648615475e-42,8.873567209384819e-41,PI16,protein_coding,Down
ENSG00000077943,1048.0323956135505,-2.1372474727234887,0.1571564020204208,-13.599493531582482,4.032159454697685e-42,9.064624451865128e-41,ITGA8,protein_coding,Down
ENSG00000119865,402.0665469768689,-1.4871883149415281,0.10937937707963283,-13.59660618526646,4.194501306728627e-42,9.421550209406635e-41,CNRIP1,protein_coding,Down
ENSG00000179348,750.1334347637229,-1.8554775961667747,0.13646822909435977,-13.596407079363658,4.20593275450735e-42,9.439186956285857e-41,GATA2,protein_coding,Down
ENSG00000043591,317.5173355106305,-3.146339085789214,0.2315290527561252,-13.589392123084115,4.62909007086947e-42,1.0371206896247062e-40,ADRB1,protein_coding,Down
ENSG00000187323,92.17958941586835,-2.6944583685540633,0.1983128360206729,-13.586908556303348,4.788840162410885e-42,1.0720009769335742e-40,DCC,protein_coding,Down
ENSG00000277758,81.95590017411185,-2.8437724201768364,0.20956102291265247,-13.570140003382953,6.020692786245303e-42,1.3420597529441136e-40,FO681492.1,protein_coding,Down
ENSG00000125910,352.52150093925655,-1.7742072738182095,0.130792287640197,-13.565075631209725,6.451309082524763e-42,1.4356204262124727e-40,S1PR4,protein_coding,Down
ENSG00000100234,27828.30029212187,-1.9800442347531377,0.14607009546498204,-13.555438766915994,7.357090700713526e-42,1.6358050740119368e-40,TIMP3,protein_coding,Down
ENSG00000272379,214.51896328013066,-1.9714641178871446,0.1454934309796194,-13.55019332909474,7.902174352089237e-42,1.7540432463349594e-40,AL008729.2,lncRNA,Down
ENSG00000266524,281.2580454759762,-3.1815040004558766,0.23480738541323234,-13.549420495683378,7.985809315301352e-42,1.7696285012142576e-40,GDF10,protein_coding,Down
ENSG00000233117,93.86204456003489,-2.2113224765075707,0.16328897075371163,-13.542387255553857,8.788564871092056e-42,1.944248789015919e-40,LINC00702,lncRNA,Down
ENSG00000175084,734.7539544704208,-3.0466854998444144,0.22499389863697494,-13.541191642535189,8.932796669288205e-42,1.974499984653227e-40,DES,protein_coding,Down
ENSG00000171611,32.37230887426831,-2.4067059870724017,0.17786739819686642,-13.530900049533653,1.0275775440020697e-41,2.2675497770154458e-40,PTCRA,protein_coding,Down
ENSG00000114698,1261.7748294197017,-1.4680619331500104,0.10874877321318607,-13.499572360895415,1.5728645130191226e-41,3.4477503913810694e-40,PLSCR4,protein_coding,Down
ENSG00000047617,47.635646299670135,-2.1926307227223614,0.1624315134637629,-13.498801285327673,1.5894116088759091e-41,3.4811282496725687e-40,ANO2,protein_coding,Down
ENSG00000167641,462.60798540406347,-1.93018905257508,0.14301074098012953,-13.496811773342731,1.6329100963065316e-41,3.5734306422907253e-40,PPP1R14A,protein_coding,Down
ENSG00000251322,1341.442536914479,-1.411008857821978,0.10463450404249662,-13.485120140187274,1.9135354239871434e-41,4.173691408646896e-40,SHANK3,protein_coding,Down
ENSG00000019169,4802.850940226353,-2.9993868034940467,0.2230655796895679,-13.446210785492688,3.240576968674918e-41,7.015928954347913e-40,MARCO,protein_coding,Down
ENSG00000066629,702.4805083975418,-1.7129150873046595,0.12757348766145352,-13.426889228350372,4.2071646412345175e-41,9.034440683172168e-40,EML1,protein_coding,Down
ENSG00000250041,21.299156724924607,-2.4493874395664887,0.18243341754681056,-13.42619939100796,4.2465287918809696e-41,9.111551199503756e-40,AC069360.1,lncRNA,Down
ENSG00000177464,375.52539528709195,-1.5535384620302335,0.1157248005970697,-13.424421161366608,4.3496970630020957e-41,9.325326142387419e-40,GPR4,protein_coding,Down
ENSG00000035664,1170.1022911026146,-1.9199616211483779,0.14303648395055685,-13.422880429667494,4.4410995124360203e-41,9.513549483585527e-40,DAPK2,protein_coding,Down
ENSG00000134030,1512.2316462130043,-1.1943540370778152,0.08902938694111148,-13.415278686214261,4.920798173290547e-41,1.0506999824264918e-39,CTIF,protein_coding,Down
ENSG00000211445,13874.383711877128,-2.2332733863650267,0.16659148449053435,-13.405687530756833,5.600188361401097e-41,1.192867262440605e-39,GPX3,protein_coding,Down
ENSG00000225706,22.954205134713316,-2.319643068356863,0.17337658193773742,-13.379217899161766,7.998456080616004e-41,1.69277116248671e-39,PTPRD-AS1,lncRNA,Down
ENSG00000284791,7.855755242596154,-2.2299615490257634,0.16670280623499065,-13.376868688594987,8.255255815802657e-41,1.744319678387148e-39,SMIM41,protein_coding,Down
ENSG00000152137,1639.515002474171,-1.9730122072314817,0.1475063391313878,-13.37577909430772,8.377130245579184e-41,1.7672393966073846e-39,HSPB8,protein_coding,Down
ENSG00000188921,1109.580346302976,-1.481102389155804,0.11076128187566837,-13.372022823086946,8.811160987056723e-41,1.8558331887275223e-39,HACD4,protein_coding,Down
ENSG00000147443,986.9892160250181,-1.861194517520748,0.13918552607765072,-13.372040685339647,8.809045012977252e-41,1.8558331887275223e-39,DOK2,protein_coding,Down
ENSG00000286942,5.684124883268926,-2.527743053216559,0.1890624687444412,-13.369882822345614,9.068359411241543e-41,1.9069588331295014e-39,AC017104.5,lncRNA,Down
ENSG00000115361,307.82675734807543,-3.1262676979681467,0.2341301848146601,-13.352689660425174,1.1424805200737726e-40,2.391048517011538e-39,ACADL,protein_coding,Down
ENSG00000168685,3442.6512707176576,-2.1027799065145154,0.15750666065222965,-13.35041894613838,1.1778462665889364e-40,2.4611573732131738e-39,IL7R,protein_coding,Down
ENSG00000135540,1371.1968860683223,-1.7362959355774736,0.13018885172573427,-13.336748212783123,1.4149829277810601e-40,2.947322259525005e-39,NHSL1,protein_coding,Down
ENSG00000130522,7341.5300274670735,-1.428206309077974,0.10725790024481652,-13.315628087237286,1.8778654362443673e-40,3.889969485763077e-39,JUND,protein_coding,Down
ENSG00000276644,270.16403133937933,-2.4659152885243114,0.1852214563049346,-13.313334954372753,1.9364142512596055e-40,4.004960298487514e-39,DACH1,protein_coding,Down
ENSG00000102935,209.5756678876778,-1.8239286908325278,0.13706415853755702,-13.307116246095452,2.1044884694729214e-40,4.3457604494910677e-39,ZNF423,protein_coding,Down
ENSG00000174837,162.5063557496111,-2.672796043927548,0.20099224520233505,-13.29800580732304,2.3772442321031274e-40,4.893671381776695e-39,ADGRE1,protein_coding,Down
ENSG00000284690,9.985598651158263,-2.2971618218801684,0.17279211219398774,-13.294367391615793,2.495750828569872e-40,5.133615393867981e-39,CD300H,polymorphic_pseudogene,Down
ENSG00000116005,6739.890090055942,-1.1251279175885645,0.08463986882597178,-13.293119816878997,2.537723373460397e-40,5.2158819452962336e-39,PCYOX1,protein_coding,Down
ENSG00000046653,555.4677232107987,-1.9812753713957516,0.14917614355660708,-13.281449192604496,2.9659782945576027e-40,6.08186995548087e-39,GPM6B,protein_coding,Down
ENSG00000206384,594.8198047713439,-2.875946961124769,0.21669806443116718,-13.271678123540859,3.379274314733034e-40,6.923967651865588e-39,COL6A6,protein_coding,Down
ENSG00000168477,1800.6156542609215,-2.72219487233209,0.2051304235828559,-13.270556481996177,3.4302392367384632e-40,7.022935455962211e-39,TNXB,protein_coding,Down
ENSG00000138722,595.4141803612418,-2.395071579629319,0.18062068472534926,-13.26022865692958,3.93693541717e-40,8.035370507025767e-39,MMRN1,protein_coding,Down
ENSG00000288543,10.814426019119708,-2.4730696522636397,0.186627915252168,-13.251338359119943,4.432278203026926e-40,9.032393834143742e-39,AL035409.2,lncRNA,Down
ENSG00000102547,676.3162924730623,-1.403621034769817,0.10598533666268908,-13.243539898703228,4.917525713007951e-40,9.975011773232281e-39,CAB39L,protein_coding,Down
ENSG00000175899,59523.15236071898,-1.8823583431851691,0.1421968791870672,-13.237690967245712,5.315812091321004e-40,1.0766356747168577e-38,A2M,protein_coding,Down
ENSG00000117069,532.2966638965204,-2.2036016076927054,0.16647366323127477,-13.23693829354458,5.369342168743791e-40,1.0866427704510652e-38,ST6GALNAC5,protein_coding,Down
ENSG00000121075,616.1198839836629,-2.1907937315285153,0.16551242941055822,-13.236430274938385,5.405775046951393e-40,1.0931770551235294e-38,TBX4,protein_coding,Down
ENSG00000183087,4555.45194517285,-1.689426525358695,0.12774561561948328,-13.224927659286571,6.299781682899483e-40,1.2681316257867127e-38,GAS6,protein_coding,Down
ENSG00000103710,672.8847311377579,-1.5938548264492318,0.12055077552116816,-13.221439841914233,6.598853094858253e-40,1.3263091167028363e-38,RASL12,protein_coding,Down
ENSG00000185022,1582.6329059525613,-1.4995154728242936,0.11349894087873172,-13.211713353576183,7.509541972824041e-40,1.5059058693792394e-38,MAFF,protein_coding,Down
ENSG00000165410,1543.0372063635036,-1.4203925124511814,0.1075731069773353,-13.20397404483674,8.32258983852343e-40,1.6664137740460353e-38,CFL2,protein_coding,Down
ENSG00000162687,135.1109944174887,-2.6376445415768903,0.19990491150674308,-13.194495931571542,9.4384086759851e-40,1.888397851181541e-38,KCNT2,protein_coding,Down
ENSG00000285928,31.03835471877796,-1.4789808615222262,0.11236486377792901,-13.16230725331713,1.4460169011922572e-39,2.873509094532014e-38,AC103591.4,lncRNA,Down
ENSG00000133401,1641.6321364226603,-2.2616332797797054,0.17191335900483118,-13.1556575525707,1.57903794740847e-39,3.130769223545966e-38,PDZD2,protein_coding,Down
ENSG00000012779,3025.733145799284,-1.8437459785146155,0.14019265919598686,-13.151515843187562,1.6679668591487467e-39,3.304604513580199e-38,ALOX5,protein_coding,Down
ENSG00000124067,2475.4204332015843,-1.043187140537379,0.07932394995601377,-13.150973206904606,1.6799811529706746e-39,3.3259086339216736e-38,SLC12A4,protein_coding,Down
ENSG00000183801,541.3477197344297,-1.6521784474301686,0.12565325602888927,-13.148711777515036,1.730984038436584e-39,3.4217428106126475e-38,OLFML1,protein_coding,Down
ENSG00000129675,1374.6764660585072,-1.4616269754723907,0.11116599275403516,-13.14814845135574,1.7439266593862908e-39,3.444745019327078e-38,ARHGEF6,protein_coding,Down
ENSG00000152402,734.7559773851483,-2.0793220586602295,0.15814651723504286,-13.148073666205805,1.745652094335489e-39,3.444828435130553e-38,GUCY1A2,protein_coding,Down
ENSG00000186642,335.85917396491396,-1.7617901888232717,0.13410827495767977,-13.137072931399914,2.0188615232599824e-39,3.9716060594910903e-38,PDE2A,protein_coding,Down
ENSG00000007908,232.74226455479305,-2.941662310219067,0.22424777579425811,-13.117910756528397,2.600043755012417e-39,5.082516962170307e-38,SELE,protein_coding,Down
ENSG00000267280,63.528329681548065,-2.029274817805025,0.15483614945142674,-13.10594990249111,3.044266709604841e-39,5.933282567056885e-38,TBX2-AS1,lncRNA,Down
ENSG00000130518,440.5897494105471,-2.4254048225533054,0.1851065818869401,-13.102747605348258,3.1755018261241976e-39,6.175367489299047e-38,IQCN,protein_coding,Down
ENSG00000172403,997.845223152662,-1.909821421234681,0.14583616257415147,-13.09566425449256,3.48611022803669e-39,6.774408748218681e-38,SYNPO2,protein_coding,Down
ENSG00000146966,518.3920037660946,-1.764811174498169,0.1348384104267291,-13.088341585405766,3.838984781350906e-39,7.449155900237188e-38,DENND2A,protein_coding,Down
ENSG00000134115,154.10515164127023,-3.5017602172598505,0.26770902717251654,-13.080471190100186,4.257925551191677e-39,8.237820747243178e-38,CNTN6,protein_coding,Down
ENSG00000148516,1231.385119715901,-1.4234111796008302,0.10881918214387776,-13.080517162119769,4.2553510880955855e-39,8.237820747243178e-38,ZEB1,protein_coding,Down
ENSG00000163637,713.6721513873946,-1.4464381292694937,0.11071442898179672,-13.06458555196371,5.246960239418771e-39,1.0114206250984867e-37,PRICKLE2,protein_coding,Down
ENSG00000254122,185.23651959824062,-1.7879113986531834,0.13687891138536787,-13.061993119009479,5.428760287927204e-39,1.044937290457229e-37,PCDHGB7,protein_coding,Down
ENSG00000099860,3608.3422050902395,-1.7537527248172022,0.13436974798237913,-13.051693190994035,6.215058907993221e-39,1.1936715470049617e-37,GADD45B,protein_coding,Down
ENSG00000138639,566.8393645065096,-1.4159800644139955,0.10852719636616509,-13.047237114985933,6.58939929262477e-39,1.263726977065565e-37,ARHGAP24,protein_coding,Down
ENSG00000184005,173.28066350495112,-1.966433628045712,0.1507220612174657,-13.046753820653304,6.631323111114517e-39,1.2708429537797224e-37,ST6GALNAC3,protein_coding,Down
ENSG00000197766,1619.3021157488245,-2.318822490691365,0.17786290604289562,-13.037133724398547,7.523250573706973e-39,1.4375950552800933e-37,CFD,protein_coding,Down
ENSG00000286646,91.1716201413555,-2.3116673683567766,0.17745855849955677,-13.02651947532049,8.64625708846491e-39,1.6474118455406047e-37,AL121933.2,lncRNA,Down
ENSG00000261143,112.57593125468831,-3.4934855597663663,0.26825699707606443,-13.022905638415786,9.065445508621236e-39,1.7247893078091053e-37,ADAMTS7P3,transcribed_unprocessed_pseudogene,Down
ENSG00000134531,8164.658569472081,-1.7986803372639222,0.13825404329619215,-13.009965527087498,1.0739052329407407e-38,2.038796327764387e-37,EMP1,protein_coding,Down
ENSG00000260037,7.318679550124116,-1.5944615059988574,0.12263491670452478,-13.001692738459925,1.1966488264287615e-38,2.2685571209868038e-37,AC104938.1,lncRNA,Down
ENSG00000073910,1734.7806540779366,-1.5490774988611749,0.11914583964719354,-13.001524043543581,1.1992917047058117e-38,2.271934069906053e-37,FRY,protein_coding,Down
ENSG00000279662,196.97581489313882,-2.7449516177742272,0.21119783711703138,-12.997063110325145,1.2713245858725599e-38,2.4032135720042584e-37,AC131649.2,TEC,Down
ENSG00000132970,270.6126173620514,-1.8806516807865734,0.14469951982745974,-12.996944862215644,1.2732914013588367e-38,2.4052073247731037e-37,WASF3,protein_coding,Down
ENSG00000095637,1355.6340097428608,-1.612094021764562,0.1241556863958568,-12.984455795480658,1.4989985338650736e-38,2.8295340972098777e-37,SORBS1,protein_coding,Down
ENSG00000079819,2375.0331829598354,-1.4457286723605614,0.11143627924322341,-12.973590667049105,1.72744505337233e-38,3.2491245404727773e-37,EPB41L2,protein_coding,Down
ENSG00000152580,497.3179414598231,-2.817215718762264,0.21715946158587607,-12.973027738182116,1.7401814854174108e-38,3.2707473820710704e-37,IGSF10,protein_coding,Down
ENSG00000133574,1694.7338362290045,-1.495033144690384,0.11527800454804019,-12.968936706979116,1.835589822498235e-38,3.4451603999486445e-37,GIMAP4,protein_coding,Down
ENSG00000204176,35.95470813774672,-2.495786485826779,0.19252629052349443,-12.963354142650001,1.9742247177178275e-38,3.7027244527894106e-37,SYT15,protein_coding,Down
ENSG00000064205,680.0124359991106,-2.1685477824455313,0.16732231394320823,-12.960302372949313,2.0543613233247725e-38,3.8502848682355544e-37,CCN5,protein_coding,Down
ENSG00000187116,210.322257927842,-2.0683295774234156,0.15972434985700645,-12.949369205603853,2.3689257218565274e-38,4.427255229295296e-37,LILRA5,protein_coding,Down
ENSG00000232618,20.795304512738532,-2.295364252098931,0.17762219429674972,-12.922733339641741,3.350248881386101e-38,6.217175439982511e-37,AL355304.1,lncRNA,Down
ENSG00000183615,234.37208020551478,-1.4105552287692953,0.10920123438073687,-12.917026412460752,3.60818193307045e-38,6.677035619303002e-37,FAM167B,protein_coding,Down
ENSG00000090674,1107.8602729174365,-1.009669800554284,0.07824331080975067,-12.904231558008906,4.2604429249021263e-38,7.845522341457338e-37,MCOLN1,protein_coding,Down
ENSG00000174282,5562.97493477363,-1.0066058553925812,0.07802288978549687,-12.901417239991693,4.4189466383319924e-38,8.1147369674662e-37,ZBTB4,protein_coding,Down
ENSG00000116701,2467.589760928237,-1.6922292917559576,0.13122143741125772,-12.895981976271038,4.741841895511535e-38,8.677471948968716e-37,NCF2,protein_coding,Down
ENSG00000163464,71.65485571472128,-2.8972037898409084,0.2249230493123849,-12.880866583918309,5.768420563528172e-38,1.0526868530120268e-36,CXCR1,protein_coding,Down
ENSG00000107242,532.4007113538587,-2.278988371932446,0.17694220753850193,-12.879845931822384,5.845212712404543e-38,1.0659630651874675e-36,PIP5K1B,protein_coding,Down
ENSG00000145861,81.55753196797953,-1.8769182347278641,0.1457595553881706,-12.876810921448442,6.079617330976606e-38,1.1079440844357507e-36,C1QTNF2,protein_coding,Down
ENSG00000123342,1123.8817334151659,-2.0292063284168442,0.15764591878055992,-12.871924272530391,6.476818295762366e-38,1.1770757991678401e-36,MMP19,protein_coding,Down
ENSG00000227508,5.815239213153067,-2.3159016888790678,0.18000315375936865,-12.865895071899715,7.002600912646231e-38,1.270004030718577e-36,LINC01624,lncRNA,Down
ENSG00000019485,528.3625832712136,-1.1838396852955997,0.09205330850394496,-12.860370849624227,7.521494578809099e-38,1.3613027593905007e-36,PRDM11,protein_coding,Down
ENSG00000163431,781.2505500444381,-1.8326851338238475,0.14283586917914143,-12.830706631016726,1.1035306988979192e-37,1.9904312263979567e-36,LMOD1,protein_coding,Down
ENSG00000274736,78.2853233398642,-2.5089557452447173,0.19562634664350848,-12.825244596612585,1.1841229529081384e-37,2.131421315234649e-36,CCL23,protein_coding,Down
ENSG00000204161,642.3198532175585,-1.5946440706853087,0.12441518178124703,-12.817118038609559,1.3149791387147207e-37,2.3653478777562883e-36,TMEM273,protein_coding,Down
ENSG00000102104,30.490115837490414,-3.973381816515647,0.31014805896392406,-12.811241926804463,1.418459603344619e-37,2.546274999332716e-36,RS1,protein_coding,Down
ENSG00000108622,380.3387833806085,-1.4011471959254194,0.10940354099426565,-12.807146671777836,1.495326148350895e-37,2.6769688073328648e-36,ICAM2,protein_coding,Down
ENSG00000176971,589.8568703186011,-2.1958669753091997,0.1714934020974208,-12.804381675638965,1.5495515904390283e-37,2.7721625128817623e-36,FIBIN,protein_coding,Down
ENSG00000128923,1510.148111293303,-1.0382093195634519,0.08109406735943965,-12.802531102080678,1.5869313065956297e-37,2.837110410503509e-36,MINDY2,protein_coding,Down
ENSG00000168481,663.4021121487397,-4.222217130117119,0.32986086102329965,-12.799994267337112,1.639633376926654e-37,2.9293449965823758e-36,LGI3,protein_coding,Down
ENSG00000087903,803.9682971836835,-1.649457283757397,0.1289488967041713,-12.791557942069925,1.8277276663326593e-37,3.260972839052248e-36,RFX2,protein_coding,Down
ENSG00000004799,3251.127862897304,-2.4298037299980915,0.1901545786103566,-12.77804482939626,2.1746774553670382e-37,3.872129945849345e-36,PDK4,protein_coding,Down
ENSG00000133026,5763.057538562953,-1.5170810152117016,0.1187890268801311,-12.771221846463764,2.373983183701766e-37,4.218459336537438e-36,MYH10,protein_coding,Down
ENSG00000229619,164.48768976969575,-1.8500064352322978,0.14488857170227765,-12.768477275307532,2.4591833926685318e-37,4.363974836115019e-36,MBNL1-AS1,lncRNA,Down
ENSG00000168907,1090.5868161987091,-2.6790205271866125,0.20993839862195582,-12.760983911336908,2.7075932903308195e-37,4.791894970874074e-36,PLA2G4F,protein_coding,Down
ENSG00000155090,3858.8678220411675,-1.136368442105341,0.08906129952979192,-12.75939659655667,2.7633328537278515e-37,4.8872627332530816e-36,KLF10,protein_coding,Down
ENSG00000125900,4.404670203390606,-2.230186565092896,0.17483708912508242,-12.755797847316993,2.8939652557548764e-37,5.104606273863284e-36,SIRPD,protein_coding,Down
ENSG00000226252,10.495533459734874,-2.583442441279526,0.2027213047124452,-12.743813211660564,3.374874565189937e-37,5.940950753274942e-36,AL135960.1,lncRNA,Down
ENSG00000177494,301.56087639920975,-2.382274913425098,0.18695365903108035,-12.742595816373155,3.42796251545971e-37,6.030378354414446e-36,ZBED2,protein_coding,Down
ENSG00000272789,19.039017074463242,-2.9698294247887524,0.23311342460241224,-12.739847264712274,3.5508929723254184e-37,6.242469845348084e-36,AC010976.2,lncRNA,Down
ENSG00000138434,6139.735131973892,-1.1848526584539711,0.09303923360114785,-12.734978702999046,3.779492143389771e-37,6.635499854939297e-36,ITPRID2,protein_coding,Down
ENSG00000286508,4.002418523522702,-2.278566946159302,0.17898410250978103,-12.73055491637747,3.999862414599635e-37,7.008396802192184e-36,AC000050.2,lncRNA,Down
ENSG00000255399,308.3108564593372,-1.81361351200816,0.14258715031720212,-12.719333460087817,4.617824220084708e-37,8.080426322736148e-36,TBX5-AS1,lncRNA,Down
ENSG00000136244,503.54390084987324,-2.8611862640894303,0.22519213160942853,-12.705533908493079,5.509214259771888e-37,9.582980213072869e-36,IL6,protein_coding,Down
ENSG00000136869,1262.0179397956308,-1.6767185337407762,0.1320476739688013,-12.697827105511392,6.07942923323246e-37,1.0547009794759208e-35,TLR4,protein_coding,Down
ENSG00000146376,2736.2288086615954,-1.1961618938481808,0.09420413406950219,-12.697552030632467,6.100831256833882e-37,1.0577180818061109e-35,ARHGAP18,protein_coding,Down
ENSG00000267607,23.96719444521165,-2.8548944570757726,0.22498422102784288,-12.68930969484507,6.778054208080992e-37,1.1728168600203132e-35,AC011511.5,lncRNA,Down
ENSG00000064042,8535.772774861689,-1.630037292867107,0.12847204080738017,-12.68787576365385,6.903277418559278e-37,1.1929189090917967e-35,LIMCH1,protein_coding,Down
ENSG00000130037,42.4880403661438,-2.285625810791547,0.1802248356983608,-12.682080146916928,7.433263058393393e-37,1.2819826478079384e-35,KCNA5,protein_coding,Down
ENSG00000260314,6054.466607821059,-2.3815487455146496,0.1879857315058184,-12.66877398852443,8.808025175223105e-37,1.5154465435397299e-35,MRC1,protein_coding,Down
ENSG00000159433,570.4446393380812,-1.776876292154171,0.14028004242690342,-12.666636403963583,9.051298708391774e-37,1.5539241337258532e-35,STARD9,protein_coding,Down
ENSG00000256234,14.66127107843161,-3.090331310432793,0.24406320066480328,-12.662012552548052,9.600612485803444e-37,1.647157783023011e-35,AC022509.2,lncRNA,Down
ENSG00000136546,1112.3492938819363,-2.4646403602277056,0.1950040709304853,-12.6389174772987,1.2881521411617011e-36,2.1971909419426946e-35,SCN7A,protein_coding,Down
ENSG00000279447,6.176395966533412,-2.0608074879039266,0.163190170253004,-12.628257478431005,1.4750860054919006e-36,2.5079315257782995e-35,AL118508.3,TEC,Down
ENSG00000260398,16.92292832267432,-2.3734369510835194,0.1880321330068574,-12.622507191347777,1.5868735839968168e-36,2.692783552766799e-35,AC068700.1,lncRNA,Down
ENSG00000179044,271.98198614031975,-1.241208545342236,0.09835327592011342,-12.619900392035712,1.6402862223081015e-36,2.78163007602988e-35,EXOC3L1,protein_coding,Down
ENSG00000107438,7473.423819497363,-1.05831954509061,0.08386622386629755,-12.61913910393557,1.6562192325035416e-36,2.8068445476297167e-35,PDLIM1,protein_coding,Down
ENSG00000158764,182.9826973907489,-4.5980662824131535,0.3644186691605421,-12.617537660748955,1.6902397007689265e-36,2.8608229081692296e-35,ITLN2,protein_coding,Down
ENSG00000260742,22.33010322210576,-1.5494467153169424,0.12285519957623506,-12.611975078478205,1.8138951627230133e-36,3.0661804769875553e-35,AC009962.1,lncRNA,Down
ENSG00000125414,12.734088199840098,-3.1512546189176205,0.25009297213593873,-12.600332556345275,2.1025612963116e-36,3.540519884018959e-35,MYH2,protein_coding,Down
ENSG00000276668,4.235100545838315,-3.5767680681133744,0.283936690892551,-12.597061890345534,2.191571415958267e-36,3.6880496642514037e-35,AC104237.3,lncRNA,Down
ENSG00000129048,84.58836494488173,-2.4570318383957814,0.19515717542987443,-12.59001537086021,2.396267059346069e-36,4.0248128888506904e-35,ACKR4,protein_coding,Down
ENSG00000118729,71.26649085672888,-2.743729189873972,0.21802902385520667,-12.584238287908336,2.5781764816284745e-36,4.322092423429299e-35,CASQ2,protein_coding,Down
ENSG00000165511,129.19039992470576,-1.2069060527143836,0.09594934333300172,-12.578575431472172,2.7697959183647488e-36,4.6374297376049794e-35,ZNF22-AS1,lncRNA,Down
ENSG00000163380,31.575697544436334,-1.3165200532489625,0.10468546523053011,-12.575958375404124,2.8630703028108485e-36,4.7814543309133675e-35,LMOD3,protein_coding,Down
ENSG00000139549,22.412395499292526,-1.956670326158307,0.1556535640641573,-12.570674741195171,3.061002440645606e-36,5.102315699103959e-35,DHH,protein_coding,Down
ENSG00000172476,54.435550904598266,-1.7574995599645844,0.13982415409560728,-12.569355926608093,3.112491735491859e-36,5.184864628232491e-35,RAB40A,protein_coding,Down
ENSG00000173611,690.0874186729973,-1.1908295419434616,0.09481842473212687,-12.559052160038455,3.545546275771486e-36,5.887660912600384e-35,SCAI,protein_coding,Down
ENSG00000281852,14.915547460544177,-2.4629066835976867,0.19614258907366675,-12.556715475355913,3.651798716370418e-36,6.056473720169052e-35,LINC00891,lncRNA,Down
ENSG00000074527,2983.0620092481176,-1.6746826963988208,0.13358002376828457,-12.53692467747887,4.6883905152673056e-36,7.722227225958704e-35,NTN4,protein_coding,Down
ENSG00000126759,26.01348580750846,-1.7975432069397197,0.14344177987373663,-12.531517724626614,5.0192842491477314e-36,8.256926116657871e-35,CFP,protein_coding,Down
ENSG00000004776,131.0209850388704,-2.4756091063531387,0.19768212472980182,-12.523181394053102,5.575470446859126e-36,9.154741947924979e-35,HSPB6,protein_coding,Down
ENSG00000236914,65.69503592318814,-1.2689557682758572,0.10133243717397782,-12.522700565241365,5.6093565208540544e-36,9.198926085505063e-35,LINC01852,lncRNA,Down
ENSG00000168484,172674.3099016435,-4.6864958386154,0.37441767660644204,-12.516759040576684,6.045359762099594e-36,9.88933851901776e-35,SFTPC,protein_coding,Down
ENSG00000112139,365.6147440602785,-1.878305445533215,0.15012725211940975,-12.511422270216665,6.465607691971577e-36,1.0557156336674332e-34,MDGA1,protein_coding,Down
ENSG00000122877,857.1438518390904,-1.8455234514144003,0.14753986276152053,-12.508642863504996,6.695843060486377e-36,1.092632311293476e-34,EGR2,protein_coding,Down
ENSG00000104974,72.61235143555307,-1.6685522544348101,0.13342979849907308,-12.505094613077762,7.00164124362294e-36,1.1418260952030731e-34,LILRA1,protein_coding,Down
ENSG00000039523,2090.105657292319,-1.1893391365529489,0.09512340159196599,-12.503118230092804,7.177948275931414e-36,1.1698547344642237e-34,RIPOR1,protein_coding,Down
ENSG00000114853,673.2440265318522,-1.0893894544103235,0.08713317176958225,-12.50258004254843,7.226717888360395e-36,1.1770756684129932e-34,ZBTB47,protein_coding,Down
ENSG00000160593,1442.2086694943957,-1.7861445176932744,0.14296486368557035,-12.49359088413241,8.091730070909435e-36,1.3147191741828823e-34,JAML,protein_coding,Down
ENSG00000196616,4060.397787290668,-3.284403507219774,0.26296815047104327,-12.48973878143253,8.49320370390422e-36,1.3748666769303515e-34,ADH1B,protein_coding,Down
ENSG00000265107,1117.4884821451694,-1.6846674288253731,0.13492679929756748,-12.485788128050148,8.92551057419424e-36,1.443076111842441e-34,GJA5,protein_coding,Down
ENSG00000251359,24.7222695319654,-1.6411734328797476,0.13152195320515747,-12.478323145944513,9.80294127259914e-36,1.5829979262611103e-34,WWC2-AS2,lncRNA,Down
ENSG00000171496,5.995548343199341,-1.7501964084569666,0.14039512155429065,-12.466219545813544,1.141125561000958e-35,1.8404575561831966e-34,OR1L8,protein_coding,Down
ENSG00000132965,2535.846472245353,-1.9591719271186363,0.15727266872172582,-12.457167180046675,1.2783117520485417e-35,2.050430711771292e-34,ALOX5AP,protein_coding,Down
ENSG00000178084,19.883271368104324,-4.532045697481387,0.36445424743619914,-12.435156756609787,1.684100984710931e-35,2.6849905058541264e-34,HTR3C,protein_coding,Down
ENSG00000152492,2664.826911494558,-1.055510026257978,0.08489132606246914,-12.433661661513659,1.715906026832757e-35,2.7340448294610153e-34,CCDC50,protein_coding,Down
ENSG00000113966,380.59749057439245,-1.069862958790801,0.08608495235923341,-12.427990368470574,1.842071216120544e-35,2.93152794019908e-34,ARL6,protein_coding,Down
ENSG00000162614,642.1909471680651,-1.5658572460778397,0.12611862961366074,-12.415748972808625,2.1466848336680058e-35,3.406021604321619e-34,NEXN,protein_coding,Down
ENSG00000163145,243.81266169672062,-2.4824140259573726,0.19995590126495016,-12.414807516323648,2.1720860856114745e-35,3.4442519589641966e-34,C1QTNF7,protein_coding,Down
ENSG00000239697,936.0776426614858,-1.1786541683129874,0.09494965446904284,-12.413464534484147,2.208838509325752e-35,3.500424969406255e-34,TNFSF12,protein_coding,Down
ENSG00000110328,1572.442113890326,-1.4160112302234913,0.11410920705380032,-12.409263606186213,2.3278387976575008e-35,3.68237007163937e-34,GALNT18,protein_coding,Down
ENSG00000249364,61.16232532482091,-2.910822823117211,0.2347724740526122,-12.398484255291782,2.663135204072007e-35,4.202685537485268e-34,AC112206.2,lncRNA,Down
ENSG00000122042,3800.0718094107256,-1.125863785765287,0.09083344668622237,-12.394815201216604,2.7878767769831e-35,4.394280371132358e-34,UBL3,protein_coding,Down
ENSG00000101665,1723.2039910429367,-1.0949323501482642,0.0883759996897137,-12.389476260438908,2.979831104050542e-35,4.682845423945936e-34,SMAD7,protein_coding,Down
ENSG00000183688,969.2022305565253,-1.3595741377937411,0.10975898090733163,-12.38690562316368,3.076882948263199e-35,4.832483820470552e-34,RFLNB,protein_coding,Down
ENSG00000203883,378.9053505756158,-1.6073035003741019,0.12976407222494807,-12.386352191443375,3.098184589209561e-35,4.863043310562865e-34,SOX18,protein_coding,Down
ENSG00000018280,1961.2843750064992,-1.8297583443510477,0.14773469271061038,-12.385434394446968,3.1338341515313515e-35,4.9160741568043864e-34,SLC11A1,protein_coding,Down
ENSG00000109771,250.9917177484351,-1.8069567823838342,0.14598495508794432,-12.377691805948679,3.4512621317635663e-35,5.39797048722451e-34,LRP2BP,protein_coding,Down
ENSG00000242324,4.629642746355372,-2.298715023174747,0.18586174115289425,-12.367876298348943,3.8999683142157277e-35,6.0781421067298316e-34,AL049634.1,unprocessed_pseudogene,Down
ENSG00000137033,1630.2002489467554,-2.2158812668203365,0.17917999734066564,-12.366789260563479,3.9530956032156264e-35,6.157302484158066e-34,IL33,protein_coding,Down
ENSG00000197415,955.3256188373032,-2.6105876601144256,0.21135358821842262,-12.351754621816607,4.7660467824692094e-35,7.4016874943293906e-34,VEPH1,protein_coding,Down
ENSG00000234456,731.597434765155,-1.6147729655322154,0.13073905141225997,-12.351114285205767,4.8041371593646777e-35,7.456450670538349e-34,MAGI2-AS3,lncRNA,Down
ENSG00000252965,9.920663228021134,-1.249029514049433,0.10114068120432021,-12.349427541685182,4.90592684780645e-35,7.6054844783454495e-34,Y_RNA,misc_RNA,Down
ENSG00000130755,1234.57191037431,-1.4888694488199814,0.12063185460534591,-12.342257803222076,5.36305543991123e-35,8.299517133242907e-34,GMFG,protein_coding,Down
ENSG00000179921,62.2264006231692,-1.81326722885868,0.14698398232833948,-12.33649544756599,5.76092920178191e-35,8.910011909148914e-34,GPBAR1,protein_coding,Down
ENSG00000106688,1263.1809108964371,-2.205618669889243,0.17902853514824485,-12.319928038638517,7.07574005420926e-35,1.091792072729656e-33,SLC1A1,protein_coding,Down
ENSG00000114166,1170.603112493745,-1.1751243934118316,0.09545088194304552,-12.311299481894942,7.874499939468992e-35,1.2143307801391656e-33,KAT2B,protein_coding,Down
ENSG00000071967,7893.8355044835935,-1.7866176716911502,0.14513988287877044,-12.309625970853515,8.039489473321666e-35,1.2390493127498091e-33,CYBRD1,protein_coding,Down
ENSG00000160867,1028.3812823670442,-2.430319918257345,0.1974352543605012,-12.309452666542382,8.056770371939663e-35,1.240987352266641e-33,FGFR4,protein_coding,Down
ENSG00000136153,12399.112165140208,-1.4160116649004377,0.11504377583899612,-12.308459580483063,8.156509165978203e-35,1.2556167350078531e-33,LMO7,protein_coding,Down
ENSG00000204020,21.044259591633065,-2.6592561205168166,0.21607007591250213,-12.307378100768041,8.266521375132111e-35,1.2710680388468442e-33,LIPN,protein_coding,Down
ENSG00000114541,1666.789143370498,-1.1471678909537981,0.09321702032021233,-12.306420941295167,8.365116268826917e-35,1.2854785315207797e-33,FRMD4B,protein_coding,Down
ENSG00000148175,14271.819155377227,-1.2520807442329225,0.10191336101071617,-12.285736941805563,1.0805582914813512e-34,1.6518447621080135e-33,STOM,protein_coding,Down
ENSG00000275612,3.019322658852273,-3.5935446734091845,0.2926399340048289,-12.279748099416556,1.1635999161772328e-34,1.7746749444530727e-33,AC104237.2,lncRNA,Down
ENSG00000036473,8.35699839526476,-3.6675958920172493,0.2987940861202763,-12.274660250607832,1.239108567283174e-34,1.886564256308158e-33,OTC,protein_coding,Down
ENSG00000167210,31.31118601497188,-2.197359119456838,0.17912153337773135,-12.267420214760271,1.3550216288748038e-34,2.059476677431042e-33,LOXHD1,protein_coding,Down
ENSG00000078114,3524.763678791485,-1.664935579585076,0.13579269454030313,-12.26086267174649,1.4692732040018973e-34,2.2279893265974716e-33,NEBL,protein_coding,Down
ENSG00000272783,8.344924766529763,-1.999198584465898,0.16309729937629167,-12.257705014804849,1.527653237212241e-34,2.3125267431278297e-33,AC147067.2,lncRNA,Down
ENSG00000137857,3020.424940406735,-2.5619318690923296,0.20916192205327733,-12.248557691297938,1.7101019408377227e-34,2.5813044178529335e-33,DUOX1,protein_coding,Down
ENSG00000174804,1707.0483562539769,-1.604611007384799,0.13103054701091513,-12.246083405659075,1.763068525202384e-34,2.656692400547821e-33,FZD4,protein_coding,Down
ENSG00000158186,1122.2533089771443,-1.1295882754273803,0.09226527835218505,-12.24283170875655,1.8351627519907686e-34,2.7605956514544532e-33,MRAS,protein_coding,Down
ENSG00000111077,4082.7624640137833,-1.3853841287725377,0.11325053017926989,-12.232915171165596,2.073608531638797e-34,3.1104127974581956e-33,TNS2,protein_coding,Down
ENSG00000148541,129.90494026017916,-1.755096038489098,0.14349104282716962,-12.231397890132104,2.112711927340766e-34,3.165466677498636e-33,FAM13C,protein_coding,Down
ENSG00000165507,6844.335113412049,-1.8061092170995743,0.1476707290464665,-12.230651455179439,2.132217031539768e-34,3.189254856591247e-33,DEPP1,protein_coding,Down
ENSG00000198948,240.03722362676248,-2.1019910147416208,0.1720445392652333,-12.217714225158149,2.5001581290697853e-34,3.722708631483356e-33,MFAP3L,protein_coding,Down
ENSG00000159708,297.37997256952184,-2.9106974185262655,0.2383134879974182,-12.213733444066746,2.625585055342322e-34,3.9072617330348216e-33,LRRC36,protein_coding,Down
ENSG00000158352,1411.8592068440169,-1.7618022392432413,0.1442510548948243,-12.213444404464141,2.6349318507971116e-34,3.918959554738852e-33,SHROOM4,protein_coding,Down
ENSG00000100154,1242.1438067832596,-1.2708630930117824,0.10412931662533868,-12.204661801290765,2.935255774150916e-34,4.3582598403355665e-33,TTC28,protein_coding,Down
ENSG00000186188,184.99530785033392,-2.37263461943377,0.19442746419352033,-12.203186567676497,2.988936221882937e-34,4.43546697642392e-33,FFAR4,protein_coding,Down
ENSG00000165140,3035.0177407921033,-1.669632304817273,0.13682811404136125,-12.202406767899806,3.0177042377605363e-34,4.475638962302887e-33,FBP1,protein_coding,Down
ENSG00000081041,2468.0169223891253,-2.420450882904868,0.19837988851617025,-12.20109004501015,3.0669058501591487e-34,4.546054371483797e-33,CXCL2,protein_coding,Down
ENSG00000140090,72.03354957489927,-2.0653041908174967,0.16936086884519344,-12.194695297089647,3.317425614459997e-34,4.911876106306015e-33,SLC24A4,protein_coding,Down
ENSG00000233760,21.3077717473801,-2.939451306038226,0.24107272808567717,-12.193213763248847,3.3783071359327005e-34,4.993607577048504e-33,AC004947.1,lncRNA,Down
ENSG00000204978,3.750111293475053,-2.328657276866016,0.19099864404730874,-12.192009469393026,3.428612670510589e-34,5.065126953577829e-33,ERICH4,protein_coding,Down
ENSG00000160801,147.24730775274995,-1.9038909008501652,0.15626097571580175,-12.184045902240173,3.780516970100364e-34,5.569398463773553e-33,PTH1R,protein_coding,Down
ENSG00000185483,557.8041705062085,-1.8575953953193545,0.15248613075719317,-12.18206131990615,3.8736600531810435e-34,5.697067239396772e-33,ROR1,protein_coding,Down
ENSG00000105509,78.58936519995869,-3.35076035209381,0.27523696608822074,-12.174092745302977,4.271168839518761e-34,6.260740539083364e-33,HAS1,protein_coding,Down
ENSG00000137976,49.01766646215256,-2.8835560952489585,0.23693761718437847,-12.17010675432366,4.48495559037314e-34,6.57045993989665e-33,DNASE2B,protein_coding,Down
ENSG00000088320,52.73505563845011,-1.6219413690100652,0.13348558768380925,-12.150685307330702,5.6886745806224495e-34,8.297032560343694e-33,REM1,protein_coding,Down
ENSG00000109846,662.811085588161,-1.951364748341146,0.16073917491965212,-12.139945034037687,6.486959936118804e-34,9.445672750715233e-33,CRYAB,protein_coding,Down
ENSG00000149131,16771.70602175532,-1.378176881175934,0.1135435945828944,-12.137865515344178,6.653919894750792e-34,9.678095290930965e-33,SERPING1,protein_coding,Down
ENSG00000233476,825.3559130202589,-1.877201952935544,0.15466286304068835,-12.137380079674937,6.693504930208515e-34,9.730304576052842e-33,EEF1A1P6,processed_pseudogene,Down
ENSG00000171051,838.8444742310294,-1.9801722906233932,0.16317984056761065,-12.134907619320442,6.898781676664703e-34,1.0023188584774006e-32,FPR1,protein_coding,Down
ENSG00000253959,9.530871264445567,-3.257217215435164,0.26877763958361267,-12.118631670704485,8.41523703664551e-34,1.2159441131854361e-32,LINC01863,lncRNA,Down
ENSG00000165124,1416.4129855651668,-2.116798445444289,0.17477792193983455,-12.1113606452706,9.195596198853363e-34,1.327246150868983e-32,SVEP1,protein_coding,Down
ENSG00000261634,40.536147956365774,-2.730621836201772,0.2256223695810146,-12.102620149201488,1.0229321006474466e-33,1.4724191863577057e-32,AC026992.2,lncRNA,Down
ENSG00000162618,902.2543890588008,-1.304970469069845,0.10783153176268163,-12.101937603389116,1.031474286333369e-33,1.4839049061980872e-32,ADGRL4,protein_coding,Down
ENSG00000153823,935.242280806072,-1.9453800676359112,0.16084847033718266,-12.094489077563866,1.1294270987313314e-33,1.6202637818110894e-32,PID1,protein_coding,Down
ENSG00000070193,65.94771871544133,-3.080502489016221,0.25478439362292776,-12.090624724743778,1.183830958174234e-33,1.6956883415021484e-32,FGF10,protein_coding,Down
ENSG00000171522,802.6028092467692,-1.6152484282811124,0.13366353015055196,-12.08443639384488,1.2764241985479872e-33,1.823364361631117e-32,PTGER4,protein_coding,Down
ENSG00000138772,3393.0730692508914,-1.8981578898463927,0.1570976024170076,-12.082666193770603,1.304209920540428e-33,1.8600332939238012e-32,ANXA3,protein_coding,Down
ENSG00000241839,2456.1364430173935,-1.1658333807682746,0.09650742134658451,-12.080245897167313,1.3431744645364006e-33,1.9135337995583405e-32,PLEKHO2,protein_coding,Down
ENSG00000138685,228.46318882081616,-2.0926455027252118,0.1732533975766278,-12.078525050567396,1.37157972234934e-33,1.9529458573624244e-32,FGF2,protein_coding,Down
ENSG00000112964,146.0174509531718,-2.0581536907902835,0.17048978420179065,-12.072005958751557,1.4847043037765241e-33,2.1094640350531755e-32,GHR,protein_coding,Down
ENSG00000180440,119.67735435890202,-4.759018200232285,0.3942292626846935,-12.071702054341339,1.4901982435662178e-33,2.116129654434096e-32,SERTM1,protein_coding,Down
ENSG00000169704,5.153899080058296,-3.081688896727322,0.2552957419739225,-12.071054820186168,1.5019662368604326e-33,2.1316926623255978e-32,GP9,protein_coding,Down
ENSG00000046889,490.05678588346643,-1.9498918870022586,0.16161794495073215,-12.064822922953676,1.6201046897190062e-33,2.2944232367287968e-32,PREX2,protein_coding,Down
ENSG00000100311,1301.5978460107165,-1.4741142302506918,0.12223842072350516,-12.059336348798517,1.7317268297658647e-33,2.4485595979048714e-32,PDGFB,protein_coding,Down
ENSG00000078401,1546.9083908559685,-2.0338514275577246,0.16884999528143424,-12.045315276247184,2.0529000873389414e-33,2.8964673784445093e-32,EDN1,protein_coding,Down
ENSG00000187151,11.313344677677838,-2.520330999384739,0.20926357261792053,-12.043811389889783,2.0906819820955895e-33,2.945047215163499e-32,ANGPTL5,protein_coding,Down
ENSG00000137486,3345.521691125623,-1.3546321761777413,0.11247726373704194,-12.043608914106459,2.0958212203114177e-33,2.950710388660549e-32,ARRB1,protein_coding,Down
ENSG00000137441,57.77464349623858,-3.052197824978104,0.25353893886352763,-12.03837895141231,2.2330044547353314e-33,3.14049746513977e-32,FGFBP2,protein_coding,Down
ENSG00000126458,2621.9174451341855,-1.3252647493272258,0.11009342645369816,-12.037637414115643,2.25316383475163e-33,3.1671604649467207e-32,RRAS,protein_coding,Down
ENSG00000169554,2477.4715434920467,-1.437474152239655,0.11947471671959947,-12.03161800009392,2.423639360915974e-33,3.399540954646502e-32,ZEB2,protein_coding,Down
ENSG00000198624,2610.2256439164494,-1.499014126053823,0.12461800101674018,-12.028873146925678,2.505570992532533e-33,3.5107283248184323e-32,CCDC69,protein_coding,Down
ENSG00000182255,30.580610072413883,-3.880142512704039,0.32259034870031134,-12.028079973058086,2.5297548043717588e-33,3.5427315024579546e-32,KCNA4,protein_coding,Down
ENSG00000139304,68.014014548484,-3.617026335881166,0.3010732070748426,-12.01377688510829,3.0078715505373587e-33,4.2033689871579305e-32,PTPRQ,protein_coding,Down
ENSG00000117791,937.0580623643978,-1.4586990065346062,0.12151133544497217,-12.004633157827444,3.359502108898663e-33,4.6848265791463636e-32,MTARC2,protein_coding,Down
ENSG00000225101,30.106771841091863,-2.128033428325061,0.1773267365701722,-12.000634926718735,3.525811868223687e-33,4.9089577067084804e-32,OR52K3P,transcribed_unprocessed_pseudogene,Down
ENSG00000182132,22.925634405395012,-2.1423528961245633,0.17860271521218857,-11.99507461899079,3.770771819969976e-33,5.241710748160689e-32,KCNIP1,protein_coding,Down
ENSG00000150938,4331.169336873614,-1.367511672998101,0.11406704851582963,-11.988665357711302,4.074165804709569e-33,5.654513277378491e-32,CRIM1,protein_coding,Down
ENSG00000186522,2951.9351743867755,-1.0189136393669387,0.08504116587034481,-11.981416634390827,4.4465963281027966e-33,6.164918253000565e-32,SEPTIN10,protein_coding,Down
ENSG00000205086,28.291316964682085,-2.87413450699527,0.2399820431212135,-11.976456528222663,4.720733640406428e-33,6.527831468144599e-32,C2orf91,lncRNA,Down
ENSG00000121671,2494.942751405402,-1.164628242704177,0.09725035258858106,-11.975568331676417,4.7715654489957934e-33,6.59466356865928e-32,CRY2,protein_coding,Down
ENSG00000078549,43.93122627023558,-2.1565746846013765,0.18021143192020012,-11.966913872347094,5.296214076213617e-33,7.293011237062825e-32,ADCYAP1R1,protein_coding,Down
ENSG00000231322,131.09903545403668,-4.002764369279633,0.33450496054878726,-11.966233214337738,5.339828285100726e-33,7.349231308878191e-32,RPL13AP17,transcribed_processed_pseudogene,Down
ENSG00000184500,2486.094786400573,-1.5363474277016227,0.1284864928643047,-11.95726798554746,5.9486998936320855e-33,8.17442502319323e-32,PROS1,protein_coding,Down
ENSG00000197872,918.1504886519737,-1.4280008807082034,0.11945668689331194,-11.954130972873594,6.177642390372551e-33,8.480188955446338e-32,CYRIA,protein_coding,Down
ENSG00000155465,2012.1304991930326,-1.447889288627125,0.12131510157860036,-11.934946843275188,7.780858099770996e-33,1.0647702547533012e-31,SLC7A7,protein_coding,Down
ENSG00000160013,269.68822684422804,-1.342923651727802,0.1126993864297473,-11.915980151009355,9.771031535060632e-33,1.3343454250623972e-31,PTGIR,protein_coding,Down
ENSG00000235385,62.07165463880344,-3.3610020952105626,0.2823899774506367,-11.90198790181243,1.1556111527150814e-32,1.5732300514763397e-31,LINC02154,lncRNA,Down
ENSG00000136848,3403.3017620237824,-1.0696955806501878,0.08989414538873065,-11.899502198107413,1.1905520245077584e-32,1.6189908508915587e-31,DAB2IP,protein_coding,Down
ENSG00000271334,5.351696245023311,-2.1813926164070105,0.18335236722242781,-11.897269991397094,1.2228225932425095e-32,1.6604444790836755e-31,LINC02104,lncRNA,Down
ENSG00000164850,217.4558080607445,-2.192299536140149,0.18433923129615684,-11.892745351737043,1.2909231677139579e-32,1.7511133710193965e-31,GPER1,protein_coding,Down
ENSG00000136205,8244.137952186073,-1.114077281575277,0.09371085324963015,-11.888455210279222,1.3589683184516993e-32,1.8415207891866039e-31,TNS3,protein_coding,Down
ENSG00000159339,20.12734399255521,-2.559807495082104,0.2153467760646283,-11.886908835421215,1.384358614507827e-32,1.8749633623303237e-31,PADI4,protein_coding,Down
ENSG00000259417,120.46082922907402,-3.096158260863687,0.260698852689502,-11.87637854529141,1.5702396108188794e-32,2.1234471044766075e-31,CTXND1,protein_coding,Down
ENSG00000166313,1149.2724880727176,-1.3600277722001235,0.11468432157290528,-11.85888143686274,1.9354339423645764e-32,2.609273673831998e-31,APBB1,protein_coding,Down
ENSG00000226822,20.493086861126486,-2.090650203078081,0.1764657078060733,-11.847345464851438,2.2211578287858947e-32,2.9837968387714744e-31,LINC02785,lncRNA,Down
ENSG00000171243,294.7787795667913,-3.7064054173704393,0.3128535297295293,-11.847094774908667,2.227810918147368e-32,2.989688239773338e-31,SOSTDC1,protein_coding,Down
ENSG00000157927,183.7376634268589,-2.2199315523069423,0.187564241042185,-11.835579852385928,2.555711269121503e-32,3.4210206176007126e-31,RADIL,protein_coding,Down
ENSG00000127533,351.1544083497113,-1.870801103146555,0.15807253787441133,-11.835079820334807,2.570988045996052e-32,3.439723732770974e-31,F2RL3,protein_coding,Down
ENSG00000261888,83.9362362454962,-1.7660531278856946,0.14931018446637062,-11.828082151244448,2.794538688330848e-32,3.7293514783038693e-31,AC144831.1,lncRNA,Down
ENSG00000178997,7.935277521102246,-2.4488889599088215,0.20708946871135375,-11.825270377810188,2.889707952663333e-32,3.848565591501621e-31,EXD1,protein_coding,Down
ENSG00000185614,92.2867028042219,-1.472253417376932,0.12478975376548102,-11.79787100264463,4.003114506516327e-32,5.31799141243504e-31,INKA1,protein_coding,Down
ENSG00000144642,900.7534771469175,-1.6495694508031236,0.1398687688139593,-11.793693937473854,4.2067637044578927e-32,5.5829068387798e-31,RBMS3,protein_coding,Down
ENSG00000163412,1305.6564059308757,-1.136128462389107,0.09638164304768529,-11.787809654033415,4.511212147903302e-32,5.977922831166336e-31,EIF4E3,protein_coding,Down
ENSG00000164764,266.4293712930222,-2.338597426786733,0.19839284630116502,-11.787710446155337,4.5165283030681094e-32,5.981961393867707e-31,SBSPON,protein_coding,Down
ENSG00000288558,284.0810265759302,-1.004820962316901,0.08529292812248375,-11.780823855337006,4.901166853907333e-32,6.478384458021873e-31,DUS4L-BCAP29,protein_coding,Down
ENSG00000120896,3197.3263110904572,-1.1330570206305004,0.0964232745300767,-11.750866439171523,6.989844028575974e-32,9.193126535339075e-31,SORBS3,protein_coding,Down
ENSG00000124615,692.0097263942292,-1.359037046687319,0.11570752362452957,-11.745450979466025,7.452387383195125e-32,9.786825462891207e-31,MOCS1,protein_coding,Down
ENSG00000154127,791.8915567770908,-1.6686440697569467,0.1421542309961357,-11.73826524939878,8.113356562078609e-32,1.0602042246878737e-30,UBASH3B,protein_coding,Down
ENSG00000106004,301.1719833284853,-1.6055043083020464,0.1368927679463618,-11.72818938785083,9.139272038855716e-32,1.1919020952750999e-30,HOXA5,protein_coding,Down
ENSG00000267774,3.6870049845336257,-3.8774485542394768,0.3306717052021686,-11.725976227294234,9.381322327283242e-32,1.2222602261386318e-30,AC010776.2,lncRNA,Down
ENSG00000255197,280.26016293862943,-1.548060497115531,0.1320386807574163,-11.7242953976468,9.569395346537506e-32,1.2455328493987859e-30,AC090559.1,lncRNA,Down
ENSG00000103175,310.3402871564917,-1.892773958397867,0.1614500936518974,-11.723585385332001,9.649960996003874e-32,1.2553994645516634e-30,WFDC1,protein_coding,Down
ENSG00000205364,252.66739602550427,-2.7815441539524364,0.2374257235687815,-11.715428775545591,1.0625231693411906e-31,1.3781965556088144e-30,MT1M,protein_coding,Down
ENSG00000254951,8.467090257199366,-3.3608028007068045,0.2870198516488423,-11.709304361353432,1.14212818821678e-31,1.4785429711966858e-30,AC044810.2,lncRNA,Down
ENSG00000110876,2131.275996798782,-1.4471292383010759,0.1236275363251252,-11.705557526401757,1.1937202560844594e-31,1.5438157505123683e-30,SELPLG,protein_coding,Down
ENSG00000173482,2827.6156447741064,-1.4318359341701907,0.1223824917100738,-11.699679538820261,1.2793571706342584e-31,1.652137541117796e-30,PTPRM,protein_coding,Down
ENSG00000255363,4.137947044751268,-2.138774701084848,0.1829227784432709,-11.692227284575921,1.3967486357904592e-31,1.8010062515258934e-30,LINC02757,lncRNA,Down
ENSG00000145675,2528.464945511917,-1.1052979524121254,0.09463585001828531,-11.679484594881988,1.6227648478922606e-31,2.0833646075423036e-30,PIK3R1,protein_coding,Down
ENSG00000066336,2321.1171826806867,-1.565303160782708,0.13432215083498708,-11.65335092575804,2.2060994484299763e-31,2.819914806354749e-30,SPI1,protein_coding,Down
ENSG00000144677,2789.336227266379,-1.046195250367733,0.08979397776388624,-11.651062536941055,2.266154584739508e-31,2.895275988351784e-30,CTDSPL,protein_coding,Down
ENSG00000101347,6225.350539349161,-1.2109682680817655,0.10397693433614674,-11.646508678230784,2.3905337629137236e-31,3.0512282346580297e-30,SAMHD1,protein_coding,Down
ENSG00000129657,4446.005771911487,-1.0240238037159064,0.08798482514140206,-11.638641118740402,2.6215911942939903e-31,3.341293368464598e-30,SEC14L1,protein_coding,Down
ENSG00000103034,578.8717008699755,-2.0136927179061774,0.17312793433032744,-11.631240941534365,2.859106169809362e-31,3.6404939496800036e-30,NDRG4,protein_coding,Down
ENSG00000187513,481.256671571483,-1.4358329141344408,0.12352767674666523,-11.623572562439557,3.1277769289444404e-31,3.97491458391638e-30,GJA4,protein_coding,Down
ENSG00000268754,6.995228289820574,-1.985719743520182,0.1708513330207624,-11.62250073447698,3.167274060496156e-31,4.0231703745319674e-30,LINC01081,lncRNA,Down
ENSG00000010379,21.81752144403814,-2.6334493798366734,0.22658949225450817,-11.622116072702745,3.181569351797457e-31,4.0393829468896935e-30,SLC6A13,protein_coding,Down
ENSG00000076555,754.9259259257058,-1.3454997380905065,0.11580148752471113,-11.619019469014916,3.299007095306116e-31,4.180433306257678e-30,ACACB,protein_coding,Down
ENSG00000174749,687.1408040596257,-1.1481340967510945,0.09898352319522292,-11.599244598382864,4.157315811123221e-31,5.250403158013379e-30,FAM241A,protein_coding,Down
ENSG00000172037,9131.044647076942,-1.0146577214245291,0.08754075397044342,-11.590689769100118,4.594177817593205e-31,5.793805310852837e-30,LAMB2,protein_coding,Down
ENSG00000273033,445.79870930264246,-1.0570384535338824,0.09120965368511635,-11.589107192349429,4.679851134309501e-31,5.899028413563172e-30,LINC02035,lncRNA,Down
ENSG00000135929,3903.15645723805,-1.703130493694467,0.147000645651415,-11.585870838507251,4.860021195277421e-31,6.123208739582685e-30,CYP27A1,protein_coding,Down
ENSG00000272463,65.54509985189355,-1.7720408348221983,0.1529544531692957,-11.585415122636784,4.885938225537717e-31,6.152922206658529e-30,AL357054.4,lncRNA,Down
ENSG00000244280,99.02176938908133,-3.1801989364368857,0.27453242489028434,-11.584055827678052,4.964060476769189e-31,6.2430263278711155e-30,ECEL1P2,transcribed_unprocessed_pseudogene,Down
ENSG00000120903,8.397331622093233,-3.627209352079261,0.31317102056471646,-11.582199864912793,5.072733530069005e-31,6.372938694040955e-30,CHRNA2,protein_coding,Down
ENSG00000125740,8905.531960531245,-3.2567007841431788,0.2813222799110407,-11.57640548474514,5.427441910863673e-31,6.808831740698148e-30,FOSB,protein_coding,Down
ENSG00000283945,4.856182888337252,-2.3888311158670184,0.2063678138246193,-11.57559927391175,5.478707748550608e-31,6.869877476427939e-30,LINC00032,transcribed_unprocessed_pseudogene,Down
ENSG00000236581,7.089655899707939,-2.3397417331114903,0.20220619239084833,-11.571068647536558,5.7758737614798915e-31,7.235619529226828e-30,STARD13-AS,lncRNA,Down
ENSG00000285816,7.130484437781342,-1.871770971071981,0.16177677672544616,-11.57008446427754,5.8425126163919095e-31,7.315624771806964e-30,AP000944.5,protein_coding,Down
ENSG00000171488,1002.7768366407298,-1.1736808816582749,0.10147000399162727,-11.56677673684846,6.072121000337213e-31,7.592310610663457e-30,LRRC8C,protein_coding,Down
ENSG00000120907,32.714632503067044,-3.458926090352105,0.2991806818061329,-11.561328323308876,6.470012640066059e-31,8.082152217837138e-30,ADRA1A,protein_coding,Down
ENSG00000240184,755.2376240339696,-1.5713873351527055,0.13604823086519682,-11.55022248477242,7.362958476513802e-31,9.171526453739677e-30,PCDHGC3,protein_coding,Down
ENSG00000226851,8.63253117571289,-1.7628760341392318,0.15264054578963154,-11.549198969511147,7.451165483636885e-31,9.277017648890683e-30,AC004112.1,lncRNA,Down
ENSG00000283199,160.03977201140228,-2.703623627075926,0.23411259772571022,-11.548390190619008,7.521607668634404e-31,9.360301756578067e-30,C13orf46,protein_coding,Down
ENSG00000127528,1496.7719792753182,-1.7520711793817645,0.15174390609126084,-11.546237503126124,7.712338009446168e-31,9.584088280353227e-30,KLF2,protein_coding,Down
ENSG00000116690,604.9320739581773,-3.089677836852859,0.26778856213547875,-11.537751322215692,8.512140482464483e-31,1.0548174084708103e-29,PRG4,protein_coding,Down
ENSG00000113594,3845.1692019292846,-1.6761580957519842,0.14549310276188576,-11.520533028257615,1.0396584972495684e-30,1.282910368388915e-29,LIFR,protein_coding,Down
ENSG00000225194,44.045167577743314,-1.8484181223470948,0.16048779342459954,-11.517499760600295,1.076905930874617e-30,1.327009784914189e-29,LINC00092,lncRNA,Down
ENSG00000108823,252.4392322177659,-2.0023452526078467,0.17401896856648244,-11.506476961118569,1.2237622963372844e-30,1.5002608904888047e-29,SGCA,protein_coding,Down
ENSG00000140092,2921.6862079350676,-1.7831547956673206,0.15497397838915408,-11.506156157323735,1.228321627994264e-30,1.505150619433492e-29,FBLN5,protein_coding,Down
ENSG00000156675,6020.387733098151,-1.4710858849804782,0.1278995748926586,-11.501882521619843,1.2906923410338074e-30,1.578643647173539e-29,RAB11FIP1,protein_coding,Down
ENSG00000252061,6.663820387496626,-1.613794203596659,0.14035017650801704,-11.498341104718714,1.3447510721345804e-30,1.643238450981876e-29,RNU6-415P,snRNA,Down
ENSG00000113231,105.96483101407544,-1.4091105843571026,0.12255576174685512,-11.49770981202572,1.3546209080327605e-30,1.6545323457537702e-29,PDE8B,protein_coding,Down
ENSG00000266643,6.676749380840796,-2.4252233170186166,0.21102039514429113,-11.492838478291644,1.4332384637635707e-30,1.7481266553860017e-29,MIR3677,miRNA,Down
ENSG00000085514,629.0215856427313,-1.5095391122451258,0.13136851232151495,-11.490874681983442,1.4661979184372637e-30,1.7875006522973022e-29,PILRA,protein_coding,Down
ENSG00000047365,1532.9926435045356,-1.257973100670722,0.10951795965718722,-11.4864548664751,1.5431556908488903e-30,1.8795850146736829e-29,ARAP2,protein_coding,Down
ENSG00000178695,6587.301847123884,-1.3700562937313898,0.11941352825963515,-11.47320838517175,1.7986454510979542e-30,2.1817056368653657e-29,KCTD12,protein_coding,Down
ENSG00000131370,466.55790939860304,-1.393109191227838,0.12143792960164071,-11.471779828573561,1.8285908770593245e-30,2.2170088012898568e-29,SH3BP5,protein_coding,Down
ENSG00000245812,12.520173494568708,-1.5217929384723576,0.13275827266474186,-11.462885949980558,2.0264772425890098e-30,2.4490469700766355e-29,LINC02202,lncRNA,Down
ENSG00000139597,689.5106834878757,-1.2339816445027687,0.10786286534096558,-11.440282441988039,2.6302784875184944e-30,3.1613693580611986e-29,N4BP2L1,protein_coding,Down
ENSG00000111863,227.68980991747463,-2.1314695750675945,0.18646467589104748,-11.430956372203312,2.9286530912541345e-30,3.5119864491301285e-29,ADTRP,protein_coding,Down
ENSG00000143382,1237.6822247987775,-1.8167525876974175,0.1590455928189245,-11.4228414349451,3.215461415953846e-30,3.8471741170010397e-29,ADAMTSL4,protein_coding,Down
ENSG00000156313,497.7268732167061,-1.0826044205649323,0.0947957905315861,-11.420384961125535,3.307655584184459e-30,3.955686065983863e-29,RPGR,protein_coding,Down
ENSG00000143554,1872.7029424608877,-1.3061209941744838,0.11440043118260433,-11.41709852552629,3.4351142008915634e-30,4.100677296401563e-29,SLC27A3,protein_coding,Down
ENSG00000154258,166.79332143966178,-1.766100576563018,0.15489553351720362,-11.40188187780679,4.0917727155112615e-30,4.862552794413338e-29,ABCA9,protein_coding,Down
ENSG00000182667,1004.0855744833393,-2.106802645214818,0.18478212544871678,-11.401550015180048,4.107402284939972e-30,4.8767311235419666e-29,NTM,protein_coding,Down
ENSG00000180061,195.5302652006874,-1.8002477053970047,0.15800489960058606,-11.393619501343156,4.499044177774052e-30,5.334523155031554e-29,TMEM150B,protein_coding,Down
ENSG00000160179,2290.045725687758,-1.3899522617811595,0.12208136222657245,-11.385458324109525,4.9407785545264806e-30,5.839907238138202e-29,ABCG1,protein_coding,Down
ENSG00000161544,599.1274381769124,-1.2265478201543476,0.10774148114817722,-11.384174480277213,5.0140819247364026e-30,5.923895177208733e-29,CYGB,protein_coding,Down
ENSG00000184730,961.5922989384578,-1.5839101472137085,0.13913944139377776,-11.38361726443254,5.046232099393713e-30,5.956541650000547e-29,APOBR,protein_coding,Down
ENSG00000120833,1364.759432704048,-1.9740837006918381,0.17365962462150303,-11.367545593827119,6.066963474209793e-30,7.123144559880331e-29,SOCS2,protein_coding,Down
ENSG00000186074,540.9451868290166,-1.763833545786564,0.1551693438262434,-11.367152185432206,6.094363524282449e-30,7.15213022409115e-29,CD300LF,protein_coding,Down
ENSG00000114200,203.9403454523582,-2.451383663288732,0.2159023564618257,-11.354131114924481,7.073964654154638e-30,8.275973732478163e-29,BCHE,protein_coding,Down
ENSG00000198682,4599.394338273374,-1.4777847598809983,0.1302694694214467,-11.344060634039135,7.937401962273072e-30,9.269676250891979e-29,PAPSS2,protein_coding,Down
ENSG00000177453,98.09949193739263,-2.296479962268273,0.20251245581698873,-11.339944266655925,8.319742943731003e-30,9.694724764745317e-29,NIM1K,protein_coding,Down
ENSG00000136842,187.2204795725319,-1.7606915553043998,0.15538337047933176,-11.331274060235405,9.185873617836823e-30,1.0675693578772898e-28,TMOD1,protein_coding,Down
ENSG00000150510,133.67933163127518,-1.3807931730711551,0.12189696008943307,-11.327543952352036,9.585495261757051e-30,1.1130317483599007e-28,FAM124A,protein_coding,Down
ENSG00000274180,842.14640921823,-1.1803892131554554,0.10434984353123823,-11.31184459133466,1.1465345733435323e-29,1.3248955608706812e-28,NATD1,protein_coding,Down
ENSG00000138193,933.8211866098328,-1.4156715100814727,0.1251709292865222,-11.309906526625948,1.1721432994526279e-29,1.3538948228894347e-28,PLCE1,protein_coding,Down
ENSG00000117834,147.53180366414836,-2.532900893346122,0.22416187022503134,-11.299427912532122,1.32075581097914e-29,1.5235490260507403e-28,SLC5A9,protein_coding,Down
ENSG00000173714,14.343667334175088,-3.037407729795564,0.26903564099964017,-11.2899826896899,1.470656343419983e-29,1.6927633250102554e-28,WFIKKN2,protein_coding,Down
ENSG00000119686,753.5696594046442,-1.2815729498316297,0.11355984102528831,-11.285441563327304,1.548619589692668e-29,1.7793942736468697e-28,FLVCR2,protein_coding,Down
ENSG00000267107,443.0002015170672,-1.9998861154114145,0.17750304161856092,-11.266770964460436,1.9146336425508992e-29,2.188508415867673e-28,PCAT19,lncRNA,Down
ENSG00000128016,15097.141840533593,-1.7939916675607648,0.1592836642663509,-11.262872911819057,2.0012619386185765e-29,2.2855468740308297e-28,ZFP36,protein_coding,Down
ENSG00000185532,514.9176084091474,-1.4972315699293361,0.13303788913161368,-11.25417412815482,2.2088550731877624e-29,2.5193558944619937e-28,PRKG1,protein_coding,Down
ENSG00000172458,78.03955135706127,-1.5695937003529539,0.13959530876247456,-11.24388573131539,2.4821111954558964e-29,2.8224783192829666e-28,IL17D,protein_coding,Down
ENSG00000138738,274.1112344671767,-1.2542705631296196,0.11159344038668355,-11.23964418323724,2.6042989660696135e-29,2.9575953374356464e-28,PRDM5,protein_coding,Down
ENSG00000131196,823.886969629372,-1.156757499049725,0.10293274019662835,-11.237993828202928,2.653438047825861e-29,3.010807285764542e-28,NFATC1,protein_coding,Down
ENSG00000113389,1179.18515874986,-1.829136273635559,0.16280678031536505,-11.235012879024008,2.74453830976157e-29,3.1088262555160052e-28,NPR3,protein_coding,Down
ENSG00000198358,11.683368860623075,-3.8744826777213457,0.3448718980288426,-11.234556076811199,2.7587701471394523e-29,3.123605357667126e-28,AL354714.1,lncRNA,Down
ENSG00000213088,861.1788702259292,-2.3574395856060844,0.20991829391913092,-11.23027222446018,2.8958496281947775e-29,3.270387781391704e-28,ACKR1,protein_coding,Down
ENSG00000089225,470.6529592629886,-1.5097532530203848,0.13445592933791423,-11.228610448454656,2.9508258789388084e-29,3.331047877894537e-28,TBX5,protein_coding,Down
ENSG00000006740,1041.583843854948,-1.6426104620375914,0.14628865007618125,-11.228557110768238,2.9526074888066815e-29,3.3316328403864865e-28,ARHGAP44,protein_coding,Down
ENSG00000279526,6.256959504039212,-2.451477083517028,0.21835212522947578,-11.227172993808345,2.9992154735737375e-29,3.3827763917082745e-28,AC011239.2,TEC,Down
ENSG00000018625,146.55062881899735,-2.3074870254714765,0.20556171874099186,-11.225275988176158,3.0642822186294277e-29,3.454686708219667e-28,ATP1A2,protein_coding,Down
ENSG00000102145,11.541081663122903,-1.771280942583468,0.15808929387595008,-11.204306750673206,3.8838236614002253e-29,4.347047111677587e-28,GATA1,protein_coding,Down
ENSG00000196843,1344.6521519473272,-1.0711513993014665,0.09563502217437518,-11.200409378777506,4.058536635924582e-29,4.536821156817771e-28,ARID5A,protein_coding,Down
ENSG00000235505,211.74875372424657,-1.4753116854632293,0.13182331358519758,-11.191583987226458,4.483516578246314e-29,4.997055459355676e-28,CASP4LP,transcribed_unprocessed_pseudogene,Down
ENSG00000196549,1145.4400141085623,-2.4929968677830288,0.2229768065211619,-11.18052099982169,5.079092654837393e-29,5.639396770865771e-28,MME,protein_coding,Down
ENSG00000103313,82.88637110422663,-1.7310361911372356,0.1548960510362117,-11.175470126946959,5.37649227612353e-29,5.964581460722654e-28,MEFV,protein_coding,Down
ENSG00000166856,20.04914911705834,-1.63709022626583,0.14658356075123632,-11.168307127182558,5.828103699305328e-29,6.454728876551092e-28,GPR182,protein_coding,Down
ENSG00000185972,13.41330163649322,-2.0135400751594643,0.18034227878343628,-11.165102763159716,6.042128786047961e-29,6.688956174982566e-28,CCIN,protein_coding,Down
ENSG00000257038,24.628729552074827,-1.4088608493680985,0.1261865009267523,-11.164909392217021,6.055291014246818e-29,6.700714395538757e-28,AP002761.3,lncRNA,Down
ENSG00000185640,18.442989024144524,-3.1047468555018685,0.2781193457874756,-11.163361709740089,6.161667655891707e-29,6.81271178557083e-28,KRT79,protein_coding,Down
ENSG00000124126,2624.2825489179695,-1.2399786933484545,0.11109261078377171,-11.16166669052294,6.280299337998057e-29,6.940967876907325e-28,PREX1,protein_coding,Down
ENSG00000172201,1390.7207453918506,-1.975273721646673,0.17711840622255912,-11.15227809335994,6.979619881573393e-29,7.69129027484707e-28,ID4,protein_coding,Down
ENSG00000173868,44.40132623525398,-1.7220480655473451,0.15448807395021405,-11.146802607574092,7.422582936025715e-29,8.165770213725412e-28,PHOSPHO1,protein_coding,Down
ENSG00000257604,23.906311239917475,-3.043186401022184,0.2732496157582421,-11.13701987312087,8.284529545095315e-29,9.087481035946898e-28,AC027288.2,processed_pseudogene,Down
ENSG00000115756,4258.140979798228,-1.0708618480298595,0.09618698352093552,-11.133126425539498,8.654573589842348e-29,9.477620662962737e-28,HPCAL1,protein_coding,Down
ENSG00000147251,1336.3645170418818,-1.3464003380208065,0.12096557888539623,-11.130441820118078,8.919231513280911e-29,9.75529386168468e-28,DOCK11,protein_coding,Down
ENSG00000123146,5535.93403031958,-1.271705700645458,0.11434475183093736,-11.121679659821368,9.840174196179645e-29,1.0749187802537582e-27,ADGRE5,protein_coding,Down
ENSG00000261222,6.686022706596711,-1.8874814063397427,0.16978823003314653,-11.116679913391307,1.0407317327195065e-28,1.134991554665566e-27,AC064805.1,lncRNA,Down
ENSG00000109099,3490.972476086125,-1.1996857016248643,0.10798090045571695,-11.110165747477316,1.1195152277272073e-28,1.217888471747791e-27,PMP22,protein_coding,Down
ENSG00000253821,9.9645717635876,-2.998005699211514,0.2698686251461362,-11.109130220632608,1.1325727956374925e-28,1.2315853451942547e-27,AC090796.1,lncRNA,Down
ENSG00000171885,6862.562607787209,-2.9826680653811195,0.26867967317656477,-11.101204754782612,1.2376420832358464e-28,1.3430708532892702e-27,AQP4,protein_coding,Down
ENSG00000174640,3935.9982799314766,-1.7769330979313165,0.16039979879576266,-11.078150417095525,1.6014662022401983e-28,1.7286395314397884e-27,SLCO2A1,protein_coding,Down
ENSG00000262115,7.439633554460439,-1.716148690142041,0.15495354886339674,-11.075246115563031,1.65425002223031e-28,1.7834249013169775e-27,AC027601.2,lncRNA,Down
ENSG00000104918,163.07903737075162,-2.9238123188608722,0.26400856255391303,-11.074687466865027,1.6645992682560074e-28,1.793246560580384e-27,RETN,protein_coding,Down
ENSG00000164023,3542.9175861738972,-1.3899938210079197,0.12554005864454562,-11.072113841714469,1.713112630007586e-28,1.844621480330749e-27,SGMS2,protein_coding,Down
ENSG00000187479,1163.3324870325594,-1.8114636468802583,0.16364450589550258,-11.06950482063231,1.7637247560263525e-28,1.8975692295558918e-27,C11orf96,protein_coding,Down
ENSG00000197019,1375.8573260163769,-1.2429580676898493,0.11234142472641037,-11.064111664213584,1.8730958844381175e-28,2.0111375599606334e-27,SERTAD1,protein_coding,Down
ENSG00000169271,13.035905994423231,-2.532661123511559,0.22928453099121238,-11.045931064615198,2.2937733544929157e-28,2.4548215648530107e-27,HSPB3,protein_coding,Down
ENSG00000224738,30.88744847066333,-1.1692068326777332,0.1058737320400464,-11.043408125402479,2.3591185999853464e-28,2.5237305266374682e-27,AC099850.1,lncRNA,Down
ENSG00000144218,527.2280195154375,-2.3648295621137896,0.21437302005039044,-11.031376810187744,2.697041066555906e-28,2.8805578341465874e-27,AFF3,protein_coding,Down
ENSG00000107719,898.0971705627818,-1.2532101171015153,0.1136480883074428,-11.027111285068951,2.8280330172792103e-28,3.015577463228984e-27,PALD1,protein_coding,Down
ENSG00000286176,9.6051297173346,-1.715454551385891,0.15562727416398997,-11.022840055517875,2.965521528129282e-28,3.159628391788653e-27,AC116317.1,lncRNA,Down
ENSG00000136867,20.68832448061077,-1.4401052080131183,0.13065395212436506,-11.022285852037072,2.9838402280638624e-28,3.1778621491940245e-27,SLC31A2,protein_coding,Down
ENSG00000178722,4.656436245297306,-1.975423070643869,0.17931481348603256,-11.016507962950541,3.18163758622921e-28,3.381692186572522e-27,C5orf64,lncRNA,Down
ENSG00000162747,170.10131782118432,-2.412384753509883,0.219003716562373,-11.015268559713357,3.2257319454095846e-28,3.427177735715179e-27,FCGR3B,protein_coding,Down
ENSG00000214708,119.11350665375383,-1.984373931413388,0.18027680158797274,-11.007372628835105,3.5212294936294637e-28,3.730607543069866e-27,AC116407.1,lncRNA,Down
ENSG00000107968,1029.05653017371,-1.1753219591589643,0.10681561525027909,-11.003278466402818,3.6848651092711057e-28,3.9008387367113236e-27,MAP3K8,protein_coding,Down
ENSG00000008086,1051.0701707160224,-1.1334283400757323,0.10310952077836553,-10.99247025414891,4.153986261833838e-28,4.386888975753236e-27,CDKL5,protein_coding,Down
ENSG00000165424,1324.5696934346124,-1.051964170751038,0.09572288033136889,-10.989683627460842,4.284251888314407e-28,4.513612556725965e-27,ZCCHC24,protein_coding,Down
ENSG00000231246,47.947044506128776,-1.8855994071060815,0.17159011336320537,-10.988974656802206,4.318035476399691e-28,4.547387999706863e-27,LINC02884,lncRNA,Down
ENSG00000174944,206.91145154246766,-1.5011957979126598,0.13660986822640842,-10.988926476560788,4.320340907559787e-28,4.547999590113836e-27,P2RY14,protein_coding,Down
ENSG00000271815,5.608632669393744,-1.707852388703119,0.15553640587846698,-10.980402813458353,4.748019078454487e-28,4.984285951387134e-27,AC008897.3,lncRNA,Down
ENSG00000134954,5701.126948182444,-1.2186700764267027,0.11105937704105096,-10.973139854514445,5.145396583047316e-28,5.3914239425735195e-27,ETS1,protein_coding,Down
ENSG00000185739,44.33456105655083,-1.813524859437624,0.16527260594839166,-10.972930746937692,5.157313192450274e-28,5.4010464211641665e-27,SRL,protein_coding,Down
ENSG00000173638,1485.7879620172562,-1.005674065949149,0.091663775343171,-10.971335865057977,5.249107376321638e-28,5.494996487241032e-27,SLC19A1,protein_coding,Down
ENSG00000121797,439.3010516542844,-1.5434945034877747,0.14072478075906547,-10.968178420049469,5.435642228691888e-28,5.678997051133324e-27,CCRL2,protein_coding,Down
ENSG00000138593,4308.804875595565,-1.3958354027848427,0.12726675014465882,-10.967793246847702,5.4588427139820125e-28,5.700977519513096e-27,SECISBP2L,protein_coding,Down
ENSG00000260804,236.69580901348976,-1.2206206855148354,0.11131172480374427,-10.965787186093236,5.581272831700029e-28,5.8242249533806796e-27,LINC01963,lncRNA,Down
ENSG00000110446,2438.5645497292,-1.3544229912457246,0.1236086349819725,-10.95734931012917,6.126763716186332e-28,6.380835671241453e-27,SLC15A3,protein_coding,Down
ENSG00000188730,10.387703620382565,-2.6000715331930486,0.23753819039792032,-10.945909492858597,6.951650758955279e-28,7.225661431361873e-27,VWC2,protein_coding,Down
ENSG00000133116,262.7637473615193,-2.300849899101234,0.21031804148258823,-10.939859856443729,7.431469301383411e-28,7.715269506987422e-27,KL,protein_coding,Down
ENSG00000260633,12.470240884781454,-1.8724487774332332,0.17120173130664076,-10.937090198459941,7.661965657203389e-28,7.951437795374002e-27,AC010207.1,lncRNA,Down
ENSG00000183378,20.975622411162615,-3.030196408056819,0.2771487015494561,-10.933467813906004,7.974159765542268e-28,8.259174902488201e-27,OVCH2,protein_coding,Down
ENSG00000155846,302.80071613636653,-1.4470517619246361,0.13244667961835657,-10.925542007502925,8.701930846152485e-28,9.002350585054572e-27,PPARGC1B,protein_coding,Down
ENSG00000101265,1899.079938495301,-1.2662689186598353,0.11590951952719929,-10.924632625732634,8.78953589293432e-28,9.085851097478558e-27,RASSF2,protein_coding,Down
ENSG00000171872,8.257451707489919,-1.9714210908346086,0.18049592652947585,-10.922246993273092,9.023534449000218e-28,9.316781653098502e-27,KLF17,protein_coding,Down
ENSG00000204577,549.1718092264359,-1.3480443815461627,0.12362021653453271,-10.904724318854374,1.0942444992318083e-27,1.1258379806766596e-26,LILRB3,protein_coding,Down
ENSG00000115604,287.48636551922414,-1.5722403547751735,0.14421776462316263,-10.901849428074257,1.1293806000342515e-27,1.1615353519073016e-26,IL18R1,protein_coding,Down
ENSG00000248896,16.150529250922666,-1.432209811039288,0.13141767663380702,-10.898151966497739,1.1762194126798205e-27,1.2082939584093053e-26,AC105001.1,lncRNA,Down
ENSG00000110841,2422.5967201041544,-1.1563300525408367,0.10611221057258634,-10.897238369658185,1.1880864474181452e-27,1.2200093309352215e-26,PPFIBP1,protein_coding,Down
ENSG00000136404,123.02562097129125,-1.4125652740340244,0.12965846321342556,-10.894508842888703,1.2242531952840525e-27,1.2556809319191158e-26,TM6SF1,protein_coding,Down
ENSG00000153093,444.70937277544647,-1.5822550310514527,0.14545134010862623,-10.878243059636233,1.4635666713218876e-27,1.4947425686583338e-26,ACOXL,protein_coding,Down
ENSG00000273341,22.50596339502777,-1.5478823846911427,0.1423044495767048,-10.877259209360172,1.4794456234398373e-27,1.5103748002364888e-26,AC004921.1,lncRNA,Down
ENSG00000123360,222.2707789092921,-1.5635608347218837,0.14375294030771799,-10.876722461293108,1.488180434447007e-27,1.518704259147352e-26,PDE1B,protein_coding,Down
ENSG00000164188,85.84858405123218,-1.9793185777393403,0.182029077344611,-10.873639566892736,1.5393497705858458e-27,1.5697081767342907e-26,RANBP3L,protein_coding,Down
ENSG00000271614,67.91896436156208,-1.2485362860129188,0.11484895444285784,-10.871115823994007,1.5825342848231966e-27,1.6118744337886327e-26,ATP2B1-AS1,lncRNA,Down
ENSG00000123243,1166.2416469910302,-2.089969729185621,0.1922603082348176,-10.870521057487494,1.5928851977677616e-27,1.6215601863969084e-26,ITIH5,protein_coding,Down
ENSG00000140945,318.3970153599329,-1.857707330691435,0.1709199168072163,-10.868875701518022,1.6218709584266877e-27,1.6493921007987563e-26,CDH13,protein_coding,Down
ENSG00000118507,279.2653951662593,-1.132601861306596,0.10424304560238083,-10.865011231797013,1.6920235911557433e-27,1.719408944076183e-26,AKAP7,protein_coding,Down
ENSG00000138411,1244.8845218174451,-1.3396371924686508,0.12336908283105522,-10.858775648864832,1.8116176524225986e-27,1.8366919451896935e-26,HECW2,protein_coding,Down
ENSG00000065675,276.0996194392398,-1.6006962902399196,0.14743550035921613,-10.856925817323079,1.848682022388479e-27,1.8728292328230576e-26,PRKCQ,protein_coding,Down
ENSG00000182533,7.663709491057631,-3.1127934200403824,0.2867959070793259,-10.85368843558637,1.9153667311185976e-27,1.9381512164081897e-26,CAV3,protein_coding,Down
ENSG00000277351,12.061682612750339,-1.609595618203632,0.14830232533922696,-10.853475254159639,1.9198406970156478e-27,1.9419332251746312e-26,AC013553.3,lncRNA,Down
ENSG00000259504,6.972776961407636,-2.5179016401623167,0.23200596666759846,-10.852745195858631,1.935240844558799e-27,1.9567600103916995e-26,AC026992.1,lncRNA,Down
ENSG00000243701,226.83295996744872,-1.2861168325815469,0.1185212997063868,-10.851356134025261,1.9648813634799228e-27,1.9844473977390104e-26,DUBR,lncRNA,Down
ENSG00000224968,7.440269091534565,-2.608407964356238,0.24038646356157847,-10.850893705535364,1.974848445206295e-27,1.993750134000383e-26,LINC01645,lncRNA,Down
ENSG00000257950,20.51231202516481,-1.0021224798399246,0.09235789078484821,-10.850426220477614,1.984975479513065e-27,2.003207171632588e-26,P2RX5-TAX1BP3,protein_coding,Down
ENSG00000037280,1086.3414086264709,-1.3258252490206528,0.12219461571115832,-10.850111858894154,1.9918143740840893e-27,2.0093399022416767e-26,FLT4,protein_coding,Down
ENSG00000237413,33.71124163446117,-3.1045372231423385,0.2862205586137113,-10.846660485113093,2.0684525363060797e-27,2.0810794880729235e-26,MGC27382,lncRNA,Down
ENSG00000115380,6443.259140608614,-1.6125166185065696,0.14869429691383423,-10.84450884784771,2.1177022890569572e-27,2.1298172907106012e-26,EFEMP1,protein_coding,Down
ENSG00000010671,761.0727948805244,-1.4096742346554487,0.1300445343333206,-10.839934503070118,2.2263038537344633e-27,2.2356295743708225e-26,BTK,protein_coding,Down
ENSG00000204397,419.87069051386754,-1.3220699968550433,0.12199457215365338,-10.837121467911563,2.2958134030205792e-27,2.303675777688458e-26,CARD16,protein_coding,Down
ENSG00000278921,41.40962533978197,-1.2465765055646856,0.11504580208513285,-10.835480156348774,2.3373596518599745e-27,2.3417999247548454e-26,EPB41L4A-DT,lncRNA,Down
ENSG00000234232,4.521658389656927,-2.0777485619116174,0.19182591331115104,-10.831427965320865,2.4431521970433594e-27,2.4440790377857886e-26,AC243772.3,transcribed_unprocessed_pseudogene,Down
ENSG00000118523,10696.398588727236,-1.6127369667651572,0.14890744255029392,-10.83046581919806,2.4689610199848914e-27,2.4689610199848913e-26,CCN2,protein_coding,Down
ENSG00000185271,17.175327984434105,-1.7547867129385974,0.16209144970904124,-10.825905475510828,2.5950140477640726e-27,2.5930473830821747e-26,KLHL33,protein_coding,Down
ENSG00000161929,355.0701258048006,-1.5488660194059822,0.1430792615041217,-10.825230736610726,2.614198812779059e-27,2.610239405262544e-26,SCIMP,protein_coding,Down
ENSG00000273540,35.80385350802003,-3.111482131255639,0.2877240964851408,-10.814117306356119,2.9511994160866854e-27,2.934507111697055e-26,AGBL1,protein_coding,Down
ENSG00000187098,768.7967494761314,-1.2328461220181883,0.1141520574092666,-10.800034182459761,3.4407545022762955e-27,3.408440879978434e-26,MITF,protein_coding,Down
ENSG00000018408,4497.2110025369375,-1.0410185211713612,0.09639248670361229,-10.79978903721289,3.449953151574724e-27,3.4162697937298334e-26,WWTR1,protein_coding,Down
ENSG00000268355,15.562291005403823,-1.610656564406313,0.149153581522208,-10.798644913307003,3.493207943431586e-27,3.4578038088697796e-26,AC243960.3,lncRNA,Down
ENSG00000184557,8882.831001437822,-1.5130783305630446,0.14019331974528496,-10.792799067117699,3.722752095152427e-27,3.6798021083661286e-26,SOCS3,protein_coding,Down
ENSG00000141448,641.0501519814893,-1.7540406726334643,0.16255288322665384,-10.790584810407434,3.8135502596858156e-27,3.763597318409991e-26,GATA6,protein_coding,Down
ENSG00000140538,97.96212806095612,-1.9871888372818758,0.1841940754360907,-10.788560015174674,3.898499849897368e-27,3.844556508668422e-26,NTRK3,protein_coding,Down
ENSG00000270091,39.70864978485695,-1.2747870158882884,0.1182058075578863,-10.784470257639542,4.07584854757079e-27,4.014946813576456e-26,AC015726.1,lncRNA,Down
ENSG00000162817,1337.3059455194837,-1.579378595444439,0.14655444276820753,-10.77673638282263,4.433371416321706e-27,4.358985989873356e-26,C1orf115,protein_coding,Down
ENSG00000139174,230.53519312751754,-1.4789813572018253,0.13724398964666074,-10.776292360849553,4.454816488247713e-27,4.3768074066725853e-26,PRICKLE1,protein_coding,Down
ENSG00000160870,5.8876528353759765,-2.407148317004768,0.22341169547384293,-10.774495542408152,4.5426533987273275e-27,4.4581231903401425e-26,CYP3A7,protein_coding,Down
ENSG00000106178,170.8522378079326,-2.4800103291269595,0.23040404562757205,-10.763744717988498,5.105252918598762e-27,4.9953810561576753e-26,CCL24,protein_coding,Down
ENSG00000164047,39.39138510518772,-2.6375422751781756,0.24510949852473235,-10.760669378596273,5.2785342381758864e-27,5.163017353883462e-26,CAMP,protein_coding,Down
ENSG00000137872,367.10794175441447,-2.0963426124350732,0.19483063395414973,-10.759820311052387,5.327394210868102e-27,5.206945342497844e-26,SEMA6D,protein_coding,Down
ENSG00000101938,1295.4548387195237,-2.3231789964983065,0.2159700989208493,-10.756947411269772,5.4960661875715945e-27,5.367824643194925e-26,CHRDL1,protein_coding,Down
ENSG00000163710,479.5065826502084,-2.380488936086372,0.22148619264540348,-10.747798351012806,6.069301183015481e-27,5.916727253091247e-26,PCOLCE2,protein_coding,Down
ENSG00000111412,5022.716249788656,-1.053215744618235,0.0980052313755542,-10.746525770469662,6.1535955015705215e-27,5.992256771654899e-26,SPRING1,protein_coding,Down
ENSG00000120738,13495.097370716096,-1.8423455886459854,0.17151123615983657,-10.741836102965562,6.474377162672835e-27,6.302300693233025e-26,EGR1,protein_coding,Down
ENSG00000154065,1119.761674821816,-2.1593207496729248,0.2010567559479787,-10.739856711065338,6.61469691101782e-27,6.431768346000734e-26,ANKRD29,protein_coding,Down
ENSG00000142871,10485.99318921764,-1.616220418995123,0.15078633475630165,-10.718613338584237,8.324192824285882e-27,8.064252930801568e-26,CCN1,protein_coding,Down
ENSG00000249706,5.208436195647721,-2.108359563794646,0.19676003736355577,-10.71538505504045,8.619781917442079e-27,8.344480512589853e-26,AC105384.1,lncRNA,Down
ENSG00000111859,7943.487370044614,-1.597545232355495,0.14914601479012626,-10.711283399717464,9.010392615665577e-27,8.716216187641279e-26,NEDD9,protein_coding,Down
ENSG00000132688,2891.810526435938,-1.5613324344615773,0.1457898384988247,-10.709473654257213,9.188271658734942e-27,8.88177139445896e-26,NES,protein_coding,Down
ENSG00000234405,25.458631321406035,-1.5373272835969691,0.1435910297144566,-10.706290543734381,9.509625713325092e-27,9.185671430783247e-26,Z69733.1,lncRNA,Down
ENSG00000267505,6.241658460833294,-1.9560932673019598,0.18280915383500393,-10.700193213888236,1.0156621413685466e-26,9.799857544049972e-26,AC005180.2,lncRNA,Down
ENSG00000260310,11.328605419202155,-2.3898194402060478,0.22349014883968688,-10.693175751206395,1.0955421827252094e-26,1.0547443358329234e-25,AC027277.2,lncRNA,Down
ENSG00000071246,860.7045494608415,-1.1217021453497913,0.10490930568035517,-10.692112945323172,1.1081714546778612e-26,1.0665139145932555e-25,VASH1,protein_coding,Down
ENSG00000110203,51.05163523851379,-3.274008348878099,0.306342479047891,-10.687412203014352,1.1657836252838589e-26,1.1203248614699476e-25,FOLR3,protein_coding,Down
ENSG00000249249,45.11423028639961,-1.3224141988675475,0.12374903015369022,-10.686259094113094,1.1803637741189788e-26,1.1330976601207672e-25,AC010226.1,lncRNA,Down
ENSG00000253194,37.63758390850151,-1.9520832685146026,0.1827421415406424,-10.682173537297928,1.2334925471388181e-26,1.1832374851964582e-25,AL137009.1,lncRNA,Down
ENSG00000124171,970.836950498783,-1.134497518914898,0.10622091269662451,-10.68054764465369,1.2552892446741589e-26,1.2032707154510203e-25,PARD6B,protein_coding,Down
ENSG00000146250,45.115727190681945,-2.2083808769170674,0.20676813886906115,-10.68046986830769,1.2563414302641091e-26,1.2038416975314157e-25,PRSS35,protein_coding,Down
ENSG00000110031,1277.210121227573,-1.1078985683703404,0.10382087211513161,-10.671250836168493,1.3874589516699298e-26,1.326107015423561e-25,LPXN,protein_coding,Down
ENSG00000145335,98.4766172779399,-1.6125878632486117,0.15114922654940965,-10.668846279021267,1.4238326481590962e-26,1.3598865241562973e-25,SNCA,protein_coding,Down
ENSG00000101916,447.9304385520696,-1.829446738331934,0.17153343744395189,-10.665248511268835,1.480028638748886e-26,1.4104935021253387e-25,TLR8,protein_coding,Down
ENSG00000148082,544.5870205040727,-1.861942221237412,0.17465733552315235,-10.660544062809176,1.5568401807770596e-26,1.4815545134280427e-25,SHC3,protein_coding,Down
ENSG00000204136,416.95796464202897,-1.372608194204549,0.12891139883485192,-10.647686757033751,1.7875176527158263e-26,1.6934702558322374e-25,GGTA1,protein_coding,Down
ENSG00000280304,6.702748234600289,-2.0273535689149598,0.1904343412108667,-10.645945242985794,1.8212630716129022e-26,1.7244778168198286e-25,AC104260.2,TEC,Down
ENSG00000279348,69.81551888427944,-1.3025945859564034,0.12239902545108802,-10.642197363547917,1.8960430388010738e-26,1.7933520420797817e-25,AC012513.3,TEC,Down
ENSG00000163697,1752.9381389041073,-1.0357063083750262,0.0973551559354045,-10.638433048807617,1.9742140839500843e-26,1.8646140900345174e-25,APBB2,protein_coding,Down
ENSG00000250410,13.108506208580161,-2.1255119036551595,0.20006044068638107,-10.624348803605589,2.2960903193042677e-26,2.1593402895882146e-25,AC112722.1,lncRNA,Down
ENSG00000244476,18.75295289343872,-2.289806115495528,0.21570378434349852,-10.615512020174458,2.5240677677247586e-26,2.3678287810352856e-25,ERVFRD-1,protein_coding,Down
ENSG00000116678,1263.3221192676183,-1.858668325790891,0.17516708976489717,-10.610830654808087,2.65379186901798e-26,2.4851026841620787e-25,LEPR,protein_coding,Down
ENSG00000011465,21346.11511885733,-1.5248629727709764,0.14384993910872093,-10.600372737165317,2.9679494510300595e-26,2.7743646587615267e-25,DCN,protein_coding,Down
ENSG00000243244,408.2051978685352,-1.2457284585325856,0.11762366259141077,-10.590798068071317,3.2877674246189554e-26,3.066799681188605e-25,STON1,protein_coding,Down
ENSG00000166046,466.1736066740753,-1.0722913322187537,0.10125243836288876,-10.590276634876304,3.306133541876789e-26,3.081751201813041e-25,TCP11L2,protein_coding,Down
ENSG00000260871,5.765766588135956,-1.6851495218678219,0.15912438646321697,-10.590139948519829,3.3109647616382925e-26,3.0851639846078367e-25,AC093510.2,lncRNA,Down
ENSG00000166128,1769.7587301572453,-1.0269249854729834,0.09716169216347406,-10.569237346599392,4.1384633346631165e-26,3.8467140689131613e-25,RAB8B,protein_coding,Down
ENSG00000160883,919.3537747017313,-1.7676275695939485,0.1673724420274606,-10.5610430736497,4.5161527473926755e-26,4.188918323909421e-25,HK3,protein_coding,Down
ENSG00000154330,614.1045601308215,-1.8562696377777246,0.17577826100262348,-10.560291285109596,4.552469452819432e-26,4.221118828088903e-25,PGM5,protein_coding,Down
ENSG00000134532,145.01145352652117,-1.7127912215679018,0.16221569213553974,-10.558727081328078,4.62896191207524e-26,4.29053517122756e-25,SOX5,protein_coding,Down
ENSG00000144681,462.95193968163596,-2.0762993987822163,0.1966549383044078,-10.558084209247026,4.6607677090223506e-26,4.31849769806463e-25,STAC,protein_coding,Down
ENSG00000128567,4168.431990957978,-1.087316608596498,0.10299008040114101,-10.557488685914764,4.690424189019445e-26,4.3444498020527835e-25,PODXL,protein_coding,Down
ENSG00000106025,2299.9155285036823,-1.3042591026669013,0.12358101882626625,-10.553878864686059,4.874235415195807e-26,4.5067877944850425e-25,TSPAN12,protein_coding,Down
ENSG00000165795,2201.885836805326,-1.481824039652491,0.14043682772174246,-10.551534548961296,4.997413416456698e-26,4.617441898807398e-25,NDRG2,protein_coding,Down
ENSG00000255410,5.664918905464024,-1.7340522428625582,0.1644345573920126,-10.545546327762304,5.326239021580408e-26,4.914377991570167e-25,AC091564.5,lncRNA,Down
ENSG00000151276,1434.0189007269778,-1.104442752835221,0.10489532757410776,-10.528998558633992,6.350649103308513e-26,5.835073757987648e-25,MAGI1,protein_coding,Down
ENSG00000111339,88.57123981859617,-2.268561507404068,0.21576969701737614,-10.513809579207866,7.461713422533695e-26,6.832131352507415e-25,ART4,protein_coding,Down
ENSG00000158270,2459.2667511493605,-1.7287633057166103,0.1644680360509905,-10.511241863316448,7.667712023095006e-26,7.013443151197201e-25,COLEC12,protein_coding,Down
ENSG00000119508,941.2098287332406,-2.27572529336287,0.2165098593598516,-10.510954559258598,7.691109178452834e-26,7.032404612891859e-25,NR4A3,protein_coding,Down
ENSG00000253829,9.517414633391663,-1.8091502311667889,0.17218568022745973,-10.506972640099198,8.022765514075052e-26,7.328033481335612e-25,AC067817.2,lncRNA,Down
ENSG00000124191,406.9260229964748,-1.5340444754616307,0.1460042200484038,-10.50685024688368,8.033181177311708e-26,7.334468661200716e-25,TOX2,protein_coding,Down
ENSG00000155016,483.4739562276031,-1.011077155012846,0.09623525570878423,-10.506307148727783,8.079560755333478e-26,7.372249727271412e-25,CYP2U1,protein_coding,Down
ENSG00000272777,37.378300259268975,-1.09501170703169,0.10427202617853389,-10.501490640997215,8.502669775240105e-26,7.755634796716762e-25,AC019131.2,lncRNA,Down
ENSG00000230510,25.13841450180738,-1.0905230909558645,0.10384780747399397,-10.501166249744447,8.531942818407276e-26,7.779644955788377e-25,PPP5D1,transcribed_unprocessed_pseudogene,Down
ENSG00000105383,322.57802677278437,-1.4626504729296692,0.13931629332391698,-10.498775398286957,8.750796414149335e-26,7.973686988290186e-25,CD33,protein_coding,Down
ENSG00000115602,592.12118298221,-2.9268261174733485,0.27887015429837,-10.495300670798446,9.078820913900503e-26,8.258313470146818e-25,IL1RL1,protein_coding,Down
ENSG00000167972,16066.350128857872,-2.085329686658666,0.19872621194418646,-10.493480785737237,9.255456909404951e-26,8.413181616718669e-25,ABCA3,protein_coding,Down
ENSG00000224080,20.517470896175816,-1.1844991087197845,0.11299008172304209,-10.483213133903146,1.0317752210190431e-25,9.353012230413258e-25,UBE2FP1,processed_pseudogene,Down
ENSG00000118407,371.5975372745554,-1.8203072748034634,0.17377124851429965,-10.475307568810328,1.121723741855686e-25,1.015443016571728e-24,FILIP1,protein_coding,Down
ENSG00000164935,123.02386051479526,-2.1661500511464875,0.20691318102135076,-10.46888381133616,1.20050159852492e-25,1.0848946933893812e-24,DCSTAMP,protein_coding,Down
ENSG00000280255,17.415897887780016,-2.2288210068528254,0.21301479303730275,-10.463221709031814,1.2744705935849937e-25,1.1505576704154839e-24,AC004947.2,TEC,Down
ENSG00000150275,49.87148251187447,-3.0789589147204137,0.29444154797449845,-10.456944462834715,1.3617641158894568e-25,1.2247516963166773e-24,PCDH15,protein_coding,Down
ENSG00000087237,98.86264845659304,-1.177723449563638,0.11274848620866251,-10.445581037638384,1.5351243226612054e-25,1.376912530223673e-24,CETP,protein_coding,Down
ENSG00000122986,311.8227734653106,-1.096574663624488,0.10515810456086147,-10.42786638465733,1.849955941270592e-25,1.6542332374128692e-24,HVCN1,protein_coding,Down
ENSG00000100100,2835.4229353890837,-1.0324161296810574,0.09912009588936316,-10.415810441037404,2.1000125777832374e-25,1.8683310282099854e-24,PIK3IP1,protein_coding,Down
ENSG00000276170,51.385826564987525,-2.4730764511994194,0.23749684486029657,-10.413091814563533,2.1608740112899444e-25,1.921829601272035e-24,AC244153.1,lncRNA,Down
ENSG00000127084,818.7059942590092,-1.1715801080289967,0.1125556075892081,-10.40890039263871,2.2581482976869307e-25,2.0042871292495576e-24,FGD3,protein_coding,Down
ENSG00000259647,5.083947778463789,-1.6416572008072974,0.15790061234300887,-10.396775392112547,2.5646563541093585e-25,2.2709868387462653e-24,AC111152.2,lncRNA,Down
ENSG00000261026,9.604971456860435,-2.412991066481599,0.2322405931346421,-10.390048672854794,2.7521262818287586e-25,2.4337213297057132e-24,AC105046.1,lncRNA,Down
ENSG00000234362,20.22430963742518,-1.85974563792737,0.17900240610476764,-10.389500780446978,2.7679807525849964e-25,2.446920967001889e-24,LINC01914,lncRNA,Down
ENSG00000079335,377.0224076389485,-1.0983583676459514,0.1057273247868533,-10.388595094600626,2.794387467266352e-25,2.4694369139347756e-24,CDC14A,protein_coding,Down
ENSG00000116117,840.9232625230535,-1.1654614051528123,0.11226834267240135,-10.381033311889398,3.024832985364416e-25,2.6678663487290553e-24,PARD3B,protein_coding,Down
ENSG00000082175,156.58673911960187,-1.7953625748236868,0.17299888475503186,-10.377885252647369,3.1262335539121406e-25,2.751628131397301e-24,PGR,protein_coding,Down
ENSG00000198053,3126.0634952684345,-1.252334309845271,0.1207633255861087,-10.370154215008847,3.3897726822157836e-25,2.9756426641155197e-24,SIRPA,protein_coding,Down
ENSG00000232077,8.115796659955048,-1.8263121681113341,0.17640099396599918,-10.353185246015967,4.0478999176071165e-25,3.536882731189519e-24,LINC01031,lncRNA,Down
ENSG00000253541,6.913298280647948,-1.5077544269371044,0.14567410994752433,-10.350188015428667,4.176647837320693e-25,3.642136358139771e-24,SEPTIN10P1,processed_pseudogene,Down
ENSG00000007129,160.24349362992547,-1.6182166938955493,0.15645346391201306,-10.343118352468109,4.4966262620790655e-25,3.913400479571781e-24,CEACAM21,protein_coding,Down
ENSG00000139970,394.65607786218396,-1.6126973304428334,0.156060841425423,-10.333773134329121,4.957146050720788e-25,4.301413009460585e-24,RTN1,protein_coding,Down
ENSG00000066468,1485.8104078056722,-1.8037024173731437,0.17461364410363397,-10.329676278347632,5.173488391643277e-25,4.483236572054986e-24,FGFR2,protein_coding,Down
ENSG00000024422,8297.207146117484,-1.2509873606873365,0.12113055657422536,-10.327595249847358,5.28693801720792e-25,4.58004453067585e-24,EHD2,protein_coding,Down
ENSG00000204131,524.1755742140202,-1.3295874718161524,0.12878123635809402,-10.324388159460208,5.466620804104546e-25,4.732593256869234e-24,NHSL2,protein_coding,Down
ENSG00000225792,33.83049648432479,-1.7428561585182778,0.16883881909643328,-10.322603343505,5.569225430514804e-25,4.8135193248992255e-24,AC004540.2,lncRNA,Down
ENSG00000286289,89.88806830283707,-1.6975529177664974,0.16450410506840987,-10.31921311058202,5.769404400921618e-25,4.984901508922119e-24,AL133482.1,lncRNA,Down
ENSG00000130775,2498.478717391067,-1.1045022003799296,0.10703982928021304,-10.318609510190086,5.805784771337087e-25,5.0146919233592855e-24,THEMIS2,protein_coding,Down
ENSG00000233251,84.36754928036284,-1.8758604940944745,0.18185552518187928,-10.315114111701412,6.020974095943165e-25,5.1954544145949366e-24,AC007743.1,lncRNA,Down
ENSG00000173372,11328.782504945968,-1.5560190150411053,0.1509358960264227,-10.309138223611894,6.407327452294715e-25,5.521608657418681e-24,C1QA,protein_coding,Down
ENSG00000101955,519.3134851833006,-1.786492860998263,0.17331976509819805,-10.307496435770538,6.517707623010044e-25,5.614895459613683e-24,SRPX,protein_coding,Down
ENSG00000128284,1971.5374993981957,-1.3130628318065425,0.12747678438590226,-10.30040754582883,7.0163412552434135e-25,6.030668803806024e-24,APOL3,protein_coding,Down
ENSG00000250722,2718.8220966877084,-1.5492593244243258,0.1505872713198556,-10.288116059514847,7.972085644894663e-25,6.829886239631978e-24,SELENOP,protein_coding,Down
ENSG00000107798,8361.261635659708,-1.2681525033068324,0.1233441203012946,-10.28141836197053,8.54605576113602e-25,7.309746688976869e-24,LIPA,protein_coding,Down
ENSG00000052802,4213.382730680042,-1.0971691663932304,0.10671989787697742,-10.2808303626565,8.59835850879302e-25,7.352098374736444e-24,MSMO1,protein_coding,Down
ENSG00000267532,7.2985663410357455,-1.6402315805467822,0.1596849493756555,-10.271672984585239,9.455057909193728e-25,8.061101747993488e-24,MIR497HG,lncRNA,Down
ENSG00000130844,1346.6504066687469,-1.2068261414770378,0.11761800635169666,-10.260556005926802,1.0609408970812532e-24,9.030668643006019e-24,ZNF331,protein_coding,Down
ENSG00000164879,141.33474496895315,-2.1394148499325865,0.20872012392132686,-10.250160884050638,1.1814672096533162e-24,1.0027451019812664e-23,CA3,protein_coding,Down
ENSG00000159713,2928.9941302807297,-2.1979499178313593,0.21450480814984701,-10.246623079404044,1.2255047475021297e-24,1.0384498776231092e-23,TPPP3,protein_coding,Down
ENSG00000127603,15142.549435829951,-1.0299351492556512,0.10051698789997172,-10.246378953183306,1.2286028496376222e-24,1.040740672821847e-23,MACF1,protein_coding,Down
ENSG00000272908,33.25298692082473,-1.3894723714947734,0.13573884150560664,-10.236365332743626,1.362594756460627e-24,1.1501800168971425e-23,AC006033.2,lncRNA,Down
ENSG00000179855,256.31461439998486,-1.209534916354187,0.11822735092843681,-10.23058460547188,1.4464355617281423e-24,1.2201697300950451e-23,GIPC3,protein_coding,Down
ENSG00000255310,88.54068112973415,-1.7180438427343354,0.16817342656772397,-10.215905555343335,1.6830025441399007e-24,1.415654771577964e-23,AF131215.5,lncRNA,Down
ENSG00000224721,4.141544685449637,-2.8917588196576838,0.28328391822055665,-10.207987935997991,1.8261224882888794e-24,1.534082510868995e-23,AC007182.1,lncRNA,Down
ENSG00000095713,1943.8923439768232,-2.573448495087734,0.2521467371365562,-10.20615425887514,1.860951072975245e-24,1.56085495529126e-23,CRTAC1,protein_coding,Down
ENSG00000288022,10.792598096605193,-1.7721270513322172,0.1737487696677859,-10.19936460396577,1.995738511538002e-24,1.6712487948319185e-23,AC117488.1,lncRNA,Down
ENSG00000268798,12.88440226397041,-1.34383393759726,0.13178070738642256,-10.197501320559129,2.0343901258345966e-24,1.7014547294087634e-23,AC027307.3,lncRNA,Down
ENSG00000266283,6.9780212081423345,-2.1834706729987388,0.2142631666205161,-10.1906020873196,2.184073196915386e-24,1.824327215795335e-23,AC091588.3,lncRNA,Down
ENSG00000170776,8381.51121382531,-1.078492705391619,0.1058414303497754,-10.18970266962107,2.204373663507868e-24,1.8407008710165444e-23,AKAP13,protein_coding,Down
ENSG00000114113,35.706428161664135,-2.903463100568033,0.2849754948823947,-10.188465860077725,2.232594863531729e-24,1.8630862832699902e-23,RBP2,protein_coding,Down
ENSG00000261618,67.68133598388123,-2.0756997042799075,0.20386503352806154,-10.181734789719064,2.3925742027514504e-24,1.9940638978051753e-23,LINC02605,lncRNA,Down
ENSG00000163661,148.77883640405588,-2.1756867704275056,0.21390443962886832,-10.171302541463835,2.6632310146928503e-24,2.2133438971777643e-23,PTX3,protein_coding,Down
ENSG00000237887,4.817771841756374,-2.37625012012366,0.2336599258852634,-10.169694743849643,2.7075585431380595e-24,2.2494744417942855e-23,RPL23AP32,processed_pseudogene,Down
ENSG00000213876,18.683493844434363,-1.5641385071303302,0.15380790990176899,-10.169428270166883,2.714975588422322e-24,2.2549261816282406e-23,RPL7AP64,processed_pseudogene,Down
ENSG00000273837,30.990919734257247,-1.6908808955140717,0.16629474463168792,-10.167975538006688,2.755766394251968e-24,2.2880843770914485e-23,AC018755.4,lncRNA,Down
ENSG00000168546,72.62177929947772,-1.7117434775910263,0.16842884649591308,-10.1630065941974,2.8999314919734426e-24,2.4032430371885505e-23,GFRA2,protein_coding,Down
ENSG00000268926,8.026429965200826,-2.7086041521490087,0.26668732166299813,-10.156478887930643,3.1007299479601895e-24,2.5648133227010728e-23,AL354861.3,lncRNA,Down
ENSG00000161921,7199.543974500334,-1.0550655088285825,0.1038857570717013,-10.156016941767897,3.115450711869697e-24,2.5761817269364662e-23,CXCL16,protein_coding,Down
ENSG00000011600,4398.306941954292,-1.4717234934134535,0.14504087451832678,-10.146956837518877,3.4185733555206694e-24,2.820643910672092e-23,TYROBP,protein_coding,Down
ENSG00000144230,35.744410316488626,-2.1250432287746093,0.20945475969520086,-10.145595315508599,3.4665830444044964e-24,2.858467632299767e-23,GPR17,protein_coding,Down
ENSG00000161955,670.1272860296159,-1.0774524194964088,0.10620278538511257,-10.145236921888165,3.479331293238128e-24,2.868082719683946e-23,TNFSF13,protein_coding,Down
ENSG00000127920,2197.7653811201826,-1.717768199180659,0.16934331211321405,-10.143702622470554,3.534434133777343e-24,2.9098666284017653e-23,GNG11,protein_coding,Down
ENSG00000233237,243.5753615462979,-2.021450361947962,0.19930807422520294,-10.142340543935402,3.584075635089552e-24,2.9488946801033224e-23,LINC00472,lncRNA,Down
ENSG00000066405,9411.743446450004,-3.5948722548641636,0.3546796759661131,-10.135546236395077,3.842200973484557e-24,3.152421893926191e-23,CLDN18,protein_coding,Down
ENSG00000186517,2078.7851692405156,-1.1517025409069943,0.11366839633585255,-10.13212623765795,3.979014951974777e-24,3.2606160436163726e-23,ARHGAP30,protein_coding,Down
ENSG00000100191,20.591675630181705,-1.8512956887084995,0.18279120124243947,-10.127925611983317,4.153675865044127e-24,3.3974079578540204e-23,SLC5A4,protein_coding,Down
ENSG00000026025,21538.5241378004,-1.1547281328829957,0.11416562092059135,-10.11449965034723,4.764451900379143e-24,3.8827358994592937e-23,VIM,protein_coding,Down
ENSG00000109762,1862.8643166293627,-1.247140776598378,0.12336530184603126,-10.109331861846366,5.0225625210304e-24,4.087807829616409e-23,SNX25,protein_coding,Down
ENSG00000149201,67.55372207484137,-2.003421523965263,0.19819851736753774,-10.108155956838639,5.0832018131139756e-24,4.134609247742613e-23,CCDC81,protein_coding,Down
ENSG00000177432,191.4341681273184,-1.0292296455556365,0.10191569984998303,-10.098833124539524,5.590339440556413e-24,4.5359154168453114e-23,NAP1L5,protein_coding,Down
ENSG00000172987,68.25312275539805,-2.4076872165400753,0.23850748206424174,-10.094807910015868,5.824499513692725e-24,4.720099943948284e-23,HPSE2,protein_coding,Down
ENSG00000255389,39.23737628456649,-1.1815620252112644,0.1170740256522301,-10.092435265881345,5.96704785269616e-24,4.82968237801098e-23,Z97989.1,lncRNA,Down
ENSG00000133392,4960.080183813766,-1.854483066504907,0.18383962542917617,-10.087504596332757,6.274426749298135e-24,5.073800471603552e-23,MYH11,protein_coding,Down
ENSG00000151490,394.07516665534655,-1.4792318068612818,0.14672079827990805,-10.081950372429564,6.639491523591476e-24,5.362431591948154e-23,PTPRO,protein_coding,Down
ENSG00000163563,1029.6928268396305,-1.4816359219015305,0.14697727651434456,-10.080714223582222,6.723559659640489e-24,5.425344804917983e-23,MNDA,protein_coding,Down
ENSG00000109205,31.243486946070895,-3.1458790813280797,0.3120857930518621,-10.080173950133323,6.760632911225634e-24,5.451923237584708e-23,ODAM,protein_coding,Down
ENSG00000166928,134.59756968694097,-1.6146357408829721,0.1602028857687276,-10.078693234114995,6.86327982392084e-24,5.529626915881226e-23,MS4A14,protein_coding,Down
ENSG00000176014,2614.9309194780562,-1.3157562192369163,0.1305968569250414,-10.074945524853788,7.130029347537006e-24,5.742787840395567e-23,TUBB6,protein_coding,Down
ENSG00000038295,161.7467740861487,-1.620673355714703,0.160862711206751,-10.074885245665856,7.134402667805486e-24,5.744555674810097e-23,TLL1,protein_coding,Down
ENSG00000147257,2045.2732053763814,-2.1463461066368974,0.2131602522016135,-10.06916666905994,7.5616034966365e-24,6.082961690247241e-23,GPC3,protein_coding,Down
ENSG00000109667,231.87620114809093,-1.1233440363843537,0.11159359884931885,-10.066384165109397,7.778535412901595e-24,6.253657891408995e-23,SLC2A9,protein_coding,Down
ENSG00000183154,8.260131853109026,-1.237269874911524,0.12312990020082856,-10.04849246928244,9.328349509988542e-24,7.46098200116463e-23,AC138356.1,lncRNA,Down
ENSG00000154479,86.38636970271727,-2.0886089599510376,0.2078637195529892,-10.047972606487509,9.377681515976424e-24,7.495891530048448e-23,CCDC173,protein_coding,Down
ENSG00000129244,126.02841334402744,-1.5530295027341194,0.15458127885480902,-10.04668556399257,9.500928932419045e-24,7.592105937814855e-23,ATP1B2,protein_coding,Down
ENSG00000241218,4.04483217764033,-1.738910340881252,0.17315559825408217,-10.042472541544045,9.91569758185833e-24,7.911556588006177e-23,CSP2,processed_pseudogene,Down
ENSG00000137491,4801.52776303587,-1.4586250542539183,0.1452556105685347,-10.041781164560993,9.985455222572375e-24,7.964805027805007e-23,SLCO2B1,protein_coding,Down
ENSG00000185565,679.3961351371236,-1.5113286769617142,0.1506412205602953,-10.032636959130276,1.095510590557297e-23,8.711886089564511e-23,LSAMP,protein_coding,Down
ENSG00000050555,1019.8804237648648,-1.642606651833277,0.1637307097506799,-10.03236750353399,1.0985050505468467e-23,8.733065475707069e-23,LAMC3,protein_coding,Down
ENSG00000134245,198.73409265263783,-1.2940184011218467,0.12898944872561421,-10.0319709395338,1.1029268156293679e-23,8.7655756866023e-23,WNT2B,protein_coding,Down
ENSG00000162267,86.89906045204583,-1.4700223204955647,0.1465729457785699,-10.029288233835123,1.1333059674847219e-23,8.998879362412561e-23,ITIH3,protein_coding,Down
ENSG00000008441,4356.341289921896,-1.4478315079138249,0.14443629626352228,-10.024014360436617,1.1954638785210065e-23,9.483869577797516e-23,NFIX,protein_coding,Down
ENSG00000164161,1134.095174762162,-2.9523028767062263,0.2946894957397389,-10.018351245589065,1.265971465665653e-23,1.0022115745903113e-22,HHIP,protein_coding,Down
ENSG00000241399,407.1320438051815,-1.4681639738800922,0.14659289334939118,-10.015246580752406,1.3063573858759954e-23,1.0332526774310137e-22,CD302,protein_coding,Down
ENSG00000173369,13799.275110950597,-1.5814899921295589,0.15792403362216298,-10.014245177610594,1.319653935584596e-23,1.0431437134701978e-22,C1QB,protein_coding,Down
ENSG00000196628,2931.8759108150925,-1.1934967195825095,0.11920706378518102,-10.011963063978063,1.3504584824511357e-23,1.066215274917259e-22,TCF4,protein_coding,Down
ENSG00000270076,7.433560157228415,-2.2371051117183534,0.22346710162931924,-10.010892410593835,1.3651548000326412e-23,1.0771733116954145e-22,AF131215.7,lncRNA,Down
ENSG00000244405,2551.8806252838003,-1.1856808766551274,0.11849767820442182,-10.005941843094128,1.4351945246748333e-23,1.1304085906713068e-22,ETV5,protein_coding,Down
ENSG00000272143,61.84736341784411,-1.5738455738416957,0.1573312144941056,-10.003390483588111,1.472668492461892e-23,1.1585402191593105e-22,FGF14-AS2,lncRNA,Down
ENSG00000241717,19.976527513224212,-2.1769281553320887,0.21778622252824711,-9.995711069600551,1.5914094615883613e-23,1.249716125732135e-22,VWFP1,transcribed_unprocessed_pseudogene,Down
ENSG00000137962,2982.499316897903,-1.2246061673821447,0.12260724480949349,-9.98804083139566,1.719464892789596e-23,1.3474677332202568e-22,ARHGAP29,protein_coding,Down
ENSG00000273650,5.107415076056025,-2.193159792455962,0.21983624429159906,-9.976333973149906,1.934837847342318e-23,1.510857981475183e-22,AC100793.4,lncRNA,Down
ENSG00000124003,3.8309960820700137,-2.6409885336622216,0.2647928766601076,-9.973789956035098,1.9850625064350028e-23,1.5477852836987293e-22,MOGAT1,protein_coding,Down
ENSG00000141506,787.6703900981115,-1.2422306271306522,0.12469746827641144,-9.96195547753266,2.2362032788126238e-23,1.7384634570250263e-22,PIK3R5,protein_coding,Down
ENSG00000164236,233.84277795630948,-1.751909049233129,0.17593415570776644,-9.957754036931401,2.332729248192055e-23,1.8119019226752427e-22,ANKRD33B,protein_coding,Down
ENSG00000123338,2609.809508119849,-1.2993433830966445,0.13049714670691073,-9.956871976786564,2.3535121948001725e-23,1.826968400850178e-22,NCKAP1L,protein_coding,Down
ENSG00000273771,12.983563882863042,-1.7697473662284,0.17797507455889258,-9.94379336890113,2.684070137164537e-23,2.0780660457142937e-22,AC024337.2,lncRNA,Down
ENSG00000185862,1174.6456769082547,-1.2496652040961354,0.12567930170711988,-9.943285705138035,2.6977885871470417e-23,2.0880741133861899e-22,EVI2B,protein_coding,Down
ENSG00000126895,44.81875957053049,-1.9479169382644352,0.19596030211546533,-9.940365049634734,2.778071974889209e-23,2.1472714275340792e-22,AVPR2,protein_coding,Down
ENSG00000162104,2331.0558364383196,-1.1602217475666468,0.11671833734251547,-9.940355337327341,2.7783428558006365e-23,2.1472714275340792e-22,ADCY9,protein_coding,Down
ENSG00000168743,4495.92042879399,-1.7875880581103403,0.17984919961460558,-9.93937177335745,2.805910792367696e-23,2.1679422090458875e-22,NPNT,protein_coding,Down
ENSG00000132205,1663.8661755244004,-1.1581397715125865,0.11654782542916972,-9.937034579992481,2.8725103303791944e-23,2.2187491919185517e-22,EMILIN2,protein_coding,Down
ENSG00000025423,1557.1595909505818,-2.252778408807203,0.22673143870562548,-9.935889004489031,2.905723344472155e-23,2.241776611870414e-22,HSD17B6,protein_coding,Down
ENSG00000172322,279.28946738046125,-1.8531353701248998,0.1867452257582254,-9.923334653406936,3.295579719991794e-23,2.532918601462652e-22,CLEC12A,protein_coding,Down
ENSG00000146151,65.32085626249219,-1.8555589790648195,0.18701248929989703,-9.922112614036207,3.3361879507258387e-23,2.563382175426584e-22,HMGCLL1,protein_coding,Down
ENSG00000100490,287.38398749820453,-1.0478033483899132,0.10561722811210769,-9.920761670413462,3.3816564171491165e-23,2.5975613084830237e-22,CDKL1,protein_coding,Down
ENSG00000235501,306.68124490589815,-1.129274891395562,0.11388339958534416,-9.916062354191348,3.544652142316826e-23,2.71643350749476e-22,AC105942.1,lncRNA,Down
ENSG00000147231,139.48075371108376,-1.7135211014165457,0.17290545804606755,-9.910162008651044,3.7603591918270716e-23,2.875055723064073e-22,RADX,protein_coding,Down
ENSG00000214491,415.0376015709322,-2.076909645700438,0.20960242616480865,-9.908805368824222,3.8117649749471174e-23,2.9126700199755284e-22,SEC14L6,protein_coding,Down
ENSG00000125848,2643.3608441303995,-1.807943378006981,0.18246080109333937,-9.90866732565814,3.817034546282836e-23,2.915851708733441e-22,FLRT3,protein_coding,Down
ENSG00000164687,528.2028111778347,-1.7352658682804583,0.17545938915954834,-9.889843322676509,4.6074844175611356e-23,3.5074874160244557e-22,FABP5,protein_coding,Down
ENSG00000128872,611.3789822768625,-1.0659640260055059,0.10790003464170791,-9.87918149929366,5.124979707613598e-23,3.889085320568938e-22,TMOD2,protein_coding,Down
ENSG00000274370,31.870143060954017,-1.4908697566608904,0.151010597296519,-9.872616778897125,5.471817472357668e-23,4.1486993451095376e-22,AC130371.2,lncRNA,Down
ENSG00000163072,753.2122686575271,-1.5016216320076694,0.15210010109937547,-9.872587994051209,5.473388328265485e-23,4.1486993451095376e-22,NOSTRIN,protein_coding,Down
ENSG00000163406,1467.751975711627,-1.6233502788089431,0.16444764206830076,-9.871532716381,5.531286531980976e-23,4.1901759795558267e-22,SLC15A2,protein_coding,Down
ENSG00000137831,2123.1080683418413,-1.0467966802293718,0.10606326804359897,-9.869549557902266,5.641738548049262e-23,4.272620491443396e-22,UACA,protein_coding,Down
ENSG00000122367,85.59595583472964,-1.5950467207775065,0.16172313044928843,-9.862823681103958,6.032849178903684e-23,4.564884730206317e-22,LDB3,protein_coding,Down
ENSG00000225683,11.866462335252846,-3.7255022041814714,0.3778346269415298,-9.860139697460804,6.19631211051491e-23,4.684539861074489e-22,PACRG-AS3,lncRNA,Down
ENSG00000259863,32.08859241608802,-1.3214341455466856,0.13401936671483253,-9.860023800578341,6.203468498368038e-23,4.688606027571372e-22,SH3RF3-AS1,lncRNA,Down
ENSG00000085563,226.43183918775313,-1.6187456903008244,0.16420229520182913,-9.858240338913316,6.314630897014293e-23,4.769888764086706e-22,ABCB1,protein_coding,Down
ENSG00000182771,81.30444421587173,-1.4465516970722998,0.14677279585394082,-9.85572080068447,6.475041033137633e-23,4.888257430399066e-22,GRID1,protein_coding,Down
ENSG00000205221,11.430758072994523,-2.393876833162757,0.24304568574712446,-9.849493216898544,6.889045605889954e-23,5.193371430169185e-22,VIT,protein_coding,Down
ENSG00000165175,3830.405764808765,-1.0437477926596868,0.10599463233116788,-9.847175934330508,7.049696796809726e-23,5.309925864949227e-22,MID1IP1,protein_coding,Down
ENSG00000196196,89.45269093399978,-1.720028097777377,0.1751438542746844,-9.82065916557823,9.174167954880237e-23,6.85722247647936e-22,HRCT1,protein_coding,Down
ENSG00000149534,276.2356878831188,-1.9628818510980057,0.19987748846608233,-9.82042483203951,9.19551970331114e-23,6.871234190317788e-22,MS4A2,protein_coding,Down
ENSG00000188783,4485.363194079213,-1.5672377169873113,0.15962271543346618,-9.81838776975678,9.383215199003719e-23,7.007515853801418e-22,PRELP,protein_coding,Down
ENSG00000048740,4003.854967544055,-1.2189746208641,0.1242068549766116,-9.814068805571441,9.793801690231452e-23,7.307938612659971e-22,CELF2,protein_coding,Down
ENSG00000176697,113.51825812575989,-2.380943518516918,0.24260753359579226,-9.813971904449604,9.803214804729763e-23,7.312893193796996e-22,BDNF,protein_coding,Down
ENSG00000244513,48.634923743040794,-1.1380799327956908,0.11600414221978171,-9.81068357575958,1.0128011785891843e-22,7.546642294263009e-22,AC109587.1,lncRNA,Down
ENSG00000137460,1293.5204658314908,-1.1550417666756556,0.11775660983448998,-9.808721296401936,1.0326882882228421e-22,7.690480135678155e-22,FHDC1,protein_coding,Down
ENSG00000033327,2288.660313855261,-1.0300791054234413,0.1050583139455342,-9.804831876109008,1.0732557899769645e-22,7.983569867896349e-22,GAB2,protein_coding,Down
ENSG00000179388,486.4661835695893,-1.745532334903078,0.17820702978586964,-9.794969014412496,1.1833369440180342e-22,8.772728482922564e-22,EGR3,protein_coding,Down
ENSG00000065534,4677.581552513561,-1.2718598267849406,0.12996479246276843,-9.786187494965576,1.2907115408942074e-22,9.552641968391874e-22,MYLK,protein_coding,Down
ENSG00000086544,3318.011095723873,-1.1712524279587448,0.11979895789740362,-9.776816497534234,1.41594203357885e-22,1.045307710679571e-21,ITPKC,protein_coding,Down
ENSG00000274624,6.3270140554353365,-2.026709969640546,0.2076227587898421,-9.761501973355449,1.6469769745157076e-22,1.2114583770705498e-21,AC007671.1,lncRNA,Down
ENSG00000275120,6.97670208779937,-1.1217764856994081,0.11492961800246618,-9.760551763735409,1.6624823816385984e-22,1.2215007078241805e-21,AC048382.5,lncRNA,Down
ENSG00000239474,18.44758329037651,-1.5520987459943894,0.1590228386410624,-9.760225381825194,1.667841510769111e-22,1.225096953732074e-21,KLHL41,protein_coding,Down
ENSG00000171444,704.7733197256728,-1.2732582350604256,0.13049053859922763,-9.75747551300215,1.7136780955424882e-22,1.2559669644095444e-21,MCC,protein_coding,Down
ENSG00000162772,3294.5319938056095,-1.7533903216965083,0.17974043046296054,-9.755124749508337,1.7538491388552407e-22,1.2850514529483939e-21,ATF3,protein_coding,Down
ENSG00000106852,174.95748093907127,-1.416523539315613,0.14527480155642,-9.750648592457251,1.832934274140163e-22,1.3407621861047463e-21,LHX6,protein_coding,Down
ENSG00000186480,2753.1002158579963,-1.0361509453530275,0.10630965772827568,-9.746536368326936,1.9086952483556916e-22,1.3942463628570523e-21,INSIG1,protein_coding,Down
ENSG00000153071,3428.189774691956,-1.1044195102580385,0.11344438792547776,-9.7353384372221,2.1310712092247427e-22,1.5510998561207967e-21,DAB2,protein_coding,Down
ENSG00000127472,110.788682367164,-1.2763954436561868,0.13117710353550244,-9.73032190263857,2.2388333918332745e-22,1.6268403566449008e-21,PLA2G5,protein_coding,Down
ENSG00000187824,227.90797559085038,-1.3221701896689475,0.13588564782093632,-9.730020873221585,2.245468773169157e-22,1.6312124393518092e-21,TMEM220,protein_coding,Down
ENSG00000231187,7.962971585191443,-1.912179171407189,0.19657724755224731,-9.727367715325041,2.304798614976717e-22,1.6729297956767416e-21,AL356056.2,lncRNA,Down
ENSG00000268849,8.033274077871432,-1.6104573455106752,0.16570579073573594,-9.718775296627975,2.5077951547327787e-22,1.8157758986903727e-21,SIGLEC22P,transcribed_unprocessed_pseudogene,Down
ENSG00000140505,23.495939432229502,-3.822052686805819,0.39341913126049954,-9.714963973816198,2.6034107372529687e-22,1.8839720401032047e-21,CYP1A2,protein_coding,Down
ENSG00000026652,495.80359318093423,-1.1667963534224093,0.12012540647075032,-9.71315217739984,2.650120358369929e-22,1.914621201375754e-21,AGPAT4,protein_coding,Down
ENSG00000188001,236.9657329356104,-1.5153525364139313,0.15601546947178277,-9.712835153747369,2.658378331849371e-22,1.920061260226456e-21,TPRG1,protein_coding,Down
ENSG00000251600,22.19104994804796,-1.7844705118943482,0.18372707727237242,-9.712615790697523,2.664107301346369e-22,1.9236722217005407e-21,AC107223.1,lncRNA,Down
ENSG00000150636,377.78791676550895,-1.0934402011754214,0.11261344540312722,-9.709677181629477,2.742041712547562e-22,1.9783212027326733e-21,CCDC102B,protein_coding,Down
ENSG00000179270,22.456560353843827,-2.9700383169066757,0.30610516116593456,-9.702673112710658,2.93701147276659e-22,2.115514682787626e-21,PCARE,protein_coding,Down
ENSG00000185482,235.55605694725304,-1.037059875830966,0.10689419740134706,-9.701741544839898,2.9639561104763907e-22,2.1337571016451656e-21,STAC3,protein_coding,Down
ENSG00000276261,7.20454244598995,-1.3214601257403116,0.13635078949136595,-9.691620640186976,3.2729336675001924e-22,2.351696479890465e-21,AC009509.4,lncRNA,Down
ENSG00000261671,6.66586022862456,-1.6116628114370066,0.1664327909504182,-9.683565373347221,3.541454559799229e-22,2.5411743331130792e-21,AL158211.1,lncRNA,Down
ENSG00000167995,176.23193150985554,-1.026731706718956,0.10606619081661883,-9.680103516624865,3.6634486938084263e-22,2.6260783671279794e-21,BEST1,protein_coding,Down
ENSG00000140450,1229.0428594093783,-1.1708329184840254,0.12095554443850404,-9.67986150547483,3.6721309266288497e-22,2.6313612101957274e-21,ARRDC4,protein_coding,Down
ENSG00000171223,7986.0478876288,-1.132564457951924,0.11710323144601065,-9.671504739594502,3.9847544710944287e-22,2.8476416098308965e-21,JUNB,protein_coding,Down
ENSG00000240563,36.60280399162398,-1.889578857020097,0.19552146283784266,-9.664304008339151,4.275159194796439e-22,3.051040540372993e-21,L1TD1,protein_coding,Down
ENSG00000171101,67.19686044766561,-1.7185053073570489,0.17789385465882712,-9.660284840377853,4.446259675799474e-22,3.1705751122453254e-21,SIGLEC17P,transcribed_unprocessed_pseudogene,Down
ENSG00000141497,336.5159378838477,-1.172552672181614,0.12141346807930761,-9.657517330908457,4.567997878924354e-22,3.2565045706200386e-21,ZMYND15,protein_coding,Down
ENSG00000229671,17.161055696559508,-1.45084504131886,0.15033954974039368,-9.650454879133129,4.893816454553182e-22,3.4859519153583844e-21,LINC01150,lncRNA,Down
ENSG00000140254,718.7096866089234,-2.001937292601703,0.20754698202243765,-9.64570659179846,5.12569651380812e-22,3.643251133938548e-21,DUOXA1,protein_coding,Down
ENSG00000145284,992.3463004390331,-1.6054749656338234,0.16649682546678238,-9.642676135913055,5.279337010313708e-22,3.749424103473538e-21,SCD5,protein_coding,Down
ENSG00000101282,153.73085306243036,-2.261715983555252,0.23456054409407354,-9.642354780044172,5.295894238687213e-22,3.7601704651099035e-21,RSPO4,protein_coding,Down
ENSG00000255986,5.910045290280324,-2.93105990638259,0.3041463540351572,-9.637004907327542,5.579206401536272e-22,3.9549374410890186e-21,MT1JP,transcribed_unprocessed_pseudogene,Down
ENSG00000106823,609.586155094724,-1.3024312265241065,0.13518970681232495,-9.634100533498358,5.739241423345175e-22,4.066195495260942e-21,ECM2,protein_coding,Down
ENSG00000126947,624.0103211448309,-1.0598237985678352,0.11001925960100804,-9.63307517621328,5.796818145627381e-22,4.105884891221973e-21,ARMCX1,protein_coding,Down
ENSG00000177406,614.4581062166785,-1.0424440611418972,0.10826728651021282,-9.628430662142474,6.064861575032382e-22,4.2899785336267145e-21,NINJ2-AS1,lncRNA,Down
ENSG00000230587,21.204996183467806,-1.4109088122529574,0.14663606109095256,-9.621840642444878,6.466352404387582e-22,4.570295172975088e-21,LINC02580,lncRNA,Down
ENSG00000181072,19.34491953401617,-3.4605646929844895,0.3596977908479705,-9.620756037523533,6.534905605398583e-22,4.617509668123275e-21,CHRM2,protein_coding,Down
ENSG00000147655,109.26839821826086,-2.6342477363609036,0.2739266597976732,-9.616616864917795,6.803198001314575e-22,4.796800301996399e-21,RSPO2,protein_coding,Down
ENSG00000085265,784.8574932087761,-1.7646728827044933,0.18353282757875292,-9.615025856599317,6.909198955604922e-22,4.868935768554297e-21,FCN1,protein_coding,Down
ENSG00000276772,14.017306136617476,-2.130736584000311,0.22169834730902557,-9.61097188979165,7.186739070270708e-22,5.061813816320475e-21,AC025271.4,lncRNA,Down
ENSG00000237923,4.085508339302015,-3.4831082250351093,0.36279504797981116,-9.600760110785574,7.935701103159417e-22,5.572954409861886e-21,LINC02570,lncRNA,Down
ENSG00000185737,25.687608419783558,-2.44768385317999,0.25507235175675363,-9.596037501995477,8.307702240226756e-22,5.8279890416275485e-21,NRG3,protein_coding,Down
ENSG00000180354,1871.1099208282762,-1.2761857100922203,0.13304731302263817,-9.591969060473064,8.641973898819038e-22,6.052824746662896e-21,MTURN,protein_coding,Down
ENSG00000198574,45.69646447899757,-1.801106072591284,0.18779048114919777,-9.591040299642888,8.72012928128423e-22,6.104321984270378e-21,SH2D1B,protein_coding,Down
ENSG00000251034,62.91061042858686,-1.3846168695078924,0.1445614645701407,-9.578049541937789,9.889483606600632e-22,6.895443752143275e-21,AC087854.1,lncRNA,Down
ENSG00000225670,25.552589766051867,-2.1645949087595664,0.22629677879330648,-9.565292622820099,1.1188451386468863e-21,7.768284967382409e-21,CADM3-AS1,lncRNA,Down
ENSG00000120129,18279.073124385333,-1.5682932343550637,0.16400007843793982,-9.562759050438688,1.1465845726370822e-21,7.952507938043097e-21,DUSP1,protein_coding,Down
ENSG00000125845,1498.8289273841915,-1.7634343684372868,0.18448266742757252,-9.558807843721183,1.1912091772473e-21,8.248998425423136e-21,BMP2,protein_coding,Down
ENSG00000213250,23.72739868864899,-1.0544048275346267,0.11031493760452067,-9.558132837047607,1.199002653379304e-21,8.300787600318258e-21,RBMS2P1,processed_pseudogene,Down
ENSG00000112799,540.2337461443681,-1.4037893403681219,0.14691268644220454,-9.555262886846554,1.2327055661687306e-21,8.525162806155108e-21,LY86,protein_coding,Down
ENSG00000136960,3146.017522340133,-1.2936206736526947,0.1353843959420311,-9.555168190923547,1.2338334456508964e-21,8.530725737234961e-21,ENPP2,protein_coding,Down
ENSG00000007402,3449.20916661838,-2.347855403948053,0.24574010970679666,-9.554221355029844,1.245167063943749e-21,8.602320009483013e-21,CACNA2D2,protein_coding,Down
ENSG00000167074,1547.8187359554913,-1.1508365507568388,0.1205142558927205,-9.549381044025958,1.3047345318855945e-21,8.994993360999511e-21,TEF,protein_coding,Down
ENSG00000168389,2640.691579052302,-1.592360931033269,0.16676274992422827,-9.548660787596676,1.313836123907539e-21,9.053007208633865e-21,MFSD2A,protein_coding,Down
ENSG00000144824,1496.7120471440412,-1.4667399317243506,0.15367348858757032,-9.544521603598096,1.367372260932313e-21,9.40715014891341e-21,PHLDB2,protein_coding,Down
ENSG00000143995,699.7910525059822,-1.128989373755694,0.11845322316010339,-9.531098805388629,1.556271508498718e-21,1.0667761808970936e-20,MEIS1,protein_coding,Down
ENSG00000136630,192.12169034875922,-1.1825476127309407,0.12414388551126362,-9.525621079611268,1.6405794671197227e-21,1.121941922923939e-20,HLX,protein_coding,Down
ENSG00000254447,6.077688717426071,-2.674144677200176,0.2807773115808544,-9.524076792900386,1.6651535664232384e-21,1.1381570644525867e-20,OR7E11P,lncRNA,Down
ENSG00000168994,1763.9939673893336,-1.054854552419689,0.1107743309788329,-9.522554034844534,1.6897415839306889e-21,1.1534684330378532e-20,PXDC1,protein_coding,Down
ENSG00000081248,13.338624793471345,-3.166522192208042,0.33268505657558184,-9.518077622126825,1.7641214802779402e-21,1.2029967270475637e-20,CACNA1S,protein_coding,Down
ENSG00000134817,758.9835250067568,-1.4572759722980737,0.15312498810442243,-9.516905048209997,1.7841344657449853e-21,1.216015142457877e-20,APLNR,protein_coding,Down
ENSG00000188305,41.620682938821844,-1.2676252657463922,0.13322956342655043,-9.51459445744739,1.824230285145917e-21,1.2417019041760353e-20,PEAK3,protein_coding,Down
ENSG00000160808,47.28058824314772,-1.06970526472585,0.11244100481345008,-9.513480126761488,1.8438846879977078e-21,1.2541459691127045e-20,MYL3,protein_coding,Down
ENSG00000287620,17.56228166418502,-1.2761600443833536,0.13418930875581425,-9.51014694252279,1.9039340386860574e-21,1.2939881597977147e-20,AC092053.4,lncRNA,Down
ENSG00000109906,1564.5457975654235,-2.422481197368196,0.2548708801919643,-9.504739009586443,2.005502746531433e-21,1.3609137268665438e-20,ZBTB16,protein_coding,Down
ENSG00000155926,1744.5154219630463,-1.1903894108497044,0.12530853295528965,-9.499667602639938,2.1056133624962764e-21,1.4270116774357957e-20,SLA,protein_coding,Down
ENSG00000157152,53.02335748838181,-2.2601688048850717,0.23796131485297406,-9.498051421852042,2.138544054884313e-21,1.4482128075834445e-20,SYN2,protein_coding,Down
ENSG00000143167,208.24489038430394,-2.668178229931274,0.28100905308579555,-9.494990288147926,2.202319075355974e-21,1.4898705494391235e-20,GPA33,protein_coding,Down
ENSG00000108691,2524.394107256288,-1.5178852595144792,0.16001845780189303,-9.485688590960303,2.407879947884204e-21,1.624348790629482e-20,CCL2,protein_coding,Down
ENSG00000118971,2034.4778677202335,-1.3173778992129275,0.1389383646261043,-9.481743237428415,2.500699571543977e-21,1.6856709535177574e-20,CCND2,protein_coding,Down
ENSG00000164591,44.83458461880241,-1.419343291857488,0.1497087436448344,-9.480697368115688,2.5258928909053658e-21,1.7017832277254598e-20,MYOZ3,protein_coding,Down
ENSG00000286872,10.314690467022096,-1.5626528978043295,0.16489284555179945,-9.476778040763676,2.622556622967328e-21,1.7651051084136917e-20,AC024270.4,lncRNA,Down
ENSG00000109743,321.9984362987799,-1.2481125638769492,0.13176086606211138,-9.472558895359686,2.730707011805915e-21,1.8364892604264722e-20,BST1,protein_coding,Down
ENSG00000215704,7.906756486938004,-1.5523975867474327,0.16389487057310392,-9.4719107518072,2.747707427580992e-21,1.846980496184317e-20,CELA2B,protein_coding,Down
ENSG00000111405,10.528983035469183,-1.6597111701299028,0.17547274347245015,-9.458512685706559,3.1235431175078907e-21,2.0926786587571918e-20,ENDOU,protein_coding,Down
ENSG00000154319,797.8066358755888,-1.909328505337261,0.2019104213259822,-9.456314799396466,3.189875100791193e-21,2.1360336822718068e-20,FAM167A,protein_coding,Down
ENSG00000117009,190.9166111708544,-1.3348740270902735,0.14117464575448038,-9.45547991253174,3.2154354351340397e-21,2.1520566605199146e-20,KMO,protein_coding,Down
ENSG00000102934,1755.6491134762582,-1.5005026196395144,0.15878466550323467,-9.449921469960504,3.390850000224636e-21,2.2654348747383746e-20,PLLP,protein_coding,Down
ENSG00000036448,96.01159773813043,-1.5233582847808804,0.16123239124466862,-9.44821492146202,3.44658087724741e-21,2.3009199426079546e-20,MYOM2,protein_coding,Down
ENSG00000162616,968.7026546877642,-1.2083658105690314,0.1278941178288731,-9.448173466318975,3.4479458923831224e-21,2.3012486252124257e-20,DNAJB4,protein_coding,Down
ENSG00000214140,41.171943757777996,-1.0628513298056883,0.1124950395747024,-9.447983962883104,3.454192583550101e-21,2.304834474398182e-20,PRCD,protein_coding,Down
ENSG00000175984,168.02237229840063,-1.1715989762212737,0.12408350289647406,-9.442020485178983,3.6565927207205204e-21,2.434958334479801e-20,DENND2C,protein_coding,Down
ENSG00000224958,4.833549807938228,-2.2609395978132842,0.23982416440174478,-9.42748869136406,4.200246036797839e-21,2.7871285352380224e-20,PGM5-AS1,lncRNA,Down
ENSG00000172260,293.65105734170766,-1.717982226034295,0.18228514364549891,-9.424696887944748,4.313496206703024e-21,2.860837398660934e-20,NEGR1,protein_coding,Down
ENSG00000069424,1939.6829162385393,-1.0451098557745613,0.11091226374198844,-9.422852086093616,4.389982926972458e-21,2.907908811461033e-20,KCNAB2,protein_coding,Down
ENSG00000183775,65.58594207905327,-1.7286388789666118,0.18345322629127753,-9.422777205465815,4.393115697086593e-21,2.9092531625357477e-20,KCTD16,protein_coding,Down
ENSG00000254703,30.51536657039607,-1.3823825630699396,0.14680238302404347,-9.416622091506042,4.658332237231959e-21,3.081018838620686e-20,SENCR,lncRNA,Down
ENSG00000070731,182.6573246327012,-1.6625985458219754,0.17672899989141894,-9.407615879926126,5.075177138544148e-21,3.349159688273503e-20,ST6GALNAC2,protein_coding,Down
ENSG00000183379,61.013784456455,-2.3584343458533055,0.25091599787783225,-9.399298433739553,5.492808694065482e-21,3.621134131562669e-20,SYNDIG1L,protein_coding,Down
ENSG00000107186,1092.9466349248303,-1.0350774885941745,0.11016090007963335,-9.396051483293396,5.664913370343621e-21,3.731795292929335e-20,MPDZ,protein_coding,Down
ENSG00000276850,128.5912331131265,-2.543859922675211,0.2709585224890559,-9.388373907958398,6.093367600050183e-21,4.006035991356852e-20,AC245041.2,lncRNA,Down
ENSG00000161643,64.41654108717765,-1.7298079158809916,0.1842727371841921,-9.387215614819574,6.160731059042727e-21,4.049314008647974e-20,SIGLEC16,polymorphic_pseudogene,Down
ENSG00000213626,7350.358880703587,-1.0144041338063403,0.10807326074039912,-9.386263788625962,6.216637798968886e-21,4.085042082203078e-20,LBH,protein_coding,Down
ENSG00000118515,5818.258892358407,-1.2229128165048555,0.1303417810475215,-9.38235465770559,6.451555751765028e-21,4.233080994626618e-20,SGK1,protein_coding,Down
ENSG00000189134,19.408230830077745,-1.7075776704355325,0.1819998507856498,-9.382302584668768,6.45474358815974e-21,4.2341191149197106e-20,NKAPL,protein_coding,Down
ENSG00000149575,80.16425304635598,-1.9080384177708383,0.20338357883242028,-9.381477249660277,6.505477926034832e-21,4.2652772976016535e-20,SCN2B,protein_coding,Down
ENSG00000226239,11.588179909460194,-1.6779287711850375,0.17891638364086543,-9.378284632407413,6.705472521427796e-21,4.3909438885038734e-20,AL031658.1,lncRNA,Down
ENSG00000227188,3.774996513810736,-2.590238141402806,0.2763306028905166,-9.373692650426669,7.003832932831959e-21,4.58063180651733e-20,MGAT3-AS1,lncRNA,Down
ENSG00000205177,6.157495134566444,-2.0917615913638596,0.2232533589932111,-9.369451822794154,7.291020635139631e-21,4.762406272906238e-20,C11orf91,protein_coding,Down
ENSG00000244482,273.20120167325865,-1.437758563521445,0.15348151903986343,-9.367633136000036,7.417721404980172e-21,4.8405175315349456e-20,LILRA6,protein_coding,Down
ENSG00000184545,788.0865383404814,-1.1155208389413247,0.1191090711392853,-9.365540577819154,7.566197516195528e-21,4.931305697035988e-20,DUSP8,protein_coding,Down
ENSG00000173641,256.55478942128155,-1.4980823439301865,0.16024580319642406,-9.3486525952501,8.877135222845232e-21,5.764345132391745e-20,HSPB7,protein_coding,Down
ENSG00000235568,896.356487308047,-1.2992732238254507,0.1390210284653821,-9.345875499324086,9.113235477082692e-21,5.91474328158185e-20,NFAM1,protein_coding,Down
ENSG00000226237,22.665815015734783,-1.5881885647198313,0.16996380790168494,-9.34427502141229,9.252112842821531e-21,6.001924124605259e-20,GAS1RR,lncRNA,Down
ENSG00000130176,730.4167131682271,-1.5055118520568227,0.1611489442806019,-9.342362488179495,9.420814993656972e-21,6.108357299796763e-20,CNN1,protein_coding,Down
ENSG00000269918,69.72736945615459,-1.6010005535901066,0.17138720441349284,-9.341424052448483,9.504702183909654e-21,6.159719749070965e-20,AF131215.6,lncRNA,Down
ENSG00000069667,979.394965219018,-1.1824681217363908,0.12659092905991062,-9.34085981134378,9.555495096063495e-21,6.191115618751705e-20,RORA,protein_coding,Down
ENSG00000184905,82.09622205178175,-2.4735818271282524,0.264854517383627,-9.339398291422786,9.688312444362024e-21,6.272546014186756e-20,TCEAL2,protein_coding,Down
ENSG00000077942,8812.647193506535,-1.3609150873787283,0.14583460036110318,-9.331908093202482,1.039818253814858e-20,6.722237644789852e-20,FBLN1,protein_coding,Down
ENSG00000283913,26.47793167598115,-1.8871968631218468,0.20236153501959425,-9.32586750213727,1.1007935860361175e-20,7.104240544241904e-20,AL512662.1,lncRNA,Down
ENSG00000213316,111.0990841660453,-1.2074129710953383,0.12954330221581883,-9.320535685309235,1.1575438524287601e-20,7.459538462499121e-20,LTC4S,protein_coding,Down
ENSG00000111275,10377.291896608012,-1.1809812144012073,0.1267096191924794,-9.320375374242323,1.15929421994458e-20,7.468993056422813e-20,ALDH2,protein_coding,Down
ENSG00000171303,924.4707708793394,-2.1597929227397543,0.2318698278722373,-9.31467859600009,1.2232232000943026e-20,7.869332955961639e-20,KCNK3,protein_coding,Down
ENSG00000114378,1134.5901179695352,-1.8803927485413519,0.20194815215715398,-9.311264938329563,1.2631886333680908e-20,8.120498357366298e-20,HYAL1,protein_coding,Down
ENSG00000149970,103.35030100006392,-1.8187880358685837,0.1954093941944485,-9.307577270613404,1.307813560145378e-20,8.397137467989681e-20,CNKSR2,protein_coding,Down
ENSG00000249978,11.292272317948585,-1.3988483769334754,0.15034811645430948,-9.304063196286087,1.3517869899030624e-20,8.668925808303443e-20,TRGV7,TR_V_pseudogene,Down
ENSG00000241684,66.59234168537586,-1.7344455513852874,0.18656902109388995,-9.296535626418043,1.4509633863849208e-20,9.289124665931139e-20,ADAMTS9-AS2,lncRNA,Down
ENSG00000149289,762.7467282670257,-1.0373164956870906,0.11165767533580138,-9.290149490999571,1.540717773411294e-20,9.849388529662017e-20,ZC3H12C,protein_coding,Down
ENSG00000275832,2106.506898677561,-1.0890498862714817,0.11725046080361863,-9.288235447496605,1.568672692571029e-20,1.0015956150871196e-19,ARHGAP23,protein_coding,Down
ENSG00000149596,181.54201738722884,-1.5378725950372572,0.16565399518746218,-9.283643254706444,1.6378040358069603e-20,1.0442188690577742e-19,JPH2,protein_coding,Down
ENSG00000181754,572.903654577282,-1.06922756362724,0.11522624421600072,-9.279375292514855,1.7047512464151293e-20,1.0842810026041235e-19,AMIGO1,protein_coding,Down
ENSG00000273682,4.608746273282053,-1.3151333607088174,0.1417601991232974,-9.277169253726615,1.7404086955613176e-20,1.106426646623721e-19,AC109583.3,processed_pseudogene,Down
ENSG00000122852,198476.2812762075,-2.8009347864645986,0.30192678568832826,-9.27686750309042,1.745343048377276e-20,1.1092961240228674e-19,SFTPA1,protein_coding,Down
ENSG00000183111,461.60933604419574,-1.3436326855682788,0.1449201967980942,-9.271535060363295,1.8348589202519868e-20,1.1636659386013683e-19,ARHGEF37,protein_coding,Down
ENSG00000152527,1122.5147945096444,-1.3960117565940666,0.15072687358465162,-9.261863683585496,2.0089455949708883e-20,1.272235719005339e-19,PLEKHH2,protein_coding,Down
ENSG00000170345,18823.731535331433,-1.6606142888224373,0.1793034114615523,-9.261476261306495,2.0162494747061918e-20,1.2765545893878097e-19,FOS,protein_coding,Down
ENSG00000165633,943.437510179171,-1.2518007805704192,0.1352749123559313,-9.253754142355076,2.1674323417043436e-20,1.3699710175154252e-19,VSTM4,protein_coding,Down
ENSG00000172236,861.8804883738383,-1.7361015154961577,0.18776940376373988,-9.245923354374607,2.3321826849492534e-20,1.4695258638497446e-19,TPSAB1,protein_coding,Down
ENSG00000185985,28.356238185881274,-2.4436816717112695,0.2646678126325231,-9.233014197703703,2.6312119655122187e-20,1.6528122803848786e-19,SLITRK2,protein_coding,Down
ENSG00000158869,2884.8519707840373,-1.2329966290814243,0.1336958348525639,-9.22240120973955,2.905201306162866e-20,1.8192865932917306e-19,FCER1G,protein_coding,Down
ENSG00000169255,773.2829133820871,-1.3128886924015972,0.14247424765337022,-9.214919285594423,3.1151258192796395e-20,1.9464405363018385e-19,B3GALNT1,protein_coding,Down
ENSG00000101336,1935.385583565943,-1.3341357947497805,0.1448087050414837,-9.213091121611697,3.168658291100914e-20,1.9790980373361229e-19,HCK,protein_coding,Down
ENSG00000273487,9.11862032419522,-1.332381756337868,0.14464286803343543,-9.21152749840301,3.215165314273557e-20,2.0067197476306202e-19,AC104836.1,lncRNA,Down
ENSG00000189337,519.2478850470584,-1.2860114094421988,0.13968010963802852,-9.206832760761783,3.3588944280442044e-20,2.093949079610536e-19,KAZN,protein_coding,Down
ENSG00000162511,8752.565497287083,-1.1997511869327904,0.13071072759210595,-9.178674229989117,4.364313461293075e-20,2.7053818987846355e-19,LAPTM5,protein_coding,Down
ENSG00000119147,160.23420914043677,-2.543249174111479,0.2771231984382493,-9.17732325710792,4.4194003291254636e-20,2.73759893537793e-19,ECRG4,protein_coding,Down
ENSG00000244617,46.05045014615288,-1.0431914710840238,0.11369595967730282,-9.175273018011003,4.5043159225289285e-20,2.788889666050431e-19,ASPRV1,protein_coding,Down
ENSG00000277531,10.040427630633948,-2.1620526190877856,0.23609435016977687,-9.157578813440647,5.3074714985348064e-20,3.2754042456438766e-19,PNMA8C,protein_coding,Down
ENSG00000198822,5.249002664930682,-1.9738724382055786,0.21563289838028837,-9.153855710479176,5.493692938705399e-20,3.386015672508851e-19,GRM3,protein_coding,Down
ENSG00000111058,663.4121854653982,-1.6242473643161857,0.17753863522739127,-9.148698041053722,5.762381463427007e-20,3.547012119294355e-19,ACSS3,protein_coding,Down
ENSG00000142973,7232.160270837368,-2.5292619820103575,0.2764665376623084,-9.148528438185668,5.771434071103125e-20,3.551755343173615e-19,CYP4B1,protein_coding,Down
ENSG00000167100,142.41163915281567,-1.1099068595536667,0.12136223546258071,-9.145405531821153,5.940655092969576e-20,3.654188822057563e-19,SAMD14,protein_coding,Down
ENSG00000132170,1011.0804316524368,-1.5966736829886992,0.17470260643544983,-9.13938100619379,6.281080758949486e-20,3.8537017127384353e-19,PPARG,protein_coding,Down
ENSG00000188906,6368.555500934748,-2.1000197302958687,0.23005128165243388,-9.128485245601112,6.94643847421815e-20,4.2520330214747595e-19,LRRK2,protein_coding,Down
ENSG00000175445,3572.1762986521344,-2.0676695276493087,0.2265318809008927,-9.127499049698486,7.009992685300062e-20,4.2889444805420564e-19,LPL,protein_coding,Down
ENSG00000282012,65.5557880657459,-2.9135891309452493,0.3195813805513961,-9.116892623463325,7.730912176550861e-20,4.712532457134679e-19,AP000357.2,lncRNA,Down
ENSG00000107099,2546.5199381618086,-1.0968061164115643,0.12030551752701721,-9.116839684142107,7.734688222359287e-20,4.713744590330815e-19,DOCK8,protein_coding,Down
ENSG00000196209,326.1501514396621,-1.248359666971871,0.13696550720524425,-9.114409112516125,7.910032807534985e-20,4.81726478371126e-19,SIRPB2,protein_coding,Down
ENSG00000143595,6.392347836108859,-2.277577244264333,0.25018322853340313,-9.10363679298448,8.735654847324219e-20,5.310263216319494e-19,AQP10,protein_coding,Down
ENSG00000122223,111.79228429037455,-1.360311582605054,0.14944629232404813,-9.102344136149304,8.840281483843353e-20,5.3713876204827e-19,CD244,protein_coding,Down
ENSG00000069535,1088.5041762963951,-1.52160166668295,0.16724637799056,-9.097964840642677,9.204028237660788e-20,5.585966044352474e-19,MAOB,protein_coding,Down
ENSG00000120457,487.7105220147848,-1.7678045280240633,0.19443324609471763,-9.092089771328931,9.71534283021945e-20,5.889507826043377e-19,KCNJ5,protein_coding,Down
ENSG00000091181,130.12071589324165,-2.1455161628037263,0.23600763532799693,-9.090876063488144,9.824420991986733e-20,5.952894796844903e-19,IL5RA,protein_coding,Down
ENSG00000198835,98.64664120722854,-1.388263375859656,0.152866858569287,-9.081519623368363,1.0706937283124115e-19,6.471279765207034e-19,GJC2,protein_coding,Down
ENSG00000143816,496.1372111634047,-1.2584939604553032,0.13860788821228845,-9.079526257032533,1.0904844910832473e-19,6.587875379121473e-19,WNT9A,protein_coding,Down
ENSG00000130940,823.2254692129032,-1.027151455662557,0.11319454340617253,-9.074213515547836,1.1450141990459213e-19,6.90780700728459e-19,CASZ1,protein_coding,Down
ENSG00000283175,6.032586134053209,-2.1321207513108837,0.23517790290009993,-9.065991000934202,1.23476643374603e-19,7.424095817732032e-19,AC007920.2,lncRNA,Down
ENSG00000104059,65.24135570525183,-2.125003507453135,0.23451665314101933,-9.061205159598325,1.290170867035163e-19,7.737504153676881e-19,FAM189A1,protein_coding,Down
ENSG00000162493,1557.7262511291249,-1.3825834656350566,0.15270556220799722,-9.053916868803162,1.3792983794852936e-19,8.260753637753167e-19,PDPN,protein_coding,Down
ENSG00000131018,5179.572531087961,-1.24836904016119,0.13791819450474932,-9.05151814554969,1.4099423005146548e-19,8.438533469035734e-19,SYNE1,protein_coding,Down
ENSG00000286406,10.139997374637996,-2.049525292786933,0.22643251232702866,-9.051373725990702,1.4118085972442123e-19,8.447785956280889e-19,AC138776.1,transcribed_unprocessed_pseudogene,Down
ENSG00000079102,278.4580545836813,-1.3462379631610222,0.1489506849170054,-9.038145503735949,1.5935216602682476e-19,9.513508304567283e-19,RUNX1T1,protein_coding,Down
ENSG00000164619,185.17261221665618,-2.192384126142151,0.24259376870697924,-9.03726479796873,1.606408919154906e-19,9.588275961547052e-19,BMPER,protein_coding,Down
ENSG00000183578,231.4742436615262,-1.2150862612413984,0.13446051806477805,-9.036751298667578,1.6139703652722727e-19,9.631228452643095e-19,TNFAIP8L3,protein_coding,Down
ENSG00000287652,5.476269741281862,-2.4077513666017625,0.26647087423758004,-9.035701832295038,1.6295336665790287e-19,9.71970205557317e-19,AC000082.1,lncRNA,Down
ENSG00000268581,3.954914678967325,-1.7090683188601674,0.18915835239718107,-9.035119502794087,1.6382333335820796e-19,9.769383312202496e-19,SIGLEC18P,unprocessed_pseudogene,Down
ENSG00000168734,2012.4915557334186,-1.1364415264333567,0.12578412572237188,-9.034856504402525,1.6421774074726123e-19,9.788476092914282e-19,PKIG,protein_coding,Down
ENSG00000263050,9.659775652661308,-1.294270844474702,0.14325300796926013,-9.034859810779208,1.642127764969568e-19,9.788476092914282e-19,AC090617.5,lncRNA,Down
ENSG00000142347,1823.1961406376276,-1.0500149588963923,0.1162533539306907,-9.032126157172229,1.6836816823496466e-19,1.0026803514805822e-18,MYO1F,protein_coding,Down
ENSG00000169181,5.656298997509578,-2.462562959460253,0.2727812498762979,-9.027610807476641,1.7546060499207258e-19,1.043503868660567e-18,GSG1L,protein_coding,Down
ENSG00000267530,101.59773543423697,-1.6174701775287386,0.17919036387528844,-9.026546643180284,1.7717465458764082e-19,1.0529852696587983e-18,LINC01836,lncRNA,Down
ENSG00000185561,770.663814059046,-1.034818240037144,0.11473239340212649,-9.019407765775451,1.8910884941574208e-19,1.1216375076682677e-18,TLCD2,protein_coding,Down
ENSG00000203446,28.101777959314347,-1.7343733343495586,0.19242379515651303,-9.013299695803525,1.9994793548341284e-19,1.1832646002463189e-18,SUGCT-AS1,lncRNA,Down
ENSG00000124785,481.22946929556514,-1.6395172470423565,0.1819114265339336,-9.012722720507732,2.01002998067617e-19,1.1892414312414315e-18,NRN1,protein_coding,Down
ENSG00000173376,4191.918037100393,-1.8154986514830254,0.20146127801074654,-9.011650622935992,2.029780741829269e-19,1.2006576528047964e-18,NDNF,protein_coding,Down
ENSG00000105501,5.866170830865734,-1.607305887926329,0.1784369627251759,-9.007695846077926,2.1043103107201626e-19,1.2427920020983356e-18,SIGLEC5,protein_coding,Down
ENSG00000177606,11275.835119462152,-1.0777232177437932,0.1197423200782872,-9.00035356788795,2.249919169833765e-19,1.3249300694175163e-18,JUN,protein_coding,Down
ENSG00000103569,684.1016520253862,-1.6405492983161285,0.18228183796509054,-9.000069983002454,2.255738446093432e-19,1.3280603443510561e-18,AQP9,protein_coding,Down
ENSG00000287421,3.8610250540815616,-2.0359741246616534,0.22628514062532315,-8.997383208793035,2.311615320078411e-19,1.3603502787428629e-18,AC131237.1,lncRNA,Down
ENSG00000102053,78.65235475104117,-1.1701063037031956,0.13009768787317852,-8.994059178390899,2.3826409172688755e-19,1.4002728100820202e-18,ZC3H12B,protein_coding,Down
ENSG00000271474,22.856516756925387,-1.2375608078801383,0.1377552124418883,-8.983767553639398,2.616501759830229e-19,1.5346341505054078e-18,AC106881.1,lncRNA,Down
ENSG00000118503,3196.367804418719,-1.1765076402324055,0.13099330249600585,-8.981433537552645,2.6726153283983915e-19,1.5668489597569051e-18,TNFAIP3,protein_coding,Down
ENSG00000159388,8344.480306002151,-1.2879307246044809,0.14351462697068043,-8.97421225829198,2.8538655454639033e-19,1.6708799829903004e-18,BTG2,protein_coding,Down
ENSG00000169583,1134.9774927097396,-1.7729561316816638,0.19758457719527722,-8.973150419171693,2.8815218354949916e-19,1.6866976870588886e-18,CLIC3,protein_coding,Down
ENSG00000286248,6.913339216054973,-1.42445063931292,0.15882284670337496,-8.96880183726521,2.997573036676551e-19,1.7519060500257237e-18,AC069209.2,lncRNA,Down
ENSG00000204175,516.0819320374815,-1.6398446812067244,0.18285771288246724,-8.96787264456678,3.022962968291864e-19,1.7659621948129474e-18,GPRIN2,protein_coding,Down
ENSG00000239268,6.608406703629201,-2.969798219904301,0.3315018957012945,-8.958616099680736,3.2877867608903956e-19,1.9181180726699054e-18,AC092691.1,lncRNA,Down
ENSG00000171368,1077.6606012394882,-1.6640612519063838,0.18580689973400752,-8.955863610493347,3.370865030953182e-19,1.9644134998063074e-18,TPPP,protein_coding,Down
ENSG00000279026,28.313405345372715,-1.1449718738949937,0.1280865882128356,-8.939045764826261,3.9254526363349566e-19,2.2800481502236302e-18,AC005225.4,TEC,Down
ENSG00000155970,159.31840445128978,-1.1182839830510045,0.1251836310756682,-8.933148634864644,4.1405280814171048e-19,2.4017977454238685e-18,MICU3,protein_coding,Down
ENSG00000145777,37.08753879313337,-1.7968626050454404,0.2011488029962942,-8.933001729463657,4.1460319044625477e-19,2.403932746716741e-18,TSLP,protein_coding,Down
ENSG00000165682,13.035033829248741,-1.821746087058395,0.20398967684257477,-8.930579798233092,4.237818548221283e-19,2.455532303155246e-18,CLEC1B,protein_coding,Down
ENSG00000272370,11.388194604247154,-1.0031763370668487,0.1123610194849725,-8.928152678438597,4.331815214368766e-19,2.5055926124787093e-18,AC092354.2,lncRNA,Down
ENSG00000203878,155.81648260870483,-3.6555578337042944,0.4097809307375828,-8.920761215326673,4.630941020058502e-19,2.675091231083082e-18,CHIAP2,transcribed_unprocessed_pseudogene,Down
ENSG00000079156,389.3619194172633,-1.5581484703262032,0.1747230982790512,-8.917816165540264,4.755730000360266e-19,2.7447712871416114e-18,OSBPL6,protein_coding,Down
ENSG00000016402,525.8347503046633,-1.7201408402961185,0.1928936549416743,-8.917560511859456,4.766718084386343e-19,2.7499093389907647e-18,IL20RA,protein_coding,Down
ENSG00000196502,1019.6602338397788,-1.2367812379734924,0.13872527090027675,-8.91532761080393,4.863761264476158e-19,2.8046661829047955e-18,SULT1A1,protein_coding,Down
ENSG00000262097,134.79658357893456,-1.8779830637095567,0.21079551270871236,-8.909027709259856,5.148204522305129e-19,2.964799153814943e-18,LINC02185,lncRNA,Down
ENSG00000279145,18.16542108571981,-1.2078399620109568,0.13557562967651077,-8.908975491339516,5.150629545585756e-19,2.965548059325249e-18,AC011912.1,lncRNA,Down
ENSG00000188511,98.38958604454163,-1.2000084144011613,0.13480579142175,-8.901757125900069,5.496944765479443e-19,3.1594253152940914e-18,C22orf34,lncRNA,Down
ENSG00000117318,2327.0892317550956,-1.1286395540735432,0.12701821858729914,-8.885650945402242,6.354758293380921e-19,3.638188801486211e-18,ID3,protein_coding,Down
ENSG00000070808,33.139029069901454,-1.5361342361125032,0.17288117420690643,-8.885491686179998,6.363868675149127e-19,3.6426137825848164e-18,CAMK2A,protein_coding,Down
ENSG00000007237,1768.44815007267,-1.120854857786644,0.12615063942812232,-8.885050942807792,6.38914859461817e-19,3.654703870717595e-18,GAS7,protein_coding,Down
ENSG00000204482,968.9641528906582,-1.352956777733438,0.1522945870312609,-8.883813956274901,6.460630090269305e-19,3.6947910535762645e-18,LST1,protein_coding,Down
ENSG00000140030,269.2741316180279,-1.1662935911706924,0.13135444108685723,-8.87898103421938,6.74756108117386e-19,3.856375936509638e-18,GPR65,protein_coding,Down
ENSG00000257058,4.348531135440891,-1.4967430842985943,0.1686749253889653,-8.873536364975982,7.085908844852126e-19,4.045365149139437e-18,AP001363.2,lncRNA,Down
ENSG00000100906,12256.901044911087,-1.025861812592565,0.11563525711366308,-8.871531384101988,7.214680957895023e-19,4.116208067063863e-18,NFKBIA,protein_coding,Down
ENSG00000286657,7.008966370021121,-1.5857610069056793,0.17882543663203954,-8.867647896024005,7.470711762653881e-19,4.26043834734392e-18,AC008453.2,lncRNA,Down
ENSG00000030304,49.98947781358019,-2.0289266457073487,0.228844885498596,-8.865947085891051,7.58564950184404e-19,4.324115377510319e-18,MUSK,protein_coding,Down
ENSG00000105492,105.33196556399642,-1.638904729807697,0.18485785786749925,-8.865756363910785,7.598646567534159e-19,4.330588069718517e-18,SIGLEC6,protein_coding,Down
ENSG00000165168,6203.981796947023,-1.3940907285037192,0.1573440673904264,-8.860141673117461,7.991281849443066e-19,4.548458933084689e-18,CYBB,protein_coding,Down
ENSG00000163958,14.751108232934545,-1.8337554154308142,0.20697226159544638,-8.859909058804812,8.007973812320595e-19,4.555010125774248e-18,ZDHHC19,protein_coding,Down
ENSG00000112320,251.40443870501616,-1.434238534442389,0.16188687620670209,-8.859510838983077,8.03662929025448e-19,4.570323795212651e-18,SOBP,protein_coding,Down
ENSG00000188176,73.52646289229574,-1.692368923899191,0.19116702143457828,-8.85282885719051,8.532845575909753e-19,4.837908790297575e-18,SMTNL2,protein_coding,Down
ENSG00000253159,94.97014190385553,-1.3305039441771342,0.15031477836829182,-8.8514513251466,8.638844925499502e-19,4.894850465952339e-18,PCDHGA12,protein_coding,Down
ENSG00000118495,856.336748376384,-1.2112357821671007,0.13686710510184255,-8.849721642507323,8.773785223925684e-19,4.970240952844689e-18,PLAGL1,protein_coding,Down
ENSG00000102230,65.36549174844376,-1.993761222479208,0.2255594073585349,-8.839184522727761,9.641976212615198e-19,5.446849030134165e-18,PCYT1B,protein_coding,Down
ENSG00000166523,227.72932509809456,-1.676504366222529,0.1897302676371418,-8.836251522233844,9.89837886954214e-19,5.5881021363696476e-18,CLEC4E,protein_coding,Down
ENSG00000182916,75.9015784433825,-1.277364894818987,0.14471525376214373,-8.826746743079925,1.0776444638120284e-18,6.070814892271564e-18,TCEAL7,protein_coding,Down
ENSG00000123094,1359.2657453494442,-1.327073048176463,0.15037511559420055,-8.825084143294543,1.0937754170213672e-18,6.1590556794476736e-18,RASSF8,protein_coding,Down
ENSG00000185303,253960.7594048798,-2.641887651013212,0.29949733533481576,-8.82107230790477,1.1336877753185508e-18,6.381077190000039e-18,SFTPA2,protein_coding,Down
ENSG00000174004,439.9018840925067,-1.0562632492572128,0.11978612875604411,-8.817909554522743,1.1661638986466475e-18,6.559671929887392e-18,NRROS,protein_coding,Down
ENSG00000090530,1959.5766796423802,-1.897682980018894,0.21541932208674344,-8.809251471206231,1.2598427497290988e-18,7.064013036435538e-18,P3H2,protein_coding,Down
ENSG00000005844,1864.6680385114014,-1.1912793483740645,0.1352718266519279,-8.806559191659192,1.2904596923300577e-18,7.229535178828048e-18,ITGAL,protein_coding,Down
ENSG00000072657,101.5910106756308,-2.6654762677894936,0.30293610520579334,-8.798806817624982,1.382784874255175e-18,7.740190433901287e-18,TRHDE,protein_coding,Down
ENSG00000186326,20.665502374498228,-1.6716075798875905,0.1900196079670179,-8.797026779350764,1.4048879169613428e-18,7.857241647989524e-18,RGS9BP,protein_coding,Down
ENSG00000008438,5.476255590741762,-2.095766130608896,0.23858272110439185,-8.784232659044465,1.5743553501960129e-18,8.765994633587175e-18,PGLYRP1,protein_coding,Down
ENSG00000100012,54.35866390536685,-3.0783074304647347,0.35077912581942006,-8.775628889757359,1.6995141319296877e-18,9.44293882405939e-18,SEC14L3,protein_coding,Down
ENSG00000088926,102.13179308603652,-2.8461405849080474,0.324579631107041,-8.76869745399839,1.807449863794956e-18,1.0019435128920115e-17,F11,protein_coding,Down
ENSG00000166086,484.85501223746866,-1.2899612802839806,0.14712811861572692,-8.767605352537236,1.82506235473783e-18,1.011494205431622e-17,JAM3,protein_coding,Down
ENSG00000286511,13.652190368259982,-1.1779863512837605,0.13438659457471427,-8.76565370981881,1.85695983853166e-18,1.028740145842014e-17,Z95118.2,lncRNA,Down
ENSG00000279727,6.353831090543139,-1.4157438505540598,0.161640740946599,-8.758583029644594,1.9772005522166835e-18,1.0923691297287648e-17,LINC02033,lncRNA,Down
ENSG00000281100,24.110025555260286,-1.166049839647382,0.13313300372535336,-8.758533248847023,1.978073782503138e-18,1.0926226569880134e-17,AC105749.1,TEC,Down
ENSG00000125895,37.044484610870214,-1.4441126104898712,0.16495876529938203,-8.754385423951044,2.0521866071290206e-18,1.133085444514076e-17,TMEM74B,protein_coding,Down
ENSG00000141052,113.79001472147186,-1.8900161352371025,0.21595103078006467,-8.75205887376379,2.094950535250199e-18,1.1562127587808236e-17,MYOCD,protein_coding,Down
ENSG00000163734,384.43022631066964,-1.755923357881407,0.20063708703529853,-8.751738693118504,2.1009041857476267e-18,1.159013459794245e-17,CXCL3,protein_coding,Down
ENSG00000225611,5.329583715769855,-1.6067509227755532,0.1836427560783619,-8.749329170870967,2.1462476045291426e-18,1.183780575850941e-17,LINC02158,lncRNA,Down
ENSG00000122756,37.12611122169864,-2.4238622500897167,0.27710440777718653,-8.747108245346608,2.1888970628762504e-18,1.2062949957794508e-17,CNTFR,protein_coding,Down
ENSG00000237470,5.195919430514564,-1.871589797802349,0.21400810730019854,-8.745415402309915,2.2219665420019918e-18,1.2240078903821292e-17,DCLRE1CP1,unprocessed_pseudogene,Down
ENSG00000223609,5.808449208511024,-2.2649102645749624,0.25907439184547704,-8.742316245311697,2.2837914227278843e-18,1.2564902945406698e-17,HBD,protein_coding,Down
ENSG00000227467,12.911387687604938,-1.6760349830820553,0.19172129587411152,-8.74203867358886,2.2894108585908036e-18,1.2593192394876824e-17,LINC01537,lncRNA,Down
ENSG00000228997,19.827524698673802,-2.1610425055039726,0.24727555180577399,-8.739410304506746,2.343303463112928e-18,1.288157438446694e-17,AL136452.1,processed_pseudogene,Down
ENSG00000287470,8.239508571787914,-2.027762634976539,0.2324644270709796,-8.72289433925902,2.7117929973144448e-18,1.4851501835759484e-17,AP001037.1,lncRNA,Down
ENSG00000139874,289.3550875544988,-2.181514185932811,0.2502725330670696,-8.716554546352056,2.867958272276713e-18,1.567745846599024e-17,SSTR1,protein_coding,Down
ENSG00000107562,2010.1589145299342,-1.2936228669074148,0.14846221232596243,-8.713482351099195,2.9467957814446953e-18,1.6098405791733295e-17,CXCL12,protein_coding,Down
ENSG00000231943,7.097327693993415,-2.04259183367449,0.23445743208504194,-8.71199439279709,2.985744550793244e-18,1.6301052547498516e-17,PGM5P4-AS1,lncRNA,Down
ENSG00000267325,19.50135579300613,-1.5915994177044013,0.1827676379283932,-8.708321865646566,3.084065301274948e-18,1.6827395405466664e-17,LINC01415,lncRNA,Down
ENSG00000162654,3264.5149568096085,-1.3362774973453568,0.15345335004890587,-8.708037308533719,3.0918155382149126e-18,1.6866192747771462e-17,GBP4,protein_coding,Down
ENSG00000171533,413.7661356660752,-1.4270769788108562,0.1639490673267888,-8.704392175445307,3.192812157269546e-18,1.74027400965684e-17,MAP6,protein_coding,Down
ENSG00000163421,17.971675447767765,-2.074924894318852,0.2384464577242941,-8.701848264477064,3.2652198351726003e-18,1.7779030983584858e-17,PROK2,protein_coding,Down
ENSG00000177791,115.73040805158674,-1.7960984876880974,0.20641922258180836,-8.701217189093255,3.2834317439234485e-18,1.7867126514086122e-17,MYOZ1,protein_coding,Down
ENSG00000154262,344.3997335348086,-1.3580871850148193,0.1561121590759545,-8.699432466077534,3.335480839136399e-18,1.8142869168322367e-17,ABCA6,protein_coding,Down
ENSG00000162733,1599.7343162428629,-1.1693498720064204,0.13448794231208086,-8.694830569218837,3.4734770798705054e-18,1.88779040800052e-17,DDR2,protein_coding,Down
ENSG00000286856,3.666738681118785,-1.7868779718998609,0.20568164569550115,-8.687590795268248,3.702065140433285e-18,2.0058240754720718e-17,AC061708.1,lncRNA,Down
ENSG00000197253,1073.042747882568,-1.836003816284908,0.21157459563839076,-8.67780846157392,4.034677779540032e-18,2.1788747296021018e-17,TPSB2,protein_coding,Down
ENSG00000180509,50.39761560284043,-1.6797843193711435,0.193660771761985,-8.673849143984873,4.177536733688636e-18,2.2532551373976137e-17,KCNE1,protein_coding,Down
ENSG00000123358,6507.076300536166,-1.734747242774626,0.20016260837001773,-8.666689832337703,4.4486471190690855e-18,2.3950760418507922e-17,NR4A1,protein_coding,Down
ENSG00000279631,27.591037789161533,-1.2908040128759546,0.1489705455889531,-8.664827048681186,4.521989477374326e-18,2.4325757347686855e-17,AL158211.5,TEC,Down
ENSG00000173210,974.0919551973643,-1.402696545886123,0.1619559535632848,-8.660975499971448,4.6774407267995746e-18,2.5126117735934973e-17,ABLIM3,protein_coding,Down
ENSG00000224875,19.39451527956392,-1.472735109121662,0.17013772479164038,-8.656134969039059,4.880307114399045e-18,2.61838654337137e-17,EML4-AS1,lncRNA,Down
ENSG00000197576,6.9665410887360935,-1.656854001488765,0.19150392157814308,-8.6518019465867,5.0692563558570105e-18,2.7175501139245653e-17,HOXA4,protein_coding,Down
ENSG00000283213,12.534395610457901,-2.1967380505081984,0.2540865993775635,-8.645627340794642,5.3510486073290156e-18,2.8627947205369477e-17,AC130466.1,lncRNA,Down
ENSG00000180772,401.5496569478262,-3.0126601118730507,0.3486796496723126,-8.640194845625015,5.611723343148982e-18,2.997997256054268e-17,AGTR2,protein_coding,Down
ENSG00000143171,92.96037601487254,-2.326002077037906,0.2692335848641676,-8.639345935282961,5.653574717247807e-18,3.019132549490172e-17,RXRG,protein_coding,Down
ENSG00000276409,17.045966500577578,-2.0899665885117624,0.24197637354685964,-8.637068809145669,5.767364997349964e-18,3.0786521251036145e-17,CCL14,protein_coding,Down
ENSG00000137960,182.26602936514485,-1.757908110716919,0.2036667372527089,-8.631297061216793,6.066011287776289e-18,3.235451408953494e-17,GIPC2,protein_coding,Down
ENSG00000167552,7316.229242915262,-1.0705879608620454,0.12406711166073138,-8.629103607970093,6.183466051631594e-18,3.296098641227514e-17,TUBA1A,protein_coding,Down
ENSG00000169891,1102.0051203070782,-1.114488338793126,0.12937885007472824,-8.614146270038772,7.046468495542644e-18,3.736755512167408e-17,REPS2,protein_coding,Down
ENSG00000147883,1370.2715641214018,-1.3277575608987968,0.1541370206909306,-8.614137959505284,7.046979583620978e-18,3.736755512167408e-17,CDKN2B,protein_coding,Down
ENSG00000136167,10180.021118435041,-1.1062422991007426,0.12842330623976497,-8.614030673181702,7.053580852960477e-18,3.7395039624561276e-17,LCP1,protein_coding,Down
ENSG00000198865,49.54000517817249,-1.1166116682175138,0.12964455304298572,-8.612869897027478,7.125394203770555e-18,3.7752992797554655e-17,CCDC152,protein_coding,Down
ENSG00000163751,1445.5540178332003,-1.7346904251043256,0.20149072962858922,-8.609281569935776,7.351986652849008e-18,3.891446969803861e-17,CPA3,protein_coding,Down
ENSG00000196159,901.8350209070727,-1.3613941277104311,0.15819363469066758,-8.605871724058344,7.573892894207998e-18,4.0048838103121095e-17,FAT4,protein_coding,Down
ENSG00000158517,273.38770629000294,-1.2933457700361157,0.1502899305513853,-8.605671486380192,7.587127535806054e-18,4.011077648741092e-17,NCF1,protein_coding,Down
ENSG00000106809,450.75064890352377,-2.2067974013129867,0.2565420690477997,-8.602087795985653,7.827887410159741e-18,4.135872390421005e-17,OGN,protein_coding,Down
ENSG00000257108,84.11507234627312,-1.5634744384060377,0.1819451119396451,-8.593110426207405,8.464611789819987e-18,4.457995064860257e-17,NHLRC4,protein_coding,Down
ENSG00000260105,17.382460064143473,-1.3091111317148778,0.1523531579612952,-8.592609101331874,8.501637801728365e-18,4.475707503125913e-17,AOC4P,transcribed_unprocessed_pseudogene,Down
ENSG00000197467,339.6179434775462,-1.2954103115642108,0.15080823331952867,-8.589785073733529,8.713216052313789e-18,4.585262568339945e-17,COL13A1,protein_coding,Down
ENSG00000183287,499.0795484611143,-2.093693652572827,0.24377073310708852,-8.588781868466002,8.789621060117497e-18,4.622702579882298e-17,CCBE1,protein_coding,Down
ENSG00000198570,5.616693021407495,-1.9723459568391124,0.22967457634465996,-8.587567628205054,8.882983639736495e-18,4.669010934419999e-17,RD3,protein_coding,Down
ENSG00000225398,10.399269081748047,-2.127847056402093,0.24793071467490355,-8.582426179798695,9.289274499620941e-18,4.8757597244228544e-17,PGM5P4,unprocessed_pseudogene,Down
ENSG00000180537,89.57585278939331,-2.017056176649222,0.23503572537453657,-8.58191312590876,9.330810010790852e-18,4.8956120172016464e-17,RNF182,protein_coding,Down
ENSG00000180481,36.917254834017406,-1.3364806366908526,0.1558261922193225,-8.57673936362239,9.760043927033887e-18,5.1157296433290323e-17,GLIPR1L2,protein_coding,Down
ENSG00000227307,10.091908388589811,-2.7362138850983406,0.3190962521720172,-8.574885685662371,9.91852611854507e-18,5.1967322421226604e-17,AC010998.1,lncRNA,Down
ENSG00000171388,761.7594045006932,-1.5950130290696451,0.1860293853750958,-8.57398429744623,9.996506386717406e-18,5.234469289470571e-17,APLN,protein_coding,Down
ENSG00000273123,4.096016226881354,-1.508114107672923,0.17591850188695707,-8.572799856163039,1.0099894487963921e-17,5.286506900508309e-17,AC020634.2,lncRNA,Down
ENSG00000126218,176.92703532154977,-1.5094147863792209,0.17614419809161283,-8.569199569060867,1.0420680737729098e-17,5.4500862961903276e-17,F10,protein_coding,Down
ENSG00000134020,1707.8322902264922,-2.5363277247724123,0.29614762217574364,-8.564403476004522,1.0863679589568317e-17,5.673900391699673e-17,PEBP4,protein_coding,Down
ENSG00000133661,11879.465024382242,-2.213355617328438,0.2584861402446186,-8.56276323068551,1.1019408122919247e-17,5.75067865033407e-17,SFTPD,protein_coding,Down
ENSG00000203747,5698.914113828788,-1.2885350094863728,0.15051977903884545,-8.560569366460694,1.1231147124589841e-17,5.857700745162859e-17,FCGR3A,protein_coding,Down
ENSG00000250073,69.63240853554063,-1.4240791730098397,0.16664609809077768,-8.545529654310275,1.2794810200523498e-17,6.660069976071943e-17,AP000866.2,lncRNA,Down
ENSG00000120162,805.5529763343479,-1.06648259154562,0.12491641089484203,-8.537569915000308,1.370740335061185e-17,7.119642039701291e-17,MOB3B,protein_coding,Down
ENSG00000196730,4788.761794812946,-1.0911234042913023,0.1278114634355768,-8.536976065854073,1.3778008026043313e-17,7.153496193084507e-17,DAPK1,protein_coding,Down
ENSG00000253105,4.365573283199318,-2.1834834761305895,0.2558864035597016,-8.533018737047334,1.4257758505500503e-17,7.39675569132497e-17,AP003548.1,lncRNA,Down
ENSG00000254481,6.528787709600654,-1.2332037654552654,0.1445268051552497,-8.532699274231975,1.4297198674935905e-17,7.415757849293073e-17,PTP4A2P2,processed_pseudogene,Down
ENSG00000026508,16684.839419384167,-1.041301513305013,0.12208901105654149,-8.529035531484226,1.4757286030791634e-17,7.64237298963031e-17,CD44,protein_coding,Down
ENSG00000255471,27.044698640455792,-1.4179019762289982,0.16629653943575698,-8.52634685628414,1.5104191374034186e-17,7.820489427317523e-17,AP001528.1,lncRNA,Down
ENSG00000171873,32.053661742505746,-1.8848219188352233,0.22150177153311112,-8.50928597902194,1.7500770559534388e-17,9.027686221731647e-17,ADRA1D,protein_coding,Down
ENSG00000229108,8.757471030196092,-1.5964806511227971,0.18785474774691927,-8.498484442211701,1.920819881534736e-17,9.879465628256483e-17,LINC02587,lncRNA,Down
ENSG00000279317,10.668679237936166,-1.691322935920842,0.19903427586935876,-8.497646591439281,1.934730928594346e-17,9.949074607455713e-17,AC006994.1,lncRNA,Down
ENSG00000175967,5.295030931146275,-2.381164335302411,0.2802931013100935,-8.495265577971125,1.9748084361783573e-17,1.0139349389023223e-16,LINC02880,lncRNA,Down
ENSG00000107317,108.32265664362285,-1.487619931184366,0.17523097074748537,-8.489480625705625,2.0756261482698244e-17,1.0634206631022978e-16,PTGDS,protein_coding,Down
ENSG00000074660,1017.9939127619396,-1.105397177908769,0.1302165641645759,-8.48891371847055,2.0857750172768414e-17,1.0684127273813192e-16,SCARF1,protein_coding,Down
ENSG00000286035,8.623813311866375,-1.8915160754374163,0.22290408590625674,-8.485784671676685,2.1426789495449316e-17,1.0962833507857946e-16,AC073840.1,lncRNA,Down
ENSG00000147160,12.449398518249518,-2.6144745206922497,0.30819026985255904,-8.48331299344083,2.188708620975568e-17,1.1193996573918876e-16,AWAT2,protein_coding,Down
ENSG00000267072,28.25706014014575,-1.8557911479729432,0.21878403417907016,-8.482296959813882,2.2079117760178956e-17,1.1290020076321874e-16,NAGPA-AS1,lncRNA,Down
ENSG00000185112,498.2628871028628,-1.1738141749618718,0.13872285445752894,-8.461577434749543,2.637848222913996e-17,1.3441557031544362e-16,FAM43A,protein_coding,Down
ENSG00000262370,71.47107731608588,-1.3225064772998105,0.15645967996397853,-8.45269834122305,2.846464323477892e-17,1.4468246763707017e-16,AC108134.3,lncRNA,Down
ENSG00000174326,145.73677137949707,-1.5918992582134248,0.18834584872630264,-8.452000768685458,2.8635271358922305e-17,1.4549366199128732e-16,SLC16A11,protein_coding,Down
ENSG00000187678,3313.3180474024534,-1.1157668826715343,0.1321408662624223,-8.443768489119037,3.072674590225204e-17,1.5591000374107875e-16,SPRY4,protein_coding,Down
ENSG00000120057,100.01378835848871,-2.6148793526503495,0.3097416048180763,-8.442131479838407,3.1160256791995477e-17,1.5795770311513278e-16,SFRP5,protein_coding,Down
ENSG00000231698,17.876584413084966,-4.080812495178411,0.4836200082993548,-8.438055550117848,3.22660282704281e-17,1.6343741173476548e-16,AP002856.2,lncRNA,Down
ENSG00000125409,33.869466955423896,-1.7794038476202345,0.211033941602489,-8.431837239584818,3.402800437819253e-17,1.7213091798444984e-16,TEKT3,protein_coding,Down
ENSG00000167083,119.10727653337752,-1.0771110937866004,0.12779741983592294,-8.428269484387762,3.5081442231109624e-17,1.7725572554787524e-16,GNGT2,protein_coding,Down
ENSG00000235172,9.41005086107393,-1.399966701563776,0.16643717611443815,-8.411382205867234,4.0520698624554434e-17,2.036072451847371e-16,LINC01366,lncRNA,Down
ENSG00000013588,33061.42760896849,-1.2946393734361332,0.15400260792872428,-8.406606815615229,4.2204295728078116e-17,2.119054223818393e-16,GPRC5A,protein_coding,Down
ENSG00000267405,4.332634975192523,-1.7695073853262877,0.21063849273569468,-8.400683855759608,4.4388596234318535e-17,2.2228015243049367e-16,AC005180.1,lncRNA,Down
ENSG00000156206,40.07952053236694,-2.0946978953124953,0.249354431626864,-8.400483928222373,4.446424001930403e-17,2.226166715984521e-16,CFAP161,protein_coding,Down
ENSG00000157168,255.06549402408766,-1.753485164077553,0.20884406344244466,-8.396145598655218,4.6137348928474805e-17,2.3073049331384045e-16,NRG1,protein_coding,Down
ENSG00000281692,4.9757279721349725,-2.107893884298199,0.25106412153302876,-8.39583876591819,4.625800519385592e-17,2.312900259692796e-16,PACRG-AS1,lncRNA,Down
ENSG00000139537,189.84474796319526,-1.2656650627072716,0.15102649298933873,-8.38041748606728,5.274029536498647e-17,2.629535996927005e-16,CCDC65,protein_coding,Down
ENSG00000120051,70.49053349922747,-1.8826957196257703,0.22480882581382097,-8.374652164167944,5.538721608456193e-17,2.758898542028519e-16,CFAP58,protein_coding,Down
ENSG00000215861,103.70382199315019,-1.2456333967700037,0.1488209802967441,-8.370012039204768,5.761234736332432e-17,2.867026986168829e-16,AC245297.1,transcribed_unprocessed_pseudogene,Down
ENSG00000117598,5.000104171625342,-2.5184037515420212,0.300977845288141,-8.367405744203626,5.890060417710973e-17,2.9294774276695277e-16,PLPPR5,protein_coding,Down
ENSG00000110675,19.399224267322218,-1.7506997696373798,0.20928633611292544,-8.365093498950396,6.006727363270459e-17,2.986939478963643e-16,ELMOD1,protein_coding,Down
ENSG00000166106,285.09934898875184,-1.5069818613770836,0.18017609240363255,-8.363939084665715,6.065824694250181e-17,3.0151893909024933e-16,ADAMTS15,protein_coding,Down
ENSG00000178826,107.99604929426998,-1.885888592184842,0.22556341958808068,-8.36079092801844,6.229916577259272e-17,3.0932573930018267e-16,TMEM139,protein_coding,Down
ENSG00000255587,29.222979020022066,-1.4807513030376172,0.17711697162202317,-8.360301610156352,6.255811475776946e-17,3.10552990617918e-16,RAB44,protein_coding,Down
ENSG00000120693,504.22373882996203,-1.464379755656052,0.17516712632534576,-8.359900549696716,6.277114894553793e-17,3.114932626446811e-16,SMAD9,protein_coding,Down
ENSG00000169439,2604.5476145715534,-1.1120809329560137,0.13318868755746172,-8.349665075543504,6.845680761194304e-17,3.386242762571634e-16,SDC2,protein_coding,Down
ENSG00000121440,532.9421036318001,-1.1264038033110633,0.1349252707263509,-8.348353108704023,6.922136436183816e-17,3.423419689087907e-16,PDZRN3,protein_coding,Down
ENSG00000263961,85.55603508222242,-1.6732685585618678,0.20069150016016593,-8.337515825166895,7.5867498483273e-17,3.745789056363806e-16,RHEX,protein_coding,Down
ENSG00000172426,134.08200013300944,-1.5294577050956195,0.18368567864027538,-8.326494021838602,8.327174549879337e-17,4.102907191336288e-16,RSPH9,protein_coding,Down
ENSG00000133107,47.22749451033772,-1.0774995503629679,0.12952765548258463,-8.318683344869472,8.894582873781159e-17,4.3751193878307997e-16,TRPC4,protein_coding,Down
ENSG00000132554,126.94466423791826,-1.967459098114407,0.23651730458300244,-8.31845729674276,8.911559575721915e-17,4.3826524806375776e-16,RGS22,protein_coding,Down
ENSG00000107736,287.46821226672364,-1.2670098871195952,0.15231391450007617,-8.318411953879378,8.914968768168131e-17,4.383511587107843e-16,CDH23,protein_coding,Down
ENSG00000144724,2086.2856119483886,-1.0244484706268115,0.1231615112450555,-8.317927088345462,8.951504843184997e-17,4.400655904451685e-16,PTPRG,protein_coding,Down
ENSG00000184226,306.31137012587084,-1.980575498037877,0.23839371594226064,-8.308002122495441,9.732678800275896e-17,4.766030454285522e-16,PCDH9,protein_coding,Down
ENSG00000239828,6.68267128856468,-1.613724131109304,0.19429924976387497,-8.305354411148814,9.952193412539464e-17,4.866295944533018e-16,AC063944.1,lncRNA,Down
ENSG00000249679,26.806846735562175,-1.3824770060537697,0.16657026044077575,-8.29966287136419,1.044072438417472e-16,5.093837224989591e-16,AC106897.1,lncRNA,Down
ENSG00000164330,255.72061772890174,-1.040264296008541,0.12539040659102876,-8.296203228700339,1.0749158397283917e-16,5.238501329446994e-16,EBF1,protein_coding,Down
ENSG00000222808,8.597887418579434,-1.2341755774000298,0.14876641405339844,-8.29606322941301,1.0761826966481901e-16,5.241769063652155e-16,RNU4-47P,snRNA,Down
ENSG00000068366,5170.307291725803,-1.0027907722825729,0.12088221609621444,-8.295602154451043,1.0803653928704677e-16,5.261169974144827e-16,ACSL4,protein_coding,Down
ENSG00000143119,3612.871679387904,-1.0460256481098535,0.12610219347145282,-8.295063069990565,1.085276092197657e-16,5.283132832056898e-16,CD53,protein_coding,Down
ENSG00000181409,1001.3335650826305,-1.4193230305642677,0.17151173654917728,-8.275369715922078,1.2805764880452218e-16,6.197247566480546e-16,AATK,protein_coding,Down
ENSG00000058335,980.6883114604097,-2.0435378934910955,0.2469501684943982,-8.275102244109021,1.283454397031425e-16,6.208896064890603e-16,RASGRF1,protein_coding,Down
ENSG00000143248,4900.695176085877,-1.0931390717767804,0.132163161605869,-8.271132882222432,1.326920554783848e-16,6.41211197171524e-16,RGS5,protein_coding,Down
ENSG00000168079,411.7807201397178,-2.318439067518963,0.2803154659901817,-8.270821088409615,1.3303956681314533e-16,6.427726963837747e-16,SCARA5,protein_coding,Down
ENSG00000150045,58.52151185130533,-1.567956687001179,0.1898852591855895,-8.257390245699346,1.4889200484857884e-16,7.16474848149092e-16,KLRF1,protein_coding,Down
ENSG00000228027,4.910745641971919,-3.359043040994653,0.4069015256490732,-8.255174358553806,1.5168064171480551e-16,7.293615102150659e-16,AL136369.1,lncRNA,Down
ENSG00000279838,28.213694411936533,-1.231837669843643,0.14928674701419187,-8.25148711778507,1.5643550215603183e-16,7.518141410341824e-16,AL356273.3,TEC,Down
ENSG00000116667,2137.239514679057,-1.1020680079079075,0.1336226052142038,-8.24761653270595,1.6158490069642436e-16,7.755722299535331e-16,C1orf21,protein_coding,Down
ENSG00000146469,5.6287626198330765,-1.6221150990083995,0.19672821881073116,-8.245462236248926,1.6452298064623726e-16,7.893870086683545e-16,VIP,protein_coding,Down
ENSG00000101445,902.2357298631082,-1.1860049579326855,0.14385438823366284,-8.244482302522856,1.6587680511175361e-16,7.957379208289873e-16,PPP1R16B,protein_coding,Down
ENSG00000137757,27.50391763799983,-1.3921202400838815,0.16892973233029238,-8.240824281672335,1.7102825376975868e-16,8.192579567499613e-16,CASP5,protein_coding,Down
ENSG00000197291,62.48092147089366,-1.6923253768301532,0.20537907477261733,-8.240008767708144,1.721980363614357e-16,8.245618701381986e-16,RAMP2-AS1,lncRNA,Down
ENSG00000238099,5.331840477553984,-2.0611696698998943,0.25049853809885414,-8.22827025476091,1.8993617301406714e-16,9.073581308661142e-16,LINC01625,lncRNA,Down
ENSG00000064763,439.79315415255616,-1.2261301880212405,0.1490408092873472,-8.226808441822737,1.922675673602e-16,9.181629393858158e-16,FAR2,protein_coding,Down
ENSG00000137819,549.0537040706181,-1.4201093302687917,0.172890474221571,-8.213924663361292,2.1407392044441574e-16,1.0187925071501973e-15,PAQR5,protein_coding,Down
ENSG00000237813,25.554297163335946,-1.7962077787413342,0.21873398098985217,-8.211836910812073,2.178300154347159e-16,1.0353600409180711e-15,AC002066.1,lncRNA,Down
ENSG00000280099,156.85828539624836,-1.189123570343152,0.14489634701131981,-8.206718767383787,2.2731517046888856e-16,1.078887877117457e-15,AL603750.1,TEC,Down
ENSG00000089169,14.303763449603228,-1.8895587588441927,0.23055684399882137,-8.19563074368702,2.492825001732205e-16,1.1797522486661568e-15,RPH3A,protein_coding,Down
ENSG00000110079,1235.8466336807537,-1.205410989662464,0.1471861009004156,-8.18970665224722,2.6186364009202365e-16,1.2370734842756474e-15,MS4A4A,protein_coding,Down
ENSG00000140379,553.5798209481258,-1.2591569233291022,0.15376545291322952,-8.188815494463828,2.6380959922514e-16,1.2460431903218596e-15,BCL2A1,protein_coding,Down
ENSG00000142227,2040.3214410398602,-1.019980202437799,0.12462120141811169,-8.184644272652319,2.7310917520630957e-16,1.2885827429218793e-15,EMP3,protein_coding,Down
ENSG00000093072,4895.09951897863,-1.0207866467695952,0.12489686765301088,-8.173036409572337,3.0072317860022386e-16,1.4143160727105231e-15,ADA2,protein_coding,Down
ENSG00000172935,196.36782270832398,-1.2236230868301665,0.14978231947196768,-8.169342624308687,3.1007438273509335e-16,1.4572556536667994e-15,MRGPRF,protein_coding,Down
ENSG00000141294,381.3241509212346,-1.8364214219605413,0.22486898545613818,-8.166628306858016,3.1712808381589896e-16,1.4893441799154506e-15,LRRC46,protein_coding,Down
ENSG00000132031,460.9134676588053,-1.5201505970554674,0.18620675713902576,-8.163777837130217,3.2470586524135846e-16,1.5233043348896322e-15,MATN3,protein_coding,Down
ENSG00000168995,130.82911212800693,-1.2276725236884283,0.15055475356333556,-8.154325882324065,3.511328877255026e-16,1.6434814074053077e-15,SIGLEC7,protein_coding,Down
ENSG00000104894,1682.7491109855096,-1.100065598588192,0.1350138669567154,-8.147797136577577,3.706133931883978e-16,1.7322004924455954e-15,CD37,protein_coding,Down
ENSG00000112530,85.46801699244047,-2.065713510251576,0.25362642602610436,-8.144709297914263,3.80194198533537e-16,1.7750922477566167e-15,PACRG,protein_coding,Down
ENSG00000165383,37.95652843389004,-2.241398340657183,0.2753218051450623,-8.141012803095014,3.9198493530395127e-16,1.8285233935901633e-15,LRRC18,protein_coding,Down
ENSG00000196381,33.68198334274205,-1.1320677641735295,0.13911094395195853,-8.137877093009198,4.0226889525231527e-16,1.8745062321617874e-15,ZNF781,protein_coding,Down
ENSG00000164972,269.7880095054504,-2.4194411167463743,0.29742931224539904,-8.13450798941489,4.136147000792157e-16,1.925674371661179e-15,C9orf24,protein_coding,Down
ENSG00000232884,53.559240454094144,-1.3540920062145014,0.1665061908312439,-8.132382342389242,4.209346860661107e-16,1.9580256961656974e-15,AF127936.1,lncRNA,Down
ENSG00000172361,163.58394117252226,-1.5832238590874776,0.19477941127441378,-8.128291633744402,4.3538272775697168e-16,2.0234477495508184e-15,CFAP53,protein_coding,Down
ENSG00000286196,10.534144365735203,-1.691128092636581,0.20809778633131182,-8.126602990116105,4.414884016635365e-16,2.051100978130278e-15,AL162586.2,lncRNA,Down
ENSG00000152760,82.70461072189335,-1.6870518863358275,0.207743247876852,-8.120850634509642,4.629274818224093e-16,2.1491897351508686e-15,TCTEX1D1,protein_coding,Down
ENSG00000077616,69.67016868017596,-1.0535556314015497,0.12980524391548287,-8.11643350932361,4.800835568656193e-16,2.2245305560615675e-15,NAALAD2,protein_coding,Down
ENSG00000130032,57.582353206421075,-1.4771747824821027,0.18200467637446002,-8.116136419719975,4.812596793274268e-16,2.2291968634927532e-15,PRRG3,protein_coding,Down
ENSG00000286997,35.03984723353042,-1.660382028923296,0.20472367244778872,-8.110356799830992,5.047133709467299e-16,2.333735155508551e-15,AC005856.1,lncRNA,Down
ENSG00000130700,52.0380867278856,-1.5655408652216318,0.1932016775604614,-8.103143228307138,5.355712355934449e-16,2.4707861236177646e-15,GATA5,protein_coding,Down
ENSG00000108370,267.1743889532827,-1.082560277375606,0.13360075300110166,-8.102950418001607,5.364210415746113e-16,2.474273721588683e-15,RGS9,protein_coding,Down
ENSG00000232188,5.730354964635713,-2.9019604205145284,0.3581438939383335,-8.102777876799983,5.371826385292159e-16,2.476920122052006e-15,AL354714.3,lncRNA,Down
ENSG00000183580,466.95968834339186,-1.0344355291258078,0.1277725432050553,-8.095914060861244,5.683593950000353e-16,2.615187095821136e-15,FBXL7,protein_coding,Down
ENSG00000186105,13.748057655036398,-1.192267910346448,0.14732362022675663,-8.092849663287806,5.828478542958454e-16,2.680917132004438e-15,LRRC70,protein_coding,Down
ENSG00000185008,422.172862330558,-1.7065565314439257,0.2108938508551485,-8.092016550146198,5.868493342935459e-16,2.698851926285456e-15,ROBO2,protein_coding,Down
ENSG00000182985,5686.898504842774,-1.3802715268360943,0.1706125905950548,-8.090091839189865,5.96197609030163e-16,2.7399321976516904e-15,CADM1,protein_coding,Down
ENSG00000102174,151.64359883364568,-1.3183130395430804,0.16297402843447997,-8.089098933165774,6.010773477408585e-16,2.7613954111370108e-15,PHEX,protein_coding,Down
ENSG00000099994,11535.979288670584,-2.0161154013528066,0.24924887427877868,-8.088764321149277,6.0273068252634e-16,2.7685086392997013e-15,SUSD2,protein_coding,Down
ENSG00000165966,27.492519190005314,-1.8080810734310007,0.22357648374652106,-8.087080730193904,6.111176268107212e-16,2.8055661244774927e-15,PDZRN4,protein_coding,Down
ENSG00000233968,34.89744204140002,-1.3927166017161394,0.1722218092142258,-8.08676095130174,6.127235768245356e-16,2.8124492116384684e-15,AL157895.1,lncRNA,Down
ENSG00000143196,382.4987285981703,-1.4727452079482994,0.18216091692343908,-8.084858337462604,6.223649601397322e-16,2.856206752329401e-15,DPT,protein_coding,Down
ENSG00000253636,40.33505373660594,-1.2814758840527374,0.1585743910647918,-8.08122847231455,6.411755597056517e-16,2.9409983491803855e-15,AC022893.1,lncRNA,Down
ENSG00000259004,5.6245031140182356,-1.234948588852551,0.15303045613112234,-8.069953001998503,7.032523335848381e-16,3.218459569009403e-15,LINC02285,lncRNA,Down
ENSG00000185585,1370.9623498823103,-1.1688476800349694,0.1448568235392008,-8.068985992355815,7.088439686668859e-16,3.2434869779187545e-15,OLFML2A,protein_coding,Down
ENSG00000155897,36.47819707662087,-3.4276466279391093,0.42483958528094246,-8.068096163102219,7.140280047059818e-16,3.265507888327565e-15,ADCY8,protein_coding,Down
ENSG00000214578,19.25062426729903,-1.6288097194456221,0.202087212688779,-8.059934608302225,7.633527240970604e-16,3.482029291548086e-15,HMGN2P15,processed_pseudogene,Down
ENSG00000255495,16.548224035445152,-1.277113933479166,0.15847227918835685,-8.058910618438288,7.697735582140844e-16,3.5094966684137977e-15,AC145124.1,lncRNA,Down
ENSG00000130208,2176.87744273623,-1.3892345241591348,0.17246891409142698,-8.054985047465957,7.94885253880494e-16,3.6214796380146216e-15,APOC1,protein_coding,Down
ENSG00000172752,280.3636387776379,-1.682266413431468,0.20890344159812468,-8.052842023865296,8.089328793062081e-16,3.682935087587139e-15,COL6A5,protein_coding,Down
ENSG00000137821,204.9908774714637,-1.061551408720867,0.13186792250565207,-8.050110963683128,8.27190049533892e-16,3.7647569220242895e-15,LRRC49,protein_coding,Down
ENSG00000149781,1968.482890022782,-1.0153895674815507,0.126223236315665,-8.044394971320628,8.667255731902088e-16,3.938575454941549e-15,FERMT3,protein_coding,Down
ENSG00000175489,539.2252053104138,-1.0619201686226138,0.1320495281040186,-8.041832362976063,8.850491643267815e-16,4.017687461404239e-15,LRRC25,protein_coding,Down
ENSG00000100678,28.276006384700185,-1.5774880150611208,0.19621307367056956,-8.039668231840821,9.008203368376961e-16,4.085764066461996e-15,SLC8A3,protein_coding,Down
ENSG00000259363,46.80170982844633,-1.1375277269700048,0.14150097861585642,-8.03900961037265,9.056747816200893e-16,4.106369324505116e-15,AC090825.1,lncRNA,Down
ENSG00000137941,367.80433052986535,-1.5298676977655135,0.1904399222920121,-8.033335024258633,9.485817917486968e-16,4.2979556440572396e-15,TTLL7,protein_coding,Down
ENSG00000203797,153.89551273495374,-1.3047436347578791,0.16244146875384574,-8.032084693441247,9.583017712750997e-16,4.340504587517069e-15,DDO,protein_coding,Down
ENSG00000278931,5.262846382925854,-2.0049876976890566,0.24987728257221342,-8.023889475065122,1.0244848708370817e-15,4.629140857432119e-15,CR381670.1,unprocessed_pseudogene,Down
ENSG00000050165,4175.8945466257865,-1.1181714614790526,0.13940092538903792,-8.021262831351207,1.0466350606640997e-15,4.725987422895943e-15,DKK3,protein_coding,Down
ENSG00000183644,105.30700865116799,-2.444637156500748,0.3047959248673417,-8.020570345764115,1.052552873891798e-15,4.7510816988234695e-15,HOATZ,protein_coding,Down
ENSG00000144802,2824.3332365806823,-1.142988178587174,0.14265779011144888,-8.012097886096754,1.1276805324805969e-15,5.079763519219908e-15,NFKBIZ,protein_coding,Down
ENSG00000108405,205.17776308559647,-1.2030944244261963,0.15025494739091066,-8.00702036982627,1.1752103089637716e-15,5.2866420756353895e-15,P2RX1,protein_coding,Down
ENSG00000127074,70.22323582824946,-1.5608866546968434,0.1950932000855333,-8.000723008349421,1.2369075346942096e-15,5.557548422199064e-15,RGS13,protein_coding,Down
ENSG00000167613,2092.5338673608308,-1.067223313028768,0.13341963823538922,-7.998997202689837,1.2543656743678143e-15,5.632151001716204e-15,LAIR1,protein_coding,Down
ENSG00000196581,43.88051559306606,-1.8359998060002185,0.2295295039183803,-7.9989708279641984,1.2546343536999642e-15,5.632398349858368e-15,AJAP1,protein_coding,Down
ENSG00000057704,743.6787241550976,-1.009496823932236,0.12634722817092528,-7.989861262065574,1.3509069454627995e-15,6.053256780264065e-15,TMCC3,protein_coding,Down
ENSG00000187821,3.9902775303242066,-3.3099026675647427,0.4143144965014152,-7.988865211124557,1.3618649292032401e-15,6.099249012073614e-15,HELT,protein_coding,Down
ENSG00000197168,171.58593203853988,-1.6167528287138684,0.20249530772942395,-7.984149592612725,1.4149434881813017e-15,6.3285795534969794e-15,NEK5,protein_coding,Down
ENSG00000149021,3785.6372579261943,-3.1959907004818673,0.4004551860303466,-7.9808947716803305,1.45276279726431e-15,6.493111010823704e-15,SCGB1A1,protein_coding,Down
ENSG00000260941,23.49165269692769,-1.2525351121909725,0.1569504952694701,-7.980447019555309,1.458042744486215e-15,6.5156053502968115e-15,LINC00622,lncRNA,Down
ENSG00000112936,5333.100037701027,-1.8053790503098293,0.22625728489222122,-7.979318991518132,1.4714285249323049e-15,6.5743087432166864e-15,C7,protein_coding,Down
ENSG00000004838,452.9095021058144,-1.9836102016279744,0.24883748354044216,-7.971508847482736,1.5674866974377334e-15,6.991648208970404e-15,ZMYND10,protein_coding,Down
ENSG00000116833,213.28567951860634,-1.199197329375789,0.15049755754994615,-7.968217882724159,1.6097886390968264e-15,7.176690855956604e-15,NR5A2,protein_coding,Down
ENSG00000102010,82.46225689314231,-1.75728470870187,0.2205590033553835,-7.967413172748078,1.6203022557548349e-15,7.22112058209481e-15,BMX,protein_coding,Down
ENSG00000249241,10.631009287944543,-2.0192637088613505,0.25344099337035975,-7.9673918650979605,1.620581559466721e-15,7.22114493462951e-15,LINC02265,lncRNA,Down
ENSG00000162148,130.5482075634783,-1.310439865125507,0.16447949286520197,-7.967193005631826,1.6231905251838613e-15,7.23154825968887e-15,PPP1R32,protein_coding,Down
ENSG00000120262,460.92160897749557,-1.6559170430959216,0.20790223236009167,-7.964883418028111,1.6537962020381768e-15,7.362925181115435e-15,CCDC170,protein_coding,Down
ENSG00000166960,10.150841495447098,-2.0013526255739262,0.25141316014041504,-7.960413148047478,1.7146577736114742e-15,7.622307061721944e-15,CCDC178,protein_coding,Down
ENSG00000259094,51.1054318869034,-3.193881955336543,0.40127399176737244,-7.959354508049224,1.7293908894773675e-15,7.686505605177513e-15,AC013457.1,lncRNA,Down
ENSG00000165323,120.26564130327603,-2.027751860513429,0.25501992889087854,-7.951346662719411,1.844948791618235e-15,8.184942738050615e-15,FAT3,protein_coding,Down
ENSG00000189367,8.26702549851447,-2.1018777377206153,0.26438048868612124,-7.950199911370971,1.862107804200776e-15,8.258288395017569e-15,KIAA0408,protein_coding,Down
ENSG00000279430,4.195010221307275,-1.7762913169521564,0.22347212995249754,-7.948603332906589,1.886259665571385e-15,8.360606753219155e-15,AL590560.4,TEC,Down
ENSG00000168329,284.72798757119574,-1.5615274970717656,0.19647979058046042,-7.947522197873601,1.9027891984860943e-15,8.430200128373372e-15,CX3CR1,protein_coding,Down
ENSG00000100312,10.58551548594675,-1.4742170355102198,0.18552584055375704,-7.946154730305927,1.9239009459253257e-15,8.520871337596715e-15,ACR,protein_coding,Down
ENSG00000214212,147.5045678368817,-1.0696355085908147,0.1346232428325415,-7.9453999627786365,1.935652108858203e-15,8.567161146457e-15,C19orf38,protein_coding,Down
ENSG00000166341,1140.968370220362,-1.0513020615929618,0.1323490331370768,-7.943405680222123,1.9670428067999025e-15,8.70317429787138e-15,DCHS1,protein_coding,Down
ENSG00000248079,9.546273235288968,-1.2879474090378358,0.16241798033879531,-7.929832684480163,2.1944133468551755e-15,9.676702333874746e-15,DPH6-DT,lncRNA,Down
ENSG00000137273,363.74385870838654,-1.244437664329866,0.1570879400519319,-7.921917264421864,2.3387591929313313e-15,1.0287419502518634e-14,FOXF2,protein_coding,Down
ENSG00000198771,1232.05005115063,-1.002949237929706,0.1266428624972811,-7.919508594108399,2.3845108572992945e-15,1.0478178854687952e-14,RCSD1,protein_coding,Down
ENSG00000103740,34.185573836507956,-1.6111906336714743,0.20358681134711212,-7.914022637372226,2.49202957815332e-15,1.0937886147786793e-14,ACSBG1,protein_coding,Down
ENSG00000179094,5627.79849876109,-1.1516399152085073,0.14568063781388876,-7.905236636043294,2.6742509441870365e-15,1.1710394785488567e-14,PER1,protein_coding,Down
ENSG00000259869,11.972816639322957,-1.390123615170519,0.1759929838641608,-7.898744510425927,2.8172667893772494e-15,1.232437379493664e-14,AL022344.1,lncRNA,Down
ENSG00000064886,1100.6566441752761,-1.7275453661649387,0.21878771473022446,-7.895988896337636,2.88022331080955e-15,1.259560343383878e-14,CHI3L2,protein_coding,Down
ENSG00000186407,235.57694536746405,-1.4354140912715998,0.18205223123993342,-7.884627842763509,3.1547428754658913e-15,1.3757329192332651e-14,CD300E,protein_coding,Down
ENSG00000119698,100.69714747924777,-1.7720042226421218,0.2248266989455237,-7.881644977901333,3.2309894186988092e-15,1.4082841482824396e-14,PPP4R4,protein_coding,Down
ENSG00000267414,48.7144846320402,-1.101470274819164,0.13979426553386648,-7.879223590557958,3.2942155934771933e-15,1.43536789821536e-14,SETBP1-DT,lncRNA,Down
ENSG00000196972,92.81180000564372,-1.0348539611896954,0.1313445221058658,-7.878927454283829,3.302031290704292e-15,1.4385356870291125e-14,SMIM10L2B,protein_coding,Down
ENSG00000187758,7.778235068313407,-2.2109703596093038,0.28081974325954534,-7.873272491264378,3.4548304757448512e-15,1.5038606742388863e-14,ADH1A,protein_coding,Down
ENSG00000286214,140.24602917722478,-1.368014250990529,0.1739329282975514,-7.86518265621466,3.6855927833259814e-15,1.60245806589128e-14,AUXG01000058.1,lncRNA,Down
ENSG00000154153,728.0498177012403,-1.438675592672408,0.1829785283830715,-7.862537781812814,3.764279753814637e-15,1.636130824263919e-14,RETREG1,protein_coding,Down
ENSG00000255468,140.1864027574678,-1.1959246686469651,0.15211649800061122,-7.861899822609377,3.78350574141106e-15,1.6439454012359473e-14,AP001107.9,lncRNA,Down
ENSG00000255422,30.06034494146445,-1.3846251526450775,0.17616388084622686,-7.859869719001673,3.8453319660829295e-15,1.669708610993032e-14,AP002954.1,lncRNA,Down
ENSG00000082397,1492.578313770914,-1.1171455838831188,0.14214432916417627,-7.85923427583818,3.864887819251228e-15,1.677923802990696e-14,EPB41L3,protein_coding,Down
ENSG00000234699,4.442223159565689,-1.1233461970983836,0.14293525969631746,-7.85912586918765,3.8682338123024186e-15,1.679100010377198e-14,AL139339.1,lncRNA,Down
ENSG00000138759,978.3475435990744,-1.5511328363098056,0.1974304835441861,-7.8566025289739665,3.946928037720319e-15,1.711850203202053e-14,FRAS1,protein_coding,Down
ENSG00000187942,49.78913046094549,-1.1127056921691008,0.1416368821145512,-7.856044806671057,3.964533002234694e-15,1.7192030137959035e-14,LDLRAD2,protein_coding,Down
ENSG00000131409,100.0094172609961,-1.3025073869802481,0.16579897756245326,-7.855943420939485,3.9677416205021e-15,1.720311518129569e-14,LRRC4B,protein_coding,Down
ENSG00000175318,1167.228627360002,-1.3010832185491594,0.16572301708230194,-7.850950588855204,4.1289562269179305e-15,1.7875648613335384e-14,GRAMD2A,protein_coding,Down
ENSG00000143768,48.68660330087518,-1.8873115667128837,0.24045595083197854,-7.848886917469825,4.197458724532591e-15,1.816029311992197e-14,LEFTY2,protein_coding,Down
ENSG00000231007,7.557296238172174,-1.326576617626869,0.1690483676419898,-7.847319889159118,4.2502216490725295e-15,1.8382539754968446e-14,CDC20P1,processed_pseudogene,Down
ENSG00000231768,16.389408346416353,-1.8231529171149954,0.2325004483094499,-7.841502802990053,4.451859886065324e-15,1.923255982888968e-14,LINC01354,lncRNA,Down
ENSG00000095383,2851.916856494734,-1.0230277902954408,0.13051718807732157,-7.838261039529706,4.5682857498091184e-15,1.9732300609740612e-14,TBC1D2,protein_coding,Down
ENSG00000081818,145.68641400428785,-1.0495300650505424,0.13401065165463308,-7.831691377453708,4.813499416513589e-15,2.0781267127286074e-14,PCDHB4,protein_coding,Down
ENSG00000166596,168.77563109727078,-2.084824786502597,0.266214317390295,-7.8313773914948746,4.825537952917214e-15,2.082983071180667e-14,CFAP52,protein_coding,Down
ENSG00000186952,108.78033482273933,-1.859429508327192,0.23774195182482957,-7.821209063250379,5.231837045861804e-15,2.2517307475008284e-14,TMEM232,protein_coding,Down
ENSG00000080618,508.526371515804,-2.685470194787784,0.3434224037150484,-7.819729189875535,5.293709704421546e-15,2.2768736732277958e-14,CPB2,protein_coding,Down
ENSG00000144891,141.2114056988032,-1.7951718590748178,0.22963202793737958,-7.817602253481641,5.3838991288718105e-15,2.3149098325183374e-14,AGTR1,protein_coding,Down
ENSG00000138395,38.03174317770134,-1.307472866918456,0.16732793813503255,-7.813834805418651,5.547379082784262e-15,2.3817060633836045e-14,CDK15,protein_coding,Down
ENSG00000174156,21.24526227489803,-2.543196977635934,0.32555450878171266,-7.811892967334608,5.633539287814574e-15,2.416081127764337e-14,GSTA3,protein_coding,Down
ENSG00000110665,111.67361105022734,-1.3085603828695196,0.1675407920657747,-7.8103986899846625,5.700736634267724e-15,2.4427758375957084e-14,C11orf21,protein_coding,Down
ENSG00000021852,190.6719931525568,-2.66002511753744,0.3407436939434253,-7.806527794404589,5.878501069823318e-15,2.5177208577430712e-14,C8B,protein_coding,Down
ENSG00000137225,17.803544389648003,-1.1880820865783184,0.15262570828801056,-7.784285490989251,7.01082843165286e-15,2.985234066570094e-14,CAPN11,protein_coding,Down
ENSG00000141505,193.8309043331776,-1.1621498430585162,0.14943720752113393,-7.776843948948663,7.435623483506195e-15,3.1589719874344834e-14,ASGR1,protein_coding,Down
ENSG00000178568,211.1778297061745,-1.8690867556661308,0.24034370923864282,-7.776724265373933,7.442658469199603e-15,3.16145141483237e-14,ERBB4,protein_coding,Down
ENSG00000176533,437.09116637754335,-1.0407783935120998,0.13386560166464487,-7.7748008492832925,7.556619363059443e-15,3.20727591507931e-14,GNG7,protein_coding,Down
ENSG00000068976,66.93274283360759,-1.1912069406389756,0.15363106827903455,-7.753685201716032,8.926344839785685e-15,3.764998615245498e-14,PYGM,protein_coding,Down
ENSG00000177640,160.77399862048162,-1.002105562562959,0.12928562839266533,-7.75109789867263,9.11014152772455e-15,3.841906798114447e-14,CASC2,lncRNA,Down
ENSG00000140807,819.5125155946542,-1.6710227662364927,0.2157038338147673,-7.746838508542508,9.420864439118358e-15,3.967905665694595e-14,NKD1,protein_coding,Down
ENSG00000122733,18.78693163179993,-1.1642090501265128,0.1502856323679231,-7.746642388783673,9.435419831792614e-15,3.9733634775530374e-14,PHF24,protein_coding,Down
ENSG00000286830,28.147231916351686,-1.9317814982492183,0.24952611273616992,-7.7418009564864185,9.801835570123418e-15,4.123714166945669e-14,AC105052.5,lncRNA,Down
ENSG00000257524,10.772226567080565,-1.170785528143012,0.1512681105384666,-7.73980400743677,9.957018380014299e-15,4.184994814806774e-14,AL157935.2,protein_coding,Down
ENSG00000154263,79.05601690524753,-1.395915409879338,0.18050529277735705,-7.733376614064829,1.0473087443114391e-14,4.394197547731528e-14,ABCA10,protein_coding,Down
ENSG00000235904,29.532804847018422,-1.469206179304501,0.1899840449988265,-7.733313496475854,1.0478283584866424e-14,4.39567830310098e-14,RBMS3-AS3,lncRNA,Down
ENSG00000117020,1188.2846640145503,-1.0468737271898665,0.13538594771541243,-7.732513934093394,1.0544327415463624e-14,4.419868287168587e-14,AKT3,protein_coding,Down
ENSG00000274536,96.29672574731383,-1.5068343272394744,0.19489701868181553,-7.73143856910145,1.0633798869794254e-14,4.4566636394862445e-14,MIR223HG,lncRNA,Down
ENSG00000100448,81.36748608765491,-1.8583936411212996,0.24038694830021304,-7.730842519787721,1.0683712143778646e-14,4.4763399579430386e-14,CTSG,protein_coding,Down
ENSG00000187720,1199.7970086203204,-1.0888039102685607,0.14085157915342544,-7.730150537272705,1.0741948121335377e-14,4.4977004121882163e-14,THSD4,protein_coding,Down
ENSG00000205240,4.768438063006254,-2.5202592996086155,0.3262887744594595,-7.7240147283146925,1.1272180868476808e-14,4.713723588673223e-14,OR7E36P,unprocessed_pseudogene,Down
ENSG00000176046,355.0526531817074,-1.1029864356471424,0.14281022612926134,-7.723441559771777,1.1323007586381388e-14,4.732726423409054e-14,NUPR1,protein_coding,Down
ENSG00000171962,299.10739291069905,-1.259453829985638,0.1630694909609588,-7.723417927926012,1.132510801506675e-14,4.732854173649924e-14,DRC3,protein_coding,Down
ENSG00000254415,230.50492782206027,-1.3706532212491396,0.1774951086907749,-7.722202777075048,1.1433630458780219e-14,4.776692572845919e-14,SIGLEC14,protein_coding,Down
ENSG00000182389,180.73320506004808,-1.575686856736266,0.20405326298393317,-7.721939035399464,1.145731945190781e-14,4.7858310462032145e-14,CACNB4,protein_coding,Down
ENSG00000260628,8.825237564878812,-1.1369849117544484,0.14735253223790168,-7.716086683320639,1.1995574506799458e-14,5.004323678916338e-14,AC142381.3,transcribed_unprocessed_pseudogene,Down
ENSG00000012171,2192.2691188519666,-1.525137665803081,0.19779752440505885,-7.710600374754105,1.2522721715017093e-14,5.219285152916085e-14,SEMA3B,protein_coding,Down
ENSG00000197208,155.72179870674756,-1.2316939386241719,0.15974991475651074,-7.710138315263002,1.2568145061674731e-14,5.2373891478565524e-14,SLC22A4,protein_coding,Down
ENSG00000174898,40.39785214098643,-2.5532539209505436,0.33128559274227026,-7.707108237987562,1.2870064162797533e-14,5.360663275516837e-14,CATSPERD,protein_coding,Down
ENSG00000109944,343.49366108412,-1.0121185305021259,0.13135730110153926,-7.705080128890269,1.3076121640142543e-14,5.443911077526979e-14,JHY,protein_coding,Down
ENSG00000100336,847.9234053625963,-1.1242980991901204,0.14592264337271715,-7.7047541985545465,1.3109537794155443e-14,5.45696150957978e-14,APOL4,protein_coding,Down
ENSG00000068615,210.82781151448793,-1.655783106009252,0.21504305168323307,-7.699774966216004,1.3630606118865635e-14,5.66491857138671e-14,REEP1,protein_coding,Down
ENSG00000232046,5.542141836124898,-1.3760337732672066,0.1787293203501973,-7.698981737137722,1.3715476897258378e-14,5.699292873947422e-14,LINC01798,lncRNA,Down
ENSG00000006468,2183.278361948566,-1.2068340435461093,0.15693824439118545,-7.689865833709379,1.472893982552613e-14,6.107912300662431e-14,ETV1,protein_coding,Down
ENSG00000180644,894.4053708765075,-1.2673062836804434,0.16488836160006604,-7.685844357858765,1.5199119623194046e-14,6.296948695422262e-14,PRF1,protein_coding,Down
ENSG00000068831,391.04920213575474,-1.1593677070129234,0.15091731836634864,-7.682138269900757,1.5645483222876576e-14,6.475771348096928e-14,RASGRP2,protein_coding,Down
ENSG00000071991,43.76610063994045,-2.2122699200615714,0.28809452590238693,-7.678972424526871,1.6036974862100906e-14,6.634688219541903e-14,CDH19,protein_coding,Down
ENSG00000185250,299.0240428262155,-1.3537144222580237,0.17641339905536352,-7.6735351708358035,1.6731962673779887e-14,6.916787203442164e-14,PPIL6,protein_coding,Down
ENSG00000135547,117.81066838306722,-1.0934531549636022,0.14256563877467499,-7.669822576896001,1.722344240686793e-14,7.116611975385574e-14,HEY2,protein_coding,Down
ENSG00000223573,193.4884458869909,-1.9038968841501547,0.2483844080097834,-7.665122377871495,1.7866076817867037e-14,7.37405612282288e-14,TINCR,protein_coding,Down
ENSG00000144285,181.82273674685717,-1.9676758788392776,0.2568962965936274,-7.659417068015796,1.867789138885822e-14,7.69707760469122e-14,SCN1A,protein_coding,Down
ENSG00000260086,25.845616214868908,-1.0525830079506988,0.13742637349084633,-7.659250413246255,1.8702142382204684e-14,7.705867103417774e-14,AC007611.1,lncRNA,Down
ENSG00000285294,6.1846912098179905,-2.302720907235208,0.300674906035339,-7.658507115204899,1.881068210608824e-14,7.749378021208357e-14,LINC00842,lncRNA,Down
ENSG00000117501,31.56421618784384,-2.420048158542903,0.3160668024552036,-7.656761607812003,1.906801116100367e-14,7.850483283616967e-14,MROH9,protein_coding,Down
ENSG00000165702,11.794010299823311,-1.5682249409676488,0.20482883505602575,-7.6562703710085565,1.914105341490186e-14,7.879325297392478e-14,GFI1B,protein_coding,Down
ENSG00000225873,17.432917020252894,-1.7977660203345438,0.23482944448757087,-7.655624379887747,1.923752528034715e-14,7.916565880817014e-14,C3orf86,transcribed_unitary_pseudogene,Down
ENSG00000138207,446.8038188055104,-1.9821026208403272,0.25899436419409516,-7.653072401818377,1.96233351942424e-14,8.072813558068207e-14,RBP4,protein_coding,Down
ENSG00000250978,69.50266505381984,-2.283429240789376,0.2984697626533867,-7.650454171604395,2.0027070460179158e-14,8.236335746021903e-14,AC079467.1,lncRNA,Down
ENSG00000160188,476.2685270375935,-1.7720380236208344,0.2316301944762556,-7.650289409062711,2.0052748621053638e-14,8.245610184581077e-14,RSPH1,protein_coding,Down
ENSG00000163576,108.25827325585838,-1.6936547449315185,0.22156417397957676,-7.644082138873388,2.1044104325519966e-14,8.645163281881314e-14,EFHB,protein_coding,Down
ENSG00000129757,845.198074263447,-1.0208394249958905,0.1335633918691753,-7.643107970751432,2.120400346713055e-14,8.70542692555243e-14,CDKN1C,protein_coding,Down
ENSG00000157368,238.03068970574543,-1.2582398068473013,0.16464010698645845,-7.64236509485985,2.1326741125934533e-14,8.754454599795978e-14,IL34,protein_coding,Down
ENSG00000156298,1167.6466019083018,-1.6727551288303744,0.2189305558115127,-7.6405740744134665,2.162553368367929e-14,8.870202570207231e-14,TSPAN7,protein_coding,Down
ENSG00000160111,1664.6405674664502,-1.5986994346252867,0.20927157891086023,-7.639352858833529,2.1831623991707517e-14,8.951950313502212e-14,CPAMD8,protein_coding,Down
ENSG00000179766,49.20263505271827,-1.525733725401757,0.19979457423658692,-7.636512308863093,2.2318492910530195e-14,9.14447883857491e-14,ATP8B5P,transcribed_unprocessed_pseudogene,Down
ENSG00000267551,9.249251743750229,-1.2070556727132626,0.1580810808444892,-7.635674466957196,2.246412736583476e-14,9.201289820395505e-14,AC005264.1,lncRNA,Down
ENSG00000140968,1385.6149028788266,-1.037717960870433,0.13602454457481505,-7.628902299317578,2.3676097689359635e-14,9.679669706487031e-14,IRF8,protein_coding,Down
ENSG00000272695,48.62263298701698,-1.1995521445477992,0.15726502229487443,-7.627583852044479,2.3919422619111024e-14,9.773089161232689e-14,GAS6-DT,lncRNA,Down
ENSG00000231170,15.964317814941316,-1.2382869762157875,0.16237429550276516,-7.626126859436937,2.4191178249195362e-14,9.878002019685377e-14,AC002451.1,lncRNA,Down
ENSG00000163531,509.62558832657146,-1.3236151684984612,0.17385638175456838,-7.61326765885993,2.6725153364561177e-14,1.0868943464273259e-13,NFASC,protein_coding,Down
ENSG00000188396,43.91994410854525,-1.4051387202675083,0.18464783982508046,-7.609830267164871,2.7445611436008784e-14,1.115162979302853e-13,TCTEX1D4,protein_coding,Down
ENSG00000205846,22.308464839412842,-1.780581334567254,0.23403593691908448,-7.608153508419828,2.7803949030968235e-14,1.1290270033055626e-13,CLEC6A,protein_coding,Down
ENSG00000106992,585.9050831643679,-1.0935092933767998,0.1437358795340988,-7.607768477302036,2.7886880868566873e-14,1.1322202440401977e-13,AK1,protein_coding,Down
ENSG00000273156,48.65854001432743,-1.0654923979656146,0.1401156883436458,-7.604376144892518,2.862814870525038e-14,1.161421971319158e-13,AC124016.2,lncRNA,Down
ENSG00000258636,16.07251828628526,-1.3939670819932986,0.1833217754993827,-7.603936183773174,2.872569441574032e-14,1.1652000642102327e-13,AL121821.2,lncRNA,Down
ENSG00000264230,95.89084676827964,-2.418452929254051,0.31808291801795696,-7.603215363855283,2.888621754795765e-14,1.171531154628796e-13,ANXA8L1,protein_coding,Down
ENSG00000247311,5.5963797089913125,-2.047476363994822,0.26932254750798884,-7.602320648381986,2.908669398949524e-14,1.1794804251929717e-13,AC010255.1,lncRNA,Down
ENSG00000234919,5.68135931424077,-1.9382229967241276,0.254971400345389,-7.601727072520975,2.9220449319458616e-14,1.1845399670317042e-13,LINC01827,lncRNA,Down
ENSG00000084453,128.17353359112602,-2.8041815908478904,0.3689754315198056,-7.5999141170388995,2.963273410470014e-14,1.199593488395675e-13,SLCO1A2,protein_coding,Down
ENSG00000100368,1329.822293448128,-1.0079912166183682,0.1326713720911401,-7.597654269573071,3.0154664285634356e-14,1.2201603455764586e-13,CSF2RB,protein_coding,Down
ENSG00000152661,6072.015907388369,-1.2470125869487423,0.16417834793557137,-7.595475302493044,3.066647196820741e-14,1.2399185308212655e-13,GJA1,protein_coding,Down
ENSG00000163221,46.025661798574355,-1.9967337667259926,0.26293345944528895,-7.5940649430411185,3.1002289426497836e-14,1.2527281216315477e-13,S100A12,protein_coding,Down
ENSG00000168589,83.25703625721361,-2.0000910477406335,0.26345073402603447,-7.59189779878534,3.152536364793896e-14,1.2726941815617733e-13,DYNLRB2,protein_coding,Down
ENSG00000133665,104.72593862494877,-1.9501190973290086,0.2568820198578217,-7.591497055373336,3.1623035809675e-14,1.2764418403507266e-13,DYDC2,protein_coding,Down
ENSG00000145506,567.6226448127496,-1.1631519081049224,0.1532509585858623,-7.589850783564532,3.20274094818522e-14,1.2917754482050208e-13,NKD2,protein_coding,Down
ENSG00000256427,5.133696569411863,-1.442345293567855,0.19016088649018165,-7.584868372194541,3.328247725845005e-14,1.3407560728770667e-13,AC010175.1,lncRNA,Down
ENSG00000258789,13.854084913153551,-1.1152735636044693,0.14709228508307648,-7.582135004392462,3.399142951257388e-14,1.367852886077481e-13,AL162171.1,lncRNA,Down
ENSG00000179902,170.15329741681373,-2.234423122711443,0.2948024277858628,-7.5793918642165075,3.4717842667727817e-14,1.395806542381434e-13,C1orf194,protein_coding,Down
ENSG00000286282,5.394928043437913,-1.6696301959345046,0.22055237141328696,-7.5702210102553416,3.7258979236231224e-14,1.4945532133547574e-13,AC021733.4,lncRNA,Down
ENSG00000088827,1771.9356826467779,-1.2226045765509734,0.16165195647995706,-7.563190716485773,3.9330028339691245e-14,1.5745147219032307e-13,SIGLEC1,protein_coding,Down
ENSG00000177725,5.027360489257469,-3.1331622553674463,0.4142636241823795,-7.5632087213818995,3.9324582355465834e-14,1.5745147219032307e-13,AC105206.1,lncRNA,Down
ENSG00000273877,46.71883534909447,-2.4235492407933195,0.32070914503775594,-7.5568448180921175,4.129641631535493e-14,1.6512304749596808e-13,AC236972.3,lncRNA,Down
ENSG00000169224,46.593313981330404,-1.6673642870916765,0.2207165507586252,-7.554323775724005,4.210416042742047e-14,1.6827625196591057e-13,GCSAML,protein_coding,Down
ENSG00000169194,4.6198276414159665,-1.763058735193815,0.2335089572396408,-7.5502831070606815,4.3431311293186663e-14,1.734752618602442e-13,IL13,protein_coding,Down
ENSG00000148357,218.51833804313438,-1.4164867899381428,0.18766315225733124,-7.548028331080142,4.418968136808324e-14,1.7637080334135844e-13,HMCN2,protein_coding,Down
ENSG00000118520,12.356277909250402,-1.4330730985202185,0.18993948633166485,-7.544892987747912,4.5265903757247656e-14,1.80502326036386e-13,ARG1,protein_coding,Down
ENSG00000108932,222.96485187934636,-1.2488994356127443,0.16564450342753456,-7.5396370526662695,4.712812725220407e-14,1.8767271453346743e-13,SLC16A6,protein_coding,Down
ENSG00000180739,64.3331398418585,-1.477725948719212,0.19599725363386858,-7.539523750060644,4.71690896960923e-14,1.8780747324263234e-13,S1PR5,protein_coding,Down
ENSG00000287101,5.2744105919402875,-1.8779842789752386,0.24918170887358526,-7.53660566606025,4.823621354133988e-14,1.9194038797119852e-13,AC093772.2,lncRNA,Down
ENSG00000133105,7.991238187638749,-2.824597470283273,0.375061942034895,-7.531015956880205,5.034703447809453e-14,2.002490647341407e-13,RXFP2,protein_coding,Down
ENSG00000204581,82.10831706879632,-1.404927517911626,0.18657564465948553,-7.530069213887609,5.071343376768783e-14,2.0167595361995596e-13,ACOXL-AS1,lncRNA,Down
ENSG00000152763,287.27251333811415,-1.3519643272536932,0.17959483439461016,-7.527857534494139,5.1579623331266516e-14,2.0491751315921585e-13,DNAI4,protein_coding,Down
ENSG00000232814,4.057715091931185,-1.4704753648223823,0.19533804999130974,-7.527849105117008,5.158295230757963e-14,2.0491751315921585e-13,COL4A2-AS1,lncRNA,Down
ENSG00000237371,7.231543234269058,-1.072116087791568,0.14250903274278687,-7.523144794103121,5.347414601008096e-14,2.1214280582004437e-13,AL355803.1,lncRNA,Down
ENSG00000179300,4.218013544977061,-1.5296446120805942,0.2034160665739299,-7.51978266930384,5.486737039009566e-14,2.1753910046411404e-13,RTL3,protein_coding,Down
ENSG00000280294,12.33000075292734,-1.390041863952537,0.18519131124332025,-7.505977762240587,6.097176855085994e-14,2.407284828097285e-13,AC011008.2,TEC,Down
ENSG00000092009,11.229487654547373,-1.8298641705568914,0.2437920029683556,-7.505841653035721,6.10351611471508e-14,2.40942694528498e-13,CMA1,protein_coding,Down
ENSG00000188817,412.7675435556195,-2.2179739615591143,0.29578100625841974,-7.498703143978425,6.445230650292568e-14,2.538621840899403e-13,SNTN,protein_coding,Down
ENSG00000196329,77.34914593991786,-1.3459725905335178,0.17957096733022668,-7.4954911172155505,6.60505783192503e-14,2.599244516159723e-13,GIMAP5,protein_coding,Down
ENSG00000133878,38.3183302467272,-1.4627610807662221,0.1951529986318312,-7.4954578767493905,6.606732045754122e-14,2.599515428924742e-13,DUSP26,protein_coding,Down
ENSG00000285492,27.67320284803855,-1.435026372488246,0.19148362996832324,-7.49425093270709,6.667805273807521e-14,2.622762903793322e-13,AL356417.3,lncRNA,Down
ENSG00000259275,37.641728772114256,-1.0173147385181138,0.1358986659177365,-7.4858331511063145,7.109466908725409e-14,2.7927400921061974e-13,AC087477.2,lncRNA,Down
ENSG00000267069,3.8146028329072488,-1.8557804996394844,0.24791626323046953,-7.485513356234729,7.12680095635389e-14,2.799132279104142e-13,AP005264.1,lncRNA,Down
ENSG00000251521,12.608681648602063,-2.420781921799283,0.32347053015333077,-7.483778879800238,7.221542130526152e-14,2.832967360636338e-13,IMPA1P1,transcribed_unprocessed_pseudogene,Down
ENSG00000072274,8260.1074342655,-1.0554161926120278,0.14107694975809926,-7.481138445520127,7.368150592193727e-14,2.889191540760574e-13,TFRC,protein_coding,Down
ENSG00000186973,191.41723043610162,-1.9292486716177415,0.25828468468153065,-7.4694660041362395,8.052090751449115e-14,3.1498832979634054e-13,FAM183A,protein_coding,Down
ENSG00000204815,239.90281929807756,-1.3687673760233745,0.18333246937848127,-7.466039052785672,8.264482806332572e-14,3.2296148725991393e-13,TTC25,protein_coding,Down
ENSG00000225342,460.9397907360514,-1.96981762837263,0.26409682914600935,-7.458694732315741,8.738379959830073e-14,3.411266906598357e-13,LRRK2-DT,lncRNA,Down
ENSG00000111879,594.4556773354017,-1.29626319036485,0.1739957728566919,-7.449969439386846,9.336185581379303e-14,3.637098741039625e-13,FAM184A,protein_coding,Down
ENSG00000181778,8.636903483856186,-1.7168373303254918,0.23052863853983208,-7.447392832404407,9.520282637694048e-14,3.706079910776381e-13,TMEM252,protein_coding,Down
ENSG00000119457,300.0731406968596,-1.922777794072819,0.25824154712379466,-7.445656268280823,9.646367018421748e-14,3.7535000483367496e-13,SLC46A2,protein_coding,Down
ENSG00000007264,259.56024842600027,-1.1021918323820175,0.14803364494822413,-7.445549508475032,9.654171709832939e-14,3.7559827085909503e-13,MATK,protein_coding,Down
ENSG00000066735,257.0802061938869,-1.4299900140297672,0.1920830814147609,-7.444643242379167,9.72067487082302e-14,3.7796254252964176e-13,KIF26A,protein_coding,Down
ENSG00000278934,7.434532946766246,-1.3605292269480527,0.1829046344636638,-7.438462294504286,1.0186404067080196e-13,3.9548803776340517e-13,AC117489.1,TEC,Down
ENSG00000166510,645.7746580950629,-1.1058681189270088,0.14877279594322868,-7.433268373533864,1.0594663664125524e-13,4.105529475723587e-13,CCDC68,protein_coding,Down
ENSG00000166527,25.723453779732445,-1.392926031434732,0.18740570605541007,-7.432676735162412,1.0642176530901699e-13,4.1221239001157144e-13,CLEC4D,protein_coding,Down
ENSG00000150628,24.696750292875866,-2.0020661189842444,0.2695287330083455,-7.428024821836913,1.1023127655844577e-13,4.265295323325334e-13,SPATA4,protein_coding,Down
ENSG00000179813,422.74570511996023,-2.4026573114967342,0.3235457785288809,-7.426019657624011,1.1191437283870439e-13,4.327880938197147e-13,FAM216B,protein_coding,Down
ENSG00000181123,38.82116346110736,-2.1858882702073394,0.29463316505275494,-7.419016354849089,1.1799334356117777e-13,4.55761603882856e-13,AC004832.1,lncRNA,Down
ENSG00000183346,134.7748985948697,-1.821729494738648,0.24568651353373366,-7.414853459135915,1.2175936066698689e-13,4.699640428554514e-13,CABCOCO1,protein_coding,Down
ENSG00000148158,3871.065169022881,-1.039492352943657,0.1402141624858565,-7.413604549743764,1.2291206190419164e-13,4.741356162102888e-13,SNX30,protein_coding,Down
ENSG00000227502,40.34735033886291,-1.2414891063820328,0.16746516872076644,-7.4134168667163705,1.2308621135571396e-13,4.745991217210377e-13,MROCKI,lncRNA,Down
ENSG00000122862,8111.619781406014,-1.0950210601099974,0.14781622872202235,-7.407989431047202,1.2822851999481979e-13,4.937050769839974e-13,SRGN,protein_coding,Down
ENSG00000163106,175.52429486081394,-1.3835566150539953,0.18679716184667688,-7.406732529424716,1.2944917136501437e-13,4.982593269443043e-13,HPGDS,protein_coding,Down
ENSG00000162722,81.38700602351327,-2.066678555047663,0.2794259884072733,-7.3961572680756005,1.4018197171508246e-13,5.382350894185679e-13,TRIM58,protein_coding,Down
ENSG00000118432,317.3091337668088,-1.545959258420922,0.2091153184626549,-7.392855147037012,1.4370900865747538e-13,5.51375899650462e-13,CNR1,protein_coding,Down
ENSG00000153707,372.1012963742617,-1.1826851379833685,0.16018429692360642,-7.383277641424512,1.544394985546291e-13,5.909983423139703e-13,PTPRD,protein_coding,Down
ENSG00000136048,6868.793823144696,-1.109743995633396,0.15040981548867105,-7.3781354762514315,1.6052158775192195e-13,6.134716331910408e-13,DRAM1,protein_coding,Down
ENSG00000101417,2116.6619465432045,-1.0537895350959123,0.14285457913404043,-7.376659127651356,1.623108636593919e-13,6.201300311066597e-13,PXMP4,protein_coding,Down
ENSG00000124920,2338.835941088743,-1.6163568116452658,0.21937975727305445,-7.367848482179885,1.7340370457250931e-13,6.611705739700796e-13,MYRF,protein_coding,Down
ENSG00000099139,653.5551593765106,-1.041773174414442,0.14145516038659264,-7.364688368860548,1.7756116558482903e-13,6.764357030441985e-13,PCSK5,protein_coding,Down
ENSG00000259351,13.04189236131196,-1.604951415904392,0.21799969224638197,-7.362172851558366,1.8094046052007204e-13,6.889113404438781e-13,AC015914.1,lncRNA,Down
ENSG00000197057,253.4373334681909,-1.867029776840853,0.2536065657756123,-7.361914196230929,1.8129149479955687e-13,6.900486024630939e-13,DTHD1,protein_coding,Down
ENSG00000127990,1470.4214094594645,-1.0227985682805039,0.13899780928302824,-7.358379053283313,1.8615681250582532e-13,7.076481397979837e-13,SGCE,protein_coding,Down
ENSG00000229212,5.686441498061058,-1.3316295590709974,0.18102939569147417,-7.355874740588953,1.896808236866145e-13,7.20732466947554e-13,AC044860.1,transcribed_unprocessed_pseudogene,Down
ENSG00000112232,119.2964668170906,-1.7992111521885163,0.24480555221030678,-7.349552066706623,1.9887217667487651e-13,7.546782700987903e-13,KHDRBS2,protein_coding,Down
ENSG00000151914,6908.484898082351,-1.1206356864931408,0.15254114370389635,-7.346448697594997,2.0354229567019904e-13,7.714013131392855e-13,DST,protein_coding,Down
ENSG00000097096,330.75113866646655,-1.0225371548015554,0.13920599689698507,-7.345496441207567,2.0499678418598304e-13,7.766904021529271e-13,SYDE2,protein_coding,Down
ENSG00000102466,129.78440805416105,-1.3264414082641263,0.18079359953742546,-7.336771941362582,2.1880697855211196e-13,8.275874963309226e-13,FGF14,protein_coding,Down
ENSG00000197653,232.0178215645718,-1.680200911413718,0.2290155930132003,-7.336622320371315,2.1905161489403778e-13,8.283939602403236e-13,DNAH10,protein_coding,Down
ENSG00000151090,521.1442936930796,-1.1130760381305767,0.1517941464750728,-7.33279947862392,2.2539405762009307e-13,8.52134953324997e-13,THRB,protein_coding,Down
ENSG00000232352,21.74529534553296,-1.1745397097110601,0.16019107662781817,-7.332116959547883,2.2654524535003096e-13,8.563644093865132e-13,SEMA3B-AS1,lncRNA,Down
ENSG00000133488,199.85487328121175,-1.5215952087422047,0.20780347512378342,-7.322279898523487,2.437929793221097e-13,9.195853046379678e-13,SEC14L4,protein_coding,Down
ENSG00000278338,7.876546094491248,-1.6874417303575533,0.23049547698290435,-7.320932074006421,2.4625447326609725e-13,9.283388792032858e-13,VWA8-AS1,lncRNA,Down
ENSG00000135298,62.186093859278394,-1.6791752390093968,0.22949492220398104,-7.316829596416527,2.538979255215266e-13,9.557870515349974e-13,ADGRB3,protein_coding,Down
ENSG00000164303,22.521655095485485,-1.3713878614102937,0.18754918925082864,-7.312150305145798,2.6290078909819425e-13,9.889720126275867e-13,ENPP6,protein_coding,Down
ENSG00000125266,1334.0690248374392,-1.0074748214824485,0.137815715976245,-7.310304302711781,2.6653807335866853e-13,1.0022257228672592e-12,EFNB2,protein_coding,Down
ENSG00000163736,100.08531053238376,-2.2931531890164356,0.3138019594593381,-7.307644582485721,2.718657351435208e-13,1.0218214703156562e-12,PPBP,protein_coding,Down
ENSG00000143333,1730.275933009578,-1.0502194063841268,0.14384563305064607,-7.301016959022726,2.856007426085427e-13,1.0719173900636594e-12,RGS16,protein_coding,Down
ENSG00000178734,8.874712191195933,-1.5220206999853652,0.2085046093055861,-7.299698098063046,2.884141377399322e-13,1.0823225860540789e-12,LMO7DN,lncRNA,Down
ENSG00000234964,15.226657911799016,-1.6931422221133738,0.2319774967911625,-7.298734771837044,2.9048629110214456e-13,1.0896334987714868e-12,FABP5P7,processed_pseudogene,Down
ENSG00000205002,132.3072054587352,-1.9161811766482644,0.2625751583885959,-7.297648370118958,2.9284073200190946e-13,1.0978405036807439e-12,AARD,protein_coding,Down
ENSG00000121361,611.8928156734914,-1.2009579128895371,0.16460155553541114,-7.296151661404998,2.961151109809696e-13,1.1098003804104844e-12,KCNJ8,protein_coding,Down
ENSG00000261934,69.33451073632234,-1.0577746185386385,0.14502079728022121,-7.293951201321275,3.0099449542112585e-13,1.1277670992121467e-12,PCDHGA9,protein_coding,Down
ENSG00000206538,1300.2958775172237,-1.303503857078246,0.1787447319433385,-7.292544193646236,3.0415574793098527e-13,1.1391261288084195e-12,VGLL3,protein_coding,Down
ENSG00000249481,4.234689548375684,-2.169136137014159,0.2974870817795919,-7.2915305230674585,3.064534408908044e-13,1.1475684800185333e-12,SPATS1,protein_coding,Down
ENSG00000215187,144.15913884786465,-1.7973784972520257,0.2465146152878933,-7.29116403566153,3.072883489739389e-13,1.1505315579217335e-12,FAM166B,protein_coding,Down
ENSG00000213981,7.349640820987765,-1.8594672469276756,0.25517778702226174,-7.286947930014989,3.170553716884113e-13,1.185550055420639e-12,AC007277.1,lncRNA,Down
ENSG00000225383,1256.4424091747428,-1.79308788939302,0.24616132393726364,-7.284198267677517,3.235888312506642e-13,1.2086455354220984e-12,SFTA1P,lncRNA,Down
ENSG00000150681,124.35938301524882,-1.1038626965599745,0.1515591619556357,-7.283378202388691,3.2556285579374695e-13,1.215674385058214e-12,RGS18,protein_coding,Down
ENSG00000132259,58.25127665285728,-1.9540887748428442,0.2683526665126562,-7.281793768763182,3.2941039161543093e-13,1.2293450363570498e-12,CNGA4,protein_coding,Down
ENSG00000231621,36.54392935454365,-2.019739936535665,0.27758139031946455,-7.276208013120671,3.4333405896863554e-13,1.2789545324202456e-12,ANKRD44-AS1,lncRNA,Down
ENSG00000243910,125.6573393777365,-2.2125729221677584,0.30431935283962047,-7.270562655717159,3.579932143573517e-13,1.3314923924687396e-12,TUBA4B,protein_coding,Down
ENSG00000163737,21.886485342781295,-2.004641489461576,0.27572383484096175,-7.270468621683936,3.582425220204194e-13,1.3322317452656126e-12,PF4,protein_coding,Down
ENSG00000177363,64.69243470853806,-1.2460277458050302,0.17148199355790122,-7.26623081498237,3.6965674925289455e-13,1.3735167645200548e-12,LRRN4CL,protein_coding,Down
ENSG00000205084,553.4847080640512,-1.0342473105516963,0.14240884528480224,-7.262521569382252,3.799399053358979e-13,1.4109301934527007e-12,TMEM231,protein_coding,Down
ENSG00000170890,281.8224533298417,-2.150417327017098,0.29612410610020745,-7.2618786607308605,3.81750585883364e-13,1.4172550964021272e-12,PLA2G1B,protein_coding,Down
ENSG00000269951,45.70169885820886,-1.3721840679740416,0.18904057528337764,-7.258674842250641,3.909008797821251e-13,1.4506130312207485e-12,AC090181.2,lncRNA,Down
ENSG00000081052,1655.3763447216104,-1.2080062855305187,0.16642836096414768,-7.258416044791487,3.916493524403763e-13,1.4529816296922796e-12,COL4A4,protein_coding,Down
ENSG00000146221,61.56512762609441,-2.1835059341022167,0.301091391077455,-7.251970660099397,4.1075087747819413e-13,1.5225612368709556e-12,TCTE1,protein_coding,Down
ENSG00000172771,128.55511602535424,-1.566990985440654,0.21610269709735436,-7.2511403443276965,4.1327717156626126e-13,1.5317103322842318e-12,EFCAB12,protein_coding,Down
ENSG00000249695,7.905770617318258,-1.876886367715695,0.258867240356972,-7.250381953033191,4.155979590825576e-13,1.5394462959695245e-12,AC026369.1,lncRNA,Down
ENSG00000143603,439.55811428237945,-1.0726131462130422,0.14795649091353796,-7.249517338444111,4.182594195056556e-13,1.5488696661092736e-12,KCNN3,protein_coding,Down
ENSG00000250510,250.13828981138218,-1.167732086153948,0.16130684699881928,-7.239197268312457,4.5134813794910735e-13,1.6664870341246095e-12,GPR162,protein_coding,Down
ENSG00000286757,17.405049410053284,-1.1704187509520334,0.1616989195107205,-7.238259565948649,4.544790188664667e-13,1.6768730554790439e-12,AL137139.2,lncRNA,Down
ENSG00000224479,18.931106964367796,-1.6813511862349209,0.23229933811757378,-7.237864730307314,4.558037010490288e-13,1.681525405241031e-12,AC104162.1,transcribed_unitary_pseudogene,Down
ENSG00000146006,19.180159530742266,-1.3910973770673938,0.1923023518335371,-7.2339072497229315,4.692923411091473e-13,1.729109827448402e-12,LRRTM2,protein_coding,Down
ENSG00000198857,17.84751154675486,-1.454219392043005,0.20126901798725774,-7.225252085917521,5.001731464952175e-13,1.838779572435367e-12,HSD3BP5,transcribed_unprocessed_pseudogene,Down
ENSG00000145708,13.111585030220972,-1.2510402592140633,0.17317778826195848,-7.224022617275082,5.047185778683785e-13,1.8544557473023743e-12,CRHBP,protein_coding,Down
ENSG00000155749,43.0529633548287,-1.4993617086183577,0.20761363948125036,-7.22188442129673,5.127204314532754e-13,1.883594006328068e-12,FLACC1,protein_coding,Down
ENSG00000267764,6.775926379805965,-1.392423450646878,0.19298476043299143,-7.2151990008058595,5.385515995831021e-13,1.9765630732089633e-12,AC093567.1,lncRNA,Down
ENSG00000147570,151.66499694520942,-1.2042804473279307,0.16705934798195804,-7.208698357053265,5.648923956633539e-13,2.070643935730142e-12,DNAJC5B,protein_coding,Down
ENSG00000162643,103.99584196479408,-1.698997913271479,0.23598360666166857,-7.19964381130654,6.037005369611949e-13,2.2089056694417523e-12,DNAI3,protein_coding,Down
ENSG00000140057,291.6467231882517,-1.3390235332840916,0.18604005041254582,-7.197501453664373,6.132589568882661e-13,2.242634682172178e-12,AK7,protein_coding,Down
ENSG00000198019,64.17107540371467,-1.0822879029470909,0.15042592711611466,-7.194822885230858,6.254189638116346e-13,2.2858347991285936e-12,FCGR1B,protein_coding,Down
ENSG00000089101,86.30002386858253,-1.7761865480730161,0.24690791824179495,-7.193720479768538,6.304920755726788e-13,2.3037378457602244e-12,CFAP61,protein_coding,Down
ENSG00000281091,26.054515499476558,-1.0289183791722687,0.14308258510215374,-7.191080440975209,6.428059412235666e-13,2.3480804363575914e-12,AL117327.1,lncRNA,Down
ENSG00000134533,551.7474063115868,-1.1116840496556102,0.15467843344797494,-7.1870656100840185,6.619860462758284e-13,2.4154973195175657e-12,RERG,protein_coding,Down
ENSG00000171446,11.021682746491173,-1.8891300555493067,0.2630628270586792,-7.181288503099354,6.905745077207459e-13,2.5169937482510117e-12,KRT27,protein_coding,Down
ENSG00000250305,170.29153797965301,-1.2637592565654643,0.17610267308368402,-7.176263905800713,7.16422019408665e-13,2.6072382903403944e-12,TRMT9B,protein_coding,Down
ENSG00000232628,11.980964438294535,-1.4932373790278157,0.2081241839184935,-7.174742266437446,7.244353032657737e-13,2.6353095526442894e-12,AC092809.2,lncRNA,Down
ENSG00000284669,56.030386004117034,-1.3388167090720375,0.18662866574332995,-7.173692764397242,7.300134098919852e-13,2.654502705302213e-12,AC092053.3,lncRNA,Down
ENSG00000259471,8.0816782821692,-2.1168669287183124,0.29531735263685455,-7.168108849063734,7.604083539872262e-13,2.762359594247576e-12,LINC01169,lncRNA,Down
ENSG00000140678,2406.494659156938,-1.0034399875480133,0.14000977359339006,-7.166928149331614,7.669925960441686e-13,2.7855109155329466e-12,ITGAX,protein_coding,Down
ENSG00000223930,10.001580201304758,-1.5326064968777413,0.2138538797503774,-7.166605995957091,7.687987998823733e-13,2.791301714566733e-12,AC117453.1,lncRNA,Down
ENSG00000177575,4974.555814598342,-1.2272225374092838,0.17134172661138183,-7.162426582712878,7.926131996126062e-13,2.8734135377762476e-12,CD163,protein_coding,Down
ENSG00000225329,372.59060844442195,-2.1068591494558313,0.29417213296609146,-7.161994333768808,7.951170938965844e-13,2.8820945382890625e-12,LHFPL3-AS2,lncRNA,Down
ENSG00000159189,10680.844694044346,-1.0924124465173046,0.15255551969961334,-7.160753335364722,8.02349064881961e-13,2.906311104524356e-12,C1QC,protein_coding,Down
ENSG00000154529,23.955375900862773,-1.6638984252842572,0.23236935346485,-7.160576041865829,8.033875070802067e-13,2.9096729242830724e-12,CNTNAP3B,protein_coding,Down
ENSG00000207870,6.784485263738272,-1.6007837683740984,0.22363350918338085,-7.1580675642908504,8.182222900628828e-13,2.9617737527739493e-12,MIR221,miRNA,Down
ENSG00000197992,26.409049979075707,-1.2916497553046649,0.18062751220418788,-7.150902647900821,8.620911591156928e-13,3.114579307422439e-12,CLEC9A,protein_coding,Down
ENSG00000007933,601.5573351954887,-1.1629801266771087,0.16284642073583264,-7.141576225145778,9.22666851931571e-13,3.327051126136405e-12,FMO3,protein_coding,Down
ENSG00000189350,221.0338724760298,-1.5820215135632374,0.22155126814120918,-7.140656547968442,9.288617579061062e-13,3.3489314405228358e-12,TOGARAM2,protein_coding,Down
ENSG00000238755,17.715889256688254,-1.4748901725741401,0.20658054879868204,-7.139540393086368,9.364349822271492e-13,3.3753130783665833e-12,LINC02006,lncRNA,Down
ENSG00000272343,15.148477578971844,-1.015046872453478,0.14222033631239558,-7.137142962620101,9.5290725117025e-13,3.432809318764958e-12,AC107952.2,lncRNA,Down
ENSG00000267279,9.70105189490922,-1.1357326953337126,0.15918565631483347,-7.134642163283157,9.703927491824774e-13,3.4915072719254916e-12,AC090409.1,lncRNA,Down
ENSG00000188659,222.1659755844752,-1.7299983476940886,0.2426173792566845,-7.1305623405641665,9.995968882114597e-13,3.5931529364962094e-12,SAXO2,protein_coding,Down
ENSG00000163263,39.451469757731,-1.966019169985972,0.2757969959609112,-7.128501030753129,1.0146783933557811e-12,3.645377279671928e-12,C1orf189,protein_coding,Down
ENSG00000243064,22.61458729493068,-2.0664363957040015,0.2901006988767765,-7.1231693122592015,1.0547312053031064e-12,3.785662431447246e-12,ABCC13,transcribed_unprocessed_pseudogene,Down
ENSG00000256262,13.705814006333167,-1.153985070637682,0.16203005143513147,-7.122043475371472,1.0633850018208613e-12,3.815164965716478e-12,USP30-AS1,lncRNA,Down
ENSG00000258702,7.590780777354425,-1.7725725378444506,0.24908302963129791,-7.116392234622644,1.1078872435750903e-12,3.967810215004092e-12,AL137786.1,lncRNA,Down
ENSG00000158423,163.30848879405983,-1.10664716618571,0.15575281179879205,-7.105150484315638,1.20191505670294e-12,4.2946477026092855e-12,RIBC1,protein_coding,Down
ENSG00000250334,6.3606921271590675,-1.3745956280648344,0.19351954045044978,-7.103136070214038,1.2195722042234338e-12,4.353020983401726e-12,LINC00989,lncRNA,Down
ENSG00000276289,12.531101389242043,-2.0971154159027487,0.29590656065533993,-7.08708658320484,1.3696469955365066e-12,4.87088216753846e-12,KCNE1B,protein_coding,Down
ENSG00000273760,47.24646393004684,-2.1972044211484167,0.31020527007833,-7.083066063299313,1.4099941499699738e-12,5.009639684008112e-12,AC245041.1,lncRNA,Down
ENSG00000230062,58.668489216152516,-2.3484469871769167,0.3319045575456941,-7.075669597738502,1.4872883980428728e-12,5.277152187350721e-12,ANKRD66,protein_coding,Down
ENSG00000273972,6.660448728967367,-1.3640657793397586,0.19284248407707957,-7.073471314518736,1.5110517074879005e-12,5.357863859951047e-12,AC068722.2,lncRNA,Down
ENSG00000188523,97.1232849291512,-2.176569191807763,0.30785570842914195,-7.070095282344704,1.5482735083750664e-12,5.4832087585079905e-12,CFAP77,protein_coding,Down
ENSG00000143416,10824.708727751926,-1.2312143546595093,0.17427797077174748,-7.064658540648465,1.6101142112388328e-12,5.6945697090085864e-12,SELENBP1,protein_coding,Down
ENSG00000233730,19.8244950269519,-2.4545174266451064,0.34748053595994494,-7.063755153549221,1.6206220139949554e-12,5.729427873581844e-12,LINC01765,lncRNA,Down
ENSG00000130224,258.78712347120205,-1.266008488831885,0.17923020823314248,-7.063588785128578,1.6225644608154863e-12,5.735526116850452e-12,LRCH2,protein_coding,Down
ENSG00000182397,6.225557449743602,-1.3252666235210049,0.18762044668064545,-7.063551158562063,1.6230040891825633e-12,5.736311195783969e-12,DNM1P46,transcribed_unprocessed_pseudogene,Down
ENSG00000243738,4.3723262485545895,-1.0348544236815653,0.14664353690214352,-7.056938515961549,1.7021088879552764e-12,6.0038270967603845e-12,RN7SL181P,misc_RNA,Down
ENSG00000271871,12.20665477821437,-1.129759069523836,0.16024465555888226,-7.050213722158762,1.78643190422646e-12,6.2936819391385105e-12,AC005740.4,lncRNA,Down
ENSG00000110848,616.9890501329133,-1.1910963447786147,0.1690115746373637,-7.04742469463566,1.8225940329580265e-12,6.414227231963587e-12,CD69,protein_coding,Down
ENSG00000169403,1898.2022119374096,-1.0097826909462917,0.1433210167292925,-7.045600945279287,1.8466277930633746e-12,6.496207964658643e-12,PTAFR,protein_coding,Down
ENSG00000204287,79778.36555140202,-1.0455056103723523,0.14839667918665367,-7.045343710537573,1.850042608738966e-12,6.505617227956598e-12,HLA-DRA,protein_coding,Down
ENSG00000255750,11.35987355085777,-1.716982864540302,0.24385553621078945,-7.040983736601071,1.908872890765029e-12,6.708913518522433e-12,AC022509.1,lncRNA,Down
ENSG00000257277,8.120047553056995,-2.1359763451777156,0.30339320642298173,-7.040290619427388,1.9183928311530075e-12,6.741473741671749e-12,AC092652.1,lncRNA,Down
ENSG00000104267,1420.5349014087662,-1.51732206977395,0.21570295844532686,-7.034312745221517,2.002455245298813e-12,7.02657948350362e-12,CA2,protein_coding,Down
ENSG00000204666,10.002404997802635,-1.895399393912299,0.2695270643225626,-7.032315655113346,2.031335977696799e-12,7.126973088326848e-12,AC010624.1,lncRNA,Down
ENSG00000184385,25.272349033651867,-1.9899807627495736,0.283071662212492,-7.029953995380026,2.0660164649897677e-12,7.245757970711554e-12,UMODL1-AS1,lncRNA,Down
ENSG00000286393,18.399247623163138,-1.6217113664313978,0.23088970291530897,-7.0237492012636284,2.1599237447997385e-12,7.568055959389994e-12,Z97192.4,lncRNA,Down
ENSG00000169994,154.1878204231884,-1.6332107106084148,0.23266579639999757,-7.019556530778633,2.225735504095497e-12,7.785202976919785e-12,MYO7B,protein_coding,Down
ENSG00000154764,205.00421867518804,-2.2150356801011633,0.31559501125594924,-7.018601692359318,2.2409962310463624e-12,7.83650319754576e-12,WNT7A,protein_coding,Down
ENSG00000141665,84.1252732365569,-1.3242873244268536,0.1887325569406437,-7.016740226983421,2.2710427824989827e-12,7.936310386230874e-12,FBXO15,protein_coding,Down
ENSG00000153789,217.59245822807134,-1.976472315349213,0.2817016598995009,-7.016189808943027,2.280002713103676e-12,7.965510273521985e-12,CIBAR2,protein_coding,Down
ENSG00000168874,2069.3179127426356,-1.5986363925616407,0.22791420976741852,-7.014202379891163,2.312644440332343e-12,8.074200171000116e-12,ATOH8,protein_coding,Down
ENSG00000187416,61.95694015845882,-2.0942004722056033,0.2987293793923112,-7.010359933347435,2.3770580649093975e-12,8.29140491688635e-12,LHFPL3,protein_coding,Down
ENSG00000158428,48.587596940542625,-1.60825091943507,0.22946156290980665,-7.008803126069604,2.4036539131020086e-12,8.380848034972889e-12,CATIP,protein_coding,Down
ENSG00000170054,11.506795885667579,-2.1828432120989127,0.311598021108553,-7.005317955271815,2.464255582962017e-12,8.586471950674999e-12,SERPINA9,protein_coding,Down
ENSG00000230400,4.64591252901424,-1.3965720597446856,0.19942745478204382,-7.002907705315764,2.507039984426314e-12,8.727477807171208e-12,LINC01747,lncRNA,Down
ENSG00000124212,1545.8445383606168,-1.2843114579919142,0.18340234889213383,-7.002699069831808,2.5107775540324955e-12,8.739335282449432e-12,PTGIS,protein_coding,Down
ENSG00000169031,1135.637393893925,-1.4611585927889181,0.20883639326517503,-6.99666648108396,2.6212426161597695e-12,9.10580526783469e-12,COL4A3,protein_coding,Down
ENSG00000259225,108.25110633892902,-1.4182934565095593,0.20273759839055697,-6.995710059548679,2.6391883049496432e-12,9.164524045499354e-12,LINC02345,lncRNA,Down
ENSG00000111834,263.18465977904674,-1.8041793049345374,0.2579327245919234,-6.9947669796026775,2.6570016223329534e-12,9.221523135156617e-12,RSPH4A,protein_coding,Down
ENSG00000253549,30.59077449082835,-1.1939036388877633,0.1707326754197057,-6.992824519107635,2.694064033131061e-12,9.345233958651154e-12,CA3-AS1,lncRNA,Down
ENSG00000163884,452.0973866525292,-1.3953308897977617,0.1998076782424491,-6.983369718678428,2.8818269047248717e-12,9.983417692800166e-12,KLF15,protein_coding,Down
ENSG00000168658,276.0021156888322,-1.8448358761716874,0.2644240299502745,-6.9768087133329475,3.019603909308234e-12,1.0435646389450551e-11,VWA3B,protein_coding,Down
ENSG00000203876,12.497871521272875,-1.0445596522289853,0.15003922152870436,-6.961910636340832,3.356884322748083e-12,1.156079921521052e-11,ADD3-AS1,lncRNA,Down
ENSG00000106538,3952.917721879942,-1.0079477608930236,0.1448501637075481,-6.95855451656973,3.437817087658697e-12,1.1833342462023214e-11,RARRES2,protein_coding,Down
ENSG00000163017,931.5792401321336,-1.2843029554302312,0.1845946841599837,-6.957421126586492,3.465578532040839e-12,1.1924230935531957e-11,ACTG2,protein_coding,Down
ENSG00000181234,33.92365990913274,-2.211736767670103,0.31803162358447806,-6.954455480690913,3.5392638182355122e-12,1.2168238186032654e-11,TMEM132C,protein_coding,Down
ENSG00000225774,6.781016307626775,-1.2248010746281661,0.17620551654434663,-6.95098030214005,3.6275652573379884e-12,1.2457207427529985e-11,SIRPAP1,processed_pseudogene,Down
ENSG00000171695,6.863450411326334,-1.8180812979470655,0.2617919398341623,-6.9447565845563,3.7911343547500446e-12,1.3000287767848982e-11,LKAAEAR1,protein_coding,Down
ENSG00000129993,306.80596995336197,-1.0744118203194652,0.15475808014822398,-6.9425248703681035,3.8515311635844125e-12,1.3197099374184116e-11,CBFA2T3,protein_coding,Down
ENSG00000222046,43.50090469450958,-1.637570555323366,0.23604505307795665,-6.937533890119438,3.990036263658697e-12,1.3659256948290254e-11,DCDC2B,protein_coding,Down
ENSG00000254838,392.47334709186373,-1.103143061783198,0.15903092566606467,-6.936657490754932,4.01485625834919e-12,1.3738873544337936e-11,GVINP1,transcribed_unprocessed_pseudogene,Down
ENSG00000185905,374.4186187830996,-1.0718463002627008,0.15460997862743922,-6.932581646916263,4.13228901399921e-12,1.4131560277416568e-11,C16orf54,protein_coding,Down
ENSG00000064201,96.22058290195535,-1.115108112682637,0.1608805417131671,-6.9312801959030965,4.1704907034195945e-12,1.425850380515684e-11,TSPAN32,protein_coding,Down
ENSG00000170367,27.018854272994385,-1.9002548678164621,0.2743962421161163,-6.925221909607388,4.352926312737791e-12,1.4868739231463154e-11,CST5,protein_coding,Down
ENSG00000187240,688.4359381862744,-1.0111906522838736,0.14623645253327017,-6.914764648395845,4.686407510857509e-12,1.59706081754087e-11,DYNC2H1,protein_coding,Down
ENSG00000147206,81.28880539322921,-1.9429714942123748,0.2809958464951145,-6.9145915089038725,4.692134475494894e-12,1.5985993038604695e-11,NXF3,protein_coding,Down
ENSG00000286277,16.55744428794723,-1.6993180179679768,0.24597252080720067,-6.908568535994897,4.8956845880834566e-12,1.6660111316009903e-11,AL009177.1,lncRNA,Down
ENSG00000163071,690.7682555230715,-1.496731610764788,0.21669241086980734,-6.907171343735018,4.94412646690493e-12,1.6822789023520384e-11,SPATA18,protein_coding,Down
ENSG00000034239,278.89326573921795,-2.0622286308996562,0.29884621746989326,-6.90063487622162,5.177064075149867e-12,1.759041098591702e-11,EFCAB1,protein_coding,Down
ENSG00000109943,117.45554725261607,-1.1062103891261916,0.16032916146027504,-6.8996206245379685,5.214159786225933e-12,1.7707326923731858e-11,CRTAM,protein_coding,Down
ENSG00000186231,72.55768031612816,-1.2641824909238863,0.183458017716159,-6.89085441269617,5.545827411606153e-12,1.8782875525822534e-11,KLHL32,protein_coding,Down
ENSG00000145491,155.29001880621206,-1.8300360137188774,0.26561223849398546,-6.889878358373599,5.5840115463689266e-12,1.8902488379685313e-11,ROPN1L,protein_coding,Down
ENSG00000253288,89.86222308905488,-2.327260352470729,0.3380500254816605,-6.8843667417412595,5.804516024640387e-12,1.9626245360913837e-11,AC046195.1,lncRNA,Down
ENSG00000267259,60.82620589424146,-1.2427193046449747,0.18059243910796624,-6.881347363064416,5.928908022322307e-12,2.0031429154213865e-11,ERVE-1,lncRNA,Down
ENSG00000235910,9.405391124421154,-1.137095587147422,0.16528784481340722,-6.879487045348584,6.006845994482989e-12,2.028175785845281e-11,APOA1-AS,lncRNA,Down
ENSG00000123095,1089.0081683218277,-1.0249076245886488,0.14913683868996602,-6.8722633092638095,6.31911747404778e-12,2.1300668259061738e-11,BHLHE41,protein_coding,Down
ENSG00000277135,4.9270003887068485,-1.3889226379596635,0.20215756949680483,-6.870495333995475,6.397935668725953e-12,2.1555329447336577e-11,AC012409.3,lncRNA,Down
ENSG00000197320,14.88878706306025,-1.6770003947855023,0.24415706849988336,-6.868531003788258,6.486637712143148e-12,2.1843013212771653e-11,AC060834.1,processed_pseudogene,Down
ENSG00000284735,13.154850291266165,-1.0204345871501117,0.14865891477582077,-6.864267700924213,6.683319839452434e-12,2.2485218699459134e-11,AL139424.3,lncRNA,Down
ENSG00000151623,870.2907673990547,-1.0457395716495677,0.15239015158070474,-6.862251666543894,6.77835084681513e-12,2.2796213726631167e-11,NR3C2,protein_coding,Down
ENSG00000259134,24.449297185301248,-1.2445147830576964,0.18151790721981484,-6.856154316227389,7.0738962751120085e-12,2.3762884684675625e-11,LINC00924,lncRNA,Down
ENSG00000157856,215.86620547229094,-1.955001856910924,0.2852450296483844,-6.8537630938593885,7.193217113105096e-12,2.4144362857440467e-11,DRC1,protein_coding,Down
ENSG00000166347,8957.979962257805,-1.01664104797644,0.148333542983726,-6.853750187090037,7.193866475954105e-12,2.4144362857440467e-11,CYB5A,protein_coding,Down
ENSG00000039537,239.3721652985863,-2.0452871716298984,0.2986440888091125,-6.8485774481115085,7.458795109479884e-12,2.5020789598904026e-11,C6,protein_coding,Down
ENSG00000236242,31.705790710609058,-2.429561227634059,0.3548634368418246,-6.846468177325921,7.569547414669423e-12,2.5369721063145995e-11,MYO16-AS1,lncRNA,Down
ENSG00000089041,274.76250639188197,-1.0139840277427312,0.14824026574705743,-6.8401390312730115,7.911635912629818e-12,2.6472508440051808e-11,P2RX7,protein_coding,Down
ENSG00000179071,51.55609845796769,-1.245283331082512,0.1820879943269097,-6.838909592506171,7.979822236713964e-12,2.6687116345231102e-11,CCDC89,protein_coding,Down
ENSG00000158077,6.307437756601764,-1.2575416388145577,0.18396137821250427,-6.835900290776794,8.149161118753063e-12,2.7229267448241037e-11,NLRP14,protein_coding,Down
ENSG00000182487,85.46610818286018,-1.0536651063544589,0.15414579868902772,-6.835509727255771,8.171395369173806e-12,2.7300100834297893e-11,NCF1B,transcribed_unprocessed_pseudogene,Down
ENSG00000113396,29.929338623239985,-2.404530681724414,0.3527563013205539,-6.816407453879578,9.334531126084464e-12,3.1087596084219156e-11,SLC27A6,protein_coding,Down
ENSG00000162631,150.6483651363997,-1.9140443055814371,0.2808442510178499,-6.815323079053466,9.405215600369699e-12,3.131113942453591e-11,NTNG1,protein_coding,Down
ENSG00000206557,72.58031740542769,-2.027070660448772,0.29749999914885566,-6.813682911758654,9.513126681464068e-12,3.166639113736525e-11,TRIM71,protein_coding,Down
ENSG00000121316,1953.1759148219467,-1.0820002141013267,0.15882857301638387,-6.812377606576581,9.599872238417523e-12,3.1947076088726665e-11,PLBD1,protein_coding,Down
ENSG00000170935,5.152692910480929,-1.4494010019388066,0.21279181921822354,-6.811356786476873,9.668251576666663e-12,3.2166514518887194e-11,NCBP2L,protein_coding,Down
ENSG00000181126,149.29372719748727,-1.6003922501495778,0.235061336867639,-6.808402740646135,9.868827082402138e-12,3.281727240390219e-11,HLA-V,transcribed_unprocessed_pseudogene,Down
ENSG00000181378,215.68890046746776,-1.9109726018166935,0.2807807480354012,-6.805924605542241,1.0040228629298624e-11,3.337040949768146e-11,CFAP65,protein_coding,Down
ENSG00000260947,11.643652042880547,-1.5063420959119396,0.22137253111341587,-6.804557405273533,1.0136036589256977e-11,3.3680353434816844e-11,AL356489.2,lncRNA,Down
ENSG00000124205,17.228183113404498,-2.704832655181784,0.3978679694806469,-6.79831718726318,1.0584821471175851e-11,3.5109653106277634e-11,EDN3,protein_coding,Down
ENSG00000280399,111.53151129972977,-1.3095637471454733,0.19270682370588293,-6.795627274435197,1.0784226170318301e-11,3.5753085757014535e-11,AC022497.1,TEC,Down
ENSG00000136155,2975.580876506422,-1.3784872177201737,0.20315554431780697,-6.785378279234818,1.1578273353351337e-11,3.829892979526778e-11,SCEL,protein_coding,Down
ENSG00000138741,35.228677520607484,-1.2844654689444015,0.1895017188549598,-6.778120413395834,1.217493621818849e-11,4.0212057624452714e-11,TRPC3,protein_coding,Down
ENSG00000162598,115.00033602322189,-2.3956910225385903,0.3534897592374003,-6.777257218729405,1.2247872285766366e-11,4.0447888813482665e-11,C1orf87,protein_coding,Down
ENSG00000109610,2108.160597754765,-1.0367789332611739,0.15298269203069054,-6.777099549622131,1.2261240765596922e-11,4.0486967065964294e-11,SOD3,protein_coding,Down
ENSG00000180815,38.80611035605174,-1.6126208323213143,0.2382389845328925,-6.768920861055246,1.2974648434889226e-11,4.277303153244517e-11,MAP3K15,protein_coding,Down
ENSG00000130598,125.28314242601407,-1.416614943640643,0.20940773833197257,-6.764864349926236,1.3343415794162404e-11,4.395027160780197e-11,TNNI2,protein_coding,Down
ENSG00000236762,5.840978974872477,-1.2043453975212952,0.17808787703688717,-6.7626467200338425,1.3549334914873189e-11,4.460623741638027e-11,RPL19P16,processed_pseudogene,Down
ENSG00000272950,11.929990027106777,-1.0714534429329816,0.15872812024280764,-6.750243380277994,1.4759735767844806e-11,4.843382680413981e-11,AC093799.1,lncRNA,Down
ENSG00000198553,21.61077712238303,-1.3818924760154063,0.20476660157832166,-6.748622408947111,1.4925545012378187e-11,4.895355994731502e-11,KCNRG,protein_coding,Down
ENSG00000197646,316.49152201443144,-1.060597036307774,0.1571736205000095,-6.747932846070119,1.4996632247248037e-11,4.916225663350705e-11,PDCD1LG2,protein_coding,Down
ENSG00000175749,4.436683286365648,-1.177188409306952,0.17463984311720282,-6.7406634608399605,1.5766501458476432e-11,5.162188272411516e-11,EIF3KP1,processed_pseudogene,Down
ENSG00000204334,138.85889854229558,-1.1329196789323708,0.16809914421247474,-6.739592186741758,1.588317957858534e-11,5.1997448229335245e-11,ERICH2,protein_coding,Down
ENSG00000134539,262.3346616559119,-1.1532011224724064,0.1711594369644514,-6.737584225121737,1.610415949187485e-11,5.268163823356156e-11,KLRD1,protein_coding,Down
ENSG00000111962,512.3610142351052,-1.0956075089121784,0.16275704014380107,-6.73155218320617,1.6786260762619253e-11,5.4817795208702126e-11,UST,protein_coding,Down
ENSG00000184515,179.04296727273706,-1.2597844713126038,0.18733257872627557,-6.724855227415414,1.7576711234832295e-11,5.728561058738446e-11,BEX5,protein_coding,Down
ENSG00000250461,12.645877030216,-1.3535337593059398,0.2012990502353039,-6.723994761643225,1.7680879125735154e-11,5.7603753712087466e-11,AC122718.1,processed_pseudogene,Down
ENSG00000106078,1661.5080896902155,-1.1049629342853087,0.1644324130707964,-6.71986084525541,1.8189818938129026e-11,5.918873709260395e-11,COBL,protein_coding,Down
ENSG00000160838,84.78512561323399,-2.0520866824640147,0.3055490158174689,-6.716063794130841,1.866990825111143e-11,6.071346412403606e-11,LRRC71,protein_coding,Down
ENSG00000265485,15.453866736818838,-1.2485232940685826,0.18619060838945156,-6.705619068911729,2.0055428037587352e-11,6.502663683157242e-11,LINC01915,lncRNA,Down
ENSG00000154864,626.4564130221111,-1.061081589618136,0.15835937994437607,-6.700465674915133,2.0775639870476833e-11,6.726256886242775e-11,PIEZO2,protein_coding,Down
ENSG00000226530,15.586817581557593,-1.4787728627785994,0.22071106636844876,-6.7000395001036255,2.083632095735822e-11,6.745074682611542e-11,AL158055.1,lncRNA,Down
ENSG00000235770,69.9901004080797,-1.3934581011436322,0.20800128366210857,-6.699276449693745,2.0945402004289175e-11,6.777058292676141e-11,LINC00607,lncRNA,Down
ENSG00000223935,10.037202256417334,-1.1252918152803366,0.16801356035407428,-6.697624959014497,2.1183407116039162e-11,6.851544776768707e-11,LGALSL-DT,lncRNA,Down
ENSG00000231057,26.214368591983536,-1.7424990901535962,0.26022128377522663,-6.696220481560332,2.138789561238617e-11,6.913444561150078e-11,AC096637.2,lncRNA,Down
ENSG00000270638,4.985162789706995,-1.0240052483705226,0.15325895536323297,-6.681536135644201,2.3645045608296722e-11,7.61411469887391e-11,AL023806.1,lncRNA,Down
ENSG00000260078,10.957680334131108,-1.1764974400887844,0.17629792916260414,-6.673348040314589,2.5003246754306528e-11,8.032841336635759e-11,AC007342.3,transcribed_unprocessed_pseudogene,Down
ENSG00000148483,96.12112387585346,-1.2230331989456145,0.1834029179546488,-6.6685591079202,2.5832701077361063e-11,8.289222772085803e-11,TMEM236,protein_coding,Down
ENSG00000105695,13.85083405781413,-2.063679268120732,0.3095029777568989,-6.667720236739248,2.598074212285763e-11,8.335712006080492e-11,MAG,protein_coding,Down
ENSG00000151892,300.91680039504325,-1.5823740806134756,0.23734430821685026,-6.6669982208620535,2.6108825702201013e-11,8.373750106629052e-11,GFRA1,protein_coding,Down
ENSG00000151023,208.67544523301427,-1.6332399804338384,0.24498201898745117,-6.6667749216218954,2.614856335032211e-11,8.384455441974636e-11,ENKUR,protein_coding,Down
ENSG00000167858,314.57078688855165,-2.2547040917349177,0.3383482640077316,-6.663855948388715,2.667349191090657e-11,8.547575424603309e-11,TEKT1,protein_coding,Down
ENSG00000158859,1266.49875970238,-1.311344061611611,0.1968014168644538,-6.663285673978629,2.6777244048353352e-11,8.577695888667128e-11,ADAMTS4,protein_coding,Down
ENSG00000287059,27.726717801894786,-1.6959917771061586,0.25467911300891427,-6.659328113204146,2.750822044658004e-11,8.801162013786893e-11,AC090004.2,lncRNA,Down
ENSG00000185681,85.9822690195464,-2.1891154749129975,0.3288098035015897,-6.657695274290731,2.7815471677326234e-11,8.895471232261833e-11,MORN5,protein_coding,Down
ENSG00000233009,8.553182291466864,-1.8827206117066255,0.2829447626492133,-6.654021774705079,2.8519045307782048e-11,9.109099137187652e-11,NALCN-AS1,lncRNA,Down
ENSG00000059804,3512.499782905725,-1.0857542737686796,0.16331208598282912,-6.648340000279205,2.9641696054719203e-11,9.458523639616282e-11,SLC2A3,protein_coding,Down
ENSG00000238243,5.788116584050787,-2.233837308098258,0.3360025946282021,-6.648273983032995,2.965499118173907e-11,9.461610616605679e-11,OR2W3,protein_coding,Down
ENSG00000197584,17.793753861017635,-1.5405225795124127,0.23188522411366874,-6.643470214200702,3.063824183582306e-11,9.76468983817566e-11,KCNMB2,protein_coding,Down
ENSG00000267583,14.216995371123463,-1.0380327308171082,0.1562656300841845,-6.642744986584011,3.078942947273522e-11,9.808133065909975e-11,AC007998.3,lncRNA,Down
ENSG00000197769,126.41272470098468,-1.4515293805607252,0.21884548526613337,-6.632667696094123,3.296734526940415e-11,1.0482924089644127e-10,MAP1LC3C,protein_coding,Down
ENSG00000205363,125.42652784297132,-1.4277305150790165,0.21548349580431417,-6.625707039649912,3.4558997139291836e-11,1.0970515884953964e-10,INSYN1,protein_coding,Down
ENSG00000154678,267.8628705377066,-1.4370854736339695,0.21701226270293666,-6.622139485274915,3.5403673137249694e-11,1.1234595194094757e-10,PDE1C,protein_coding,Down
ENSG00000248890,195.04665083200914,-1.592202006173915,0.24051379945282528,-6.620002718331394,3.591922636768674e-11,1.1391340941862892e-10,HHIP-AS1,lncRNA,Down
ENSG00000167094,70.84274634227057,-1.4082368236824787,0.21286958471335232,-6.615491008632322,3.7032049532279454e-11,1.1735790724266425e-10,TTC16,protein_coding,Down
ENSG00000100626,144.59661362945764,-1.3290392394746997,0.2011253381823114,-6.60801493976847,3.895073895963764e-11,1.232754424346669e-10,GALNT16,protein_coding,Down
ENSG00000206043,7.910901292889599,-2.2337725016490952,0.3380828433394293,-6.607174973994248,3.917229627748822e-11,1.2390229732965868e-10,C18orf63,protein_coding,Down
ENSG00000231389,28282.027032802594,-1.0020284187743655,0.15169547921921553,-6.605525912386167,3.961086122327594e-11,1.2525943284060275e-10,HLA-DPA1,protein_coding,Down
ENSG00000164197,307.59420794984123,-1.0190700071712846,0.15440947700469915,-6.599789254776578,4.1174266091117446e-11,1.3006293684987625e-10,RNF180,protein_coding,Down
ENSG00000155026,6.557641160737635,-1.536554009837958,0.23297374364948245,-6.595395625997066,4.24123329433958e-11,1.3378148561212288e-10,RSPH10B,protein_coding,Down
ENSG00000128594,499.00421591449634,-1.2956289157678353,0.19655015350050928,-6.591848913333352,4.343825378761524e-11,1.3693565479729993e-10,LRRC4,protein_coding,Down
ENSG00000188316,20.914570735816426,-1.3112524377415506,0.19893663327030456,-6.591307071935264,4.3597109786148456e-11,1.3738716360668438e-10,ENO4,protein_coding,Down
ENSG00000176204,16.14873669963258,-1.8168880457953744,0.27566957110890117,-6.5908182701732665,4.374090330195695e-11,1.3782382842306187e-10,LRRTM4,protein_coding,Down
ENSG00000266010,60.052459205083196,-1.5514818785593818,0.23545534571334925,-6.589282880195061,4.419560202177213e-11,1.391900185494006e-10,GATA6-AS1,lncRNA,Down
ENSG00000178125,24.644562509721926,-1.9354184274493265,0.29389479296847587,-6.585412446068501,4.536243474706514e-11,1.4271145362444616e-10,PPP1R42,protein_coding,Down
ENSG00000148053,511.3474752057589,-1.84177978144382,0.28006474866256426,-6.57626420404264,4.824150441991484e-11,1.514078161810467e-10,NTRK2,protein_coding,Down
ENSG00000257057,28.145276968379036,-2.491218454405433,0.37882645234677675,-6.5761470429867925,4.827951193254633e-11,1.515090717197723e-10,C11orf97,protein_coding,Down
ENSG00000138400,97.37631024427637,-1.412192531626613,0.21474646789207869,-6.576092009747576,4.829737504498927e-11,1.5154709423326594e-10,MDH1B,protein_coding,Down
ENSG00000197272,12.5269608162316,-1.0896659893049254,0.1657689013989607,-6.573404179607824,4.917772583125385e-11,1.5416269973492203e-10,IL27,protein_coding,Down
ENSG00000228541,4.574057580916219,-1.620790841332566,0.24667835395270923,-6.570462366727516,5.015926068187939e-11,1.5712754860788305e-10,AC093159.1,lncRNA,Down
ENSG00000161905,500.7083508741214,-2.1087515203299527,0.3210267652717825,-6.568771667822388,5.073200700668949e-11,1.5884623898912395e-10,ALOX15,protein_coding,Down
ENSG00000287920,74.04236094850569,-1.5478631012284099,0.2357557991421178,-6.565535638405783,5.184615101378398e-11,1.621614283280137e-10,AL022098.1,lncRNA,Down
ENSG00000279811,4.882294995306921,-1.1188585676067961,0.1704157871562695,-6.565463131539653,5.187138684022634e-11,1.6222111847447447e-10,AC093330.2,TEC,Down
ENSG00000246662,12.249229556576937,-1.344066067849764,0.20488895585155387,-6.559973241425305,5.381743465807544e-11,1.680082575983721e-10,LINC00535,lncRNA,Down
ENSG00000158164,47.68655290625043,-1.633857083952927,0.2491609300481472,-6.557436928964765,5.4740450194550164e-11,1.7082907356571453e-10,TMSB15A,protein_coding,Down
ENSG00000138311,81.507573605216,-1.1961612794672156,0.18242372182989947,-6.557048981724938,5.488299074310677e-11,1.71253634587117e-10,ZNF365,protein_coding,Down
ENSG00000136011,64.34560849451297,-1.2103149330932441,0.18481066281864075,-6.548945361886158,5.794482488994422e-11,1.804020109029314e-10,STAB2,protein_coding,Down
ENSG00000169402,7.209576954634849,-1.8401159849285533,0.2810096896677333,-6.548229661063687,5.822313567313619e-11,1.8124708862006862e-10,RSPH10B2,protein_coding,Down
ENSG00000215217,307.7614140961741,-1.5928711570852405,0.24335515864023144,-6.545458768926657,5.931302115459612e-11,1.8450918577877783e-10,C5orf49,protein_coding,Down
ENSG00000174740,38.32858300511278,-1.04062137849426,0.15920787034979295,-6.5362433164134925,6.308325807593965e-11,1.9596012668895377e-10,PABPC5,protein_coding,Down
ENSG00000260868,5.58844600900996,-1.0498088588643384,0.16061406845473933,-6.536219827842616,6.309316096818192e-11,1.9596780385523643e-10,LINC01960,lncRNA,Down
ENSG00000287003,17.018122468012862,-2.3876446357258985,0.3657757275572227,-6.527619127905009,6.68233557677949e-11,2.0704169799045372e-10,AC008674.1,lncRNA,Down
ENSG00000137473,80.32508553781425,-2.125114726923639,0.32564529706996675,-6.525857262624757,6.761368726567673e-11,2.093182593561746e-10,TTC29,protein_coding,Down
ENSG00000244124,16.30092590476973,-1.2620987935800188,0.19348218888641663,-6.523074815537318,6.888048232286813e-11,2.1301493126000146e-10,ATP1B3-AS1,lncRNA,Down
ENSG00000266389,12.87953207089751,-1.0523400532237763,0.161364413405208,-6.521512587668307,6.960187913261465e-11,2.1509452158995056e-10,AC002091.2,lncRNA,Down
ENSG00000080572,43.0459912619669,-2.256234495455325,0.3463582208727684,-6.51416469853081,7.30952620835116e-11,2.254148124362298e-10,DNAAF6,protein_coding,Down
ENSG00000255191,4.459315694664807,-1.6713391036643768,0.2565797359497779,-6.51391699924237,7.321596423627127e-11,2.2576063808588324e-10,AP003555.2,lncRNA,Down
ENSG00000107295,53.36729153415258,-2.184395267172841,0.33561657127418726,-6.508603728593201,7.585252414248497e-11,2.3339919038941993e-10,SH3GL2,protein_coding,Down
ENSG00000230910,17.706232602923976,-1.601320360282794,0.24610227338981785,-6.506727216397369,7.680569647413427e-11,2.3627697340444713e-10,AL391807.1,lncRNA,Down
ENSG00000164185,51.5181648993286,-1.476509088518167,0.2272124323884154,-6.498363989141679,8.11981568618695e-11,2.492660531370778e-10,ZNF474,protein_coding,Down
ENSG00000106511,271.8895860585039,-1.1368932769584574,0.17521612950756954,-6.488519522452654,8.668392608924467e-11,2.6561179769618663e-10,MEOX2,protein_coding,Down
ENSG00000260583,6.523046834384469,-1.1023870942573715,0.16994387181088416,-6.486771676498713,8.769507897276876e-11,2.6852290205665495e-10,AP000223.1,lncRNA,Down
ENSG00000157551,2896.3323535697514,-1.4120810392382546,0.2177186056376506,-6.485807839447507,8.825759572096536e-11,2.7018258638981385e-10,KCNJ15,protein_coding,Down
ENSG00000274721,5.611975030636709,-1.5115445490419932,0.2331145394516477,-6.484128156903383,8.924633871615808e-11,2.7311430334746296e-10,AC091825.1,misc_RNA,Down
ENSG00000223914,70.28822336441006,-2.111005559790261,0.3256320052507954,-6.4827950746561465,9.003875691420043e-11,2.7544338977116766e-10,LINC02471,lncRNA,Down
ENSG00000135205,398.4716864056791,-1.1029411943607925,0.1701408705397905,-6.482517638834169,9.020453458039424e-11,2.7588652016759405e-10,CCDC146,protein_coding,Down
ENSG00000204252,3633.2385070090513,-1.0409648011693997,0.16059713642562026,-6.4818391182928545,9.061123293159608e-11,2.7706611924932614e-10,HLA-DOA,protein_coding,Down
ENSG00000277631,9.282603502903006,-1.6123463388943093,0.24875966941206762,-6.481542376644164,9.078965984209691e-11,2.775795165259241e-10,PGM5P3-AS1,lncRNA,Down
ENSG00000102904,78.55607556747246,-1.3360917750432477,0.20644956195178343,-6.471758827733884,9.686864985474554e-11,2.954460208963266e-10,TSNAXIP1,protein_coding,Down
ENSG00000279581,8.131361619105643,-1.679053671979535,0.2596837667499814,-6.465762927707746,1.0078898806085477e-10,3.069414037607969e-10,AC073862.2,TEC,Down
ENSG00000286330,23.609072177979037,-1.7738957906093769,0.2744465435751088,-6.463538463634935,1.0228252128837624e-10,3.11381907916703e-10,AL353660.1,lncRNA,Down
ENSG00000267519,1241.3816949072473,-1.0336495606371632,0.1600608031214067,-6.4578556428530245,1.061969673312377e-10,3.2288873844399146e-10,AC020916.1,lncRNA,Down
ENSG00000249610,5.353320711355207,-1.9822597987758745,0.3070573757346537,-6.455665798723108,1.0774414665109436e-10,3.2744187474811093e-10,ZNF474-AS1,lncRNA,Down
ENSG00000259070,34.46633763207236,-1.247290189183998,0.19328706889055006,-6.453045184777899,1.0962465536435416e-10,3.328883189725955e-10,LINC00639,lncRNA,Down
ENSG00000258545,167.01907941497532,-1.5918462541910692,0.24668494893436727,-6.452952484809254,1.0969175949839739e-10,3.3305373609357965e-10,RHOXF1-AS1,lncRNA,Down
ENSG00000197446,77.08499239631313,-2.2169294603788225,0.3441209399024911,-6.442297469625079,1.1767834373669616e-10,3.5653352464696743e-10,CYP2F1,protein_coding,Down
ENSG00000198597,8.307165266117705,-1.9334190956021762,0.3002641740209104,-6.4390602105848735,1.2021550843514045e-10,3.6404259961353395e-10,ZNF536,protein_coding,Down
ENSG00000136918,184.68155485818255,-2.055110588026592,0.31945371276262713,-6.433203014778105,1.249425907108126e-10,3.7818366816392657e-10,WDR38,protein_coding,Down
ENSG00000196205,2481.3300208660235,-1.3048262297625766,0.20287853775819384,-6.431563654691598,1.2629786965711041e-10,3.821543112860587e-10,EEF1A1P5,processed_pseudogene,Down
ENSG00000205929,7.002444472681152,-1.25181188082504,0.1947017155029613,-6.429382902925685,1.2812301358648392e-10,3.8749901000981547e-10,C21orf62,protein_coding,Down
ENSG00000232354,41.47164165760122,-1.3177822803524066,0.20499525770725652,-6.428354953626614,1.289922538208999e-10,3.899937781766946e-10,VIPR1-AS1,lncRNA,Down
ENSG00000111181,160.36862666306018,-1.0544992310653438,0.1641567959532725,-6.423731804350694,1.329733999436327e-10,4.015699217262476e-10,SLC6A12,protein_coding,Down
ENSG00000240583,22018.467210014267,-1.474557305252514,0.22967985676313699,-6.420054967089202,1.3622514816415942e-10,4.110134047012453e-10,AQP1,protein_coding,Down
ENSG00000243491,7.088281226674693,-1.3666333388436958,0.2128936346230927,-6.419324566763991,1.3688029527092853e-10,4.128011649467504e-10,AC082651.3,lncRNA,Down
ENSG00000187068,138.15097825732508,-1.0119314722537875,0.1576675222070587,-6.418135187821731,1.3795372782532355e-10,4.1599082936006656e-10,C3orf70,protein_coding,Down
ENSG00000205795,387.20300373487055,-1.4587277131538303,0.22734027476951296,-6.416494897935482,1.3944762131973786e-10,4.2025528848017e-10,CYS1,protein_coding,Down
ENSG00000145569,2479.4855899950003,-1.170611379040627,0.18251990318376768,-6.413609467357721,1.4211398411921132e-10,4.2809524345711704e-10,OTULINL,protein_coding,Down
ENSG00000186710,97.50495048374644,-1.794527773693688,0.2798292547487662,-6.412938401686539,1.427412063798381e-10,4.2988643355828353e-10,CFAP73,protein_coding,Down
ENSG00000224276,16.789070174853308,-1.8043412103533822,0.28143083323206997,-6.411313179979498,1.4427147694857336e-10,4.3434625495306305e-10,ARHGEF2-AS1,lncRNA,Down
ENSG00000189320,69.59352783374717,-1.2533826390898237,0.19557689670377926,-6.408643659931862,1.4681989657892506e-10,4.418672304024485e-10,FAM180A,protein_coding,Down
ENSG00000224383,233.1198616880434,-1.0829589212600292,0.16902594849268465,-6.407057205816533,1.4835516696069892e-10,4.4618222545091584e-10,PRR29,protein_coding,Down
ENSG00000176928,201.86806466611557,-1.1722930788770036,0.18313584691137794,-6.401221271793354,1.541389958212935e-10,4.627855311177855e-10,GCNT4,protein_coding,Down
ENSG00000197748,393.79901058291233,-1.5883985870114614,0.24814216742521805,-6.401163508375306,1.5419733058187e-10,4.629079698820483e-10,CFAP43,protein_coding,Down
ENSG00000177994,24.11511262451145,-1.7497308774051026,0.27342499613111787,-6.399308410581594,1.5608229220156822e-10,4.684067423870894e-10,C2orf73,protein_coding,Down
ENSG00000152611,141.82581774596622,-2.094561423097907,0.32742349160805273,-6.397101847552324,1.5835371010636755e-10,4.748990487325045e-10,CAPSL,protein_coding,Down
ENSG00000270332,20.695746257810896,-1.307984117156686,0.20446460199721608,-6.397117664281542,1.5833731412836122e-10,4.748990487325045e-10,SMC2-AS1,lncRNA,Down
ENSG00000144331,916.6554962629081,-1.7045683984171438,0.2664878441214682,-6.3964208350163325,1.5906123876896901e-10,4.769666666292601e-10,ZNF385B,protein_coding,Down
ENSG00000187753,5.257685754535713,-1.089233472245188,0.17029855582728579,-6.396022954826886,1.5947603957164787e-10,4.781561300175502e-10,C9orf153,protein_coding,Down
ENSG00000265752,24.11710988090289,-1.432052130709081,0.2239316298895325,-6.395041787600642,1.6050345521018168e-10,4.810725294262891e-10,AC010754.1,lncRNA,Down
ENSG00000285881,6.8653614032122885,-1.4085689617004813,0.22034148979770002,-6.3926633290612545,1.63020942309624e-10,4.881742276521446e-10,AC105206.3,lncRNA,Down
ENSG00000260695,24.881820306906647,-1.29538811316027,0.20265555068173513,-6.392068259677925,1.6365680513539167e-10,4.89911448679791e-10,AC022164.1,lncRNA,Down
ENSG00000111452,1950.1675393496039,-1.2652545593893396,0.19825990144252353,-6.38179758076871,1.7502121400303244e-10,5.227442987042662e-10,ADGRD1,protein_coding,Down
ENSG00000287593,13.249650561818916,-1.3608047753993888,0.21332542762277812,-6.379008778108208,1.7823782183581938e-10,5.316890680781173e-10,AL022724.3,lncRNA,Down
ENSG00000172005,320.2144218951683,-1.236979520578989,0.1939239299037115,-6.378684266522359,1.7861584460133167e-10,5.326359631501885e-10,MAL,protein_coding,Down
ENSG00000166246,119.54499169083685,-1.0918885499524904,0.1711853274310504,-6.378400335696286,1.789472373793497e-10,5.335638455103405e-10,C16orf71,protein_coding,Down
ENSG00000277968,4.702183442880781,-1.5014704326920862,0.23546994924183298,-6.3764842924820195,1.8119932485200674e-10,5.398515643822639e-10,AC091825.2,misc_RNA,Down
ENSG00000235529,19.304138680065048,-1.2515167301003025,0.19629819174899096,-6.375589703345985,1.8226027107718513e-10,5.429511238483249e-10,AGAP1-IT1,lncRNA,Down
ENSG00000105989,487.3783138534375,-1.0630840436528992,0.16674440245999073,-6.375530620333595,1.8233055437921454e-10,5.430991436778366e-10,WNT2,protein_coding,Down
ENSG00000227191,125.93431845668076,-1.2151766257342065,0.1906287222727509,-6.37457257881389,1.834739133432034e-10,5.463196809914491e-10,TRGC2,TR_C_gene,Down
ENSG00000213729,4.810689445929807,-1.1505305268217378,0.1807316883801548,-6.3659590475450445,1.940732131508691e-10,5.770335585509548e-10,RPS16P2,processed_pseudogene,Down
ENSG00000287439,7.711501780967168,-1.9923175656261316,0.31332386803662865,-6.3586524005034395,2.0353139079472143e-10,6.044737893069945e-10,AC092078.3,lncRNA,Down
ENSG00000162571,86.35563280900163,-1.6459233772078938,0.25888931083625427,-6.357633584373551,2.048854763093665e-10,6.084268029592336e-10,TTLL10,protein_coding,Down
ENSG00000137098,104.40271245164539,-1.2347095872730656,0.1942186824292187,-6.357316257271206,2.053090231347978e-10,6.095472798991914e-10,SPAG8,protein_coding,Down
ENSG00000092850,217.7430184984942,-1.6333410608545897,0.25708359378011125,-6.353346150325014,2.1068089287907574e-10,6.247222697876113e-10,TEKT2,protein_coding,Down
ENSG00000169314,58.235744054116054,-1.7074822696575775,0.26877128599332933,-6.352919224042243,2.1126666958625924e-10,6.263888100955314e-10,C22orf15,protein_coding,Down
ENSG00000156076,2467.8655832841287,-2.2410053114222275,0.35298773128048405,-6.348677624836554,2.1717358651156217e-10,6.432514294406261e-10,WIF1,protein_coding,Down
ENSG00000286285,12.946635508734948,-1.1679759448946985,0.18401916131598012,-6.347034387843784,2.1950507998823706e-10,6.499381270255795e-10,AL138778.1,lncRNA,Down
ENSG00000272555,10.340253246489695,-1.1862892586444949,0.18714885935250763,-6.3387469351872365,2.31641349203519e-10,6.838762179239584e-10,AC009974.1,lncRNA,Down
ENSG00000197580,73.1877506939368,-1.0889977981587062,0.1720117435146842,-6.330950293900957,2.4365583587123726e-10,7.181406495947833e-10,BCO2,protein_coding,Down
ENSG00000105519,1922.400715118482,-1.3413539850089067,0.21199539549584875,-6.327278863163671,2.4952218319999263e-10,7.348559270698912e-10,CAPS,protein_coding,Down
ENSG00000153993,206.8406181018873,-1.2621809017833696,0.19954859744499784,-6.325180522159612,2.5293670555131894e-10,7.446623786299297e-10,SEMA3D,protein_coding,Down
ENSG00000108924,1174.9124828903687,-1.396217509866358,0.22077406854978224,-6.324191600208363,2.5456170799565474e-10,7.491119562376315e-10,HLF,protein_coding,Down
ENSG00000167768,21.302513577719726,-1.789382378690608,0.2831078299041144,-6.320497667961542,2.607222659211364e-10,7.664711429587923e-10,KRT1,protein_coding,Down
ENSG00000203727,395.55481190555423,-1.1830961837096055,0.18721206712075822,-6.319550881014885,2.623245679055696e-10,7.708378488600257e-10,SAMD5,protein_coding,Down
ENSG00000158220,1011.0146736460434,-1.1161217281877294,0.17694280857248065,-6.307810626451853,2.830101890990481e-10,8.297730360842671e-10,ESYT3,protein_coding,Down
ENSG00000198300,47.75662453856108,-1.3092195374199902,0.2076632366960619,-6.304532079195981,2.8906585106205574e-10,8.470570610630526e-10,PEG3,protein_coding,Down
ENSG00000100427,79.33057388083193,-1.28774946917312,0.20438784059865053,-6.300518980979058,2.9665067958388305e-10,8.685109826387249e-10,MLC1,protein_coding,Down
ENSG00000282556,10.172551637891635,-1.17050564049308,0.18581676101588432,-6.2992468176378384,2.9909540714623666e-10,8.755712573763611e-10,AC068733.3,lncRNA,Down
ENSG00000162878,805.0241425590079,-1.1490523490819782,0.18263155056747538,-6.2916420821683126,3.1412510806293684e-10,9.186513363224624e-10,PKDCC,protein_coding,Down
ENSG00000226026,18.91476253276274,-1.2709586732207092,0.202054803462736,-6.29016807044187,3.171224395431929e-10,9.271085067354764e-10,AC092802.1,lncRNA,Down
ENSG00000128383,97.28153541314178,-1.2751570584438334,0.20272792915992324,-6.2899920288630655,3.174822729728316e-10,9.280575920955071e-10,APOBEC3A,protein_coding,Down
ENSG00000261706,5.164852996201966,-2.586341301636437,0.4115329990338505,-6.284651067370904,3.285908759040671e-10,9.596789675036271e-10,LINC00165,lncRNA,Down
ENSG00000186471,43.93484263331625,-2.0937461141169247,0.3337117437815203,-6.274115769469869,3.5162681286564053e-10,1.0246877064058947e-09,AKAP14,protein_coding,Down
ENSG00000259847,10.905211319242147,-1.166889332422882,0.18620356631190968,-6.266739974615873,3.6868503228630993e-10,1.0723830025799684e-09,LINC02126,lncRNA,Down
ENSG00000157330,64.14641180972568,-2.2705882402238426,0.36246653237728177,-6.264270042621336,3.745758706238914e-10,1.0889169560524767e-09,C1orf158,protein_coding,Down
ENSG00000255398,45.51963515387415,-1.3010768059029367,0.2076989355911373,-6.26424397505894,3.7463852968304153e-10,1.088979059495349e-09,HCAR3,protein_coding,Down
ENSG00000283526,131.48280196061756,-1.3265892325033268,0.21198153632209024,-6.258041410208825,3.8984231915334633e-10,1.131924901571652e-09,PRRT1B,protein_coding,Down
ENSG00000140795,58.759355607966455,-1.3610492696734153,0.217585663017908,-6.25523414914243,3.9691994242570994e-10,1.1517142255464316e-09,MYLK3,protein_coding,Down
ENSG00000187848,19.044040370166844,-1.7195160922381745,0.2749505980534493,-6.253909263743108,4.003036418710573e-10,1.1612769016655424e-09,P2RX2,protein_coding,Down
ENSG00000213071,92.05816638228683,-1.0591191797020445,0.16943469142803427,-6.25089921535871,4.080961722459854e-10,1.183492363590304e-09,LPAL2,transcribed_unprocessed_pseudogene,Down
ENSG00000163060,26.293831094343545,-1.6997491738175123,0.27209622403700695,-6.246867922674057,4.1876487424847887e-10,1.2133644362083713e-09,TEKT4,protein_coding,Down
ENSG00000233073,5.74383903906123,-1.2964086346616046,0.2076135190654306,-6.244336305734667,4.2560338481581494e-10,1.232772545869183e-09,GRM3-AS1,lncRNA,Down
ENSG00000236164,11.646432144267612,-2.428229721220491,0.3888888373912321,-6.244020109987446,4.2646512634178154e-10,1.2349972964674697e-09,AL161618.1,lncRNA,Down
ENSG00000266256,56.23647466809324,-1.1870864882203922,0.19028692257780092,-6.238402892532138,4.420609054170236e-10,1.2790373135667008e-09,LINC00683,lncRNA,Down
ENSG00000258334,10.722609873455658,-1.6306993716651652,0.2614660141354708,-6.236754620125379,4.467419070815331e-10,1.2918723642658217e-09,AC125611.4,lncRNA,Down
ENSG00000125538,442.71155983698696,-1.1048672397495287,0.17728996542720848,-6.23197842634339,4.605809176000871e-10,1.3307240930332307e-09,IL1B,protein_coding,Down
ENSG00000229274,6.4118096026667075,-1.5703654647198326,0.2522443826853737,-6.225571598470683,4.798034725820621e-10,1.3839879208038696e-09,LINC02829,lncRNA,Down
ENSG00000236411,5.937803524480639,-1.0729072132841229,0.17253108336330825,-6.218631404666038,5.015098547264333e-10,1.4458089941112984e-09,NDUFAF4P3,processed_pseudogene,Down
ENSG00000101222,112.7172167107589,-1.439376278779362,0.2316507405911883,-6.213562171681286,5.179672455509765e-10,1.4912977688808002e-09,SPEF1,protein_coding,Down
ENSG00000257202,6.201746878566464,-1.5296163255094837,0.24629581967845582,-6.21048431721833,5.282154824183032e-10,1.5199740584210669e-09,AC084398.2,lncRNA,Down
ENSG00000277491,6.111875771119777,-1.001417987138558,0.16128986012080257,-6.2088093224739485,5.338755288123879e-10,1.5357584482145379e-09,AC087392.5,lncRNA,Down
ENSG00000142621,298.21003010438864,-1.1629321083545106,0.18745982722994659,-6.2036337360324465,5.517411127481806e-10,1.5849033925021266e-09,FHAD1,protein_coding,Down
ENSG00000249173,4.110627138076511,-1.5253863987952279,0.2462209834900176,-6.1951925346649865,5.821382563979032e-10,1.6696743333927242e-09,LINC01093,lncRNA,Down
ENSG00000164627,104.06630905745364,-1.2890921994849598,0.20810272122913914,-6.194499485019024,5.847053209444955e-10,1.676490085169767e-09,KIF6,protein_coding,Down
ENSG00000253214,12.590601885583043,-1.0271553434384078,0.16599737816259483,-6.187780522848419,6.101720060501512e-10,1.747419178925118e-09,AC079209.1,lncRNA,Down
ENSG00000242607,8.633868840553585,-1.3090591597745138,0.21181656988453748,-6.180154652150631,6.403883710683752e-10,1.8309065606962468e-09,RPS3AP34,processed_pseudogene,Down
ENSG00000168356,17.722482348698232,-1.030205702428129,0.16670572826005742,-6.179785860873538,6.418860762678768e-10,1.8348548326486624e-09,SCN11A,protein_coding,Down
ENSG00000148795,9.741363927922245,-1.7922617888208503,0.2903291560633117,-6.1732063466268405,6.691878139374789e-10,1.910826491990397e-09,CYP17A1,protein_coding,Down
ENSG00000275152,4.936902764526902,-1.3427088726757985,0.21764153165191275,-6.169359600093579,6.856712881358623e-10,1.9570464193248934e-09,CCL16,protein_coding,Down
ENSG00000288547,57.78891491215169,-1.1471339789098407,0.18605006672279362,-6.165727318007468,7.015989893861168e-10,2.000991277321209e-09,C3orf36,lncRNA,Down
ENSG00000250740,4.459490886801873,-1.6782021117456112,0.2722174197395601,-6.1649328443095435,7.051305947826567e-10,2.0104112643981682e-09,AC109361.2,lncRNA,Down
ENSG00000133115,108.59793763683794,-2.0882908349218003,0.338951338832475,-6.161034330517655,7.227131979364614e-10,2.0576492150274766e-09,STOML3,protein_coding,Down
ENSG00000157423,250.6725513013104,-1.7238535396196732,0.2803452149563923,-6.149038569778402,7.795402276477944e-10,2.214660181326475e-09,HYDIN,protein_coding,Down
ENSG00000203734,115.92308670389,-1.6552683924371248,0.26928635646589577,-6.14687061818061,7.90265379283354e-10,2.244163046704937e-09,ECT2L,protein_coding,Down
ENSG00000171595,116.71497837737229,-1.9784915848466569,0.32217445036184605,-6.141056755507893,8.197428576970862e-10,2.3256179835903346e-09,DNAI2,protein_coding,Down
ENSG00000118492,55.0601733702412,-2.071333763034133,0.3374764824186967,-6.137712910211897,8.371797802993749e-10,2.372789209640425e-09,ADGB,protein_coding,Down
ENSG00000223458,4.530054029480047,-1.4541788055638285,0.23692457213087653,-6.137728950969863,8.370952763535129e-10,2.372789209640425e-09,LMO7DN-IT1,lncRNA,Down
ENSG00000279208,5.003578987170829,-1.4800702405336028,0.24117406317990878,-6.136937865617473,8.412727026798709e-10,2.3836210561586115e-09,CR381653.2,unprocessed_pseudogene,Down
ENSG00000003137,304.5731588753636,-1.065869429066025,0.17371643477675197,-6.1356856099182835,8.479269975553869e-10,2.4014429089824457e-09,CYP26B1,protein_coding,Down
ENSG00000286796,6.259952061876,-1.1193538340226632,0.1825819793584439,-6.130691747103662,8.749779055065514e-10,2.474599674839957e-09,AC010883.2,lncRNA,Down
ENSG00000105784,49.02889290933271,-1.1671106523485035,0.1906091429168485,-6.123057029104029,9.179681983718755e-10,2.5917367656387964e-09,RUNDC3B,protein_coding,Down
ENSG00000206052,223.9251077677129,-1.1324654914001884,0.185162397682871,-6.1160662508797845,9.591346339958185e-10,2.703621624635995e-09,DOK6,protein_coding,Down
ENSG00000069122,12813.942932378859,-1.1140086265985298,0.18249184867878337,-6.104429511037361,1.0316850870020874e-09,2.900067769347089e-09,ADGRF5,protein_coding,Down
ENSG00000260439,5.476483053923633,-1.2273789706556226,0.20108050326170207,-6.103918334927849,1.0349918313575215e-09,2.909052930387747e-09,LMF1-AS1,lncRNA,Down
ENSG00000184613,382.0376635398345,-1.1400722502383867,0.18682856864229538,-6.102237246281028,1.0459396593645408e-09,2.9388842639790027e-09,NELL2,protein_coding,Down
ENSG00000233608,126.04689823329954,-1.0307305476967195,0.16899825441685498,-6.0990603201989035,1.0669380545572056e-09,2.9959702373201484e-09,TWIST2,protein_coding,Down
ENSG00000099957,25.53258934586132,-1.2782083518955767,0.20960479985857583,-6.09818264065521,1.0728113150440708e-09,3.0111798166803778e-09,P2RX6,protein_coding,Down
ENSG00000173811,7.340510987874882,-1.019575114796637,0.1674514157326195,-6.088781694295487,1.1377312944617439e-09,3.1886464273521297e-09,CCDC13-AS1,lncRNA,Down
ENSG00000169126,173.9338646825289,-1.6098032036534347,0.26440859125965505,-6.088316555767935,1.1410409349724672e-09,3.1969028320467447e-09,ARMC4,protein_coding,Down
ENSG00000183549,45.06325425585265,-1.170341884584136,0.19226170387563007,-6.08723349992365,1.1487837117735483e-09,3.216887169955237e-09,ACSM5,protein_coding,Down
ENSG00000100362,21.25555388987543,-1.3064971915828032,0.21477232583115488,-6.083172897284342,1.1782716601150534e-09,3.296660337107051e-09,PVALB,protein_coding,Down
ENSG00000136542,2467.127500324328,-1.11665889430505,0.18360281445869378,-6.081926889831371,1.18746716358205e-09,3.321683367312895e-09,GALNT5,protein_coding,Down
ENSG00000170477,682.4257587175889,-2.060842787262423,0.33897915839555526,-6.079556032343506,1.2051576366622371e-09,3.3693815605156054e-09,KRT4,protein_coding,Down
ENSG00000129744,3.881193128145983,-1.7236054196967354,0.28367532341770396,-6.075979394086297,1.2323323470976089e-09,3.4424368636614348e-09,ART1,protein_coding,Down
ENSG00000143127,235.34280168626154,-1.057440267836995,0.174112830756265,-6.073304668265786,1.2530439518803487e-09,3.4984403399772153e-09,ITGA10,protein_coding,Down
ENSG00000109339,439.800261450198,-1.102765667830865,0.1816629082538083,-6.070395318620291,1.2759576643512262e-09,3.559023017658328e-09,MAPK10,protein_coding,Down
ENSG00000109182,41.750082915357176,-2.2985504686156,0.379071764272947,-6.063628803965866,1.3308410818146709e-09,3.7066201233051195e-09,CWH43,protein_coding,Down
ENSG00000130595,31.50418799200572,-1.6001699337912487,0.2641366191588052,-6.058114694158286,1.3772618431897352e-09,3.831054304315751e-09,TNNT3,protein_coding,Down
ENSG00000168913,20.449113011512555,-1.4547253671470435,0.24013772657052634,-6.057879317516581,1.3792780993145241e-09,3.83585356242607e-09,ENHO,protein_coding,Down
ENSG00000257335,69.52113586941147,-1.3230553618026326,0.21850281741965505,-6.055095203928567,1.403346422384214e-09,3.900732071073229e-09,MGAM,protein_coding,Down
ENSG00000258819,59.038032565156676,-1.3649396550543504,0.22545148637917153,-6.05424997180436,1.410734011801357e-09,3.920438974319173e-09,LINC02289,lncRNA,Down
ENSG00000228412,68.41839596587891,-1.198267116928782,0.19800274244916358,-6.051770304325115,1.4326264703582271e-09,3.9775068460040485e-09,LNC-LBCS,lncRNA,Down
ENSG00000285188,10.734513809739346,-1.384788575761708,0.22885839388642126,-6.050853334437697,1.4408057797373924e-09,3.998531720866664e-09,AC008397.2,protein_coding,Down
ENSG00000198502,17314.548013355914,-1.1473670804860883,0.18980046774185877,-6.0451225127989865,1.4929651122562582e-09,4.137188946006465e-09,HLA-DRB5,protein_coding,Down
ENSG00000125355,181.97348338648163,-1.1034882381031808,0.18256527305684597,-6.044349068289586,1.5001441017219975e-09,4.15620928371602e-09,TMEM255A,protein_coding,Down
ENSG00000198003,115.33804368534295,-1.3112891055525402,0.21719892082151201,-6.037272655834791,1.5674075964529583e-09,4.337097410122194e-09,CCDC151,protein_coding,Down
ENSG00000104237,259.9816136241586,-1.5550632217974512,0.2576466816614254,-6.035642344662394,1.5833158765226284e-09,4.3797377178119904e-09,RP1,protein_coding,Down
ENSG00000036672,203.45326558927965,-1.0237444458531646,0.16966251887336795,-6.034004756331968,1.5994535326094669e-09,4.421194302507742e-09,USP2,protein_coding,Down
ENSG00000165996,315.40761466571047,-1.0645955548867667,0.17669382381957993,-6.025086400155181,1.6901930862362974e-09,4.6602249774206566e-09,HACD1,protein_coding,Down
ENSG00000133640,211.93677131179706,-1.4832809427990532,0.2463163195065852,-6.021854117381768,1.7243027757101722e-09,4.751291974449032e-09,LRRIQ1,protein_coding,Down
ENSG00000254109,134.58859246304695,-1.0653604226885978,0.17704088557918038,-6.017595422680612,1.7702696339611084e-09,4.874387621129208e-09,RBPMS-AS1,lncRNA,Down
ENSG00000283361,15.709380164596464,-2.0860011072088778,0.3467849000681121,-6.015259334530327,1.7959894330162122e-09,4.940563462198781e-09,CFAP97D2,protein_coding,Down
ENSG00000250934,11.294901678696785,-1.3968541435098212,0.23265988187563505,-6.003846182026729,1.9269726633784884e-09,5.290397619291071e-09,AC016924.1,lncRNA,Down
ENSG00000124237,523.1498826006668,-2.2605204017369096,0.37672556666944906,-6.0004432980795315,1.9677955934532236e-09,5.3974172872229565e-09,C20orf85,protein_coding,Down
ENSG00000145244,179.41915234001868,-1.0459044822528767,0.1743589934136641,-5.998569169136483,1.9906372536401448e-09,5.457798334216117e-09,CORIN,protein_coding,Down
ENSG00000183134,24.164678002082113,-1.0424361345845738,0.17387844495055335,-5.995200468240997,2.0323457321920796e-09,5.567520980459708e-09,PTGDR2,protein_coding,Down
ENSG00000186329,48.27406354680689,-2.2182240892607883,0.3700090020246297,-5.9950543827934535,2.034173571420923e-09,5.571949421249584e-09,TMEM212,protein_coding,Down
ENSG00000084710,518.7616811482051,-1.112747196290437,0.18563325804887384,-5.994331015821912,2.0432480538750167e-09,5.59564349160704e-09,EFR3B,protein_coding,Down
ENSG00000183833,114.2747333069569,-1.4110369821336817,0.23575966833050124,-5.985065181528887,2.163032218101528e-09,5.9120190289528705e-09,CFAP91,protein_coding,Down
ENSG00000182782,396.4827747944373,-1.3144547047974344,0.21965223162567962,-5.984253813717052,2.173841086975308e-09,5.94033051435636e-09,HCAR2,protein_coding,Down
ENSG00000198670,3.8291226086048797,-1.914576895082922,0.32033846902389185,-5.976731114801348,2.2765949423525434e-09,6.206327781436635e-09,LPA,protein_coding,Down
ENSG00000286722,159.13295097705628,-1.5509362856209534,0.2595430346077089,-5.975642104844558,2.291856574696821e-09,6.247287355256892e-09,AC009244.1,lncRNA,Down
ENSG00000178965,293.4108117345159,-2.060445210991057,0.34506032551342336,-5.971260845260237,2.3542698014551914e-09,6.412777054475095e-09,ERICH3,protein_coding,Down
ENSG00000232862,10.888137573183435,-1.5325458369389144,0.2567044480675677,-5.97007900905375,2.3713872127084497e-09,6.457401982561112e-09,AL138787.1,transcribed_processed_pseudogene,Down
ENSG00000100218,46.04074212459378,-1.4637990190209502,0.24525314119043576,-5.968523020401725,2.3941087171544625e-09,6.5150892490533235e-09,RSPH14,protein_coding,Down
ENSG00000246016,8.142230842377971,-1.92167204639605,0.32261289008682126,-5.956587927651904,2.575585674847263e-09,6.993944418259945e-09,LINC01513,lncRNA,Down
ENSG00000243710,229.32611210200724,-1.3573412231198771,0.22833164356308794,-5.94460409402188,2.771258201177879e-09,7.504423779529746e-09,CFAP57,protein_coding,Down
ENSG00000227165,13.785803845456023,-1.3325758016173492,0.22424076079103505,-5.94261184682274,2.8051612706601815e-09,7.594671735863346e-09,WDR11-AS1,lncRNA,Down
ENSG00000258752,79.7680827703835,-1.7446428266484824,0.29390739118703035,-5.936029099514086,2.920079946257085e-09,7.89202707623238e-09,AL357093.2,lncRNA,Down
ENSG00000214575,37.55831762981006,-1.153922464926176,0.19444977909977348,-5.934295581452374,2.951097573734412e-09,7.969323401881868e-09,CPEB1,protein_coding,Down
ENSG00000007174,413.088951754397,-2.0213879611682466,0.3408668619320759,-5.93013926232303,3.0267785770744488e-09,8.17118663774091e-09,DNAH9,protein_coding,Down
ENSG00000287189,116.09248429540432,-1.8254516674077412,0.30853018489735967,-5.916606402757719,3.2865189291948984e-09,8.849740035011688e-09,AL121956.7,lncRNA,Down
ENSG00000135114,768.1005722221014,-1.0308687954005715,0.1745836087288064,-5.9047284158382585,3.5322815730927562e-09,9.481500924517099e-09,OASL,protein_coding,Down
ENSG00000105374,620.2416863811437,-1.0622593651226138,0.18007988827294025,-5.898822879724291,3.661039741546451e-09,9.816127908955761e-09,NKG7,protein_coding,Down
ENSG00000127249,3562.7993874168865,-1.3918497523075608,0.23603175174946503,-5.8968750686769225,3.7045012101373364e-09,9.924585686408774e-09,ATP13A4,protein_coding,Down
ENSG00000181322,70.41410635440553,-1.1986244923379246,0.20366139271494732,-5.885379041945214,3.971427502493119e-09,1.0618122603745671e-08,NME9,protein_coding,Down
ENSG00000170011,135.69241867113948,-1.230350765740138,0.2092413278213694,-5.880056194206988,4.101272228274297e-09,1.0955282481725407e-08,MYRIP,protein_coding,Down
ENSG00000176601,121.33196221970314,-1.6985752194355404,0.28907771244313535,-5.875842883493372,4.2069719902478725e-09,1.1220577665908406e-08,MAP3K19,protein_coding,Down
ENSG00000144278,204.96931218482598,-1.593064606788838,0.27119090976827415,-5.87432892994117,4.2455964193755635e-09,1.1317870762124302e-08,GALNT13,protein_coding,Down
ENSG00000122735,161.15688615613695,-1.752249136124204,0.29855415835496635,-5.869116497251616,4.3812351885738616e-09,1.1668838695353272e-08,DNAI1,protein_coding,Down
ENSG00000253125,5.674505761159057,-1.5211873118861106,0.25944620088139075,-5.863209045722513,4.540060473582967e-09,1.2079648339055882e-08,AC055854.1,lncRNA,Down
ENSG00000175920,163.12787861269805,-1.114746683415511,0.19015102930652286,-5.8624278158312935,4.561479284255901e-09,1.2134188310887532e-08,DOK7,protein_coding,Down
ENSG00000166257,55.21985269986374,-1.0531741663096847,0.18019854340966177,-5.844520973265628,5.080280355066523e-09,1.3467252342128317e-08,SCN3B,protein_coding,Down
ENSG00000279469,5.315095640532178,-1.0379783519766976,0.17766526631493254,-5.8423257033074725,5.147703476796323e-09,1.3637225304713587e-08,AC109454.4,TEC,Down
ENSG00000224511,26.259624717115045,-1.1955218133575558,0.20479346042516272,-5.837695260754837,5.29278492435926e-09,1.4008906800697949e-08,LINC00365,lncRNA,Down
ENSG00000107593,58.77285785871147,-1.1517064095547838,0.1972929176312147,-5.837545632061587,5.297538845804976e-09,1.402008223242445e-08,PKD2L1,protein_coding,Down
ENSG00000248491,7.781462596169522,-1.4228893808462724,0.24397867257630373,-5.8320236183811,5.4759165521068054e-09,1.446603080335168e-08,AC093772.1,lncRNA,Down
ENSG00000265413,23.911910798728613,-1.0395143366532376,0.17840461399684057,-5.826723386602808,5.652618768961043e-09,1.4920876570320593e-08,AP001094.2,lncRNA,Down
ENSG00000261625,15.713501925533958,-1.0181740333003277,0.17498605445456927,-5.818601010657515,5.9342194676626834e-09,1.5648536736226497e-08,AP003071.4,lncRNA,Down
ENSG00000278231,7.151226220974276,-1.0414363696139801,0.17919037187606177,-5.811899147875516,6.176805075956433e-09,1.6257346027844212e-08,AL133342.1,lncRNA,Down
ENSG00000235584,366.4089297255523,-2.1205486457019505,0.36489988460729017,-5.811316295657675,6.19835260572173e-09,1.630754845983059e-08,AC008268.1,lncRNA,Down
ENSG00000124469,38.064378309389596,-2.1127081393393112,0.3635958340570507,-5.810595010854312,6.225119107831933e-09,1.6374702331523998e-08,CEACAM8,protein_coding,Down
ENSG00000277089,22.668381366944274,-1.2360579160496126,0.21286010254231189,-5.806902755784924,6.363907260500764e-09,1.6726426239350657e-08,AC243829.4,lncRNA,Down
ENSG00000163491,118.86625682691601,-1.3282775742878574,0.22883886644496532,-5.804422976405985,6.45880423298273e-09,1.6962321245269854e-08,NEK10,protein_coding,Down
ENSG00000280168,5.592553563499866,-1.3288419732486092,0.22898253768833995,-5.80324590103569,6.504329256276362e-09,1.707507839601868e-08,AC005274.1,TEC,Down
ENSG00000205362,123.77749170262263,-1.7369147974640111,0.2993796747778257,-5.801712486838001,6.5641045267376756e-09,1.722171290121107e-08,MT1A,protein_coding,Down
ENSG00000154146,1511.6800276561726,-1.252411117319497,0.21609740347084305,-5.795586144043968,6.808296947737394e-09,1.783930748329045e-08,NRGN,protein_coding,Down
ENSG00000169313,85.81769533432161,-1.1433887928533168,0.19730681029771585,-5.794978851100272,6.832979124051052e-09,1.7902201639466096e-08,P2RY12,protein_coding,Down
ENSG00000013297,244.66303848805677,-1.222252098331799,0.21094285857288028,-5.794233123609224,6.863406749444099e-09,1.7978348662247034e-08,CLDN11,protein_coding,Down
ENSG00000154099,338.54483852554745,-1.50921848003053,0.26085704193802667,-5.785615250475331,7.2247406260407915e-09,1.8889193962789578e-08,DNAAF1,protein_coding,Down
ENSG00000198523,451.55435861932585,-1.050674080574711,0.18198372037815091,-5.77345093501482,7.766422874441134e-09,2.0233211934302776e-08,PLN,protein_coding,Down
ENSG00000112539,84.14746432867625,-2.005442762512648,0.3475050777141692,-5.770973983183549,7.88146439522633e-09,2.051490595058346e-08,C6orf118,protein_coding,Down
ENSG00000189430,17.950274089348664,-1.1229586296220357,0.19468568764150548,-5.768059497469858,8.01894977462815e-09,2.0854014354728234e-08,NCR1,protein_coding,Down
ENSG00000196154,10158.375175347037,-1.05889191227146,0.1837285431327888,-5.763350071883777,8.246050670260413e-09,2.1415043940788566e-08,S100A4,protein_coding,Down
ENSG00000092969,738.6651439684429,-1.0829828433688202,0.1879737203099917,-5.761352393211395,8.344261826705587e-09,2.1659433445243264e-08,TGFB2,protein_coding,Down
ENSG00000158258,225.5699427514154,-1.1866571991733919,0.20608600642133434,-5.758067807609024,8.508218010871874e-09,2.2078499207507512e-08,CLSTN2,protein_coding,Down
ENSG00000186198,113.23734732976284,-1.3533227108818227,0.23503751237467652,-5.7579009291268894,8.516631137206914e-09,2.209598220072278e-08,SLC51B,protein_coding,Down
ENSG00000118137,15.412520134158196,-1.5317777743167722,0.26643192385805253,-5.749227615579807,8.965205779076467e-09,2.3216387743714666e-08,APOA1,protein_coding,Down
ENSG00000275894,28.218849415154175,-1.1001677015575761,0.19156392646717071,-5.743083898137354,9.296763479831104e-09,2.4034867937563356e-08,AL021578.1,lncRNA,Down
ENSG00000102383,143.32101130760935,-1.0265622229288747,0.1788684304008604,-5.73920294726272,9.512317345782137e-09,2.456564571621535e-08,ZDHHC15,protein_coding,Down
ENSG00000228723,148.39505524505083,-2.248734448900856,0.39186225027474053,-5.738584023656871,9.547139449377892e-09,2.464591945962751e-08,SRGAP3-AS2,lncRNA,Down
ENSG00000173988,21.986674254291554,-1.0074603989165813,0.175738819147133,-5.732714057177714,9.88361794626137e-09,2.548460010197637e-08,LRRC63,protein_coding,Down
ENSG00000258699,4.616406964889161,-1.98900329013448,0.3475566383325147,-5.722817724550435,1.0477165582267726e-08,2.69623164247487e-08,AL357093.1,lncRNA,Down
ENSG00000255794,14.317511320651656,-1.855524692968516,0.32434459621772027,-5.72084355529997,1.0599646394101046e-08,2.7266869126177406e-08,RMST,lncRNA,Down
ENSG00000166592,1489.859464495813,-1.2193117977509855,0.2133985844681319,-5.713776409482569,1.1049616164510954e-08,2.8396684363917146e-08,RRAD,protein_coding,Down
ENSG00000274225,19.32143091221862,-1.075491281480789,0.18859413684829401,-5.702676124793419,1.1794094555738487e-08,3.023039205237402e-08,AP001065.3,lncRNA,Down
ENSG00000117477,104.05198663958896,-1.1807427916582716,0.20705645973106182,-5.702516082772283,1.1805176913913728e-08,3.025585724753669e-08,CCDC181,protein_coding,Down
ENSG00000229498,11.516280775044923,-1.3282820725355735,0.2333817304946869,-5.691456952179094,1.2595991448965917e-08,3.219504647758372e-08,AC105053.1,lncRNA,Down
ENSG00000260433,3.9644053599367988,-1.8127776340143318,0.3190130299136078,-5.682456401562193,1.3277376730643316e-08,3.387754469153984e-08,LINC01917,lncRNA,Down
ENSG00000115423,224.80225039249254,-1.3406146572327964,0.2359724725027971,-5.681233251547616,1.3372695393884211e-08,3.411415086937474e-08,DNAH6,protein_coding,Down
ENSG00000254602,16.509975920066807,-1.0789501202071718,0.1903617576897139,-5.667893243378433,1.4456398705932055e-08,3.676489862816359e-08,AP000662.1,lncRNA,Down
ENSG00000287804,15.786937311476398,-1.5446707549787777,0.27309042782899867,-5.656261068022516,1.5470609168999664e-08,3.92835786024575e-08,Z98745.2,lncRNA,Down
ENSG00000250155,47.87847568005988,-1.0323554773500472,0.1830410283786671,-5.6400222753029805,1.7002816700204197e-08,4.3025072102906125e-08,AC008957.1,lncRNA,Down
ENSG00000285336,6.0492864725070525,-1.3798982847737,0.24512846147158632,-5.629286279078812,1.809568389064949e-08,4.5702823886258694e-08,AC108734.4,lncRNA,Down
ENSG00000228307,10.149000630813724,-1.855198197903738,0.3296040725958815,-5.628565761620141,1.8171422301775743e-08,4.5885320894170866e-08,OR2S1P,transcribed_unprocessed_pseudogene,Down
ENSG00000138356,610.4576318852027,-1.2204163693918268,0.21803429042039874,-5.597359787025719,2.1764074220131233e-08,5.466933103304064e-08,AOX1,protein_coding,Down
ENSG00000152076,71.53257806086282,-1.1969399344198361,0.2140900465502778,-5.590824766058154,2.259935651548927e-08,5.670806273798192e-08,CCDC74B,protein_coding,Down
ENSG00000115008,97.89026619039299,-1.435768304079816,0.257456707839153,-5.576736827446801,2.4507219530648694e-08,6.125643403063565e-08,IL1A,protein_coding,Down
ENSG00000119535,3283.700513331236,-1.0789911613599847,0.1935476904663505,-5.5748077321933955,2.4780339734131105e-08,6.19214970898358e-08,CSF3R,protein_coding,Down
ENSG00000174844,225.4428634730069,-1.6014061498722518,0.2873256067837686,-5.573489142850449,2.4968722097789124e-08,6.23744980786945e-08,DNAH12,protein_coding,Down
ENSG00000229391,3009.814201750298,-1.1160915496501222,0.20036523592143377,-5.570285406634904,2.5432238201760908e-08,6.350233134934524e-08,HLA-DRB6,transcribed_unprocessed_pseudogene,Down
ENSG00000173930,995.0656862277667,-1.2097470276119004,0.217201485821757,-5.569699594986475,2.5517891670585627e-08,6.371016884617904e-08,SLCO4C1,protein_coding,Down
ENSG00000187193,375.8718403258926,-1.0266801127259795,0.18451661585880275,-5.5641607556450285,2.6341703388181657e-08,6.569854519496361e-08,MT1X,protein_coding,Down
ENSG00000285875,6.642971220433747,-1.3512878926268057,0.24323580596464267,-5.555464530675357,2.7687443541041968e-08,6.892456208602631e-08,AL035446.2,lncRNA,Down
ENSG00000251576,18.11097449699664,-1.5023807604814958,0.27048307648236636,-5.554435345900248,2.785105728038782e-08,6.931222918873414e-08,LINC01267,lncRNA,Down
ENSG00000165646,78.97808000510229,-1.0862688360869643,0.19574248633096572,-5.5494790959703915,2.8652200642836245e-08,7.123206664953255e-08,SLC18A2,protein_coding,Down
ENSG00000162545,2067.7756235650036,-1.0187766207117694,0.18358728561023854,-5.549276559786736,2.8685410298712154e-08,7.130118480318969e-08,CAMK2N1,protein_coding,Down
ENSG00000147614,148.70304749344803,-1.2911196674657195,0.23270511622915052,-5.548308040611887,2.884473442468791e-08,7.167693618347344e-08,ATP6V0D2,protein_coding,Down
ENSG00000256660,9.156364701907547,-1.246310164565585,0.2247371222741648,-5.545635504957507,2.928884035891064e-08,7.275308216507853e-08,CLEC12B,protein_coding,Down
ENSG00000167633,11.492196223774677,-1.6822185936537797,0.3035176417568545,-5.5424079599346365,2.9834022912641176e-08,7.405847540302625e-08,KIR3DL1,protein_coding,Down
ENSG00000146038,319.82546585013,-1.263221073912067,0.22792675570554186,-5.542223728854457,2.986543766578886e-08,7.411552712656242e-08,DCDC2,protein_coding,Down
ENSG00000185736,50.415255521674325,-1.2659604320824438,0.22849640148694175,-5.540395489137678,3.017893038343222e-08,7.485828183718442e-08,ADARB2,protein_coding,Down
ENSG00000271736,43.99604078606998,-1.701809280231871,0.3074464942865335,-5.535302278144767,3.1069204932271736e-08,7.700864123169524e-08,LINC02772,lncRNA,Down
ENSG00000238207,3.983068222229131,-1.4333086237536783,0.25895902376324975,-5.534885801330731,3.114312003665964e-08,7.717734004010101e-08,AC009312.1,lncRNA,Down
ENSG00000248801,396.4507241604832,-1.3869048618876976,0.2507787111041911,-5.53039313337678,3.1951390207797555e-08,7.910239766613988e-08,C8orf34-AS1,lncRNA,Down
ENSG00000152154,173.0121871291302,-1.1841900588678134,0.21430104175914888,-5.5258250223473695,3.279408511194765e-08,8.112382968124387e-08,TMEM178A,protein_coding,Down
ENSG00000019102,1467.2413944045966,-1.376054970928539,0.24925870404631084,-5.520589446187908,3.3786435247984796e-08,8.34924840679748e-08,VSIG2,protein_coding,Down
ENSG00000251448,3.945256367249424,-1.4213183706197758,0.2581652774597167,-5.505459078793251,3.682074846473981e-08,9.074421841263446e-08,AC063919.1,lncRNA,Down
ENSG00000100121,13.74712613933015,-1.4809908059520933,0.26918363928532363,-5.501786103658045,3.7596290459007115e-08,9.258630737803675e-08,GGTLC2,protein_coding,Down
ENSG00000197177,14.167619249200051,-2.0631701023558557,0.3752146624903307,-5.498639335313885,3.8273304882306244e-08,9.418318866614554e-08,ADGRA1,protein_coding,Down
ENSG00000165084,168.85431164759373,-1.1589881171939074,0.21079381926609575,-5.498207306215453,3.8367172256105134e-08,9.440536833008234e-08,C8orf34,protein_coding,Down
ENSG00000204950,277.551819410574,-1.371645996316488,0.24950253989548074,-5.497523179087015,3.851627004958591e-08,9.473687540412092e-08,LRRC10B,protein_coding,Down
ENSG00000006210,5237.272247789184,-1.0565405270845716,0.19275323947037068,-5.481311390603005,4.22184648007252e-08,1.034762447063039e-07,CX3CL1,protein_coding,Down
ENSG00000126861,214.21728919724313,-1.360405110572303,0.24837704443190883,-5.477177303900362,4.321641390454752e-08,1.0582383087221823e-07,OMG,protein_coding,Down
ENSG00000173627,61.76664004574803,-1.8951169975402693,0.3460587357042678,-5.476287121270025,4.343427309587809e-08,1.0634742632667643e-07,APOBEC4,protein_coding,Down
ENSG00000180229,194.23829058499157,-1.158156976052839,0.2114940394288291,-5.476073837260913,4.3486629150813106e-08,1.064657330523574e-07,HERC2P3,transcribed_unprocessed_pseudogene,Down
ENSG00000164675,49.96758567670781,-1.1121933002730802,0.2031577661313609,-5.474530073115398,4.3867414297311355e-08,1.0737804836351067e-07,IQUB,protein_coding,Down
ENSG00000286028,12.819533420126719,-2.2469563990615837,0.4105701547959111,-5.472770908490696,4.430527131883692e-08,1.0839951796972812e-07,AP002008.4,lncRNA,Down
ENSG00000182264,15.291604053231083,-1.0618595244041766,0.19411056198955826,-5.470385091468114,4.49058778773802e-08,1.0984860849967679e-07,IZUMO1,protein_coding,Down
ENSG00000166961,1393.7366197864847,-1.8960971256697159,0.3467418945370866,-5.4683242940720405,4.543101122006862e-08,1.1108166582041812e-07,MS4A15,protein_coding,Down
ENSG00000196301,16.1578141276097,-1.0446041536472688,0.1910713009568401,-5.467090810687618,4.5748170961646856e-08,1.1181567042901358e-07,HLA-DRB9,unprocessed_pseudogene,Down
ENSG00000285930,8.067877549560992,-2.2913342721003938,0.419245177492382,-5.465380152505223,4.6191579269609465e-08,1.1283667858634568e-07,AC015813.8,lncRNA,Down
ENSG00000170788,4.901887108867118,-1.8946396291717669,0.3467442453860418,-5.464083843878655,4.653035871990747e-08,1.1363266896128543e-07,DYDC1,protein_coding,Down
ENSG00000167646,94.26646378471702,-1.1494041528693484,0.21053390473667427,-5.459472925783466,4.7755014946143363e-08,1.1649396337926e-07,DNAAF3,protein_coding,Down
ENSG00000275385,5999.567280294244,-1.1782043087250682,0.21590610309036437,-5.4570217879943295,4.841869614241755e-08,1.1805834648872407e-07,CCL18,protein_coding,Down
ENSG00000158966,1216.3183637211457,-1.012934355371409,0.18572301101134606,-5.454005671432538,4.924763007456758e-08,1.2000184855538227e-07,CACHD1,protein_coding,Down
ENSG00000150471,178.44935290703734,-1.2416014703056475,0.2278191434457416,-5.449943545246244,5.038581169232936e-08,1.2271856048090194e-07,ADGRL3,protein_coding,Down
ENSG00000122420,193.48107847704674,-1.358585002326805,0.24943735885939494,-5.446597929593314,5.13423411406628e-08,1.2497900266586152e-07,PTGFR,protein_coding,Down
ENSG00000054803,40.08892474722995,-1.2729967808763207,0.23393476422095563,-5.441674242456551,5.2782130665545296e-08,1.283297792412345e-07,CBLN4,protein_coding,Down
ENSG00000250686,5.84568446962364,-1.6494237115927737,0.3031156695870824,-5.44156530686682,5.2814424073494457e-08,1.283964564227942e-07,KHDRBS2-OT1,lncRNA,Down
ENSG00000137561,25.58321155398048,-1.511549130594767,0.2781421259969517,-5.434448755926073,5.4966090126350184e-08,1.3343052532742836e-07,TTPA,protein_coding,Down
ENSG00000142609,158.0249881748708,-1.4707528373194811,0.27076372412720534,-5.431868105893382,5.576713618611922e-08,1.3533769383655106e-07,CFAP74,protein_coding,Down
ENSG00000070601,14.675746370429401,-1.4097456147182714,0.25963124094517753,-5.429799624984061,5.641735946164235e-08,1.3687788839851953e-07,FRMPD1,protein_coding,Down
ENSG00000005102,67.81217742230105,-1.1668427538833797,0.21509506104709314,-5.424777064629623,5.802691738560544e-08,1.4057600472746124e-07,MEOX1,protein_coding,Down
ENSG00000173947,884.9199441086724,-1.1057475464676043,0.20411302741655313,-5.417329606360688,6.049575633303586e-08,1.4624799179521043e-07,PIFO,protein_coding,Down
ENSG00000273100,19.375916062047,-1.1296401730528236,0.20867573531380287,-5.413375787817835,6.184750230641101e-08,1.4940625099121091e-07,AL596442.2,lncRNA,Down
ENSG00000169933,6.576842044966772,-1.7620073651898027,0.32569727468025006,-5.409954280150595,6.304084108518712e-08,1.5213571697779666e-07,FRMPD4,protein_coding,Down
ENSG00000234350,87.29274631147196,-1.040818585765139,0.192404926351455,-5.4095214997974415,6.319336444120706e-08,1.5247589169316771e-07,AC007405.1,lncRNA,Down
ENSG00000118307,119.85041576228826,-1.1396575580003527,0.21074038276465476,-5.407874575577052,6.377706019960293e-08,1.537857605581135e-07,CFAP94,protein_coding,Down
ENSG00000215386,163.9590281331699,-1.0078824318906583,0.1867171952993056,-5.397909015690996,6.742204107078237e-08,1.621893106218328e-07,MIR99AHG,lncRNA,Down
ENSG00000279166,3.805867560678531,-1.2405660780416112,0.23010446944191898,-5.3913167399590405,6.994326547806975e-08,1.68070339954137e-07,AC009951.4,TEC,Down
ENSG00000278910,35.36075907161098,-1.639540417463615,0.3041787903505383,-5.390055025119254,7.043611356330167e-08,1.6923920862544554e-07,BANCR,lncRNA,Down
ENSG00000227582,13.908038932164143,-1.0286184720458584,0.1908910990528639,-5.388509349830925,7.104446754699963e-08,1.7065427302007473e-07,ADGRF5P1,transcribed_processed_pseudogene,Down
ENSG00000183273,71.26566180792713,-1.6509687840504872,0.3068539842190509,-5.380307471816712,7.435872582199467e-08,1.7832299017151688e-07,CCDC60,protein_coding,Down
ENSG00000197826,25.609219567834746,-1.6792560736934035,0.31257335085723126,-5.372358421113156,7.77134421336647e-08,1.8604661543937704e-07,CFAP299,protein_coding,Down
ENSG00000067840,197.80543272970982,-1.052609821258533,0.19599708565641355,-5.370538126795299,7.85020334823293e-08,1.878662875877143e-07,PDZD4,protein_coding,Down
ENSG00000133687,830.7878917398556,-1.0780677396219127,0.20091872148245096,-5.365690820982431,8.06399739851484e-08,1.9284266926529095e-07,TMTC1,protein_coding,Down
ENSG00000251814,3.8303522933464276,-1.5595234057726661,0.29076278704613,-5.363559145982616,8.159791594625367e-08,1.9499786017483976e-07,RN7SKP18,misc_RNA,Down
ENSG00000100078,113.05631027317358,-1.488579769929309,0.277610840654365,-5.36210965832794,8.22555776390311e-08,1.964745998497509e-07,PLA2G3,protein_coding,Down
ENSG00000169174,814.8046139792704,-1.4638339437065342,0.27324259028817804,-5.357268580138576,8.448948004695473e-08,2.0159134897196855e-07,PCSK9,protein_coding,Down
ENSG00000260071,3.0181864944592984,-2.0622696889512797,0.3849675719905531,-5.3569958588664885,8.461705917379918e-08,2.0187748578784804e-07,AC012178.1,lncRNA,Down
ENSG00000159625,96.82884511681407,-1.4796555318288065,0.2765295853394861,-5.350803712421161,8.756446007317039e-08,2.0845669514575272e-07,DRC7,protein_coding,Down
ENSG00000236320,12.232247855590701,-1.108891748526999,0.20725621147955195,-5.350342653717778,8.778785208538354e-08,2.0896963887809747e-07,SLFN14,protein_coding,Down
ENSG00000286913,5.195758105202532,-1.0633315670729022,0.19885975276924261,-5.347143161275047,8.935334043804254e-08,2.1256180309888876e-07,AC092943.2,lncRNA,Down
ENSG00000227128,7.771278475195203,-1.146502748425872,0.21448514421190473,-5.345371366574287,9.023185959535071e-08,2.145549267384489e-07,LBX1-AS1,lncRNA,Down
ENSG00000140067,49.564173488759515,-1.7723655140873178,0.3316785547553691,-5.343624086261873,9.110641048763791e-08,2.165368224027951e-07,FAM181A,protein_coding,Down
ENSG00000230873,110.68724489855484,-1.5295606918440674,0.2862925222880818,-5.342649817115891,9.159761062117062e-08,2.1768466042540278e-07,STMND1,protein_coding,Down
ENSG00000225764,11.305861421664998,-1.5948399300989224,0.2987290155133339,-5.338751334075669,9.358890093748066e-08,2.2223676881777263e-07,P3H2-AS1,lncRNA,Down
ENSG00000287232,22.902303648989296,-1.080879057482711,0.2027395312928934,-5.331368039522537,9.747564034446777e-08,2.311540140183107e-07,AC079848.2,lncRNA,Down
ENSG00000230490,16.265116761477074,-1.0349583539275304,0.19420235288861434,-5.329278139699654,9.860389084952163e-08,2.3376648401527334e-07,AL139383.1,lncRNA,Down
ENSG00000203985,397.03141993604845,-1.4882520549700677,0.2796139172517658,-5.322524964413835,1.0233673459193806e-07,2.4213725358361656e-07,LDLRAD1,protein_coding,Down
ENSG00000225362,4.576930798844613,-1.2347007015567057,0.2319830820871289,-5.322373900925126,1.0242178001078089e-07,2.423167359487073e-07,CT62,lncRNA,Down
ENSG00000143028,59.50091407713429,-1.0229153014086714,0.1922740733290652,-5.320089618416805,1.0371614911513168e-07,2.45313019299132e-07,SYPL2,protein_coding,Down
ENSG00000132854,253.20222026799365,-1.2539139565379631,0.23595607689390594,-5.314183779643727,1.0713645157243034e-07,2.5301703635724416e-07,KANK4,protein_coding,Down
ENSG00000205414,6.513367702357859,-1.4758492466332092,0.27782940892163,-5.312069922192852,1.0838699758019677e-07,2.5580999965898047e-07,AC007608.1,lncRNA,Down
ENSG00000165566,6.121168145228525,-2.0235662942968293,0.381380633772673,-5.305896826169215,1.1212036505505657e-07,2.6421930531741214e-07,AMER2,protein_coding,Down
ENSG00000162551,6395.974002151103,-1.2415099562471057,0.2340607490222953,-5.304221068389586,1.1315511793304191e-07,2.665386743987776e-07,ALPL,protein_coding,Down
ENSG00000092529,302.93777792253155,-1.0355521247264896,0.19561175540473555,-5.293915606369636,1.197247015889158e-07,2.815105110030949e-07,CAPN3,protein_coding,Down
ENSG00000077327,400.33755193188875,-1.6225579068682585,0.3068811118457062,-5.287252438279906,1.2416723386455872e-07,2.9135877887599337e-07,SPAG6,protein_coding,Down
ENSG00000254427,10.100762345445336,-1.190004019280098,0.2253412408467689,-5.280897605819503,1.2855252328515511e-07,3.0132711458040357e-07,LINC02696,lncRNA,Down
ENSG00000251664,67.45269437663187,-1.1784971343062673,0.22318325212112958,-5.280401298510762,1.2890124892189012e-07,3.0203713649104693e-07,PCDHA12,protein_coding,Down
ENSG00000152936,14.926530397680633,-1.9111874412589713,0.36216971005877635,-5.277049372651306,1.3128052497419768e-07,3.073936639646238e-07,LMNTD1,protein_coding,Down
ENSG00000215475,13.513926290661525,-1.1842867927407343,0.2244621835369369,-5.276108314012954,1.3195611302867099e-07,3.0881103128914217e-07,SIAH3,protein_coding,Down
ENSG00000169064,127.47726891704026,-1.716883396913765,0.3254125997483944,-5.276020038072407,1.320196587848182e-07,3.089323278157473e-07,ZBBX,protein_coding,Down
ENSG00000286863,6.014237488661908,-1.0660864645357406,0.20210655777775477,-5.274873196880905,1.328479119152595e-07,3.1084289593659214e-07,AL513166.1,lncRNA,Down
ENSG00000107165,122.64177863581818,-1.185693824769291,0.22480209466106463,-5.274389576115686,1.331986895107804e-07,3.1158071874383744e-07,TYRP1,protein_coding,Down
ENSG00000236700,31.443409002463454,-1.151060695095346,0.21826182413851797,-5.27376099617327,1.3365594751870176e-07,3.1256716353921295e-07,LINC01010,lncRNA,Down
ENSG00000140287,157.18307023667683,-1.0164554987421381,0.19291881868532262,-5.268825020124751,1.3729976482653066e-07,3.206336165848046e-07,HDC,protein_coding,Down
ENSG00000175785,44.74747335059976,-1.485569428623188,0.28239063315044477,-5.260689464270385,1.4351623682802146e-07,3.345878494522965e-07,PRIMA1,protein_coding,Down
ENSG00000272865,15.314127017130321,-1.4032790977756282,0.2668455845766162,-5.258768287292838,1.4502348771979505e-07,3.380121416979844e-07,AL591686.2,lncRNA,Down
ENSG00000159588,330.2386306866945,-1.2938221899085933,0.24649741456663937,-5.248826614198888,1.530710583070121e-07,3.5566867632002024e-07,CCDC17,protein_coding,Down
ENSG00000001626,1051.9475043602201,-1.299069670675603,0.24771589964855412,-5.244191723335695,1.5696891318993844e-07,3.645007256797003e-07,CFTR,protein_coding,Down
ENSG00000198626,220.6210004728672,-1.001287467647629,0.19100081910779226,-5.2423202807447,1.585698130637196e-07,3.6799137292002866e-07,RYR2,protein_coding,Down
ENSG00000121552,485.81711655463084,-1.0020461807506558,0.19125174553897986,-5.239409334156505,1.6109136586098347e-07,3.736129567066081e-07,CSTA,protein_coding,Down
ENSG00000132321,290.4472858268707,-1.062505722241273,0.20280649308218043,-5.239012351595315,1.614382346588068e-07,3.7435158705177055e-07,IQCA1,protein_coding,Down
ENSG00000234779,5.783806682324883,-1.016843153119365,0.19418513038164634,-5.236462499064105,1.6368348095660155e-07,3.794245246857932e-07,BNC2-AS1,lncRNA,Down
ENSG00000112319,173.93016309199402,-1.3694048159694476,0.26155323546373865,-5.235663835476812,1.6439292453933195e-07,3.81002058367216e-07,EYA4,protein_coding,Down
ENSG00000128536,820.5685046418093,-1.4659789673840748,0.28004680414801686,-5.234764138244697,1.651956763991903e-07,3.8269436762247637e-07,CDHR3,protein_coding,Down
ENSG00000270765,153.05608041681018,-1.4667881044489748,0.2803622449250663,-5.231760449203887,1.679032509131425e-07,3.886594738921671e-07,GAS2L2,protein_coding,Down
ENSG00000149451,148.42280057182626,-1.0572155719413479,0.20218225363181902,-5.22902259199551,1.7040854288066757e-07,3.942510331429377e-07,ADAM33,protein_coding,Down
ENSG00000124107,20169.555979965357,-1.2470417269449139,0.2395973041683233,-5.204740225577975,1.9426816988662407e-07,4.476451974755572e-07,SLPI,protein_coding,Down
ENSG00000236711,4.221374973890618,-1.2673472465100284,0.24382149160471492,-5.197848795727411,2.0160800997173477e-07,4.637476642493585e-07,SMAD9-IT1,lncRNA,Down
ENSG00000280073,5.1038713278889505,-1.3447926735065712,0.258873639045815,-5.194784136628806,2.0495751744356423e-07,4.712468161990399e-07,AL157996.1,TEC,Down
ENSG00000165092,6165.603835632724,-1.08970158809186,0.20981689662194777,-5.193583575184156,2.0628427378048703e-07,4.741319881104718e-07,ALDH1A1,protein_coding,Down
ENSG00000135477,86.62191426684537,-1.052953338125614,0.20307622955260335,-5.185015205597289,2.1599724185436028e-07,4.955496143813712e-07,KRT87P,transcribed_unprocessed_pseudogene,Down
ENSG00000205106,10.839121287471452,-1.029086290101542,0.1984752836232619,-5.184959413157528,2.1606191272521697e-07,4.956548619890362e-07,LINC02716,lncRNA,Down
ENSG00000153347,208.2222915803698,-1.2724782265117005,0.2461975512462213,-5.1685251135544386,2.3594858696996956e-07,5.394454862491847e-07,FAM81B,protein_coding,Down
ENSG00000179399,96.53899412721336,-1.4199534043769635,0.2748433599233322,-5.166409713420257,2.386333923638373e-07,5.452055585370292e-07,GPC5,protein_coding,Down
ENSG00000116032,87.4863010617691,-1.1860136872121418,0.22967842587704204,-5.163801008663619,2.4198494471711026e-07,5.525277506442288e-07,GRIN3B,protein_coding,Down
ENSG00000226320,9.497045159006372,-1.938725008481969,0.37577119389914587,-5.159323119915116,2.478442487476476e-07,5.649769052105348e-07,LINC01811,lncRNA,Down
ENSG00000140527,64.56148243090583,-1.0149828712724949,0.1971727079243915,-5.147684392820246,2.6372171764685346e-07,5.994605373974248e-07,WDR93,protein_coding,Down
ENSG00000228559,48.54919881222914,-1.3862055020156514,0.2700519504150314,-5.133106796248836,2.8499808067326906e-07,6.461524707552321e-07,AL033519.4,lncRNA,Down
ENSG00000226869,7.670671848852574,-1.776088120565951,0.3461025474856699,-5.13168173267921,2.871647742965572e-07,6.509529010745476e-07,LHFPL3-AS1,lncRNA,Down
ENSG00000126838,108.76476859265307,-1.4343734249497984,0.2796644518793216,-5.128908645024169,2.9142671377024025e-07,6.601599898738283e-07,PZP,protein_coding,Down
ENSG00000213373,5.822245457389247,-1.0223845886058684,0.1994639412420334,-5.125661220968693,2.964953257514571e-07,6.711805082037878e-07,LINC00671,lncRNA,Down
ENSG00000197353,9.352221698368064,-1.8408300374062565,0.36022520205413133,-5.110220014893999,3.217838586176756e-07,7.259338139916251e-07,LYPD2,protein_coding,Down
ENSG00000199161,4.998135819023759,-1.1891125969144387,0.23272961345608617,-5.109416800276741,3.23154754520302e-07,7.288394523349611e-07,MIR126,miRNA,Down
ENSG00000258584,18.04912849928928,-1.7632618816835373,0.3451103047967779,-5.109270448246551,3.234051490962722e-07,7.293418097724021e-07,FAM181A-AS1,lncRNA,Down
ENSG00000171714,240.0143882487097,-1.0277990862327129,0.20172671944822795,-5.095007191134598,3.487280183678747e-07,7.837686733453385e-07,ANO5,protein_coding,Down
ENSG00000187492,194.20132186223293,-1.6282341090855543,0.3206570913461347,-5.077804773473574,3.818207237968395e-07,8.558834143592876e-07,CDHR4,protein_coding,Down
ENSG00000255122,9.988550790161476,-1.2388844284870575,0.2443466568782048,-5.070191850853038,3.974148867322428e-07,8.887991318063983e-07,AC068587.2,processed_pseudogene,Down
ENSG00000089250,207.461642950986,-1.7389172083224376,0.34394127354594467,-5.055855002206206,4.284667903180885e-07,9.553284231578586e-07,NOS1,protein_coding,Down
ENSG00000171811,137.52151746985288,-1.3901264560738829,0.2752849474692936,-5.049772858463113,4.4233570430246436e-07,9.847524290802858e-07,CFAP46,protein_coding,Down
ENSG00000214514,12.808252555073551,-1.3279722680712926,0.2632888237399712,-5.043785183160003,4.564116837218742e-07,1.0153177070816453e-06,KRT42P,transcribed_unprocessed_pseudogene,Down
ENSG00000162840,14.933394064678664,-1.0589144721482904,0.21002469242583377,-5.041857030797585,4.6103569629480395e-07,1.0253446328155503e-06,MT2P1,processed_pseudogene,Down
ENSG00000277350,5.661716032202362,-2.1676858667000087,0.430556258382554,-5.034617020417332,4.788051151461184e-07,1.0635184371970302e-06,AL353770.4,lncRNA,Down
ENSG00000274717,4.252785455917482,-1.0191645393136812,0.20252807143364673,-5.0322137178281725,4.848483158716995e-07,1.0764881779520684e-06,AL049757.1,processed_pseudogene,Down
ENSG00000234147,22.042731345484825,-1.0386586514719498,0.20650360343061583,-5.029736209038764,4.911550906445768e-07,1.0898485139933935e-06,AL035446.1,lncRNA,Down
ENSG00000140465,137.75235072917178,-2.5857642331289643,0.5147424986227133,-5.023413143557497,5.076118661429931e-07,1.1246618139968685e-06,CYP1A1,protein_coding,Down
ENSG00000243806,3.794912959462293,-1.1557770805922476,0.2303406133969365,-5.0176869096052314,5.229731307446326e-07,1.1575290798838309e-06,RPL7P18,processed_pseudogene,Down
ENSG00000276386,5.972541727079155,-1.2579432835853688,0.25088082470687945,-5.014106937248419,5.328034971936851e-07,1.178792534692296e-06,CNTNAP3P2,unprocessed_pseudogene,Down
ENSG00000184608,4.835961948427255,-1.7103419690716426,0.34172910127858,-5.0049643494580796,5.587237056905696e-07,1.2341718980616787e-06,FAM167A-AS1,lncRNA,Down
ENSG00000287117,8.132117523643904,-1.1101769280881912,0.22195711948656696,-5.001763091250515,5.680837416380703e-07,1.253692214159839e-06,AC105916.1,lncRNA,Down
ENSG00000277639,436.40879386032833,-1.3688551455022342,0.2739622096427939,-4.996510822740912,5.837690061338657e-07,1.2859400795046392e-06,AC007906.2,protein_coding,Down
ENSG00000170959,46.24974535942348,-1.3286426386913537,0.26602348693411665,-4.994456143717887,5.900179686093404e-07,1.298620635358343e-06,DCDC1,protein_coding,Down
ENSG00000166959,514.0509190499228,-1.7264016636123336,0.34622314901190065,-4.986384268467826,6.151972883199915e-07,1.352346823357634e-06,MS4A8,protein_coding,Down
ENSG00000141639,270.871151611651,-1.6132565623805353,0.32410859548099535,-4.9775185998580875,6.440459477690756e-07,1.4130536352999855e-06,MAPK4,protein_coding,Down
ENSG00000260372,30.71430153844598,-1.269218010815701,0.2550604670905885,-4.976145559887645,6.486287907094553e-07,1.4228717420354659e-06,AQP4-AS1,lncRNA,Down
ENSG00000211689,67.7950723141667,-1.077714661678486,0.21668950391606856,-4.973543444429698,6.574003250734642e-07,1.4413940776741706e-06,TRGC1,TR_C_gene,Down
ENSG00000275678,19.944423404146928,-2.104276096167034,0.4231666644052032,-4.972688713854087,6.603064169577393e-07,1.4475251654481323e-06,AL133320.2,lncRNA,Down
ENSG00000257953,8.24248866326861,-1.071241772956675,0.21598391456962548,-4.959822008464176,7.055779883372643e-07,1.5434335588928793e-06,AC083805.2,lncRNA,Down
ENSG00000101098,67.98461492149823,-1.5953219607735127,0.32212298263385747,-4.952524491513363,7.325683275431821e-07,1.6007479944741227e-06,RIMS4,protein_coding,Down
ENSG00000172264,1230.569115127354,-1.2157313376769676,0.24548854872287548,-4.9522934735720385,7.334388010010116e-07,1.6025172907777509e-06,MACROD2,protein_coding,Down
ENSG00000085741,113.74178641797991,-1.0120802055478644,0.20448638605368408,-4.949376949143996,7.445143018245508e-07,1.6256389947100609e-06,WNT11,protein_coding,Down
ENSG00000165309,277.8413035099197,-1.248249287064281,0.2525568254486919,-4.9424492283930315,7.714719984230951e-07,1.6812988924311583e-06,ARMC3,protein_coding,Down
ENSG00000237870,5.01853972949273,-1.1330453829502332,0.22927364479937015,-4.941891092374459,7.736843233747096e-07,1.6859809608620024e-06,AC073130.1,lncRNA,Down
ENSG00000166405,167.72701568733783,-1.078728768356548,0.2188503255950705,-4.9290708863393435,8.262159495323386e-07,1.7967437398291085e-06,RIC3,protein_coding,Down
ENSG00000226807,7.8565061441294155,-1.2615898423974952,0.25630752357730974,-4.9221724933757685,8.558872211959442e-07,1.8585100480020626e-06,MROH5,polymorphic_pseudogene,Down
ENSG00000260943,118.70455671428398,-1.657403323177165,0.3369254194765935,-4.919199405470523,8.689890753643888e-07,1.8853645150400705e-06,LINC02555,lncRNA,Down
ENSG00000230393,3.8505743222717097,-1.6649116892818456,0.338690831053728,-4.915727078002101,8.845355452134257e-07,1.917717859679194e-06,AC092667.1,lncRNA,Down
ENSG00000090382,20755.89753532702,-1.055264564913185,0.2147006560433867,-4.9150504910424555,8.875958113943283e-07,1.9240362964626745e-06,LYZ,protein_coding,Down
ENSG00000231705,4.103401106934435,-1.0990185955899356,0.22366160021910256,-4.913756293048601,8.934780162360183e-07,1.9355142765254087e-06,AL451069.2,lncRNA,Down
ENSG00000267461,18.584342097491838,-1.0935085637535056,0.22318187609733722,-4.899629767771058,9.601741560105396e-07,2.074372644109285e-06,AC079210.1,lncRNA,Down
ENSG00000170509,146.83058377366675,-1.4371559793344038,0.2933388182741998,-4.89930377366904,9.617684898583853e-07,2.0776468483301077e-06,HSD17B13,protein_coding,Down
ENSG00000162004,358.3403288833131,-1.0869257077906482,0.22212992626731135,-4.893197985770908,9.921051142765168e-07,2.140550798844031e-06,CCDC78,protein_coding,Down
ENSG00000258476,10.282439416469963,-1.0223665602441432,0.20904833471838669,-4.890575003246949,1.0054183815774495e-06,2.1683882164224538e-06,LINC02207,lncRNA,Down
ENSG00000198756,201.14279932708237,-1.2059212342185985,0.24662649121178556,-4.889666265344698,1.010070773698738e-06,2.1782438912688684e-06,COLGALT2,protein_coding,Down
ENSG00000259087,25.64045459241546,-1.4979606951253095,0.3079899651260278,-4.863667212379314,1.1523059154180185e-06,2.4714361113926917e-06,AL121790.2,lncRNA,Down
ENSG00000140481,143.31881010965424,-1.3019097808566678,0.2679748163457601,-4.85832884824838,1.1838067617713538e-06,2.536110513275701e-06,CCDC33,protein_coding,Down
ENSG00000222057,7.087418398649474,-1.005636466527693,0.20702411194012119,-4.857581356603327,1.1882831820940023e-06,2.5452869394702983e-06,RNU4-62P,snRNA,Down
ENSG00000118997,229.50646250035294,-1.084699844849297,0.22386862683405812,-4.845251700468629,1.2645126579724976e-06,2.701985154423042e-06,DNAH7,protein_coding,Down
ENSG00000188883,151.78294280113187,-1.1287893742375568,0.23364765120974104,-4.831160803000173,1.357393159152703e-06,2.8927151775381265e-06,KLRG2,protein_coding,Down
ENSG00000206199,47.27219211303519,-1.5626260232643538,0.32419342029342446,-4.820042374240771,1.4352773218578428e-06,3.049819740321621e-06,ANKUB1,protein_coding,Down
ENSG00000105479,299.5359780250092,-1.0645727143567931,0.22165950905154636,-4.802738754190913,1.565100280410811e-06,3.3155281486530437e-06,CCDC114,protein_coding,Down
ENSG00000261786,92.04036709727471,-1.256795023373426,0.26178274704381693,-4.800908530320621,1.5794740563517173e-06,3.345440230200384e-06,AC006058.1,lncRNA,Down
ENSG00000182048,21.703972777323106,-1.0397993220540533,0.21711922130862507,-4.789070796159618,1.6755536465511763e-06,3.541547744433674e-06,TRPC2,transcribed_unprocessed_pseudogene,Down
ENSG00000213085,313.0793722509743,-1.032456502933537,0.21584635546100964,-4.783293656862506,1.7244590625391838e-06,3.6405400271522116e-06,CFAP45,protein_coding,Down
ENSG00000269091,13.820931175221606,-1.1406674093504108,0.23869798958433003,-4.778705557331149,1.7642733427984087e-06,3.7195305444190945e-06,AC010624.3,lncRNA,Down
ENSG00000258168,54.43799177502605,-1.0009087666729384,0.20967177223263375,-4.773693454369319,1.8087763496361622e-06,3.809699068682556e-06,AC025569.1,lncRNA,Down
ENSG00000203963,22.87630107687267,-2.0772066595299377,0.43537043618959137,-4.771124740829608,1.832000346694968e-06,3.855842377072895e-06,C1orf141,protein_coding,Down
ENSG00000276422,4.56616781236826,-2.227041151448244,0.4677824076049325,-4.7608484527043196,1.927807729470955e-06,4.051023175244967e-06,AL590491.2,lncRNA,Down
ENSG00000265158,8.531711001189379,-1.0290976537518828,0.21638976101469057,-4.755759463508156,1.9770175645600477e-06,4.14881053457333e-06,LRRC37A7P,transcribed_processed_pseudogene,Down
ENSG00000168703,23.937080149818414,-1.7693350025096903,0.37258480566917196,-4.748811480199572,2.046155630649057e-06,4.283671322659227e-06,WFDC12,protein_coding,Down
ENSG00000279778,13.402247661396476,-1.0082963846157316,0.21245341238777882,-4.7459646483594575,2.075149560794489e-06,4.342302326468075e-06,AL445437.1,TEC,Down
ENSG00000129951,96.11175575346593,-1.2837576050280701,0.27051644565903044,-4.7455806315234845,2.0790907065379926e-06,4.35020407295143e-06,PLPPR3,protein_coding,Down
ENSG00000185924,239.57383572222625,-1.054805128357451,0.22305003794778377,-4.729006720027468,2.2562091681164652e-06,4.705863779421908e-06,RTN4RL1,protein_coding,Down
ENSG00000102290,5.474305473231673,-1.5228310604340993,0.32213343527013,-4.727330024457429,2.2749135638577142e-06,4.741875794714088e-06,PCDH11X,protein_coding,Down
ENSG00000241479,9.242284276692224,-1.1498618751170768,0.24416000879147676,-4.709460328120764,2.48373550110428e-06,5.161237601585489e-06,MECOM-AS1,lncRNA,Down
ENSG00000248399,9.753106221538209,-1.318301421821039,0.28051128999644453,-4.699637657499449,2.606234957378392e-06,5.405995109420923e-06,AL645924.1,lncRNA,Down
ENSG00000162706,97.08104192270882,-1.0153699912045753,0.2165388751242943,-4.689088694220603,2.7442443188253383e-06,5.679752192718324e-06,CADM3,protein_coding,Down
ENSG00000101349,7.151896091867617,-1.5483885418675891,0.3306604309417241,-4.682714945534196,2.8310007485954996e-06,5.850128496235664e-06,PAK5,protein_coding,Down
ENSG00000259590,5.257698631166843,-1.260565441005244,0.26933888478524537,-4.680220763557194,2.865661736993429e-06,5.918970784406416e-06,LINC02244,lncRNA,Down
ENSG00000166926,5.064779684934736,-1.264391834521293,0.2704392978189424,-4.675325829930961,2.9348726990164615e-06,6.056706297782446e-06,MS4A6E,protein_coding,Down
ENSG00000150893,939.5820837318429,-1.0175314271985392,0.21899543478560776,-4.646359081387621,3.378447283989251e-06,6.936825887938685e-06,FREM2,protein_coding,Down
ENSG00000273866,3.8704407438602226,-1.1531756749604838,0.24838053655497486,-4.642777936447721,3.4375575400047862e-06,7.05215437450803e-06,Metazoa_SRP,misc_RNA,Down
ENSG00000113303,43.423576033473665,-1.4185743229923908,0.30583356820006974,-4.638386594843604,3.511395178469318e-06,7.199711597561303e-06,BTNL8,protein_coding,Down
ENSG00000249621,11.005190947165971,-1.957629130259011,0.4221952346647462,-4.636786418997627,3.5386772731795076e-06,7.252300488855406e-06,AC113349.1,lncRNA,Down
ENSG00000279289,12.546219263379518,-1.4946263588484845,0.3224015517859695,-4.635915523882812,3.553610832133963e-06,7.281174642064693e-06,AL136164.3,TEC,Down
ENSG00000242791,4.1594216934337,-1.0099458253732418,0.21794744980299416,-4.633896043684596,3.588472470040974e-06,7.34803688732571e-06,AC117395.1,lncRNA,Down
ENSG00000186431,42.89231366909306,-1.1269505429581916,0.24335743162203302,-4.630844989802893,3.6417644528994162e-06,7.454846190262195e-06,FCAR,protein_coding,Down
ENSG00000248738,11.431191464812818,-1.2285000902969339,0.26594378749442926,-4.619397587253913,3.848557791320247e-06,7.853166366719408e-06,AC037441.1,lncRNA,Down
ENSG00000260057,9.696671143297351,-1.9845280383321735,0.43024884901523364,-4.612512137741728,3.978313055331233e-06,8.106646725066426e-06,LINC01571,lncRNA,Down
ENSG00000149488,25.077808448456402,-1.2843162773887098,0.278763771128302,-4.607185044851466,4.081567553629539e-06,8.308702824549246e-06,TMC2,protein_coding,Down
ENSG00000186493,465.2846149966694,-1.100892742135424,0.239497477292133,-4.5966778213391475,4.292806204060934e-06,8.71650878579247e-06,C5orf38,protein_coding,Down
ENSG00000180720,16.3717646593163,-1.1502194462558273,0.25049333483796166,-4.59181657268397,4.394044862066976e-06,8.912465426713804e-06,CHRM4,protein_coding,Down
ENSG00000131044,66.20067244962485,-1.08572744740297,0.2371169857387586,-4.578868291616864,4.674984413166432e-06,9.461918717875418e-06,TTLL9,protein_coding,Down
ENSG00000226197,4.341884758992167,-1.1125314832006328,0.24320964184015456,-4.574372441746472,4.7764950645839714e-06,9.65699416185535e-06,AL583785.1,lncRNA,Down
ENSG00000233725,10.49633641867142,-1.4963807591799412,0.32805619298095073,-4.561355009282911,5.082456593464188e-06,1.0255136611037618e-05,NRAD1,lncRNA,Down
ENSG00000166828,815.1340498291577,-1.0147549471376696,0.22256859251395636,-4.559290849062805,5.132664553535526e-06,1.0350899684669e-05,SCNN1G,protein_coding,Down
ENSG00000225315,8.999646076840198,-1.3105571520486206,0.28821721170194387,-4.547116198611748,5.438597471642839e-06,1.0946101001925024e-05,AL591178.1,lncRNA,Down
ENSG00000183607,994.6906038599134,-1.7872627416720124,0.39415281881068587,-4.534441100953908,5.7756215614598305e-06,1.1602280839163231e-05,GKN2,protein_coding,Down
ENSG00000182329,60.90828189121666,-1.3256281891793473,0.29262753486846593,-4.530086991899816,5.895940490312108e-06,1.1828663323914357e-05,KIAA2012,protein_coding,Down
ENSG00000188487,29.815515287712724,-1.2834800566237756,0.28347417386787255,-4.52767897375373,5.9635086895129464e-06,1.1957852949772367e-05,INSC,protein_coding,Down
ENSG00000226644,4.190042988596837,-1.3645967911699963,0.3017904201071532,-4.521670338924227,6.135355887522325e-06,1.2295891074172648e-05,AL121899.1,lncRNA,Down
ENSG00000234493,6.306089407059669,-1.8203756155071633,0.40348786208580073,-4.511599447123058,6.434060471507175e-06,1.286519370895088e-05,RHOXF1P1,transcribed_unprocessed_pseudogene,Down
ENSG00000249201,9.241540341197556,-2.0441195340622267,0.45317477596658656,-4.51066485265487,6.4624755718205945e-06,1.2920051617051484e-05,CTD-3080P12.3,lncRNA,Down
ENSG00000123560,9.920482043600337,-1.4470181178200894,0.321568647600812,-4.499873133205401,6.799403019345036e-06,1.3566908112903194e-05,PLP1,protein_coding,Down
ENSG00000112183,44.21876800941092,-1.0897861949640197,0.24227832114213643,-4.498075559656364,6.857132873231223e-06,1.3680026771607456e-05,RBM24,protein_coding,Down
ENSG00000175267,174.6798351488124,-1.37053695567104,0.30487710942056,-4.495375065303657,6.944742477314261e-06,1.3845381350780756e-05,VWA3A,protein_coding,Down
ENSG00000275392,14.249367236592027,-1.1626840288420686,0.2592144747436934,-4.485413208470359,7.277276498812588e-06,1.4483153303674563e-05,AL445493.3,lncRNA,Down
ENSG00000280200,9.78209336440061,-1.1532532527743815,0.2576046287179512,-4.476834358582382,7.575798128773209e-06,1.5053409438305291e-05,AC073862.5,TEC,Down
ENSG00000141744,41.59207920365611,-1.1291728802099728,0.25224913057053155,-4.476419314730776,7.590533551830605e-06,1.5081552875359633e-05,PNMT,protein_coding,Down
ENSG00000285791,6.439930572951211,-1.0026856485624547,0.22411901372943333,-4.4738981841716585,7.68063252459424e-06,1.5249079933259306e-05,AC009879.3,protein_coding,Down
ENSG00000196169,217.57341905177475,-1.1756572196017239,0.26288252879170704,-4.472177078505079,7.742726914142125e-06,1.5366577009552783e-05,KIF19,protein_coding,Down
ENSG00000008226,305.83590564691724,-1.0689873411011446,0.23929374421027835,-4.467259871874362,7.922786407088195e-06,1.571683424019527e-05,DLEC1,protein_coding,Down
ENSG00000199899,7.943290658928337,-1.4314233374778063,0.32091906717885144,-4.4603873184015566,8.181166473929983e-06,1.6208667161347382e-05,Y_RNA,misc_RNA,Down
ENSG00000172554,8.43248183352571,-1.1809815429537256,0.26488920198777227,-4.458398206085583,8.257439464194113e-06,1.6356093943573858e-05,SNTG2,protein_coding,Down
ENSG00000264449,11.923775744652797,-1.203304833573733,0.2699300347110591,-4.457839731920849,8.278976200875726e-06,1.6397521587583965e-05,AP001021.1,lncRNA,Down
ENSG00000260951,6.218470364891746,-1.874593424775151,0.420898748651044,-4.453787118120721,8.436875506554234e-06,1.669897223657098e-05,AC005100.1,lncRNA,Down
ENSG00000247699,7.368996346787613,-1.2790132962638958,0.28803422137641216,-4.440490751938955,8.975396210889194e-06,1.773690033581745e-05,FABP6-AS1,lncRNA,Down
ENSG00000272425,7.554789007395319,-1.0190032053414049,0.2296472699209681,-4.437253731307537,9.111387023759774e-06,1.7984077531178535e-05,AC009902.3,lncRNA,Down
ENSG00000268038,4.652516909154061,-2.795167654665463,0.6305325140250749,-4.433026993044653,9.291922749839893e-06,1.8317111677751212e-05,LINC01785,lncRNA,Down
ENSG00000287055,19.163194398971953,-1.0490123972900174,0.23721479002336787,-4.422204859935926,9.769875553827715e-06,1.922337101585113e-05,AL359813.1,lncRNA,Down
ENSG00000114771,275.9228310150516,-1.394655852157151,0.3161369264952,-4.411556307637876,1.0263025635906707e-05,2.017262865376117e-05,AADAC,protein_coding,Down
ENSG00000214888,15.723889770937879,-1.9384603795178956,0.4400108097107237,-4.405483539807346,1.0554816713927682e-05,2.073379892329209e-05,AL772337.1,transcribed_unprocessed_pseudogene,Down
ENSG00000176029,132.59290590939423,-1.189842381221342,0.27025701491786447,-4.40263273677819,1.0694511802837676e-05,2.0997265746469327e-05,C11orf16,protein_coding,Down
ENSG00000188257,304.6303601299237,-1.2714872376205448,0.2890060231834985,-4.399518126351436,1.0849151555252347e-05,2.128978467867275e-05,PLA2G2A,protein_coding,Down
ENSG00000164099,344.80366573832805,-1.0540984699514746,0.24022932295891194,-4.38788428060368,1.1445864330426953e-05,2.2422364043782688e-05,PRSS12,protein_coding,Down
ENSG00000257550,4.0358094845660055,-1.073383166543081,0.24478753337495948,-4.384958464771567,1.1600791144916063e-05,2.2710680214657503e-05,AC023509.2,lncRNA,Down
ENSG00000163885,75.7381951547809,-1.293508984059173,0.2953958775707369,-4.378899917956448,1.1927989080463261e-05,2.3314881925121654e-05,CFAP100,protein_coding,Down
ENSG00000228495,6.693224962986828,-1.0171524947084944,0.23258413851450063,-4.373266815204939,1.224009755045518e-05,2.390190850159235e-05,LINC01013,lncRNA,Down
ENSG00000182836,182.26733789969387,-1.1127475215569858,0.25462393085259477,-4.370160800797512,1.2415507541452743e-05,2.4233673861444028e-05,PLCXD3,protein_coding,Down
ENSG00000095917,130.22927713852698,-1.2472422955389146,0.2859332987750946,-4.362004358645731,1.2887630185378194e-05,2.512730558139911e-05,TPSD1,protein_coding,Down
ENSG00000133101,72.58879241853124,-1.1822018359522932,0.27173183139380985,-4.350619615995509,1.3575337491208768e-05,2.6417360316078167e-05,CCNA1,protein_coding,Down
ENSG00000134962,246.49335510740627,-1.2931530550666657,0.2978850277507271,-4.341114640205374,1.417617312953977e-05,2.7531719356750902e-05,KLB,protein_coding,Down
ENSG00000165164,77.9397309844417,-1.3138352471683046,0.3029606909768607,-4.336652530504862,1.4466904667452392e-05,2.807154349379835e-05,CFAP47,protein_coding,Down
ENSG00000265190,168.54833573294502,-1.4228477926565464,0.32909626226071725,-4.323500312286546,1.535729207210024e-05,2.9713976956584002e-05,ANXA8,protein_coding,Down
ENSG00000101448,13.256204970921846,-1.4935795251569428,0.3460987569399072,-4.315472087685861,1.59262175852603e-05,3.077637093091852e-05,EPPIN,protein_coding,Down
ENSG00000144644,6.532328183065511,-1.1396689751099056,0.2642597044722257,-4.31268542203977,1.612835200579428e-05,3.1148721429090025e-05,GADL1,protein_coding,Down
ENSG00000196090,205.76864695257007,-1.4183510000444157,0.3289223290514445,-4.312115276985592,1.6170008471137904e-05,3.122688563778151e-05,PTPRT,protein_coding,Down
ENSG00000125498,7.6380747246962,-1.3717901336037637,0.3186574270738298,-4.304905572735743,1.6705697666965452e-05,3.2221273221026846e-05,KIR2DL1,protein_coding,Down
ENSG00000131016,3507.8496409586983,-1.0282655295363174,0.23964747250157437,-4.290742225664668,1.7807692754409915e-05,3.427155582643333e-05,AKAP12,protein_coding,Down
ENSG00000130433,92.79202148704064,-1.5096850391393433,0.35364691150304073,-4.26890491627088,1.9643497648930966e-05,3.766170081447648e-05,CACNG6,protein_coding,Down
ENSG00000122548,4.161658021730582,-1.1600822187453386,0.2730425249419547,-4.248723597146477,2.1499198932093453e-05,4.1076211841711664e-05,KIAA0087,lncRNA,Down
ENSG00000154080,343.1497588775885,-1.5901552502788963,0.3743860865275554,-4.247367376890643,2.1629712460676405e-05,4.131060459100723e-05,CHST9,protein_coding,Down
ENSG00000239572,5.207651406578502,-1.506432124521505,0.35643458019579394,-4.226391624780074,2.374685604721725e-05,4.523292357448129e-05,AC108749.1,lncRNA,Down
ENSG00000248791,7.4737988665934205,-1.225031452439164,0.29066381428087795,-4.214599108148274,2.502222551900809e-05,4.756946773385072e-05,AC010627.1,processed_pseudogene,Down
ENSG00000123977,162.0949822791389,-1.0869408115038952,0.25830489756823743,-4.207976007178702,2.5766821698146276e-05,4.891800490857576e-05,DAW1,protein_coding,Down
ENSG00000172399,5.581473045299341,-1.0270525046665169,0.24418966018046048,-4.205962299581017,2.59973572058116e-05,4.933081309039734e-05,MYOZ2,protein_coding,Down
ENSG00000234795,5.6155705641605245,-2.1451884476345557,0.513043215817964,-4.181301655484133,2.898450258078842e-05,5.472421831807449e-05,RFTN1P1,transcribed_unprocessed_pseudogene,Down
ENSG00000286952,20.753557386837883,-1.0284835210282417,0.24696844797749737,-4.164432863593784,3.121274520266029e-05,5.876624953549564e-05,AC093928.1,lncRNA,Down
ENSG00000170549,103.83245485897798,-1.3808755551649772,0.3318654258203581,-4.160950336274133,3.1692600718432206e-05,5.96271319167421e-05,IRX1,protein_coding,Down
ENSG00000258647,60.55672657935966,-1.178024753416387,0.28331819799208485,-4.157956537085195,3.211070967474425e-05,6.039222695406932e-05,LINC00930,lncRNA,Down
ENSG00000182050,13.659680340072223,-1.3378290406869264,0.32178744223368083,-4.1574930065648745,3.2175912230271495e-05,6.0510540972205056e-05,MGAT4C,protein_coding,Down
ENSG00000273259,6.228442846987531,-1.1944061241091342,0.2881152158127138,-4.145585024865695,3.3894719588673646e-05,6.361139816050986e-05,AL049839.2,protein_coding,Down
ENSG00000279965,30.144908517780184,-1.385222306709558,0.33469504107263154,-4.138759577286218,3.491886397835192e-05,6.5426349517489e-05,AL390755.2,TEC,Down
ENSG00000250986,27.860101615413605,-1.0752468286732904,0.26037436278858106,-4.1296186658222185,3.6336541812463085e-05,6.79426084942673e-05,LINC02600,lncRNA,Down
ENSG00000138650,55.546205471861455,-1.1469057622994325,0.2778162585189811,-4.128288849664545,3.654728315703466e-05,6.83269661007447e-05,PCDH10,protein_coding,Down
ENSG00000170703,64.8624981719358,-1.0484388130179214,0.2549078576538304,-4.113010962736664,3.905318325702019e-05,7.27282798366965e-05,TTLL6,protein_coding,Down
ENSG00000234692,8.778227940607833,-1.233350254501529,0.30388191200945314,-4.058649777296261,4.9357272097606736e-05,9.087775905696758e-05,AL355601.1,lncRNA,Down
ENSG00000236333,28.499694664558938,-1.3498139436666394,0.33310483776133715,-4.0522195736879505,5.073401643645533e-05,9.330190483501828e-05,TRHDE-AS1,lncRNA,Down
ENSG00000271447,1790.305396548132,-1.0361265497595324,0.2559380691057629,-4.048348701620341,5.158026053204699e-05,9.478546830871632e-05,MMP28,protein_coding,Down
ENSG00000174776,81.93657476801071,-1.0235676175492707,0.252947984054875,-4.046553766276374,5.19771903665671e-05,9.549491464964638e-05,WDR49,protein_coding,Down
ENSG00000243772,7.642573785939874,-1.2615614128878179,0.3125111235245475,-4.036852828340119,5.417302861051502e-05,9.935615276528592e-05,KIR2DL3,protein_coding,Down
ENSG00000074803,4.9153001039388124,-1.2752629021662163,0.31650907428070296,-4.029151154874068,5.597861743989054e-05,0.0001025535738425673,SLC12A1,protein_coding,Down
ENSG00000265374,5.0040475640448925,-1.868413935390018,0.4655033830810436,-4.013749423309195,5.976178866950024e-05,0.00010921882093109163,LINC01908,lncRNA,Down
ENSG00000228113,42.2809049185349,-1.012853321731641,0.2531329398897752,-4.001270329229694,6.300332926759459e-05,0.00011489611291745984,AC003991.1,lncRNA,Down
ENSG00000280435,20.608574624407066,-1.1180516297572585,0.2810671569389744,-3.9778807383034476,6.953222966761642e-05,0.0001262177253620875,AC006058.4,TEC,Down
ENSG00000163283,131.0543469753222,-1.3465137736346493,0.33899291089929645,-3.9721000951393166,7.124177094803872e-05,0.00012919644452924703,ALPP,protein_coding,Down
ENSG00000198842,26.376905269464764,-1.4560455373292218,0.3680097682704146,-3.95654045861988,7.604301420944401e-05,0.00013762898316424424,STYXL2,protein_coding,Down
ENSG00000153822,71.78765775131654,-1.205540023499607,0.30556045811366317,-3.9453404113275905,7.968669044576104e-05,0.00014385828897478734,KCNJ16,protein_coding,Down
ENSG00000142449,256.89131051784494,-1.1751496643606867,0.29883931490417753,-3.9323797296801355,8.410906362983647e-05,0.00015147903345982705,FBN3,protein_coding,Down
ENSG00000163501,104.05943743208903,-1.3473669923442528,0.3430675923482388,-3.9274097069960963,8.586564048764268e-05,0.00015441572769512156,IHH,protein_coding,Down
ENSG00000243352,6.798250628755071,-1.3383015181418454,0.343019322969765,-3.9015339035574046,9.558507086832614e-05,0.00017107223556384963,RN7SL8P,misc_RNA,Down
ENSG00000171864,61.321367237923745,-1.0804402229792953,0.2778337836984459,-3.888800737609286,0.00010074078438023442,0.00017988451273745812,PRND,protein_coding,Down
ENSG00000202000,4.194566370093016,-1.0865341099222607,0.28222031915091517,-3.8499499723875124,0.0001181419531356234,0.00020934036447966596,RNU1-36P,snRNA,Down
ENSG00000187889,156.83630546111849,-1.0020558121786074,0.2606535658257162,-3.844397098517438,0.0001208491809354099,0.0002138069709001516,FYB2,protein_coding,Down
ENSG00000249923,10.489254101705297,-1.097875022390944,0.2877503001598032,-3.8153740301269363,0.00013597681027732305,0.0002393024884552195,AC007663.2,lncRNA,Down
ENSG00000286073,35.7317448905602,-1.2695679813537044,0.3343164627968626,-3.7975036309388073,0.0001461606363981819,0.00025648871909363525,AL138900.2,unprocessed_pseudogene,Down
ENSG00000187048,6.349123278615334,-1.1039551048858016,0.2911256041432237,-3.7920234056180573,0.000149424827005043,0.00026195537083652335,CYP4A11,protein_coding,Down
ENSG00000149435,904.0509209520459,-1.121904264869085,0.2959462591744177,-3.7909053758570534,0.00015009913487236396,0.0002630325748660445,GGTLC1,protein_coding,Down
ENSG00000167941,16.45653916759737,-1.3723458090593854,0.363459012864591,-3.7757924841188677,0.000159499741271308,0.00027878360027337387,SOST,protein_coding,Down
ENSG00000230836,7.761116729207763,-1.0062323731194618,0.26649844325364896,-3.7757532870904837,0.0001595248278859509,0.00027880896814372515,LINC01293,lncRNA,Down
ENSG00000231738,97.83636259816576,-1.4542159344805439,0.3855277817332951,-3.7720133369961864,0.00016193559809435178,0.00028289113757853966,TSPAN19,protein_coding,Down
ENSG00000153820,8.863887222507127,-1.7487090022976572,0.464376724481448,-3.765711996548437,0.0001660751405008554,0.0002897195987700157,SPHKAP,protein_coding,Down
ENSG00000133742,18.880822743631395,-1.283470425983199,0.34191071194120515,-3.7538175352748357,0.0001741616620094744,0.0003029248088641805,CA1,protein_coding,Down
ENSG00000178796,43.606691608894636,-1.001656528422369,0.2701406889759425,-3.707906914058297,0.00020897944274253643,0.0003604885134506892,RIIAD1,protein_coding,Down
ENSG00000225473,90.89258608525074,-1.273312305668708,0.34362275844883855,-3.705552890083936,0.00021093010664557354,0.00036371064619393023,ATP13A4-AS1,lncRNA,Down
ENSG00000154198,37.330688098257056,-1.12504663903604,0.3056485169170412,-3.6808509669340195,0.00023245685155948604,0.00039895132936047166,CYP4Z2P,transcribed_unprocessed_pseudogene,Down
ENSG00000232044,38.427504078971765,-1.3157677552191511,0.3591742919766145,-3.6633127275846893,0.00024897426154495166,0.0004256646315443708,SILC1,lncRNA,Down
ENSG00000250266,47.84676909175161,-1.1705510629819207,0.32080154655816745,-3.6488323561422655,0.00026343493503405403,0.00044928076813141924,LINC01612,lncRNA,Down
ENSG00000187922,3.703500807831462,-1.0536635677531325,0.28955315912710483,-3.6389296215228204,0.00027377359957223333,0.00046591867187607567,LCN10,protein_coding,Down
ENSG00000278484,18.72626498475023,-1.4621060059398134,0.4084968837663629,-3.579234172998136,0.0003446025783241522,0.0005803902401742283,AC010998.3,lncRNA,Down
ENSG00000205231,14.091856293589016,-1.0330363583839246,0.28875116364065295,-3.5776006765102597,0.0003467626737685132,0.0005838791716541532,TTLL10-AS1,lncRNA,Down
ENSG00000182585,60.41727746128837,-1.2459012296838252,0.3484794772481449,-3.575249938740712,0.0003498934684808123,0.0005887748557104857,EPGN,protein_coding,Down
ENSG00000197273,13.513158668105614,-1.3848150961228307,0.3943709635633009,-3.511452982264381,0.00044566428985292174,0.0007423984411510768,GUCA2A,protein_coding,Down
ENSG00000105205,21.04453354433986,-1.3415191448699149,0.382272246205205,-3.5093291709955396,0.0004492385404889369,0.000747880070245787,CLC,protein_coding,Down
ENSG00000065325,31.509934921223046,-1.1288967992502912,0.3225192340600819,-3.50024643503894,0.0004648282243279771,0.0007720299978288567,GLP2R,protein_coding,Down
ENSG00000188039,302.00748764505784,-1.0051116390958863,0.28737144393458186,-3.497604442996406,0.00046945685362617564,0.0007791778216340794,NWD1,protein_coding,Down
ENSG00000236816,6.397497534833907,-1.2364955734410197,0.3548456020409038,-3.484601658663044,0.0004928701948384199,0.0008162911090245655,ANKRD20A7P,transcribed_unprocessed_pseudogene,Down
ENSG00000137707,6.973647001628772,-1.0786999002339712,0.30996788399521896,-3.480037629481025,0.0005013433619307582,0.0008294387636686173,BTG4,protein_coding,Down
ENSG00000233936,8.093959032089348,-1.3061347302358024,0.3757226845842294,-3.476326513745522,0.0005083329917893522,0.0008405280281844254,AL390778.2,lncRNA,Down
ENSG00000115665,25.556139042605523,-1.3917158170323185,0.40080462056624594,-3.472304822898848,0.0005160100707290261,0.0008524203198098364,SLC5A7,protein_coding,Down
ENSG00000109061,14.993374428211634,-1.1566656882069353,0.3341543801594658,-3.4614709753466313,0.0005372320463108431,0.0008853702306866404,MYH1,protein_coding,Down
ENSG00000164129,6.033976455306461,-1.2582772030104665,0.3649359916106826,-3.4479394522226503,0.0005648806520835805,0.0009283249903679433,NPY5R,protein_coding,Down
ENSG00000228695,46.121799579011544,-1.0981150887602507,0.31969557813301924,-3.4348773141408477,0.0005928221511025588,0.0009720631839680683,CES1P1,transcribed_unprocessed_pseudogene,Down
ENSG00000179796,7.462468666926096,-1.0623893295558502,0.3096274091291023,-3.431186316948046,0.000600947697614766,0.0009843462815144655,LRRC3B,protein_coding,Down
ENSG00000257474,58.554480705426926,-1.0744424680108802,0.31492615888273295,-3.4117282343984754,0.0006455243579957626,0.0010544150966518991,AC027288.1,lncRNA,Down
ENSG00000279017,15.212976912150976,-1.0607444700026074,0.31182172387069074,-3.4017657808937245,0.0006695199123004057,0.001092256872516809,AC098476.1,TEC,Down
ENSG00000281560,6.902851284608871,-1.1578317422332158,0.343313554194341,-3.3725197507867604,0.0007448374416078661,0.0012086992821661187,LSINCT5,lncRNA,Down
ENSG00000275874,22.41981024826985,-1.3013591442291226,0.3901900249082568,-3.335193267780497,0.0008524013416331288,0.0013748745109098787,PICSAR,lncRNA,Down
ENSG00000121871,17.285008964382147,-1.0143548667799107,0.3090591588917182,-3.282073472332524,0.0010304675136675525,0.0016474735258526346,SLITRK3,protein_coding,Down
ENSG00000269621,3.9315737894740397,-1.1985910914034452,0.36928516927655414,-3.2457060047971535,0.0011715976337779467,0.0018608100706332864,AL589765.7,lncRNA,Down
ENSG00000260802,37.57550208355812,-1.0452584861868277,0.327497087840632,-3.1916573459592894,0.0014145903912108405,0.002228227024444768,SERTM2,protein_coding,Down
ENSG00000287266,5.73886614677276,-1.00107527575076,0.31431674503326085,-3.1849250527356623,0.0014479150184633417,0.0022765036392128736,AL359813.2,lncRNA,Down
ENSG00000231720,7.7214831765345355,-1.337925773028561,0.42595331756784816,-3.1410150311024374,0.0016836339124574468,0.0026270666432841937,AL353747.3,lncRNA,Down
ENSG00000231980,7.611312290438033,-1.2006362082197206,0.38239723218206345,-3.1397617638824458,0.0016908527849778103,0.002637862387733826,AC011899.1,lncRNA,Down
ENSG00000040731,14.342515244436198,-1.0198902230947733,0.34144661091803585,-2.9869683589848184,0.002817588823919408,0.004286115793871058,CDH10,protein_coding,Down
ENSG00000132911,15.212243750010028,-1.0078136449809718,0.35522804640628897,-2.837089174620784,0.004552689449892636,0.006750318852609997,NMUR2,protein_coding,Down
ENSG00000221957,13.174705106503687,-1.0004520341912602,0.36273606229294225,-2.758071606851442,0.005814345973200147,0.008503843777775256,KIR2DS4,polymorphic_pseudogene,Down
ENSG00000223991,11.612696622338294,-1.0333680866204864,0.37854611898721946,-2.7298340539990456,0.006336621364081466,0.009221672481833788,AC104809.1,lncRNA,Down
ENSG00000226673,59.19571709091642,-1.0398068794437232,0.3820363550226197,-2.721748508416583,0.006493754014949548,0.0094347269076705,LINC01108,lncRNA,Down
ENSG00000152208,7.1583361666797725,-1.1341928294458403,0.4259868725717685,-2.6625065288948693,0.00775610649332126,0.011170318308513469,GRID2,protein_coding,Down
ENSG00000168903,11.270879819378038,-1.211746992048465,0.4613269625625471,-2.6266554751483344,0.008622859018568045,0.012356401116890505,BTNL3,protein_coding,Down
ENSG00000283544,17.67046175120772,-1.132194297079236,0.4397254013790789,-2.5747757430624136,0.010030509802058841,0.01425593098417008,ABBA01000935.2,unprocessed_pseudogene,Down
ENSG00000263450,4.184585679598471,-1.1989575122845724,0.49239948833958325,-2.434928428393718,0.014894735504997033,0.02070829204759697,AC090371.1,lncRNA,Down
ENSG00000197838,14.490477604519109,-1.0173339500872438,0.420660491278383,-2.4184204867815753,0.015588051965845525,0.02161978279805115,CYP2A13,protein_coding,Down
ENSG00000253376,6.836486627729745,-1.104796909157902,0.49533706760469043,-2.230394172801132,0.025721286094186564,0.034683489174867035,AC012103.1,lncRNA,Down
