gene_id,baseMean,log2FoldChange,lfcSE,stat,pvalue,padj,gene_name,gene_type,regulation
ENSG00000183010,3714.3309646918733,3.718950431883681,0.12876623534052167,28.881409960063944,2.044118442244489e-183,5.390340332198717e-179,PYCR1,protein_coding,Up
ENSG00000147689,6381.426394885395,6.811767716049967,0.23642135548302967,28.811981481676753,1.5182597444592916e-182,2.0018254730695758e-178,FAM83A,protein_coding,Up
ENSG00000175832,2053.412680223157,3.8957956704564953,0.15538603661669487,25.07172301502622,1.0120508236824392e-138,6.67194505512648e-135,ETV4,protein_coding,Up
ENSG00000162062,275.2511916836989,3.548387234511471,0.1422494763728867,24.944817548641655,2.4306005148816015e-137,1.2818987115485567e-133,TEDC2,protein_coding,Up
ENSG00000272620,2802.560573094847,6.3064487990445866,0.26135727011293924,24.129609236886377,1.222538830486548e-128,3.6384365561714867e-125,AFAP1-AS1,lncRNA,Up
ENSG00000183856,1362.963251866403,3.6182495877829868,0.15119132815747532,23.931594701082005,1.4367446043310289e-126,3.788695521620923e-123,IQGAP3,protein_coding,Up
ENSG00000131747,5337.599001171485,3.859814793694266,0.1621884825034656,23.79832855031362,3.475544282625227e-125,7.637508561068936e-122,TOP2A,protein_coding,Up
ENSG00000179913,2144.0728915015425,4.374555181713639,0.18402579480992343,23.771423925825342,6.598230187878906e-125,1.3384256158028213e-121,B3GNT3,protein_coding,Up
ENSG00000204949,199.7318775880996,6.542023289237678,0.27579549937002945,23.720558544939752,2.2126696807944382e-124,4.167721391610667e-121,FAM83A-AS1,lncRNA,Up
ENSG00000186193,461.2003314871915,3.836931735257197,0.16370003403444247,23.43879619750053,1.7198148947510908e-121,3.0234345849724175e-118,SAPCD2,protein_coding,Up
ENSG00000286042,1317.4908923680423,7.864010626831405,0.342731025533023,22.945137851471483,1.647744517519539e-116,1.975046496681375e-113,LCAL1,lncRNA,Up
ENSG00000077152,833.4270285559697,3.313337460911325,0.14453809311372642,22.92362787922145,2.701101605634157e-116,2.899520821665029e-113,UBE2T,protein_coding,Up
ENSG00000128165,767.5972978221604,3.4938752705145966,0.15301272151960563,22.833887508280963,2.113045753763269e-115,2.063741352842126e-112,ADM2,protein_coding,Up
ENSG00000090889,853.1633064606287,3.826692122260222,0.1679081979880671,22.790382888464904,5.711396037986047e-115,5.378911197203288e-112,KIF4A,protein_coding,Up
ENSG00000164855,1945.4611192121001,3.1652437896416923,0.13994506781383964,22.617758804134652,2.898335996391593e-113,2.5476373408282102e-110,TMEM184A,protein_coding,Up
ENSG00000254726,1346.0409641078504,4.2040505564467585,0.18592754913810242,22.61122989000459,3.3604418097786746e-113,2.8585435652859244e-110,MEX3A,protein_coding,Up
ENSG00000143320,8023.357544144394,5.579639208245892,0.25013632262754754,22.30639336836323,3.203049233557747e-110,2.2828218456464268e-107,CRABP2,protein_coding,Up
ENSG00000123485,694.1372215308852,3.853874497115399,0.1734485859884974,22.219117412528092,2.244372596549667e-109,1.5574764571319662e-106,HJURP,protein_coding,Up
ENSG00000117650,681.9811049818353,3.7334016945186987,0.16831472191418947,22.181076331647734,5.231240120441175e-109,3.53712312759061e-106,NEK2,protein_coding,Up
ENSG00000137648,5370.024871473706,4.809644460180067,0.21754267471077302,22.108969959915115,2.5911544237040677e-108,1.7082185538269067e-105,TMPRSS4,protein_coding,Up
ENSG00000276043,687.0824416890573,3.3501455048814908,0.15193474538814397,22.049897120786664,9.574113353177316e-108,6.157789490811849e-105,UHRF1,protein_coding,Up
ENSG00000117399,1555.0560704432417,3.789753319840692,0.17191414172557362,22.04445359643694,1.0797592195050967e-107,6.779345385321286e-105,CDC20,protein_coding,Up
ENSG00000158402,197.67869760779416,3.68841078846602,0.16739023170929715,22.03480305154007,1.3362518687032728e-107,8.194642273884955e-105,CDC25C,protein_coding,Up
ENSG00000118193,434.4407046972283,3.7275413537857816,0.16923274353678142,22.026123762365344,1.618451301092704e-107,9.699672911321503e-105,KIF14,protein_coding,Up
ENSG00000066279,943.3412023535839,3.6621518048743487,0.16733662368226507,21.884939018657136,3.614938289738024e-106,2.0723026673998194e-103,ASPM,protein_coding,Up
ENSG00000099953,6163.228462603431,5.48437816391314,0.2512694922810976,21.826677461415468,1.2949832934941368e-105,7.265682861583061e-103,MMP11,protein_coding,Up
ENSG00000135052,13218.01566751248,2.639110532293827,0.1212583830367251,21.764355306424697,5.051518217485519e-105,2.775177820731107e-102,GOLM1,protein_coding,Up
ENSG00000175063,1725.7656474931491,4.2065833142598565,0.19383092068739916,21.70233365936503,1.9501052837717184e-104,1.0494750272053104e-101,UBE2C,protein_coding,Up
ENSG00000144452,569.5880648810585,5.342980910779136,0.24638268859831253,21.68569935321231,2.799698744103077e-104,1.476561117639963e-101,ABCA12,protein_coding,Up
ENSG00000186185,579.703901010323,3.80168499018207,0.17596547687752462,21.604720753424356,1.6216609627939524e-103,7.919111034977134e-101,KIF18B,protein_coding,Up
ENSG00000117724,2317.294081472431,3.4655583794920806,0.16053193953625286,21.587968036164263,2.3303554042532483e-103,1.1172994910937846e-100,CENPF,protein_coding,Up
ENSG00000142945,942.305648315852,3.580884085588679,0.16590037229410481,21.58454520668923,2.5094528898170096e-103,1.1816834411513311e-100,KIF2C,protein_coding,Up
ENSG00000164932,3041.202080806938,3.7387661319871333,0.1734993385986711,21.54916648204312,5.390866076194866e-103,2.4939848847238356e-100,CTHRC1,protein_coding,Up
ENSG00000126787,730.5553410938761,3.6712636999062993,0.1704014703120025,21.544788863524893,5.925308794300617e-103,2.6939722914777114e-100,DLGAP5,protein_coding,Up
ENSG00000080031,728.8166949011904,5.179957640275927,0.2404827799965825,21.539827676432964,6.595169863675615e-103,2.947705581442813e-100,PTPRH,protein_coding,Up
ENSG00000123500,2687.167231702976,4.575797132838784,0.21247746770774265,21.535446474412417,7.249270436304745e-103,3.185789855614676e-100,COL10A1,protein_coding,Up
ENSG00000143228,559.9474858065341,3.6949340400456494,0.17158059849851492,21.534684412921138,7.369479757015368e-103,3.185789855614676e-100,NUF2,protein_coding,Up
ENSG00000135451,555.7685465817751,3.8291632993085485,0.17816379002986252,21.492376754371534,1.8347482544544828e-102,7.803598624187857e-100,TROAP,protein_coding,Up
ENSG00000011426,2022.0188430828623,3.766876561023061,0.17535333104262318,21.481636753780545,2.312144482131487e-102,9.677976189493224e-100,ANLN,protein_coding,Up
ENSG00000094804,972.1462541921376,3.437177908438095,0.1604381210258586,21.423698348375122,8.034927179606056e-102,3.2597081496340263e-99,CDC6,protein_coding,Up
ENSG00000112984,865.581704678136,3.164903956916819,0.1479488476571547,21.391879741104333,1.590198369062834e-101,6.3535653018465044e-99,KIF20A,protein_coding,Up
ENSG00000187583,333.08552055267273,3.1561795483630593,0.1476967438811792,21.369323828169016,2.5783977175264706e-101,1.0148111613607915e-98,PLEKHN1,protein_coding,Up
ENSG00000076382,1159.2273932341204,3.102097591893136,0.14597798202198686,21.250448519187675,3.2653158612238827e-100,1.2479185400068664e-97,SPAG5,protein_coding,Up
ENSG00000166851,918.2292566694772,3.2125632840856597,0.15143736667814925,21.213808418323463,7.120813307919299e-100,2.682512098997599e-97,PLK1,protein_coding,Up
ENSG00000227066,474.507802096795,6.029764590370437,0.2843020593520247,21.209007785991243,7.885892843515443e-100,2.9288872434296087e-97,Z98257.1,lncRNA,Up
ENSG00000196584,296.528370835854,3.219545259978544,0.15188301450275424,21.19753331548579,1.0063454886249082e-99,3.685740352088726e-97,XRCC2,protein_coding,Up
ENSG00000186871,203.7050730594218,3.2674189695201994,0.1542126705738039,21.187746489069852,1.2388628444923926e-99,4.475179891680054e-97,ERCC6L,protein_coding,Up
ENSG00000156970,531.2348254099073,3.426858491097263,0.1617760564226723,21.182729798678675,1.3781050952065393e-99,4.845417514746192e-97,BUB1B,protein_coding,Up
ENSG00000262772,106.16467242699471,4.805092819157306,0.22683394974708837,21.183305340822265,1.3613688033086336e-99,4.845417514746192e-97,LINC01977,lncRNA,Up
ENSG00000019186,4342.00642301457,6.741462018861598,0.31840990532431945,21.17227481348301,1.7204939252403875e-99,5.96966115902487e-97,CYP24A1,protein_coding,Up
ENSG00000088325,2516.500395165556,3.6500216373616543,0.17307572010077246,21.08916048557503,1.0002076618829987e-98,3.3814712876736767e-96,TPX2,protein_coding,Up
ENSG00000164093,339.3210597727209,8.25564051890448,0.39166392462928257,21.078378680698258,1.2561328491760913e-98,4.140527904096691e-96,PITX2,protein_coding,Up
ENSG00000174371,421.7116763585603,3.5909012875445185,0.17038521027525158,21.075193567232382,1.3435565450603174e-98,4.3740229744741445e-96,EXO1,protein_coding,Up
ENSG00000165304,688.9212137206994,3.6081965428349916,0.1713088710276891,21.062520120465855,1.7558167208524678e-98,5.646449625473118e-96,MELK,protein_coding,Up
ENSG00000129173,335.32748459494996,3.1733648339793565,0.1509699159989096,21.01984897442929,4.3180525353761115e-98,1.3718921127453983e-95,E2F8,protein_coding,Up
ENSG00000089685,1806.6332149251361,3.686007805203969,0.1753805164265661,21.01720236835626,4.5656350189322317e-98,1.4332832791576543e-95,BIRC5,protein_coding,Up
ENSG00000166923,2609.1119074616445,4.967431651037534,0.23663513599993113,20.991944539626523,7.77011240560282e-98,2.3825333039040276e-95,GREM1,protein_coding,Up
ENSG00000060718,2988.990486593459,6.167149690820263,0.294287921909697,20.956176695259238,1.6480522645628613e-97,4.938538433695757e-95,COL11A1,protein_coding,Up
ENSG00000035499,330.06748261009466,3.605176685115987,0.17214182001025274,20.943061278783176,2.1705494703370503e-97,6.431167363234609e-95,DEPDC1B,protein_coding,Up
ENSG00000091651,342.30549839616134,3.055277604948121,0.1462593538295034,20.889450998872196,6.678264853281379e-97,1.9352290569343953e-94,ORC6,protein_coding,Up
ENSG00000162849,2065.0698955842104,3.1199931714928595,0.14950669098083694,20.86858555308916,1.0334657388818671e-96,2.962227340686395e-94,KIF26B,protein_coding,Up
ENSG00000137135,261.5447961366005,2.739078170678883,0.13173998443796542,20.791547701819244,5.161891439117943e-96,1.448075289888725e-93,ARHGEF39,protein_coding,Up
ENSG00000024526,419.88869319126115,3.7456671175976863,0.18016391644397137,20.790329115444937,5.294650482308661e-96,1.4696835075629408e-93,DEPDC1,protein_coding,Up
ENSG00000160957,917.9062994439132,3.053945553316714,0.1469364172812471,20.78412969244539,6.024669743815813e-96,1.6549014702544062e-93,RECQL4,protein_coding,Up
ENSG00000230316,335.83837395846695,6.18002450275807,0.29771655894977,20.758081191583127,1.0362226723348336e-95,2.8170300896360373e-93,FEZF1-AS1,lncRNA,Up
ENSG00000134690,870.725072781174,3.0656870314325295,0.14854235915759426,20.638470055400326,1.2392339070163196e-94,3.3345508293898314e-92,CDCA8,protein_coding,Up
ENSG00000173227,1363.6915248503512,5.723134525630045,0.2774564509266174,20.627145292591226,1.5662768149737775e-94,4.171991879884698e-92,SYT12,protein_coding,Up
ENSG00000203995,138.68440707558148,5.391833070121396,0.262524207650435,20.5384224120806,9.76842896691233e-94,2.5504304144304766e-91,ZYG11A,protein_coding,Up
ENSG00000059573,4958.410812464865,1.6206957470078804,0.07891889460614135,20.536219559286128,1.0221599757577685e-93,2.642584172620819e-91,ALDH18A1,protein_coding,Up
ENSG00000173898,3035.4490464893697,2.5213911326999203,0.12315071172084574,20.474028103185734,3.669958065164636e-93,9.216837540799186e-91,SPTBN2,protein_coding,Up
ENSG00000111344,498.76780716804274,4.048789733309292,0.1980001564634225,20.448416837777817,6.205672687953095e-93,1.543807441333237e-90,RASAL1,protein_coding,Up
ENSG00000243364,759.0355306070471,2.2092774985340387,0.10804804929753486,20.447176167431685,6.365502564319895e-93,1.5687691833749125e-90,EFNA4,protein_coding,Up
ENSG00000061656,698.0736343184112,2.8997333308942213,0.14189477686488197,20.4358003512382,8.036435776222159e-93,1.9622297353609103e-90,SPAG4,protein_coding,Up
ENSG00000138180,1026.4213369848303,3.2543099983334134,0.15978236833626458,20.36714083173849,3.2723395608668e-92,7.916660020188763e-90,CEP55,protein_coding,Up
ENSG00000101003,682.7672418132391,3.037975855867459,0.14921825490528207,20.359277474433995,3.8420754226088666e-92,9.210502626745073e-90,GINS1,protein_coding,Up
ENSG00000142273,893.9906624488843,3.231432994240168,0.1588412165741355,20.343794034918957,5.2692162776921027e-92,1.2517948940787456e-89,CBLC,protein_coding,Up
ENSG00000166143,607.1205633639667,6.006060383328762,0.29528193666719205,20.34008734539731,5.6829146560712525e-92,1.3380219596482049e-89,PPP1R14D,protein_coding,Up
ENSG00000111665,481.8800329950505,3.300094209839779,0.16270816095255952,20.282290639385817,1.8434354103487066e-91,4.2270775452952514e-89,CDCA3,protein_coding,Up
ENSG00000106462,923.9642255017022,2.547490033021006,0.1263306950991771,20.16524987075449,1.9774552031576178e-90,4.381974261114822e-88,EZH2,protein_coding,Up
ENSG00000172927,940.4116170761034,6.328339041967495,0.3141083175742468,20.146996077146685,2.8594739999947684e-90,6.283694114988504e-88,MYEOV,protein_coding,Up
ENSG00000118322,730.4232866123798,5.499014729638386,0.2733396740486533,20.117879882521503,5.146191145361363e-90,1.1215294256461084e-87,ATP10B,protein_coding,Up
ENSG00000123473,570.1463773996117,2.5312357759897077,0.12586698261185789,20.110403248446833,5.98354276971337e-90,1.2933280560437832e-87,STIL,protein_coding,Up
ENSG00000170373,756.0303259490856,6.8421041322637,0.34032224913344783,20.104780541635293,6.701626026455932e-90,1.4367632383548205e-87,CST1,protein_coding,Up
ENSG00000134057,1818.9256124206715,2.974922577807627,0.14801028012271655,20.09943211607392,7.464284423835765e-90,1.5873643569076542e-87,CCNB1,protein_coding,Up
ENSG00000205213,3068.3434194341585,2.660825536262353,0.13257589235270634,20.070206498655608,1.3444482482533103e-89,2.8362480245151834e-87,LGR4,protein_coding,Up
ENSG00000029993,13014.384452732214,3.520956112455709,0.17581410267722433,20.02658523315279,3.230655986355433e-89,6.604061888387037e-87,HMGB3,protein_coding,Up
ENSG00000075218,482.82394213614003,3.1152484186557747,0.15575404011900706,20.0010761600502,5.3896894377360354e-89,1.0932777728699942e-86,GTSE1,protein_coding,Up
ENSG00000176920,1035.1693393344394,3.1939506815141128,0.1598693353759309,19.9785072853626,8.471929681269419e-89,1.692460497689959e-86,FUT2,protein_coding,Up
ENSG00000165480,314.58872583228765,3.2095849304679276,0.16082873637478878,19.95653887989545,1.3151130274265353e-88,2.6074834987396795e-86,SKA3,protein_coding,Up
ENSG00000144120,512.0713961605809,1.5913376506344303,0.07974729315364447,19.954754421175057,1.362909318547247e-88,2.6820834873202167e-86,TMEM177,protein_coding,Up
ENSG00000085552,1261.3819760294728,3.271192345098986,0.1639448245349159,19.9530076925503,1.4113726464134102e-88,2.7568812359941948e-86,IGSF9,protein_coding,Up
ENSG00000183317,529.3606600150442,3.6375365157973665,0.18244393795071887,19.93783162463817,1.9117382066532718e-88,3.7068041551063805e-86,EPHA10,protein_coding,Up
ENSG00000227036,1076.7494201174295,3.0897077332277347,0.15503862426713677,19.92863228652019,2.2975529870132338e-88,4.4223702385064946e-86,LINC00511,lncRNA,Up
ENSG00000065328,409.87681703143556,3.53758629449471,0.17759303581900882,19.919622851089645,2.7505467659928616e-88,5.255936102842881e-86,MCM10,protein_coding,Up
ENSG00000243479,72.81021777986123,5.269547137326194,0.2646446169898295,19.91178659616835,3.216377630086288e-88,6.10186173419967e-86,MNX1-AS1,lncRNA,Up
ENSG00000251003,159.66133917176907,5.309648370319184,0.2667741889193994,19.90315626795286,3.820934936628933e-88,7.19700387706464e-86,ZFPM2-AS1,lncRNA,Up
ENSG00000171848,2427.214677340201,3.2151495585780054,0.16163669571639655,19.891210621004163,4.8490230060121443e-88,9.068704728265266e-86,RRM2,protein_coding,Up
ENSG00000118785,24058.432765332007,4.772684529370449,0.24028116255968618,19.862915921196723,8.521642891079505e-88,1.5825050918152575e-85,SPP1,protein_coding,Up
ENSG00000115163,286.1423054358212,3.635384553709043,0.18313309331212796,19.85105197514998,1.0791791652178005e-87,1.9900667543212165e-85,CENPA,protein_coding,Up
ENSG00000178999,629.3182824694322,3.4657818305476717,0.17468533222077834,19.840142194465407,1.340789752597467e-87,2.4553212344441113e-85,AURKB,protein_coding,Up
ENSG00000087128,589.3377377348426,6.702074568570764,0.3379930383849217,19.82903139246951,1.6722906534730504e-87,3.041262381523058e-85,TMPRSS11E,protein_coding,Up
ENSG00000165474,1648.306567726437,4.55419115056962,0.22971448527319968,19.82544176590917,1.7959728378325953e-87,3.243822173537366e-85,GJB2,protein_coding,Up
ENSG00000171877,326.64433827978115,3.520401002567159,0.17761225374894757,19.8207101608158,1.9730475070697594e-87,3.5394056300292214e-85,FRMD5,protein_coding,Up
ENSG00000166123,3259.614526464753,3.4435658880597524,0.1741362759475093,19.775120774362733,4.876585388312255e-87,8.630574274482829e-85,GPT2,protein_coding,Up
ENSG00000177788,738.100870004811,2.1769676767202277,0.1101904155579612,19.756415888776843,7.064648328667382e-87,1.2419651761797259e-84,AL162595.1,lncRNA,Up
ENSG00000143590,188.32166983327045,3.056046356956728,0.1550004264946308,19.716373858252506,1.5602124976312525e-86,2.689072128270335e-84,EFNA3,protein_coding,Up
ENSG00000258947,59.636028197991514,4.501083384003797,0.22842550027238387,19.704820077603078,1.9603776511593337e-86,3.3568284844851706e-84,TUBB3,protein_coding,Up
ENSG00000111206,1319.3770774409547,3.3768759333207568,0.17176566641748972,19.65978419175459,4.76750699043628e-86,8.110913505664819e-84,FOXM1,protein_coding,Up
ENSG00000248243,41.371894654574405,3.979367758799768,0.20249861613400874,19.6513331042535,5.631422825917759e-86,9.519270507657136e-84,LINC02014,lncRNA,Up
ENSG00000135069,1261.9777719003205,3.515472189716751,0.17893720015650103,19.646402126791237,6.205896739521422e-86,1.0423534842113369e-83,PSAT1,protein_coding,Up
ENSG00000157456,900.0917066770958,3.059036356071542,0.15590569545624622,19.621068666667398,1.0218237085402765e-85,1.694684980767742e-83,CCNB2,protein_coding,Up
ENSG00000140297,2364.880644874588,5.18848150872599,0.26476372799579806,19.596647728152302,1.6515177424781618e-85,2.6883038808116743e-83,GCNT3,protein_coding,Up
ENSG00000049283,743.9481560535614,3.1074978917455676,0.15859644847626692,19.593741988557753,1.7485393258409263e-85,2.8287719032162714e-83,EPN3,protein_coding,Up
ENSG00000169607,417.398432626235,3.156923545002237,0.1613796933220251,19.56208665425305,3.2548127685934796e-85,5.13948579088683e-83,CKAP2L,protein_coding,Up
ENSG00000128050,5860.5851143960235,1.8707224155029578,0.09581442609016157,19.52443376055506,6.806729374702876e-85,1.0558438447700873e-82,PAICS,protein_coding,Up
ENSG00000173457,4234.985923726021,2.1005777327308306,0.10761444456263206,19.519477531738644,7.500124200266593e-85,1.156598100356901e-82,PPP1R14B,protein_coding,Up
ENSG00000088340,861.3190648962311,4.16095244285631,0.21336750711592,19.50134066381398,1.0694205703782377e-84,1.6395709558647752e-82,FER1L4,transcribed_unitary_pseudogene,Up
ENSG00000093009,468.8901286554887,3.214596394108604,0.16485844125773047,19.499131312803595,1.116627023655784e-84,1.7020493996417934e-82,CDC45,protein_coding,Up
ENSG00000106089,677.3309756258913,3.113319896477641,0.1598403655776889,19.47768253172845,1.6979302342190837e-84,2.5732425446182323e-82,STX1A,protein_coding,Up
ENSG00000101057,2317.766773275267,3.8293497845750477,0.19662546133659195,19.475350539774713,1.7770384566384943e-84,2.6777430915175484e-82,MYBL2,protein_coding,Up
ENSG00000115507,273.9300154554487,3.358468983276096,0.1726368936035697,19.453947028195664,2.698386241388749e-84,4.0201381460690013e-82,OTX1,protein_coding,Up
ENSG00000101210,2867.3892453314324,6.386840183393362,0.32851688486321573,19.441436582636065,3.4438606527189967e-84,5.101944124280895e-82,EEF1A2,protein_coding,Up
ENSG00000110492,13978.750789165293,3.0902915111693545,0.15904716388589482,19.430032172006676,4.3009241990816765e-84,6.336054253060549e-82,MDK,protein_coding,Up
ENSG00000101311,1350.0245769205078,3.202880636018822,0.16491982555484974,19.420834488777665,5.144714730077332e-84,7.537007079563292e-82,FERMT1,protein_coding,Up
ENSG00000122952,1394.0662224376222,2.6214500123184634,0.13530108278447392,19.37493742377707,1.2561412676385892e-83,1.7905105528448431e-81,ZWINT,protein_coding,Up
ENSG00000008300,774.9618017414006,3.40928639062949,0.17631904224506326,19.335894451439753,2.6798050194271613e-83,3.7992719549620563e-81,CELSR3,protein_coding,Up
ENSG00000129810,141.03653510369134,3.1995060829401245,0.16547891320914293,19.334826540082375,2.735864376161752e-83,3.8580076791115194e-81,SGO1,protein_coding,Up
ENSG00000109674,215.4926546652681,4.264964245949049,0.22072098310806107,19.322876266190775,3.4488729323183616e-83,4.837594639640169e-81,NEIL3,protein_coding,Up
ENSG00000051341,277.73359814128213,3.2533414602941106,0.16853443993867281,19.30371894004545,4.997937403707702e-83,6.936611017672216e-81,POLQ,protein_coding,Up
ENSG00000148773,3394.914610023367,3.1110689940194756,0.1611866360033634,19.30103556447793,5.264357558903472e-83,7.268120881062019e-81,MKI67,protein_coding,Up
ENSG00000085999,196.08825081382193,3.141596998197251,0.16279145134669074,19.29829221502984,5.5513782544293744e-83,7.624471071317844e-81,RAD54L,protein_coding,Up
ENSG00000127564,452.2681638119653,3.0033739033415356,0.15577680143464354,19.2799818437767,7.910426616554476e-83,1.080818393153065e-80,PKMYT1,protein_coding,Up
ENSG00000164466,2125.139996473904,1.5024234653677488,0.0779279109144389,19.279657926636034,7.960115341690674e-83,1.0820012451566139e-80,SFXN1,protein_coding,Up
ENSG00000112742,462.3244244554892,3.2863143036505402,0.17064171467664552,19.25856353399802,1.1965201768836809e-82,1.6180634392011623e-80,TTK,protein_coding,Up
ENSG00000096063,1985.4742359630739,1.5752049647544202,0.08192083108582571,19.228381156242556,2.1421100163226976e-82,2.8820123025729355e-80,SRPK1,protein_coding,Up
ENSG00000138160,1169.1362418784727,2.6906869106105,0.14007653411456752,19.208691360180342,3.1305835939155936e-82,4.169368150078495e-80,KIF11,protein_coding,Up
ENSG00000080986,530.6915646745025,3.1345377302004036,0.16365269415674838,19.15359686775525,9.03270391590208e-82,1.1850368271758102e-79,NDC80,protein_coding,Up
ENSG00000137825,638.8669225886873,5.1993748924541725,0.2717243724840092,19.13473879771367,1.2972783287474572e-81,1.693526214310418e-79,ITPKA,protein_coding,Up
ENSG00000180198,2904.5337888170834,1.7610329899105739,0.09206493436717873,19.12816211748025,1.4717200490134886e-81,1.9117860932258962e-79,RCC1,protein_coding,Up
ENSG00000185686,1116.845337151321,7.581407476770298,0.39803145554537833,19.047257122888283,6.9236182721753965e-81,8.777683357560828e-79,PRAME,protein_coding,Up
ENSG00000175643,683.2374014059333,2.2869100167529983,0.12078320281379466,18.934007076121432,5.9833119315835835e-80,7.372894188591546e-78,RMI2,protein_coding,Up
ENSG00000171004,1985.2773543143146,3.6951091539107823,0.19526197754519722,18.92385399536106,7.25502720216167e-80,8.898375224232708e-78,HS6ST2,protein_coding,Up
ENSG00000166736,377.4074057171896,5.9254155578353584,0.31313978742940834,18.922589194038892,7.431258474486127e-80,9.072328054268479e-78,HTR3A,protein_coding,Up
ENSG00000121152,669.7583794826312,2.9800774990746066,0.15751880720102057,18.918867861102612,7.974916261981858e-80,9.69117704278625e-78,NCAPH,protein_coding,Up
ENSG00000072571,599.0653728029771,3.011333704172057,0.15924626156880514,18.909917724322575,9.450410067118742e-80,1.1431528140822073e-77,HMMR,protein_coding,Up
ENSG00000144481,325.4710309069162,6.604753896890579,0.34995987776211346,18.87288891265468,1.9058888952767236e-79,2.284467734929418e-77,TRPM8,protein_coding,Up
ENSG00000104760,1827.761893197,7.485137264489962,0.3967730687572979,18.865033576834183,2.2113087661803844e-79,2.626676223611565e-77,FGL1,protein_coding,Up
ENSG00000128059,866.9786857944467,1.9113190577636672,0.10135087478542933,18.858436711179206,2.50518024092453e-79,2.9624037198735363e-77,PPAT,protein_coding,Up
ENSG00000259153,237.14265331153197,2.896690171461862,0.15418005954052091,18.787709513762167,9.520053353849094e-79,1.1157502530711138e-76,AC004816.1,lncRNA,Up
ENSG00000109805,584.3920163103406,3.193966223738256,0.17009917072016278,18.77708286416506,1.1629639983130603e-78,1.3569628599785575e-76,NCAPG,protein_coding,Up
ENSG00000117394,7916.191108614057,3.5153682278634784,0.1872452646227638,18.77413687841859,1.2292947406552659e-78,1.428039749386756e-76,SLC2A1,protein_coding,Up
ENSG00000091844,502.81607298315816,3.6646079199888644,0.19542519224986937,18.751972955990855,1.8654049357768338e-78,2.1480667317220572e-76,RGS17,protein_coding,Up
ENSG00000135476,673.9816416225805,3.1424719291217693,0.16779856747051375,18.727644559146654,2.9466784517864143e-78,3.3784309032003367e-76,ESPL1,protein_coding,Up
ENSG00000228288,209.86441420807756,2.760623812458209,0.147421903466242,18.726008466512315,3.0386224927263633e-78,3.468765157281134e-76,PCAT6,lncRNA,Up
ENSG00000146670,1024.5007964469332,2.992104936377234,0.1597931506048819,18.724863519186542,3.1046615979346283e-78,3.5288761352386266e-76,CDCA5,protein_coding,Up
ENSG00000136492,339.08666018662046,2.65044183170038,0.14163622947415427,18.713021672071775,3.8775388383090955e-78,4.3884420243008946e-76,BRIP1,protein_coding,Up
ENSG00000079462,1187.2615354606392,2.2951499450704334,0.12303431390925007,18.65455149986314,1.1597118202835498e-77,1.2795648828818914e-75,PAFAH1B3,protein_coding,Up
ENSG00000230650,70.64863879941504,4.148141702671553,0.2229435801627065,18.606239747492154,2.859986892221281e-77,3.1293715497043646e-75,AC140479.2,processed_pseudogene,Up
ENSG00000255624,55.905213430224535,3.54945342440235,0.19128754806102685,18.55559057754225,7.349521999357775e-77,7.97559239189566e-75,C10orf88B,transcribed_processed_pseudogene,Up
ENSG00000130675,117.1472356998044,4.335543774774803,0.2336928462685826,18.552317043509213,7.81111484131886e-77,8.407310137370545e-75,MNX1,protein_coding,Up
ENSG00000188833,226.8264774128172,4.700230455017801,0.2540089722657452,18.504190671266528,1.910266558040537e-76,2.0311987554648774e-74,ENTPD8,protein_coding,Up
ENSG00000145247,5013.288737226273,2.1876246103266674,0.1183202011095572,18.489020385462855,2.5311076766840634e-76,2.680534515428062e-74,OCIAD2,protein_coding,Up
ENSG00000278259,1935.31758849538,1.6549835800296295,0.08960746792276017,18.46925952038051,3.650572492823574e-76,3.850623865430306e-74,MYO19,protein_coding,Up
ENSG00000141934,3890.85153280724,2.4335293110915157,0.13178788363474062,18.46550110658286,3.9137437612888874e-76,4.111769840047329e-74,PLPP2,protein_coding,Up
ENSG00000164266,9306.079629118118,6.698332126935717,0.36280143041629287,18.462805174857724,4.114089971341379e-76,4.305101291439371e-74,SPINK1,protein_coding,Up
ENSG00000263893,74.12331984146337,5.308118947355295,0.28781674872532,18.442703459280395,5.968124561524088e-76,6.196041129424811e-74,AC080037.2,lncRNA,Up
ENSG00000179066,62.87389584426751,5.6792681422131155,0.3079552950330391,18.441859041922992,6.062069468985513e-76,6.2688930155744305e-74,AC020907.1,lncRNA,Up
ENSG00000167964,172.09972349941526,3.657992751396243,0.19868907784282883,18.41063832552419,1.0794280896549747e-75,1.1075688219533728e-73,RAB26,protein_coding,Up
ENSG00000116014,82.00439312911516,6.294336511612309,0.34248084011505053,18.378652976609832,1.947446884792214e-75,1.9827866545162426e-73,KISS1R,protein_coding,Up
ENSG00000124602,689.3403147774466,3.095076176888008,0.16843352173895929,18.375654352729157,2.0581090321539148e-75,2.0873975068422587e-73,UNC5CL,protein_coding,Up
ENSG00000125319,298.01052129202486,2.7597213048083797,0.15031158177146267,18.360004414059894,2.7458483258796044e-75,2.7742536533887036e-73,HROB,protein_coding,Up
ENSG00000184661,265.4588780602441,2.9532130983281015,0.16145057028255663,18.291747704326138,9.627820042023827e-75,9.473343824931654e-73,CDCA2,protein_coding,Up
ENSG00000169856,73.66984295744547,6.588080821629227,0.3601999401908195,18.29006639517798,9.929408179252097e-75,9.733772999512186e-73,ONECUT1,protein_coding,Up
ENSG00000127831,1191.6538106174771,7.058701789147754,0.3865068710053376,18.26281062167786,1.636462272337014e-74,1.5923804472888213e-72,VIL1,protein_coding,Up
ENSG00000182272,523.1926004073099,4.788350948169122,0.2624077851138975,18.247747284215478,2.1561893168955625e-74,2.082736713792527e-72,B4GALNT4,protein_coding,Up
ENSG00000131153,542.6016812623297,2.87332370411649,0.15800401943150527,18.185130444495275,6.769419000802744e-74,6.467738371419143e-72,GINS2,protein_coding,Up
ENSG00000145386,794.5164331619504,2.9366843698950245,0.16175117688402357,18.155567251301314,1.1602331734167884e-73,1.0966074832616743e-71,CCNA2,protein_coding,Up
ENSG00000169258,430.66412478112784,2.726675602568861,0.15045776570290206,18.12253152790417,2.116297200702288e-73,1.9650266613563146e-71,GPRIN1,protein_coding,Up
ENSG00000158315,394.6261162058926,2.676591824752592,0.14776001322497032,18.114453067064755,2.4509621971776703e-73,2.2677850224412338e-71,RHBDL2,protein_coding,Up
ENSG00000168078,430.47364552270835,3.395163720883346,0.18758343035682556,18.09948626285907,3.216538433779273e-73,2.9657384090475327e-71,PBK,protein_coding,Up
ENSG00000197587,104.3683186569347,6.360832107592419,0.3518175432187754,18.079917361133347,4.58768993566291e-73,4.200603597341352e-71,DMBX1,protein_coding,Up
ENSG00000158125,961.516054565169,3.9508816929987085,0.21864673397703305,18.069703677411045,5.520943028398252e-73,5.03762171829972e-71,XDH,protein_coding,Up
ENSG00000203499,1790.1466382309632,2.2584073907295736,0.12498646844385183,18.0692151626328,5.570042891715839e-73,5.04749247610126e-71,IQANK1,protein_coding,Up
ENSG00000167513,752.5085516935027,2.79078250217898,0.15498673207530297,18.0065897564898,1.729616123784752e-72,1.5566545114062767e-70,CDT1,protein_coding,Up
ENSG00000285108,122.37926963141561,5.748460620725493,0.3192943624912081,18.003639575326922,1.824271441195393e-72,1.630713149299068e-70,AC103718.1,lncRNA,Up
ENSG00000158055,161.927790028897,3.546903729196771,0.19722681204796824,17.98388207144024,2.6059149346426795e-72,2.3215532711664683e-70,GRHL3,protein_coding,Up
ENSG00000154040,407.3371672605897,4.636559859430603,0.2579516141344033,17.97453322782763,3.0844872897503854e-72,2.7386508360510995e-70,CABYR,protein_coding,Up
ENSG00000105173,403.4433751217982,3.270343089396974,0.18197910601674486,17.97098118009247,3.2884685512046586e-72,2.909963613935129e-70,CCNE1,protein_coding,Up
ENSG00000137203,580.236206568195,3.7671149478355077,0.2100486541952454,17.934487427536105,6.344605727921487e-72,5.5399752664003185e-70,TFAP2A,protein_coding,Up
ENSG00000149554,697.0039640177969,2.598109632307156,0.14505489714011058,17.911216260403847,9.640578216119359e-72,8.390166586107838e-70,CHEK1,protein_coding,Up
ENSG00000106327,151.4596504163635,2.966483185138778,0.16574464313456724,17.897912892004026,1.2242463913931103e-71,1.0619532020077736e-69,TFR2,protein_coding,Up
ENSG00000179967,653.5921337527748,2.0692768470612166,0.11578364503459519,17.871926958621266,1.9513585227345536e-71,1.681611903415365e-69,PPP1R14BP3,processed_pseudogene,Up
ENSG00000137745,1193.8995220743213,5.852955023520446,0.3275761163459558,17.86746570173966,2.1138168124759662e-71,1.815679131758672e-69,MMP13,protein_coding,Up
ENSG00000140534,232.41743808647527,2.8831499253151076,0.16142828366070416,17.860252614560515,2.4054815010750003e-71,2.0594982851736285e-69,TICRR,protein_coding,Up
ENSG00000161888,382.56441177385557,2.701656868422185,0.1513297453588962,17.852781434442313,2.7499291932230996e-71,2.346784233828257e-69,SPC24,protein_coding,Up
ENSG00000101115,196.20089441136406,3.4117284975451674,0.19129256299489564,17.835134017396193,3.77144341203263e-71,3.1978444622283104e-69,SALL4,protein_coding,Up
ENSG00000163808,360.73450071583784,2.6708009451163433,0.14994447190596977,17.811933385521563,5.710283412029558e-71,4.826287614590367e-69,KIF15,protein_coding,Up
ENSG00000125459,596.7699072664192,1.544856751614822,0.08676317233928413,17.805443369148808,6.412245380401003e-71,5.40226551697043e-69,MSTO1,protein_coding,Up
ENSG00000237649,1133.5504770337502,2.7699181413954044,0.1555745811881174,17.804439004377453,6.528310739592791e-71,5.48253357334592e-69,KIFC1,protein_coding,Up
ENSG00000137868,712.8882088984246,4.500959984849289,0.253402027546344,17.762130904915985,1.38861159365713e-70,1.1551321048813413e-68,STRA6,protein_coding,Up
ENSG00000167900,2719.5497632960078,2.6671504443943443,0.15018488277378508,17.75911393433466,1.465294839704735e-70,1.2150888340570399e-68,TK1,protein_coding,Up
ENSG00000189057,529.2788510964197,2.7235309556696916,0.15342541361447856,17.751498213413814,1.6781670924074607e-70,1.387249724977578e-68,FAM111B,protein_coding,Up
ENSG00000102384,234.49342731821065,2.7086925833599063,0.15284271555249515,17.722091455706845,2.831853333786164e-70,2.32635428074583e-68,CENPI,protein_coding,Up
ENSG00000143512,413.5990870699444,5.998953052653738,0.33902025499682964,17.694969442783993,4.584790172381669e-70,3.754686858562255e-68,HHIPL2,protein_coding,Up
ENSG00000267750,64.92230740528777,3.742022231763135,0.211528694004904,17.69037647287881,4.974198338997225e-70,4.0609786439429366e-68,RUNDC3A-AS1,lncRNA,Up
ENSG00000154920,135.05127132962465,2.70391954331956,0.1529100622884525,17.68307136137865,5.662571618311708e-70,4.608704122681473e-68,EME1,protein_coding,Up
ENSG00000131668,714.8144490555313,7.582779923438132,0.4288999120665328,17.67960242030047,6.02193484890972e-70,4.8861052912538255e-68,BARX1,protein_coding,Up
ENSG00000217801,245.53252161592414,2.7864975345804552,0.15788661192030945,17.648725884287717,1.0407781624372269e-69,8.393064264058005e-68,AL390719.1,transcribed_unprocessed_pseudogene,Up
ENSG00000011347,3223.3805174554473,3.4774504812554876,0.19703662682728984,17.64875159126433,1.040304567225139e-69,8.393064264058005e-68,SYT7,protein_coding,Up
ENSG00000155660,21518.059790497722,1.7803286056676502,0.10091158316936381,17.64246035739679,1.1628576135446638e-69,9.348949777186824e-68,PDIA4,protein_coding,Up
ENSG00000162482,459.39139080649056,5.375354728813976,0.30470235874170476,17.641329561779493,1.186364400393061e-69,9.508945057253806e-68,AKR7A3,protein_coding,Up
ENSG00000166803,281.95134486851197,2.667839947096239,0.15125749233868138,17.63773751532695,1.2642232179633337e-69,1.010229280536155e-67,PCLAF,protein_coding,Up
ENSG00000183048,372.42112288137173,2.308102209826784,0.13093314795772995,17.628096825197574,1.4992944778657333e-69,1.1944530326682596e-67,SLC25A10,protein_coding,Up
ENSG00000119969,665.9290465392143,2.3432668858130716,0.1329331291677549,17.62741086803115,1.517592504234627e-69,1.2053889860441901e-67,HELLS,protein_coding,Up
ENSG00000129195,295.6680593511906,3.227553430202242,0.18331259574196096,17.606828473180812,2.1834116297697312e-69,1.71870342319486e-67,PIMREG,protein_coding,Up
ENSG00000085840,327.0064861881098,2.753112495981649,0.1564367852927523,17.598881815613485,2.512356247540094e-69,1.9717510192747702e-67,ORC1,protein_coding,Up
ENSG00000203999,158.42839049580445,2.864429726331196,0.16282455582265032,17.592123693253942,2.8306751661313313e-69,2.2149823184238342e-67,LINC01270,lncRNA,Up
ENSG00000137812,464.61788162473044,2.58150705502781,0.14675054204673027,17.591124496192812,2.881033820550189e-69,2.2477178061511387e-67,KNL1,protein_coding,Up
ENSG00000143217,2987.2945554394155,2.350276125983532,0.13362635144866608,17.58841800665653,3.0219690292333336e-69,2.3507175015009736e-67,NECTIN4,protein_coding,Up
ENSG00000184445,1298.7251277321027,2.0828870373290114,0.11843476504203898,17.58678743179573,3.110173896315544e-69,2.4122142837012027e-67,KNTC1,protein_coding,Up
ENSG00000154839,263.08114019195784,3.0457969463874024,0.1733070521450275,17.574570155625324,3.8580317672672493e-69,2.97474554686659e-67,SKA1,protein_coding,Up
ENSG00000092853,479.29356935899017,2.729173782794327,0.1553159622024041,17.571753373537565,4.0544546208757296e-69,3.117083625437114e-67,CLSPN,protein_coding,Up
ENSG00000105011,846.8435078050027,2.387710860169853,0.13598930367475173,17.558078434467077,5.159238071620706e-69,3.920723572006859e-67,ASF1B,protein_coding,Up
ENSG00000160949,993.0048704358875,2.1484836608210363,0.12250500775015637,17.537925185905667,7.356463198198006e-69,5.547506447053174e-67,TONSL,protein_coding,Up
ENSG00000227619,172.53858580632323,4.542367616670452,0.2592414811884187,17.521762319237112,9.774998137869219e-69,7.343780652296618e-67,AL391056.1,lncRNA,Up
ENSG00000108773,2854.7619282889914,1.7264053908842911,0.09855252379307289,17.517617250565404,1.051374354559381e-68,7.854034484343025e-67,KAT2A,protein_coding,Up
ENSG00000122133,3189.0063467952878,7.44983955503013,0.4258696877406784,17.493237413897614,1.6132671905960441e-68,1.19836213566247e-66,PAEP,protein_coding,Up
ENSG00000159259,561.7729072639402,1.9536960962491179,0.11175058134100696,17.482648168848563,1.9426386262395605e-68,1.4389713644364384e-66,CHAF1B,protein_coding,Up
ENSG00000107159,875.2024470215024,5.632071206826098,0.32224614417398767,17.47754413404314,2.1245420967610813e-68,1.5693046244142778e-66,CA9,protein_coding,Up
ENSG00000239672,955.6113020250131,2.1957991690649545,0.1258638434350824,17.445829629360524,3.7030231640644215e-68,2.712464467677189e-66,NME1,protein_coding,Up
ENSG00000104738,3992.8427709223843,2.2154958816376804,0.12745132616542476,17.3830743727381,1.1084837828338074e-67,8.00841571324041e-66,MCM4,protein_coding,Up
ENSG00000000460,366.37339210509805,1.7077729247777225,0.0983619125357232,17.36213622480644,1.59670268621397e-67,1.1504111976902293e-65,C1orf112,protein_coding,Up
ENSG00000100196,2317.5144541929185,2.2272704510253214,0.1283988847143251,17.346493748608324,2.0965656719283438e-67,1.5023488252377832e-65,KDELR3,protein_coding,Up
ENSG00000158435,3518.1186409816546,1.1281507860023874,0.06507294419787102,17.336710362634815,2.485616367471425e-67,1.7763063309003113e-65,CNOT11,protein_coding,Up
ENSG00000158373,916.3458828054104,2.592013923546005,0.14952407687615588,17.335093970804813,2.5564891814837914e-67,1.8220167490737185e-65,H2BC5,protein_coding,Up
ENSG00000069011,707.4715700487967,4.582218603330767,0.2644563831842998,17.326935157157525,2.9461613979413946e-67,2.0940775219330074e-65,PITX1,protein_coding,Up
ENSG00000100558,855.7554367256396,2.716973385433648,0.15699429836222606,17.306191459035627,4.2245076227388316e-67,2.970673760309946e-65,PLEK2,protein_coding,Up
ENSG00000278023,38.29349599879289,3.6337126714515384,0.21014662378748059,17.291320726267198,5.468486484222451e-67,3.825039485117932e-65,RDM1,protein_coding,Up
ENSG00000286818,442.80741533988623,6.610970415118711,0.3830365237288969,17.259373468514926,9.513757969186749e-67,6.602047306511962e-65,AC008496.3,lncRNA,Up
ENSG00000138346,389.5154052393734,2.2075182342311024,0.12791660132204785,17.257480353729598,9.830797982239479e-67,6.804150729439765e-65,DNA2,protein_coding,Up
ENSG00000128610,134.95582977246625,5.616908276608963,0.32567183477990147,17.247141682992122,1.1757382891244524e-66,8.116287613668013e-65,FEZF1,protein_coding,Up
ENSG00000105219,186.33327065580437,4.321825734920676,0.25119768114686847,17.204879102342595,2.4408567106752663e-66,1.6761820692840305e-64,CCNP,protein_coding,Up
ENSG00000249628,426.9304875573896,6.385478216559302,0.3711911094932766,17.20267014281753,2.53572369301986e-66,1.73680607233594e-64,LINC00942,lncRNA,Up
ENSG00000242147,74.24824417450526,3.956880394328558,0.23009966748508104,17.196375977314744,2.8266697111472285e-66,1.9310694373821868e-64,LASTR,lncRNA,Up
ENSG00000198488,807.6747872349458,5.742109036875628,0.3344108351459063,17.17082233406192,4.3915401186685613e-66,2.9846627043631435e-64,B3GNT6,protein_coding,Up
ENSG00000006047,259.7775093148744,4.778382693566312,0.27840857614341064,17.16320222515317,5.007493104299567e-66,3.385835722061014e-64,YBX2,protein_coding,Up
ENSG00000188761,747.5586542353503,3.4266779236862863,0.1997892751311629,17.151460815084548,6.129213522416233e-66,4.12314695372745e-64,BCL2L15,protein_coding,Up
ENSG00000087586,1062.4667408883988,2.648391274705951,0.15442745941101046,17.149743217993553,6.313080459442463e-66,4.2360287968320035e-64,AURKA,protein_coding,Up
ENSG00000125462,182.5181743507426,5.302682046402951,0.3093564719080574,17.141008926359042,7.336651035060059e-66,4.910342329810501e-64,MIR9-1HG,lncRNA,Up
ENSG00000169679,1077.0562373301298,2.630179564964564,0.1534614383750422,17.13902588698997,7.59117757396408e-66,5.067831712036273e-64,BUB1,protein_coding,Up
ENSG00000171564,6807.928424727317,8.616893101904273,0.5036331794613748,17.1094627068055,1.2615783163050464e-65,8.40096469721315e-64,FGB,protein_coding,Up
ENSG00000109255,247.33549749440277,4.608554410169923,0.26959909176001867,17.09410213544854,1.6420555877088417e-65,1.0879649710523155e-63,NMU,protein_coding,Up
ENSG00000103269,239.7757172119791,3.214583991581962,0.1881683071687508,17.083556949359693,1.9675058542143802e-65,1.29707823439083e-63,RHBDL1,protein_coding,Up
ENSG00000171320,232.30780617951163,2.6094105136642813,0.15296849503729854,17.058483271526107,3.023027492469811e-65,1.987960971980771e-63,ESCO2,protein_coding,Up
ENSG00000114631,2296.990322711461,3.2701204959697288,0.19227607070179742,17.00742314960964,7.235076167219074e-65,4.734217333239875e-63,PODXL2,protein_coding,Up
ENSG00000108176,1153.9083966423802,4.288992428970699,0.2524352492571231,16.99046564056535,9.661910621888326e-65,6.306549086613741e-63,DNAJC12,protein_coding,Up
ENSG00000100479,280.0215434831987,2.3280393866286793,0.13709557080935855,16.981142227169315,1.1326014425810293e-64,7.374493837249814e-63,POLE2,protein_coding,Up
ENSG00000196611,3289.229702137289,4.884191036058977,0.28767553362480675,16.978124536753462,1.1923580933381143e-64,7.725425779195596e-63,MMP1,protein_coding,Up
ENSG00000138363,4508.134242939755,1.2439341590189046,0.07327000639485383,16.977399351042955,1.2071803973888956e-64,7.802290950770876e-63,ATIC,protein_coding,Up
ENSG00000155886,53.26161795817029,5.101333262221746,0.3006111043923519,16.96987632088129,1.3722075226328407e-64,8.847215738833255e-63,SLC24A2,protein_coding,Up
ENSG00000249859,853.774264153795,2.863501252931042,0.1687484386068286,16.969053323229787,1.3915730121715968e-64,8.928413705830902e-63,PVT1,lncRNA,Up
ENSG00000158089,926.7072740320283,3.6814151832982716,0.21702953177656692,16.962738449292278,1.5495149275044606e-64,9.91764772774093e-63,GALNT14,protein_coding,Up
ENSG00000105613,100.77877941542694,3.3032431120182615,0.19477393633936851,16.959369277534062,1.6409640749117074e-64,1.0477535751918094e-62,MAST1,protein_coding,Up
ENSG00000133466,1245.8119873239948,2.308835526577275,0.13631721462547866,16.937226401820396,2.391367853054948e-64,1.5231973498806516e-62,C1QTNF6,protein_coding,Up
ENSG00000138028,292.6205846310544,4.250997891567981,0.2510303213376366,16.934200892211646,2.5175396927745186e-64,1.5996993180352785e-62,CGREF1,protein_coding,Up
ENSG00000138778,545.4662904777199,2.608668676310766,0.15417778318307115,16.919874072992897,3.2111633873818985e-64,2.035537945318766e-62,CENPE,protein_coding,Up
ENSG00000160182,978.3570904427959,8.032748395936487,0.474778262012177,16.91894730372147,3.262089975382936e-64,2.062861214648634e-62,TFF1,protein_coding,Up
ENSG00000116771,166.92552672866057,2.6069491076758684,0.15412144841765604,16.91490142638199,3.4940076677183245e-64,2.2042340238691917e-62,AGMAT,protein_coding,Up
ENSG00000164749,384.5272103437707,3.4580639600037197,0.20459813337857552,16.90173758137439,4.368418710580432e-64,2.7492888161815268e-62,HNF4G,protein_coding,Up
ENSG00000137807,809.0977474623428,2.5894518907156945,0.15321267904675678,16.901028732259533,4.4212535950194304e-64,2.775915650015771e-62,KIF23,protein_coding,Up
ENSG00000198535,737.3955908757183,4.118827928266593,0.24379961761312094,16.894316605543864,4.9542068381753887e-64,3.0884736246497638e-62,C2CD4A,protein_coding,Up
ENSG00000003249,1470.6008547754375,2.008081818171617,0.11890063692962437,16.88873895065989,5.445448507926812e-64,3.386709366840331e-62,DBNDD1,protein_coding,Up
ENSG00000002726,1874.2594597286766,5.00754449310299,0.29676815400273954,16.873591136927594,7.038422003877926e-64,4.346678881551778e-62,AOC1,protein_coding,Up
ENSG00000151725,707.1844822149378,2.34749678473651,0.13916472916795844,16.86847521474574,7.675212907833552e-64,4.715460236430721e-62,CENPU,protein_coding,Up
ENSG00000104783,2437.91337820609,3.2607592133584293,0.19359678315009893,16.843044395165936,1.1800596885239723e-63,7.219993964356648e-62,KCNN4,protein_coding,Up
ENSG00000162063,711.947279397968,1.8955672299258814,0.11261627526058747,16.83208954957576,1.4200102293315798e-63,8.647960680709875e-62,CCNF,protein_coding,Up
ENSG00000155066,3954.272552889358,2.628438702172896,0.15628729757392196,16.817993163709783,1.8015877419298725e-63,1.0921349139009365e-61,PROM2,protein_coding,Up
ENSG00000090932,173.7697046065546,6.845858880656827,0.40825406952712445,16.768623736160915,4.1398672441741866e-63,2.4867494129583893e-61,DLL3,protein_coding,Up
ENSG00000132677,47.960961008261734,4.669190088979647,0.2786635933669477,16.755651617652113,5.149361044622458e-63,3.0791077266824084e-61,RHBG,protein_coding,Up
ENSG00000233539,61.9755947020476,4.850852668500384,0.2897997157510673,16.738638462527614,6.853799568568449e-63,4.079789946346501e-61,AC011294.1,lncRNA,Up
ENSG00000254560,84.93310492216791,5.619013792632659,0.33592590269550027,16.726944089589928,8.34094622062594e-63,4.931631207127938e-61,BBOX1-AS1,lncRNA,Up
ENSG00000123213,1766.7376343576523,1.406210107105593,0.08412222138499933,16.7162740587869,9.976480404604212e-63,5.846217517098068e-61,NLN,protein_coding,Up
ENSG00000137474,780.1465313049894,1.9887719632985101,0.11898548172231166,16.714408636340245,1.0293600080568684e-62,6.018674814292599e-61,MYO7A,protein_coding,Up
ENSG00000237523,195.77524613716182,2.28370355588343,0.13664736253947973,16.712386638444112,1.0648690588369794e-62,6.212521478214855e-61,LINC00857,lncRNA,Up
ENSG00000130762,1771.8944227559648,1.7856368233261801,0.10689334785096324,16.70484514916509,1.2084129245854699e-62,7.018909432008556e-61,ARHGEF16,protein_coding,Up
ENSG00000171631,832.2687348111835,3.0097172317234624,0.1804148750627317,16.68220112491811,1.7659049874664473e-62,1.0234486707580266e-60,P2RY6,protein_coding,Up
ENSG00000251138,67.66002684962966,6.961918577627661,0.417497633656732,16.675348592159388,1.9805272600483994e-62,1.1453180668306205e-60,LINC02882,lncRNA,Up
ENSG00000146072,9001.352950704648,1.9770874974283927,0.11856752244864331,16.67478122674575,1.999421205938834e-62,1.1537141619388852e-60,TNFRSF21,protein_coding,Up
ENSG00000272068,232.5673469556604,5.402436111200981,0.32410547764480835,16.668759042454642,2.211380277805108e-62,1.2732335791642075e-60,AL365181.2,lncRNA,Up
ENSG00000100526,411.72489154093495,2.8870322705097986,0.1733913757852867,16.650379855598217,3.0068758952082525e-62,1.7162622804467883e-60,CDKN3,protein_coding,Up
ENSG00000187741,635.285836200854,1.9667256766063856,0.11818956236395763,16.640434546580117,3.550323028132154e-62,2.0177159106001055e-60,FANCA,protein_coding,Up
ENSG00000273032,338.60354490305576,3.2686439313069524,0.19680678133618562,16.60839077350414,6.059706161738995e-62,3.421722729872747e-60,DGCR5,lncRNA,Up
ENSG00000110660,1912.7185362131397,1.8749964832537758,0.11290514675583178,16.606829158183864,6.219499076635562e-62,3.504448518181192e-60,SLC35F2,protein_coding,Up
ENSG00000198074,3185.899857516366,7.397573718029946,0.4456246456575896,16.600459131055594,6.915988818455123e-62,3.8885847578392665e-60,AKR1B10,protein_coding,Up
ENSG00000067177,1131.0323016969642,1.6490581592036022,0.0993865790437313,16.592362621496378,7.914474654487123e-62,4.431097593181007e-60,PHKA1,protein_coding,Up
ENSG00000134827,1150.3601054292367,6.74971835960037,0.40793956977986784,16.5458780163019,1.7144677174716553e-61,9.538083061123955e-60,TCN1,protein_coding,Up
ENSG00000035141,2012.0725268344904,1.1920423491739036,0.07206667586149026,16.54082604649296,1.864480317909644e-61,1.0329064282201115e-59,FAM136A,protein_coding,Up
ENSG00000183763,232.37294718281362,1.824215337847729,0.11038942102484915,16.525273173025248,2.41343910960956e-61,1.3286511340376638e-59,TRAIP,protein_coding,Up
ENSG00000130590,578.4468290622682,1.765344843554107,0.10686185315455997,16.51987862311161,2.639286864311905e-61,1.449958221081353e-59,SAMD10,protein_coding,Up
ENSG00000144354,1180.7539882880567,2.9230172163831405,0.17701717978456072,16.51261883135076,2.9768022958256408e-61,1.6319808012665726e-59,CDCA7,protein_coding,Up
ENSG00000164109,886.0166078536254,2.577961307292586,0.1561887815711658,16.505419155971612,3.353961583558606e-61,1.8349370738265655e-59,MAD2L1,protein_coding,Up
ENSG00000176153,4998.747245350565,6.005994647086945,0.36393614143993364,16.50288048701042,3.498007403549868e-61,1.909781681813872e-59,GPX2,protein_coding,Up
ENSG00000168528,9214.464662779546,2.0720521515417514,0.12557467211538156,16.500557928097884,3.635182948210371e-61,1.9805738500889973e-59,SERINC2,protein_coding,Up
ENSG00000099617,60.7536396799049,5.984607943862453,0.36273916122085714,16.49837840425139,3.768780849903214e-61,2.0491288868442835e-59,EFNA2,protein_coding,Up
ENSG00000165548,524.5533437041252,4.04130538758968,0.24524531403378563,16.478624284878038,5.226055514719263e-61,2.8239976213759626e-59,TMEM63C,protein_coding,Up
ENSG00000272405,547.0680104097122,4.473583661565465,0.2715339666066241,16.475226718307482,5.528093226791371e-61,2.981100580582586e-59,AL365181.3,lncRNA,Up
ENSG00000175130,9177.112934945504,1.9317932625989687,0.11732766422223564,16.464942649330098,6.55247162417342e-61,3.5262995250908796e-59,MARCKSL1,protein_coding,Up
ENSG00000260920,146.29487928674558,1.8354579316844015,0.11160978138421312,16.44531428088633,9.061311255922879e-61,4.856641825583055e-59,AL031985.3,lncRNA,Up
ENSG00000160161,548.6543245377899,3.4978126331994783,0.21303879141599974,16.41866539868468,1.4062588511174593e-60,7.521916004861542e-59,CILP2,protein_coding,Up
ENSG00000141696,1860.576183832029,2.0911728644990313,0.12754833226535794,16.39514078591361,2.071602136752078e-60,1.1035989564879252e-58,P3H4,protein_coding,Up
ENSG00000163467,37.32553488455332,3.094783395187737,0.18880239475854974,16.3916532899146,2.1939539595262222e-60,1.1664226998529532e-58,TSACC,protein_coding,Up
ENSG00000198753,894.8404810991018,3.3989538116831217,0.20744921778157877,16.384510137135567,2.4674880173682446e-60,1.3065794983534259e-58,PLXNB3,protein_coding,Up
ENSG00000160688,2451.0511766679147,1.410735696060804,0.08611697036484589,16.381622461682483,2.5874804026948686e-60,1.367371908197669e-58,FLAD1,protein_coding,Up
ENSG00000164362,42.56758786657068,5.520552297789418,0.33705092675959636,16.378985665056444,2.7021180020455027e-60,1.4250970342787981e-58,TERT,protein_coding,Up
ENSG00000114346,2326.3535859676276,2.1547364022731026,0.13160529928103776,16.372717618853255,2.995348136730093e-60,1.5765934204705102e-58,ECT2,protein_coding,Up
ENSG00000141527,408.65267702774196,3.4764938507772336,0.21242727301602965,16.36557209165369,3.3684744587135005e-60,1.7694556070971116e-58,CARD14,protein_coding,Up
ENSG00000141562,3301.667317593737,1.282578241998587,0.0784367885425517,16.351743433539383,4.227105092132407e-60,2.2116817714192772e-58,NARF,protein_coding,Up
ENSG00000245614,35.61843669182636,2.476788305485032,0.15147245689131622,16.35141039048548,4.250273698696522e-60,2.2194003452401444e-58,DDX11-AS1,lncRNA,Up
ENSG00000124116,491.26114965294204,3.941693895074991,0.2411749933116408,16.343708943246966,4.8227817790848686e-60,2.5133746149104344e-58,WFDC3,protein_coding,Up
ENSG00000060140,434.73904108216243,2.5733026182277463,0.157589180005942,16.32918337496723,6.119801538170931e-60,3.1830210367173066e-58,STYK1,protein_coding,Up
ENSG00000119888,21134.15131685964,1.6325817200181607,0.10000217368661361,16.325462335792203,6.50460572818347e-60,3.376504981342482e-58,EPCAM,protein_coding,Up
ENSG00000171241,510.9338658722202,2.2775136988161098,0.1396048755782515,16.31399827106694,7.848310077876239e-60,4.066010545257297e-58,SHCBP1,protein_coding,Up
ENSG00000265055,57.377513323066296,3.0357163628007573,0.18617422316245236,16.305782353939755,8.978195893270926e-60,4.642255405991261e-58,AC145343.1,lncRNA,Up
ENSG00000153294,268.56031795278454,4.4751937011342395,0.2749546921763462,16.276113223279744,1.458429039364811e-59,7.482251705846316e-58,ADGRF4,protein_coding,Up
ENSG00000225518,41.887588037965806,2.5158838663317242,0.15473446145351996,16.259363574852134,1.917190322074259e-59,9.778783132127312e-58,LINC01703,lncRNA,Up
ENSG00000119547,215.43909512524294,4.980633172430128,0.3064348767928179,16.253480101736457,2.1103719033907456e-59,1.0743341137531653e-57,ONECUT2,protein_coding,Up
ENSG00000173237,101.72156904729871,7.82646762895153,0.4824763781936821,16.221452453802257,3.556830397967554e-59,1.8037234152770075e-57,C11orf86,protein_coding,Up
ENSG00000108846,11170.078391335082,2.551543499039204,0.15731377096634008,16.21945417343755,3.674456019954797e-59,1.8562338169771646e-57,ABCC3,protein_coding,Up
ENSG00000178401,460.2509851695825,3.4402947875563905,0.21217784005859514,16.214204021524196,4.002292199343337e-59,2.0179817456344898e-57,DNAJC22,protein_coding,Up
ENSG00000143633,612.6082212488315,1.0071594161205661,0.062127905836411666,16.21106333074395,4.212171826483952e-59,2.1157137345596535e-57,C1orf131,protein_coding,Up
ENSG00000197299,319.71863638287846,2.1376753643213333,0.13205480736707845,16.187789047157857,6.149891352637253e-59,3.077279600930633e-57,BLM,protein_coding,Up
ENSG00000183682,501.35083725890723,2.7606736140633417,0.1706920294294697,16.173418426687917,7.766667746552081e-59,3.87892099387459e-57,BMP8A,protein_coding,Up
ENSG00000164611,1082.7887729778693,2.347289809763416,0.1451637976915797,16.169939386337585,8.217916020533776e-59,4.088800857763692e-57,PTTG1,protein_coding,Up
ENSG00000170417,384.62658335498327,1.5349928181853219,0.09496747744841454,16.163352543707564,9.14500820068802e-59,4.541504072545067e-57,TMEM182,protein_coding,Up
ENSG00000103550,665.9705543911596,1.111379732104869,0.06890251807656154,16.12974043807733,1.5768174304983152e-58,7.786643378696736e-57,KNOP1,protein_coding,Up
ENSG00000150551,105.12592914606672,3.462421991291507,0.21469796575771627,16.12694363019165,1.6498568168445494e-58,8.132097992559021e-57,LYPD1,protein_coding,Up
ENSG00000007968,318.5418374762486,2.3657371782221497,0.14684940847993652,16.109953745883637,2.171862701347884e-58,1.0685078252713378e-56,E2F2,protein_coding,Up
ENSG00000124766,10680.274904505184,1.679302227849747,0.10436056176786779,16.09134906330868,2.9337441425873247e-58,1.4379708743499581e-56,SOX4,protein_coding,Up
ENSG00000138316,332.1022681442535,2.6599255850614085,0.16541140874748209,16.080665808983373,3.486120372540127e-58,1.7055472026694462e-56,ADAMTS14,protein_coding,Up
ENSG00000214826,145.14069305904908,2.427518155490617,0.15135152420707826,16.038940923840983,6.830932924860081e-58,3.329606307367104e-56,DDX12P,unprocessed_pseudogene,Up
ENSG00000146166,965.4648591995613,4.584600647053989,0.28673752314476064,15.988840932895394,1.528484242133602e-57,7.4092149751954205e-56,LGSN,protein_coding,Up
ENSG00000124664,1869.0459730715966,3.2950469889257743,0.20619231623078202,15.980454796568523,1.7486544343019387e-57,8.445424438194529e-56,SPDEF,protein_coding,Up
ENSG00000163993,10880.238557532271,5.085560885512406,0.3182830636633226,15.978107119428364,1.8157644821247044e-57,8.753511772144142e-56,S100P,protein_coding,Up
ENSG00000124143,480.6188135110543,3.704023036433352,0.2318699006215659,15.974574649422376,1.921607226663684e-57,9.246858132686376e-56,ARHGAP40,protein_coding,Up
ENSG00000112242,1339.3966946230667,1.3672055180471627,0.08565806858368964,15.961199460286402,2.38110967255134e-57,1.1416338557305242e-55,E2F3,protein_coding,Up
ENSG00000263711,389.5810358275668,6.723113827469202,0.42169187243617234,15.94319043577682,3.1771047677387755e-57,1.5150136116685624e-55,LINC02864,lncRNA,Up
ENSG00000162757,217.14850421545654,1.2482066088549757,0.07830161226523658,15.941007761460101,3.290049458799216e-57,1.5660397875186883e-55,C1orf74,protein_coding,Up
ENSG00000170312,1526.994558301259,2.4417981699464355,0.1532623356292006,15.932147712103685,3.79108828996252e-57,1.8012792469605705e-55,CDK1,protein_coding,Up
ENSG00000043039,509.1222280788058,3.904588393320572,0.2451711640857994,15.925969140294713,4.18479131912353e-57,1.984765235346897e-55,BARX2,protein_coding,Up
ENSG00000230798,50.74082924247947,7.024266013857538,0.4414345092219833,15.912362688267445,5.201298527954126e-57,2.4580330140170303e-55,FOXD3-AS1,lncRNA,Up
ENSG00000144395,110.54629711098966,2.606555926800733,0.16382526595885308,15.910585656887655,5.351058101286562e-57,2.5219819108021356e-55,CCDC150,protein_coding,Up
ENSG00000259342,176.98119487917924,4.13534285328908,0.2602412231639075,15.890421982394852,7.382890122440505e-57,3.464178158874664e-55,AC025580.1,lncRNA,Up
ENSG00000185842,484.77369341638575,1.9484925335361745,0.12268359865228984,15.882257734048027,8.409610200871073e-57,3.9319400885987625e-55,DNAH14,protein_coding,Up
ENSG00000169894,2308.8381777607096,4.7733913149911364,0.30058616459145376,15.880276197937995,8.679537370845177e-57,4.050962840162607e-55,MUC3A,protein_coding,Up
ENSG00000223392,74.45815773348025,6.595257646399543,0.4153849571292403,15.877459049022653,9.078213285047321e-57,4.229549193051199e-55,CLDN10-AS1,lncRNA,Up
ENSG00000231890,91.08841491481166,1.9038663692038322,0.12001385162465843,15.863721924017126,1.1299432629238268e-56,5.2458809583276956e-55,DARS-AS1,lncRNA,Up
ENSG00000211892,19039.802030127328,4.10107995160505,0.25854037478851366,15.862435238440954,1.1533360960412694e-56,5.3450743150453914e-55,IGHG4,IG_C_gene,Up
ENSG00000132680,2475.8697665336167,1.4686877296759693,0.09264642285207797,15.852611298559468,1.3485861290945504e-56,6.228058883401628e-55,KHDC4,protein_coding,Up
ENSG00000205667,28.017288478794963,5.4854040268003255,0.34623113969596586,15.84318508039801,1.5667957742207879e-56,7.19797988958226e-55,ARSH,protein_coding,Up
ENSG00000148344,1985.7758597093537,2.9998783575721664,0.18944541383187577,15.835053997318841,1.783060310984369e-56,8.17726963489701e-55,PTGES,protein_coding,Up
ENSG00000256663,27.095175697638403,3.2881293026910448,0.20776396295209945,15.826273507543423,2.050087459197668e-56,9.369290519764732e-55,AC112777.1,processed_pseudogene,Up
ENSG00000197930,9340.763280141424,2.0487946478942303,0.12959034930744479,15.809777956795196,2.6640410459173185e-56,1.215411113855358e-54,ERO1A,protein_coding,Up
ENSG00000092607,480.02214560804055,3.741403400654809,0.23668412618513332,15.80758059680056,2.758589300137902e-56,1.2563730543115108e-54,TBX15,protein_coding,Up
ENSG00000261373,150.8697041362421,2.815322695090675,0.17814839712636749,15.803244601149336,2.9550743423619314e-56,1.3435398346221401e-54,VPS9D1-AS1,lncRNA,Up
ENSG00000178773,364.85329150805705,3.2407840678026654,0.2053369989068733,15.782757540312847,4.089255839817234e-56,1.8496342452140733e-54,CPNE7,protein_coding,Up
ENSG00000123999,400.56687831547447,6.003105790296053,0.3807167772168784,15.767904514689498,5.173805644381512e-56,2.3282125399716803e-54,INHA,protein_coding,Up
ENSG00000006625,1254.2344402253527,1.7166715670152184,0.10889584362254214,15.764344256935958,5.47375044948401e-56,2.4548095128043088e-54,GGCT,protein_coding,Up
ENSG00000126602,2034.2897005520022,1.177986994195098,0.07474052149814751,15.761021873847845,5.769254126392834e-56,2.5829411088791005e-54,TRAP1,protein_coding,Up
ENSG00000111602,2093.8606940801305,1.7319681926867743,0.10989823742061137,15.759744954398553,5.887008217833717e-56,2.6311933339707645e-54,TIMELESS,protein_coding,Up
ENSG00000246582,109.21111131966975,1.6315931822425735,0.10356889645202211,15.753698630924418,6.477916053145798e-56,2.8904001069620084e-54,AC100861.1,lncRNA,Up
ENSG00000169684,111.26455040107572,3.6496268095599476,0.2318925142167606,15.738441673664694,8.244920023013117e-56,3.660244798095217e-54,CHRNA5,protein_coding,Up
ENSG00000163468,14922.255226081204,1.356542934537916,0.0861943077098746,15.738196298344509,8.276949796759315e-56,3.66828850656375e-54,CCT3,protein_coding,Up
ENSG00000109586,3020.9430122803624,1.687233523533764,0.10726255804588943,15.729939265590945,9.430148667883352e-56,4.165377225663048e-54,GALNT7,protein_coding,Up
ENSG00000079393,110.49850614878883,6.101563067569412,0.38808267157303095,15.722328036028259,1.0634327629530638e-55,4.6894183878047314e-54,DUSP13,protein_coding,Up
ENSG00000189366,200.77319781223974,3.2543702896743567,0.20715367596228135,15.709932611897816,1.2931649699760636e-55,5.692948290195125e-54,ALG1L,protein_coding,Up
ENSG00000021826,10835.354898279582,6.676729271378132,0.42581553445758213,15.67986306531341,2.0770150117080958e-55,9.098153797133303e-54,CPS1,protein_coding,Up
ENSG00000169241,4947.211365744959,1.7687608900505363,0.11283855811501592,15.675146152148143,2.237098406387105e-55,9.783131836886894e-54,SLC50A1,protein_coding,Up
ENSG00000090447,694.6417807341467,1.2577825453482439,0.08024258095403489,15.674751863586437,2.2510236725530277e-55,9.827730835301878e-54,TFAP4,protein_coding,Up
ENSG00000140525,1132.5989030655712,1.890089363009241,0.12061876933447493,15.669944018148929,2.4279314236563473e-55,1.0582570519308741e-53,FANCI,protein_coding,Up
ENSG00000071539,970.7833402766931,2.646109514091107,0.16888317601785469,15.668283700511145,2.4921865309465678e-55,1.0844712676742736e-53,TRIP13,protein_coding,Up
ENSG00000281406,351.88910465829804,2.8339233564900184,0.18100152083914497,15.656903562752436,2.9805972429439528e-55,1.2948657215227682e-53,BLACAT1,protein_coding,Up
ENSG00000047457,15050.49897942704,3.482066653873419,0.2226473376842758,15.639381499414784,3.925219334850531e-55,1.7024347674343503e-53,CP,protein_coding,Up
ENSG00000051180,307.6035904364611,2.209435987842268,0.1413405944729573,15.631998691395056,4.407580590525796e-55,1.9022569586279092e-53,RAD51,protein_coding,Up
ENSG00000125571,409.83561008921134,6.267838275184638,0.4011013785927238,15.626568767166885,4.79961822504567e-55,2.0613344070758033e-53,IL37,protein_coding,Up
ENSG00000163362,1926.9993801327812,2.1832344832620336,0.13976272700399064,15.621006616447144,5.237222951093102e-55,2.245619011712603e-53,INAVA,protein_coding,Up
ENSG00000203805,109.71831486146385,4.0404926607186376,0.2587139001028509,15.617609487207114,5.523810569734544e-55,2.3608247118946504e-53,PLPP4,protein_coding,Up
ENSG00000076604,4097.225554156235,1.3390913857705935,0.08574830453434071,15.616534846287374,5.617681006261283e-55,2.39705903131246e-53,TRAF4,protein_coding,Up
ENSG00000189325,96.91309969296884,5.5256211102236685,0.35393155649739677,15.6121176786459,6.020502097130262e-55,2.5647922504252826e-53,BNIP5,protein_coding,Up
ENSG00000131187,154.44986338988767,2.767143649111916,0.17752327457680023,15.58749778421191,8.853401951786644e-55,3.7594880751789664e-53,F12,protein_coding,Up
ENSG00000152253,218.57537691573376,2.3779164286633607,0.1525799610651128,15.584723000739238,9.246327640302502e-55,3.9200266860896625e-53,SPC25,protein_coding,Up
ENSG00000147536,250.21885269884126,2.4195006926196863,0.1554005589259229,15.569446528007829,1.1741882508096177e-54,4.954135067815939e-53,GINS4,protein_coding,Up
ENSG00000186832,509.6665007988608,5.189144624469126,0.33385181414881787,15.543257231353582,1.7676603751154974e-54,7.434322821658001e-53,KRT16,protein_coding,Up
ENSG00000284753,234.95766853964656,2.1191704180286455,0.13644562155285508,15.531245296923949,2.1319906546224423e-54,8.938091186390112e-53,EEF1AKMT4,protein_coding,Up
ENSG00000137571,185.44360616260676,3.141499506901736,0.20237781799466675,15.522943858326036,2.4265818993410588e-54,1.0156978521527574e-52,SLCO5A1,protein_coding,Up
ENSG00000182481,4853.644074652926,1.960501725549329,0.1263885840207435,15.511699420792327,2.8912413286884846e-54,1.2063612948973946e-52,KPNA2,protein_coding,Up
ENSG00000183605,1180.3733760886385,1.3979592139716295,0.09014861874375721,15.507272695383788,3.097592716202329e-54,1.2904189561809704e-52,SFXN4,protein_coding,Up
ENSG00000101811,1071.7876264698186,1.0589554941190167,0.06830835089461681,15.502577360603064,3.3325122218245765e-54,1.3860938058282979e-52,CSTF2,protein_coding,Up
ENSG00000159217,366.35916472556744,6.638479954221251,0.4282259506230478,15.502283186160454,3.347807589191428e-54,1.3902627736531963e-52,IGF2BP1,protein_coding,Up
ENSG00000173702,2904.111693893843,5.973722503349403,0.38553046097217303,15.494813271786004,3.760517391055167e-54,1.5591956541214584e-52,MUC13,protein_coding,Up
ENSG00000164045,241.6852618375891,2.3603392792130786,0.15238245211443033,15.489574071433116,4.0798437071375424e-54,1.6862927673544985e-52,CDC25A,protein_coding,Up
ENSG00000123219,304.92409325989524,2.19842344198644,0.14203438644262778,15.478107077080612,4.876102917316325e-54,2.009106780150492e-52,CENPK,protein_coding,Up
ENSG00000148848,1238.4375460793729,3.053162931672297,0.19736580144018606,15.46956417673805,5.568275064379517e-54,2.2871559727054182e-52,ADAM12,protein_coding,Up
ENSG00000236345,123.00507853774337,3.976520981514895,0.25756675243068455,15.438797686378571,8.975787903142265e-54,3.647018906099561e-52,SCAT8,lncRNA,Up
ENSG00000141570,576.6121865459518,1.3655455595827912,0.08850280382045506,15.429404500597096,1.038237536285891e-53,4.212049820285992e-52,CBX8,protein_coding,Up
ENSG00000128298,306.11958035354496,3.724390117424241,0.24139476552021918,15.428628327536318,1.0507982126040147e-53,4.256459119257737e-52,BAIAP2L2,protein_coding,Up
ENSG00000113249,126.36246052260032,5.2678623347013955,0.3415240644817472,15.42457145060985,1.1189544351789346e-53,4.525587186452224e-52,HAVCR1,protein_coding,Up
ENSG00000173715,901.2546101114895,1.4122260210770414,0.09158442364211188,15.41993676343538,1.2022202751815352e-53,4.8474845040576584e-52,C11orf80,protein_coding,Up
ENSG00000108379,486.7781574832261,2.087666031119524,0.13542006317414013,15.416224023134156,1.2733512756440754e-53,5.126453914310576e-52,WNT3,protein_coding,Up
ENSG00000137309,12103.93411074889,2.302391773059419,0.149484567191015,15.402203828287954,1.5818495395140477e-53,6.339418291335174e-52,HMGA1,protein_coding,Up
ENSG00000136695,133.36598294724192,6.2598010813770815,0.4065332725943597,15.398004304614773,1.6879897106112572e-53,6.754520283584045e-52,IL36RN,protein_coding,Up
ENSG00000159147,584.1808277746559,1.444424477286571,0.0938885001707387,15.384466411326704,2.0808480208630202e-53,8.31393368335725e-52,DONSON,protein_coding,Up
ENSG00000105388,36122.0800687461,4.780950112313266,0.31082093138956146,15.381686461524541,2.172153153028025e-53,8.65251943283218e-52,CEACAM5,protein_coding,Up
ENSG00000086232,10922.528164976397,1.006973905464056,0.06548021154580694,15.378293406392306,2.28901788328679e-53,9.104283798231169e-52,EIF2AK1,protein_coding,Up
ENSG00000230838,78.01832075523501,3.5302361478955717,0.22994545159943075,15.352493921233584,3.408278185112124e-53,1.3434423877639268e-51,LINC01614,lncRNA,Up
ENSG00000065618,2910.6125616343697,4.605929665723256,0.3001603723159097,15.344895897435968,3.8317357278691334e-53,1.5058550095962603e-51,COL17A1,protein_coding,Up
ENSG00000093217,295.58806596143495,1.6107885183729314,0.1050925057058579,15.32733954294845,5.021353155720714e-53,1.964585796978564e-51,XYLB,protein_coding,Up
ENSG00000145050,3911.992525246094,1.3921363107376037,0.09102600260959932,15.293831112284757,8.405644384973684e-53,3.2692749621202955e-51,MANF,protein_coding,Up
ENSG00000165905,1597.4256074216394,2.4928255263293226,0.16301378185127327,15.29211516976932,8.630104022245203e-53,3.3516324457526654e-51,LARGE2,protein_coding,Up
ENSG00000214336,134.1890729918009,6.893967851626267,0.45082755869035174,15.2918066314605,8.671091891086577e-53,3.357660692627798e-51,FOXI3,protein_coding,Up
ENSG00000144554,585.9240258821525,1.5257320302438626,0.09978995641543531,15.289434779308769,8.992722437640479e-53,3.4770981038208127e-51,FANCD2,protein_coding,Up
ENSG00000103257,5816.708653768669,2.721783601878181,0.17814448066966515,15.278517704543471,1.0633189957468452e-52,4.0935607763562614e-51,SLC7A5,protein_coding,Up
ENSG00000078269,1330.0650230674432,1.5021629973696582,0.0983734878224122,15.26999835648222,1.2117613247237568e-52,4.65125853463835e-51,SYNJ2,protein_coding,Up
ENSG00000261762,58.8519502923395,3.917342033367539,0.2565557591940462,15.268969387682517,1.2310329149090298e-52,4.7183630764754534e-51,AC027228.2,lncRNA,Up
ENSG00000113368,2067.7190223878074,1.8817278429786395,0.12330188558086762,15.261144094544338,1.3879328036032063e-52,5.296640814908328e-51,LMNB1,protein_coding,Up
ENSG00000115718,198.92205836251534,3.946465963533848,0.2589722116606127,15.238955323537786,1.9496269651835405e-52,7.418710399984122e-51,PROC,protein_coding,Up
ENSG00000170689,342.76521397412296,6.643456228109772,0.4360528681351074,15.235437520505775,2.0574522228454747e-52,7.806476995170528e-51,HOXB9,protein_coding,Up
ENSG00000172244,138.72596311141004,2.0169439417439907,0.13261574903883283,15.208932244943131,3.085343973315197e-52,1.1639559452978792e-50,C5orf34,protein_coding,Up
ENSG00000108821,132145.91725145828,2.908219376204741,0.19165359866972073,15.1743530848931,5.2290743751539386e-52,1.961460757792452e-50,COL1A1,protein_coding,Up
ENSG00000180385,75.3774112501784,1.9602175833703015,0.12932629951902466,15.157145844739352,6.795902965624903e-52,2.5383563909848252e-50,EMC3-AS1,transcribed_unprocessed_pseudogene,Up
ENSG00000142731,396.34924892798307,2.0300664666022716,0.13395822635768145,15.15447406105391,7.077974339322453e-52,2.6362455272306934e-50,PLK4,protein_coding,Up
ENSG00000188322,1412.7437276865467,2.5751018719572496,0.17005473814456382,15.142782259722463,8.455927957723607e-52,3.1406031020446695e-50,SBK1,protein_coding,Up
ENSG00000261008,44.96420153304233,2.9080788925289855,0.19214484313200078,15.134826650180647,9.543183863942178e-52,3.534462900170719e-50,LINC01572,lncRNA,Up
ENSG00000166342,69.9067310767951,4.80648131608526,0.317919825708989,15.118532810485746,1.2223579181186412e-51,4.514506764816326e-50,NETO1,protein_coding,Up
ENSG00000120659,117.12074513067516,4.098735086667584,0.2711610434373532,15.115501233917186,1.2799345330635396e-51,4.720541767396578e-50,TNFSF11,protein_coding,Up
ENSG00000143324,7348.258766140682,1.8670152637519157,0.12378011631752411,15.083321290170687,2.0851067299473178e-51,7.647324682713598e-50,XPR1,protein_coding,Up
ENSG00000179528,62.019557379309745,2.132206697172507,0.14143831901660858,15.07516995392267,2.359080579114494e-51,8.628149080617087e-50,LBX2,protein_coding,Up
ENSG00000079616,1535.9191338286867,1.3430225482579208,0.08913513338931747,15.067263571502963,2.6590019406017838e-51,9.698185501199037e-50,KIF22,protein_coding,Up
ENSG00000183036,643.7800766100853,5.259941670588882,0.3492570338204256,15.060374341074372,2.951112900042949e-51,1.0748735797532123e-49,PCP4,protein_coding,Up
ENSG00000074211,536.7529198517773,5.0481904274861655,0.3357055331391658,15.037555027111967,4.1665678395486056e-51,1.5113121585817983e-49,PPP2R2C,protein_coding,Up
ENSG00000267374,50.257611327604394,3.787710366806913,0.2522859797121633,15.013558704801456,5.98486589729583e-51,2.161930324817685e-49,MIR924HG,lncRNA,Up
ENSG00000075702,587.9293638793307,2.3804030629215673,0.15855329481921013,15.01326771944925,6.011184570462791e-51,2.168466992108123e-49,WDR62,protein_coding,Up
ENSG00000234380,273.72080381131155,2.561062978530322,0.17063990881896696,15.008581499228127,6.451262211592792e-51,2.3177082359632418e-49,LINC01426,lncRNA,Up
ENSG00000253417,90.65887609424743,4.3207580204152105,0.28805283555923533,14.999880185267916,7.35519752486379e-51,2.6388647446348048e-49,LINC02159,lncRNA,Up
ENSG00000144591,2474.6883271901447,1.033579109624312,0.06900064848426403,14.979266605878717,1.0031791381019809e-50,3.574842415101249e-49,GMPPA,protein_coding,Up
ENSG00000079112,610.1987230683546,5.333804243257342,0.35610132466830524,14.978333057945168,1.0173684108199165e-50,3.620513494375331e-49,CDH17,protein_coding,Up
ENSG00000197275,78.90739432204974,1.9088771398163473,0.12751100413210545,14.970293370434836,1.1481366410229165e-50,4.0748806492293825e-49,RAD54B,protein_coding,Up
ENSG00000116191,1481.8219842619287,1.5901705985140744,0.10624551999561625,14.966942592776483,1.207459692856821e-50,4.2796656049239746e-49,RALGPS2,protein_coding,Up
ENSG00000189159,7034.284911330584,1.6785488142261056,0.11222549699990857,14.95692921036895,1.4035457569037027e-50,4.9613272935054475e-49,JPT1,protein_coding,Up
ENSG00000168496,1424.076162162042,1.5984236394427054,0.10687612718034971,14.955852926308058,1.4264236613874587e-50,5.028715501442151e-49,FEN1,protein_coding,Up
ENSG00000204839,1983.8868433111502,2.477952110984413,0.16571860659311868,14.952769407894042,1.4940441850458485e-50,5.260072785001204e-49,MROH6,protein_coding,Up
ENSG00000149948,794.3699216044793,5.765110694016739,0.38583509702033736,14.941903260067757,1.7587920235952644e-50,6.175678516938365e-49,HMGA2,protein_coding,Up
ENSG00000262406,1557.2727776538222,3.956581057988606,0.2648686180460348,14.937900485065931,1.8676741101545543e-50,6.549277431486116e-49,MMP12,protein_coding,Up
ENSG00000218274,52.653124786219045,6.173868784544958,0.4134505914692197,14.932543118648763,2.0239739514399843e-50,7.059813902046611e-49,AL121949.2,unprocessed_pseudogene,Up
ENSG00000134285,1699.5789634935013,1.7499696286200197,0.11726962989629096,14.922615771599432,2.3488206191369732e-50,8.182087150150856e-49,FKBP11,protein_coding,Up
ENSG00000152766,1142.4567297368085,2.7424743353956162,0.1838596140180969,14.916132343918012,2.5884850073598042e-50,8.993194946518845e-49,ANKRD22,protein_coding,Up
ENSG00000186603,96.83123659257527,3.4897751160884942,0.23416790533354565,14.90287540095516,3.1569568539661373e-50,1.089645971715799e-48,HPDL,protein_coding,Up
ENSG00000170965,39.80598598397527,4.900207367378796,0.3288687260345105,14.900192628424579,3.286306914722397e-50,1.1328093247219555e-48,PLAC1,protein_coding,Up
ENSG00000130701,232.7830624857336,2.1167521135657195,0.14226968278388352,14.87844825507341,4.549288613596816e-50,1.5640774542444332e-48,RBBP8NL,protein_coding,Up
ENSG00000167971,47.325646245114925,3.6807105735932093,0.247477837015632,14.87288970187951,4.943276811465959e-50,1.6973204364369444e-48,CASKIN1,protein_coding,Up
ENSG00000107833,1039.9098426919297,1.7026821108100145,0.11451636443009537,14.868461108450477,5.281339620385368e-50,1.8110393470684285e-48,NPM3,protein_coding,Up
ENSG00000183971,159.28688311199136,5.041144320133265,0.33913490016610154,14.864717012799959,5.58503852357894e-50,1.910213565068439e-48,NPW,protein_coding,Up
ENSG00000115598,152.27023842365978,2.2798553260511834,0.15345926945033267,14.856419779771349,6.321435523874802e-50,2.1564845377047674e-48,IL1RL2,protein_coding,Up
ENSG00000284948,23.393558393807893,3.641113364015452,0.24522519303282092,14.848039546769265,7.16329954123944e-50,2.4405194948641348e-48,AC107959.4,lncRNA,Up
ENSG00000196876,218.69624941354076,2.937610556793415,0.19803320362707055,14.83392937643641,8.840309053032697e-50,3.004110176913302e-48,SCN8A,protein_coding,Up
ENSG00000068489,948.7715320507232,2.2444355412638304,0.15132338141415333,14.832047237439722,9.091731218816631e-50,3.085572100903405e-48,PRR11,protein_coding,Up
ENSG00000237978,94.51281133018418,4.900842253373195,0.3305015624736979,14.828499498434947,9.58516295790812e-50,3.244682249037704e-48,KCNMB2-AS1,lncRNA,Up
ENSG00000205426,340.95959987872146,5.019189008358975,0.33851262151409867,14.82718424473851,9.774790408361607e-50,3.3046310649807125e-48,KRT81,protein_coding,Up
ENSG00000234155,26.772224201457703,4.457306745983447,0.3007963478495583,14.818353938967187,1.1148296099007835e-49,3.759342303463384e-48,LINC02535,lncRNA,Up
ENSG00000128683,156.4463861109277,3.754874526885624,0.253490776576703,14.812667259905009,1.2132868034996998e-49,4.0809149245264135e-48,GAD1,protein_coding,Up
ENSG00000167767,2815.2390327712437,2.4626593710679168,0.16626833324292278,14.811355373785466,1.2372021443036234e-49,4.1507659726827666e-48,KRT80,protein_coding,Up
ENSG00000227471,176.69187198518947,5.863070160018427,0.3960955606367682,14.802160747757135,1.4185149766169905e-49,4.7530165099606153e-48,AKR1B15,protein_coding,Up
ENSG00000130826,3449.9194275784976,1.1421218756399751,0.07719367332645817,14.795537333867388,1.5652929600836624e-49,5.2249082730893895e-48,DKC1,protein_coding,Up
ENSG00000166965,586.9160655819377,1.3605746940262802,0.09203672739201622,14.782953855270433,1.8870530927159996e-49,6.275105933785738e-48,RCCD1,protein_coding,Up
ENSG00000182379,251.80937306124412,4.246674005979039,0.2873761121656964,14.77740781575636,2.0490161365841195e-49,6.805107748327863e-48,NXPH4,protein_coding,Up
ENSG00000257924,17.84353302647011,4.42496854460805,0.29950134054748195,14.774453217869754,2.1408754768091553e-49,7.101243562699047e-48,LINC02416,lncRNA,Up
ENSG00000256443,34.35506055371613,3.5789481485541397,0.24248618792899798,14.759389716671556,2.6769211826385942e-49,8.868142159067806e-48,AP003559.1,lncRNA,Up
ENSG00000213420,116.57654772541284,3.331606482376008,0.22588306411977116,14.749253094111884,3.1108847291439403e-49,1.0292851983378383e-47,GPC2,protein_coding,Up
ENSG00000164638,1293.6515773555511,3.1627272780875693,0.21478789175363924,14.724886269265136,4.4621972913956546e-49,1.4708517821762925e-47,SLC29A4,protein_coding,Up
ENSG00000171551,173.0587396497828,4.605086542309707,0.31276710061087265,14.723692272350277,4.541704698542019e-49,1.495190423227878e-47,ECEL1,protein_coding,Up
ENSG00000169436,255.1828969111804,3.610726210110399,0.24544678959376612,14.710830873308375,5.492881655670957e-49,1.8038267653803628e-47,COL22A1,protein_coding,Up
ENSG00000152256,1398.0196600468526,1.6416834746048556,0.11161036333777061,14.709059495098748,5.638562844386648e-49,1.8493644553044265e-47,PDK1,protein_coding,Up
ENSG00000165434,1929.7127017544424,1.8454945754748182,0.12553265614768172,14.701310655800219,6.322404000277259e-49,2.0710781799666002e-47,PGM2L1,protein_coding,Up
ENSG00000182600,76.76227806197805,2.5215934324014224,0.17152659155881458,14.700889287692723,6.361870852807697e-49,2.08081423640375e-47,SNORC,protein_coding,Up
ENSG00000254973,50.29458804805683,2.678214840912018,0.18228061522409045,14.69281216556955,7.167632167802485e-49,2.336346851235495e-47,AC105219.3,lncRNA,Up
ENSG00000259439,69.61746765269562,6.947630861275034,0.4730271777517428,14.68759341544924,7.741472316024677e-49,2.520279320661367e-47,LINC01833,lncRNA,Up
ENSG00000180535,636.6188238944064,2.9841894103505475,0.20325761647256618,14.681808544937482,8.431134583665307e-49,2.74141823639031e-47,BHLHA15,protein_coding,Up
ENSG00000132436,782.5098427872616,1.552638217261805,0.10579912110998316,14.675341354185395,9.274763273551202e-49,3.012013639452527e-47,FIGNL1,protein_coding,Up
ENSG00000146918,1389.7469799312234,1.792400566446554,0.12224454855738796,14.662417159691238,1.1220624865385485e-48,3.634986212533357e-47,NCAPG2,protein_coding,Up
ENSG00000163918,838.0325359647902,1.785084070770944,0.12176946030044976,14.659538330600212,1.1706621406099234e-48,3.7877743126237646e-47,RFC4,protein_coding,Up
ENSG00000111012,345.1573310803942,2.387725300096594,0.16289406965771633,14.658147501095888,1.1948868429167873e-48,3.861417407808294e-47,CYP27B1,protein_coding,Up
ENSG00000173599,1780.7522022766295,1.740247456240438,0.11873273243067513,14.65684668931983,1.2179950110203141e-48,3.9312764309186884e-47,PC,protein_coding,Up
ENSG00000261716,289.68465425889246,2.0564465941071997,0.14033847834699026,14.65347649717696,1.2799546615608364e-48,4.1229145889388375e-47,H2BC20P,transcribed_unprocessed_pseudogene,Up
ENSG00000164509,160.50161012500166,4.014227620650408,0.27395067447678034,14.653103622822611,1.286999715419272e-48,4.13880274336661e-47,IL31RA,protein_coding,Up
ENSG00000188766,155.32419482395233,2.475313630799618,0.16902517077395227,14.64464505177165,1.4576046136505577e-48,4.676038158389927e-47,SPRED3,protein_coding,Up
ENSG00000163882,2373.788627898148,1.185501841255505,0.0809655472263088,14.642053093791603,1.514256789069497e-48,4.840115336698502e-47,POLR2H,protein_coding,Up
ENSG00000229544,85.30736341785848,7.6384534025839255,0.5216951444083522,14.641603404698348,1.5243063488431756e-48,4.866338791645828e-47,NKX1-2,protein_coding,Up
ENSG00000278619,406.47444416588974,1.299421365782473,0.08881181318453457,14.631177083194045,1.776862234808305e-48,5.658919943465581e-47,MRM1,protein_coding,Up
ENSG00000261236,2821.063029929768,1.7396134886636994,0.11896980852485582,14.622310569662302,2.024125767707964e-48,6.430867047525181e-47,BOP1,protein_coding,Up
ENSG00000133195,3174.9024994583483,1.3275158903193942,0.09093661253617985,14.59825534837502,2.881246056116088e-48,9.09921658680015e-47,SLC39A11,protein_coding,Up
ENSG00000166105,990.0378255356985,5.19860347745652,0.35623536586012255,14.593170627246977,3.104284219472947e-48,9.78016426135025e-47,GLB1L3,protein_coding,Up
ENSG00000127586,771.698364798581,1.835884038108207,0.12585407198466877,14.587402768595757,3.378154542671444e-48,1.0617632334951845e-46,CHTF18,protein_coding,Up
ENSG00000184343,259.784287131248,3.1760621519741012,0.2177728234074993,14.584290648751029,3.535779822957264e-48,1.109982308706941e-46,SRPK3,protein_coding,Up
ENSG00000140451,185.75453860739557,2.384463454938664,0.16356669757313863,14.57792747739774,3.8812154214304757e-48,1.2169756321417555e-46,PIF1,protein_coding,Up
ENSG00000164647,1050.3779127852622,2.79279633158907,0.19159280652477442,14.57672854344842,3.949966512262264e-48,1.2370619587690725e-46,STEAP1,protein_coding,Up
ENSG00000229970,35.44718221229795,6.009428582055592,0.4123980165880346,14.571914365094331,4.238450539386812e-48,1.3242647005169459e-46,AC007128.1,lncRNA,Up
ENSG00000184363,3758.124338004211,1.5920526871063359,0.10930443992153273,14.565306663199005,4.6688471572627684e-48,1.4552895926361609e-46,PKP3,protein_coding,Up
ENSG00000127423,123.42027843919898,2.352924127085106,0.1615655002132327,14.563283151289955,4.8091524383102436e-48,1.4972532443712056e-46,AUNIP,protein_coding,Up
ENSG00000100473,200.24291187836184,3.735294022829256,0.2565453875063703,14.559973418880917,5.04774268250275e-48,1.5678324444946705e-46,COCH,protein_coding,Up
ENSG00000163357,39.68885025743553,2.7428795611721224,0.1884046287563992,14.558451027859684,5.161408798160089e-48,1.6012511765586064e-46,DCST1,protein_coding,Up
ENSG00000225556,87.13187927097329,2.582035351392376,0.17745449272415262,14.550408455457186,5.805536944685876e-48,1.7989660309208763e-46,C2CD4D,protein_coding,Up
ENSG00000187801,109.23858897912044,1.6636285621589941,0.11434289582240625,14.549470259550615,5.885705927244368e-48,1.8216674331154224e-46,ZFP69B,protein_coding,Up
ENSG00000231439,24.598823586124606,3.4600102848475776,0.23781597475793614,14.549107932591117,5.916960928114304e-48,1.8291941345178685e-46,WASIR2,lncRNA,Up
ENSG00000164934,2521.3855724353416,1.327591764830121,0.09131422860782676,14.538717405496758,6.887097288359266e-48,2.1266130619910285e-46,DCAF13,protein_coding,Up
ENSG00000185480,200.8115629555479,2.1314947337237884,0.14671072287538148,14.528554504733206,7.988846655553815e-48,2.4610500736793707e-46,PARPBP,protein_coding,Up
ENSG00000136231,549.4734836016241,3.970074235104459,0.273503575217526,14.515620982091127,9.647998739529523e-48,2.9687015958155604e-46,IGF2BP3,protein_coding,Up
ENSG00000157778,1874.4965827056924,1.5599819895455498,0.10750626214205646,14.510615088488736,1.0378572623077554e-47,3.18606472724744e-46,PSMG3,protein_coding,Up
ENSG00000182134,1396.17395511439,1.3949004592303746,0.09619868698802216,14.500202683681698,1.2079269367448828e-47,3.695247485146469e-46,TDRKH,protein_coding,Up
ENSG00000056998,571.0053850557829,2.259558321493956,0.15609265857998936,14.475750122072846,1.7243425068726875e-47,5.2446265174432265e-46,GYG2,protein_coding,Up
ENSG00000186891,370.45889351315645,2.680382396062006,0.18518882530286937,14.473780432908635,1.7744516030469284e-47,5.384613207404776e-46,TNFRSF18,protein_coding,Up
ENSG00000182057,189.85246423370074,1.379513281568162,0.09531359242247624,14.47341608375737,1.7838782761498717e-47,5.406996568054266e-46,OGFRP1,lncRNA,Up
ENSG00000121742,198.84726970803206,5.141579387145248,0.35527358599787406,14.472169026312065,1.8165217870238006e-47,5.499618774261495e-46,GJB6,protein_coding,Up
ENSG00000197472,36.766054967887904,4.333839304950076,0.2994693370814246,14.471729717596167,1.828162369642621e-47,5.528513954985769e-46,ZNF695,protein_coding,Up
ENSG00000285872,35.65584870499117,2.507642669516558,0.17330901842504312,14.469198962090504,1.8966814602842827e-47,5.729151215085513e-46,AC007240.3,lncRNA,Up
ENSG00000104140,1419.64990472718,3.665902931076086,0.25338419299540527,14.467764889905984,1.9366366803141375e-47,5.8431475125725175e-46,RHOV,protein_coding,Up
ENSG00000224081,291.4887120187829,1.4793711932891545,0.10227163981111201,14.46511658580464,2.0126367718539748e-47,6.065512191290208e-46,SLC44A3-AS1,transcribed_processed_pseudogene,Up
ENSG00000124787,237.77696323641783,1.5643769486174128,0.10817912309323634,14.460987516686776,2.1370950530614793e-47,6.4332416152090424e-46,RPP40,protein_coding,Up
ENSG00000115641,2857.91881160105,2.3235370499843393,0.16071092222545683,14.457866446218974,2.236227241416417e-47,6.708681724249251e-46,FHL2,protein_coding,Up
ENSG00000272455,109.38652261048296,1.691343540763177,0.11698616446776995,14.45763734932217,2.243681632526453e-47,6.723395982923018e-46,MRPL20-DT,lncRNA,Up
ENSG00000166546,399.0869134067028,2.85806044303281,0.19780450136387095,14.44891508194381,2.5466563880512184e-47,7.613982874479663e-46,BEAN1,protein_coding,Up
ENSG00000204019,181.49355510053505,6.683334204103343,0.46260621391711065,14.44713452400978,2.613339509458396e-47,7.804503155653216e-46,CT83,protein_coding,Up
ENSG00000198826,581.4938521997358,2.060152835117088,0.14265411672514797,14.441593992596719,2.832156253295004e-47,8.448411809885662e-46,ARHGAP11A,protein_coding,Up
ENSG00000196793,275.2021679095942,1.664097789766598,0.11525668238631354,14.438189225236677,2.975572328590931e-47,8.856189876404386e-46,ZNF239,protein_coding,Up
ENSG00000111640,56392.93364069383,1.6893934557869166,0.11702580849318898,14.436075918118874,3.068201326643099e-47,9.111314074727311e-46,GAPDH,protein_coding,Up
ENSG00000156802,2176.560555971636,1.8328654838471328,0.12696911239405376,14.435522539991938,3.0929271267249234e-47,9.174408136303287e-46,ATAD2,protein_coding,Up
ENSG00000274290,46.863035089464965,2.99850010015473,0.20773784978937573,14.434057651000492,3.159342162562543e-47,9.360882340086996e-46,H2BC6,protein_coding,Up
ENSG00000160753,2463.5518310319408,1.1879559690027135,0.08230385187216986,14.433783376843481,3.1719340262596543e-47,9.387643128223017e-46,RUSC1,protein_coding,Up
ENSG00000203288,37.296603596523774,2.1864128268033065,0.15148977589235907,14.432741839666196,3.2202074080182157e-47,9.519828402403627e-46,TDRKH-AS1,lncRNA,Up
ENSG00000181649,1333.9932386495893,2.327143309287657,0.1612896129678287,14.428351996553154,3.4318345002338565e-47,1.0134095831037715e-45,PHLDA2,protein_coding,Up
ENSG00000237424,204.2428189616135,1.671973675595591,0.11590777155148645,14.42503512245421,3.6008655184582e-47,1.0621344935317978e-45,FOXD2-AS1,lncRNA,Up
ENSG00000159166,4359.211618925132,1.9692268423358068,0.13654851583742458,14.421444497283144,3.7931973661205697e-47,1.1154666532165115e-45,LAD1,protein_coding,Up
ENSG00000163938,3772.007677539815,1.099240725534591,0.07626359629850023,14.413701672710237,4.243439013132447e-47,1.244710642672999e-45,GNL3,protein_coding,Up
ENSG00000117411,2908.431827008649,1.2190149223380435,0.08457728718107903,14.413029348271081,4.284957756963195e-47,1.2554926227902162e-45,B4GALT2,protein_coding,Up
ENSG00000142623,132.47802613990515,5.609248737432189,0.3892848272028147,14.409112160207078,4.535026056399058e-47,1.3272878702246744e-45,PADI1,protein_coding,Up
ENSG00000013306,8182.160245784714,1.2385492285793982,0.08599925825426091,14.40185943136356,5.036989801620569e-47,1.472565643777543e-45,SLC25A39,protein_coding,Up
ENSG00000160606,879.6995072567609,1.7853834530153232,0.12400594252721804,14.397563670172094,5.359988751098505e-47,1.56525917349355e-45,TLCD1,protein_coding,Up
ENSG00000126249,202.35258602156904,1.5677087418710645,0.10892604589725288,14.39241394431818,5.774470098619178e-47,1.6825721160285936e-45,PDCD2L,protein_coding,Up
ENSG00000164941,1808.3178583452234,1.1352324238506089,0.07889812155512557,14.38858621060363,6.103076437384868e-47,1.7763590028017547e-45,INTS8,protein_coding,Up
ENSG00000285128,38.05473288466991,2.8761409491132897,0.19989499793402685,14.388258730028495,6.132039803914208e-47,1.7828212748535575e-45,AC092306.1,lncRNA,Up
ENSG00000186340,4179.326643633231,2.894128359876732,0.20118491204967398,14.385414544218659,6.389411177900475e-47,1.855603224242682e-45,THBS2,protein_coding,Up
ENSG00000149269,3810.8774714551278,1.1674875199858183,0.08117885780160267,14.381669705665274,6.744747524408017e-47,1.9544944199850483e-45,PAK1,protein_coding,Up
ENSG00000281398,305.81133664501294,2.1639386413773085,0.15051561906433653,14.376837798158029,7.232437674049703e-47,2.0912212879900294e-45,SNHG4,lncRNA,Up
ENSG00000101447,657.7255890529767,2.2793002019593382,0.15854576775526708,14.37629168050509,7.289719470062189e-47,2.105475382536034e-45,FAM83D,protein_coding,Up
ENSG00000123352,1545.1011575015025,1.2088030936025944,0.084092207223217,14.374733801360563,7.455617099161264e-47,2.1510352615413842e-45,SPATS2,protein_coding,Up
ENSG00000272666,31.00976130825768,2.8775354497897228,0.20034472500544462,14.362920958919792,8.842050030813601e-47,2.542692031761774e-45,KLHDC7B-DT,lncRNA,Up
ENSG00000172461,92.31171396254406,6.36764096127051,0.44358901284743324,14.354821189993222,9.938151551624614e-47,2.84857670017762e-45,FUT9,protein_coding,Up
ENSG00000236499,37.41283104827093,3.391351467459531,0.23628522480092506,14.352786850370398,1.0234065798236837e-46,2.9302097187785606e-45,LINC00896,lncRNA,Up
ENSG00000143374,1857.1234044652401,1.0518729537749287,0.07329006579137747,14.35219006037079,1.0322526520961025e-46,2.95233215138549e-45,TARS2,protein_coding,Up
ENSG00000013810,2343.6784213653755,1.6849045661850635,0.1174311472110451,14.348020999547796,1.0962088062710533e-46,3.131855495272771e-45,TACC3,protein_coding,Up
ENSG00000229953,63.82457472779018,3.8288708064018038,0.2669206077759461,14.344605455176275,1.151532858680466e-46,3.286355138896524e-45,AL590666.2,lncRNA,Up
ENSG00000165891,199.52409756159926,2.739133682296482,0.1911196797637793,14.332033653896891,1.3801896918926423e-46,3.9261706769373225e-45,E2F7,protein_coding,Up
ENSG00000196747,29.261068837780265,3.8869370986305944,0.2712562509613823,14.32939180149608,1.433706675424553e-46,4.074013473162226e-45,H2AC13,protein_coding,Up
ENSG00000169718,4961.884490034605,1.2305122106465294,0.08592500131249764,14.320770344492896,1.6231396962725046e-46,4.6073405587412215e-45,DUS1L,protein_coding,Up
ENSG00000169750,650.8233309047927,2.32651618194961,0.16255008276625824,14.312611487839504,1.8252822655761637e-46,5.1755584240046704e-45,RAC3,protein_coding,Up
ENSG00000137809,1966.5605629974016,2.834627700950757,0.1980657768136133,14.311547136274022,1.853436314671183e-46,5.249743890212578e-45,ITGA11,protein_coding,Up
ENSG00000067057,6249.888373470019,2.141760129239877,0.1497174073855536,14.305351439357999,2.026116847274866e-46,5.720417694072613e-45,PFKP,protein_coding,Up
ENSG00000206053,7051.485914705845,1.1056254416643145,0.07729443741474668,14.304075152675567,2.063629577090139e-46,5.820097534531226e-45,JPT2,protein_coding,Up
ENSG00000189127,110.10524012186733,5.113347196470421,0.3576616502350187,14.296604606925154,2.2974851720081744e-46,6.465814726345311e-45,ANKRD34B,protein_coding,Up
ENSG00000203721,51.06883017166692,3.1765674031438063,0.22219197714872554,14.296499108145346,2.300969829016234e-46,6.46871795214905e-45,LINC00862,lncRNA,Up
ENSG00000146242,1780.8453016749036,1.7482658115970315,0.12230814354748057,14.293944465916505,2.3869750012835155e-46,6.703357910952747e-45,TPBG,protein_coding,Up
ENSG00000163218,96.86601759918517,4.249826648623609,0.29743693391381115,14.288160494066577,2.5937034991580347e-46,7.268433716556576e-45,PGLYRP4,protein_coding,Up
ENSG00000275713,67.37785712585139,4.330977731328769,0.30317844308314523,14.285242998431189,2.704644346726694e-46,7.563252536922898e-45,H2BC9,protein_coding,Up
ENSG00000117597,1524.5912643769543,1.0064815875615654,0.07046292875577959,14.283845496260481,2.7594461856458852e-46,7.708325838504449e-45,UTP25,protein_coding,Up
ENSG00000181019,12101.093417131422,3.0588108482697622,0.21421413797820021,14.27922020992399,2.9488254698247445e-46,8.228627263415716e-45,NQO1,protein_coding,Up
ENSG00000198554,722.0879759769282,1.7748624509211028,0.1244693600603958,14.259432603010836,3.916256379704861e-46,1.0859272421957642e-44,WDHD1,protein_coding,Up
ENSG00000176884,124.30363085896164,3.199880168734163,0.22461581353780788,14.246014643112165,4.7460421972715536e-46,1.3146337472904504e-44,GRIN1,protein_coding,Up
ENSG00000155265,1141.2855432604695,2.7335540044567206,0.19193628329365542,14.241986754919516,5.027708672523453e-46,1.3911928404453665e-44,GOLGA7B,protein_coding,Up
ENSG00000218048,239.1889773626966,4.19897473973964,0.29484218261548994,14.241431475277109,5.067821766998771e-46,1.4008224318213581e-44,AL121949.1,unprocessed_pseudogene,Up
ENSG00000204616,392.3113829745554,3.887495848468235,0.2730629567916084,14.2366284103304,5.428355034276738e-46,1.4989080864280374e-44,TRIM31,protein_coding,Up
ENSG00000198125,439.17218657250874,3.2603237725829093,0.2290751824415204,14.232549060242365,5.7545326853187896e-46,1.5856533637602558e-44,MB,protein_coding,Up
ENSG00000163472,413.1438751312355,1.3587719406767629,0.09550526151951702,14.227194597012756,6.212440526266964e-46,1.7100423452782863e-44,TMEM79,protein_coding,Up
ENSG00000130829,120.24589426503488,4.62993780183128,0.3255716904045571,14.220947147087927,6.792730302904961e-46,1.8678237548238146e-44,DUSP9,protein_coding,Up
ENSG00000162851,1090.6094640820202,1.1805315841546287,0.08302373768716896,14.219205459080117,6.96391072265766e-46,1.912899226630026e-44,TFB2M,protein_coding,Up
ENSG00000149418,13986.705456350594,1.493103607372406,0.1050696726500236,14.210604922562025,7.874236314918755e-46,2.149519789072542e-44,ST14,protein_coding,Up
ENSG00000149380,315.3591732420198,2.2505479942636892,0.15854625127004926,14.19489881492289,9.85285539913471e-46,2.681318853201056e-44,P4HA3,protein_coding,Up
ENSG00000205334,54.685075286716405,3.933639342368895,0.27721048204137333,14.190081534441415,1.0553595868323638e-45,2.869054876780354e-44,LINC01460,lncRNA,Up
ENSG00000242715,56.890150038739925,2.8681845929710788,0.20213329751047832,14.18957009209428,1.0630844282721671e-45,2.887078926213908e-44,CCDC169,protein_coding,Up
ENSG00000105427,114.14165675617454,2.712166098396694,0.1911482323719722,14.188810771312031,1.0746571313072763e-45,2.9155049951206665e-44,CNFN,protein_coding,Up
ENSG00000188368,80.69763601472897,2.2072408471298224,0.15563058237789512,14.182564977944377,1.1747302605110401e-45,3.177193535351398e-44,PRR19,protein_coding,Up
ENSG00000129521,3032.7260606264226,3.06266300882773,0.21598894646253658,14.179721041229074,1.2233187177239167e-45,3.305216658440541e-44,EGLN3,protein_coding,Up
ENSG00000136261,3463.4023854855063,1.30358435003827,0.09195572760476897,14.176217012181676,1.285942853399043e-45,3.467312172201714e-44,BZW2,protein_coding,Up
ENSG00000287550,93.6376904264271,5.592664471469592,0.39457027877678125,14.174064221987459,1.3259891199110922e-45,3.5679931726587246e-44,AL450345.2,lncRNA,Up
ENSG00000151651,3008.436425668645,2.1171271479922793,0.1493671952388014,14.173976719637228,1.3276428280382154e-45,3.568801363442175e-44,ADAM8,protein_coding,Up
ENSG00000173137,627.7960218964098,1.6770624109988965,0.118354493018801,14.16982463633628,1.4085180239333026e-45,3.7823442251650907e-44,ADCK5,protein_coding,Up
ENSG00000175841,26.7661948059945,3.877934072377481,0.27368650731762345,14.169255585102679,1.4199775602045405e-45,3.809237870050227e-44,FAM172BP,processed_pseudogene,Up
ENSG00000146205,148.49369150435302,1.8640866468226691,0.13191153599699845,14.13133910339036,2.4347010931215255e-45,6.518077951839049e-44,ANO7,protein_coding,Up
ENSG00000184216,8047.362760721868,1.2322385897175356,0.08720203696100001,14.130846396038185,2.4517964825652015e-45,6.550544401747149e-44,IRAK1,protein_coding,Up
ENSG00000159263,84.2917253464193,5.365959553629707,0.37975739500088507,14.129967248214351,2.4825973707871736e-45,6.626122739641474e-44,SIM2,protein_coding,Up
ENSG00000100625,803.0020310708768,1.8944632416130884,0.1341172032559611,14.125430560891788,2.6477660159060864e-45,7.05268584236803e-44,SIX4,protein_coding,Up
ENSG00000204394,6016.4814871178205,1.1942966513771773,0.08457667242439197,14.120875380204026,2.8246067808673676e-45,7.508556533414564e-44,VARS1,protein_coding,Up
ENSG00000185803,3220.2638978589002,1.4631251786725339,0.1036414592684086,14.117180412168464,2.9766474734431555e-45,7.904752656062036e-44,SLC52A2,protein_coding,Up
ENSG00000175426,850.1972935945483,5.657964275535012,0.40098360899501995,14.110213356888815,3.285823699889561e-45,8.690789465003784e-44,PCSK1,protein_coding,Up
ENSG00000233221,32.63333088185257,6.764431662387822,0.4796630763448938,14.102464825797785,3.6673329473293355e-45,9.670756982107459e-44,AC133785.1,lncRNA,Up
ENSG00000146858,235.31359758256727,1.5478401795108336,0.10979159429911559,14.097984362025992,3.907723054453116e-45,1.0294371323269598e-43,ZC3HAV1L,protein_coding,Up
ENSG00000104415,887.2626456723419,2.1506326334569703,0.15262639737464012,14.09083009525528,4.324483124502291e-45,1.1369553339294657e-43,CCN4,protein_coding,Up
ENSG00000164651,99.47884376252894,6.928562417623051,0.49178687659144404,14.088546781981357,4.466585559190713e-45,1.1731460278472021e-43,SP8,protein_coding,Up
ENSG00000171124,1347.363732572844,2.326367163637917,0.16517451276700357,14.084298628563282,4.743447331835863e-45,1.2446239416966338e-43,FUT3,protein_coding,Up
ENSG00000256525,604.3599024170987,1.2751727334381167,0.09058937575512852,14.076404907403566,5.304023210478135e-45,1.38482269366642e-43,POLG2,protein_coding,Up
ENSG00000270977,25.338423610254615,3.6769858477706543,0.2613232629875959,14.070641112211995,5.754533892645794e-45,1.4979966312840037e-43,AC015849.5,transcribed_processed_pseudogene,Up
ENSG00000257906,22.88928362909902,3.926371882547027,0.279145874180452,14.065663316982612,6.174122541910149e-45,1.6056371935914262e-43,LINC02156,lncRNA,Up
ENSG00000261123,39.47104875478092,3.713861848937437,0.26425792119169517,14.053928193294787,7.287690089975243e-45,1.8933634253462773e-43,AC009065.5,lncRNA,Up
ENSG00000160207,41.72494399351727,2.2504355365985442,0.16018642872017727,14.048852668597366,7.829216623232518e-45,2.032051597978755e-43,HSF2BP,protein_coding,Up
ENSG00000132744,180.13567420346212,2.9267987534173288,0.20844280668489926,14.0412557284442,8.715451117638003e-45,2.2532004507070014e-43,ACY3,protein_coding,Up
ENSG00000285278,26.388923706332637,2.6265028377634354,0.1873262782017659,14.02100582457777,1.1595944219697525e-44,2.992025920483598e-43,TFAP2A-AS2,lncRNA,Up
ENSG00000287595,18.6748221125734,3.661000992049017,0.26113457805339185,14.019594874564966,1.1828796986958709e-44,3.0491239154066582e-43,AC097369.4,lncRNA,Up
ENSG00000169213,411.614916864615,4.330842080214056,0.3089866707336078,14.016274779528864,1.2395237815192968e-44,3.188901670113547e-43,RAB3B,protein_coding,Up
ENSG00000109065,1730.3137208540643,1.0848477133128571,0.07740212514487964,14.015735501864613,1.248975819350217e-44,3.2100869742948556e-43,NAT9,protein_coding,Up
ENSG00000169330,76.16618287955349,1.9706007756394168,0.1406096815780379,14.014687705168722,1.2675462972070302e-44,3.2546441925364548e-43,MINAR1,protein_coding,Up
ENSG00000172167,271.9901763378675,1.652377231776907,0.11796469335089878,14.007388014494571,1.4047720431565363e-44,3.603486262455045e-43,MTBP,protein_coding,Up
ENSG00000006118,2465.7005695373405,2.030576300089976,0.14505750097098888,13.998423290747894,1.5936724320794872e-44,4.0801108770811725e-43,TMEM132A,protein_coding,Up
ENSG00000287670,30.579858988855182,2.40158953731371,0.1715665556535951,13.9980051949209,1.6030743014933204e-44,4.10020071099698e-43,AC108479.1,lncRNA,Up
ENSG00000204610,76.1743813831312,6.380296630338974,0.45581747837839426,13.997481301150122,1.6149332248099198e-44,4.1265299552555795e-43,TRIM15,protein_coding,Up
ENSG00000183150,51.71426519700965,2.4399359560474365,0.17435622431307768,13.993971053572693,1.6966748814046178e-44,4.331201996383327e-43,GPR19,protein_coding,Up
ENSG00000029559,87.86395058450537,4.641641751437036,0.33173016754505386,13.992220803393264,1.7389572216145263e-44,4.434845448160063e-43,IBSP,protein_coding,Up
ENSG00000140650,590.625455208991,1.1419278487317734,0.08163491358416206,13.988228793241698,1.8393592071027504e-44,4.686367371140052e-43,PMM2,protein_coding,Up
ENSG00000198648,2879.1622491482362,1.5398568517665305,0.11015196885583567,13.979385641139645,2.082781510146251e-44,5.291228171729926e-43,STK39,protein_coding,Up
ENSG00000079385,2251.190913655918,2.054295210147681,0.1469824830979266,13.976462819579753,2.170084828384555e-44,5.507712889749828e-43,CEACAM1,protein_coding,Up
ENSG00000138074,1637.6882885580192,1.1809591027494823,0.08450959536419757,13.974260528169502,2.2382629296234276e-44,5.67528783213171e-43,SLC5A6,protein_coding,Up
ENSG00000144381,15396.078134456064,1.312086684847841,0.09389650662822818,13.973753997503751,2.254243041036904e-44,5.7103159454508324e-43,HSPD1,protein_coding,Up
ENSG00000114686,3669.83543454788,1.0494250750395395,0.07512292185386574,13.969439009320658,2.395057560178498e-44,6.055385221659347e-43,MRPL3,protein_coding,Up
ENSG00000140832,719.7520172298939,1.492350677060885,0.10706762997326041,13.938392747029068,3.701828265421327e-44,9.323515889127066e-43,MARVELD3,protein_coding,Up
ENSG00000137948,292.90337320539373,6.131509101528792,0.4399811189298421,13.935845966395892,3.83627754795585e-44,9.643721538569663e-43,BRDT,protein_coding,Up
ENSG00000130054,145.41790005239824,3.2353482723114797,0.23217238022237363,13.935112648682319,3.875883882722806e-44,9.734005522609561e-43,FAM155B,protein_coding,Up
ENSG00000284946,47.773088481711255,2.0845012544566823,0.149650447297598,13.929134807805816,4.2142958185172854e-44,1.0573832610304549e-42,AC068831.6,protein_coding,Up
ENSG00000184697,702.4330446812187,5.706853448784159,0.4098127659441511,13.925514095775831,4.433399631728881e-44,1.1112998886757662e-42,CLDN6,protein_coding,Up
ENSG00000260877,36.09887132754122,6.33527356411857,0.45515021046835824,13.919083015691571,4.850876434319437e-44,1.2147921326970899e-42,AP005233.2,lncRNA,Up
ENSG00000124466,855.0039958214588,3.476758189389306,0.24991875091607935,13.9115539616184,5.389562403974992e-44,1.3484132883569311e-42,LYPD3,protein_coding,Up
ENSG00000145358,530.2262949085755,3.2914692831466064,0.23661806475536604,13.910473346781789,5.471613472037166e-44,1.3676440498352615e-42,DDIT4L,protein_coding,Up
ENSG00000168542,94548.47242228672,2.49187812102786,0.1792233391532623,13.903759034959938,6.010020645552479e-44,1.4993779037201406e-42,COL3A1,protein_coding,Up
ENSG00000184368,461.38917453197075,3.380085824658807,0.24315955504716705,13.90069094345543,6.273283777385537e-44,1.5621009745954356e-42,MAP7D2,protein_coding,Up
ENSG00000137875,34.63583143578495,4.187975109641039,0.30150977882002794,13.890014201300097,7.282088114539819e-44,1.811591165852972e-42,BCL2L10,protein_coding,Up
ENSG00000171163,1350.3078035945607,1.6476048567708508,0.11863235226549657,13.888326626817175,7.455685787389451e-44,1.8530295401834103e-42,ZNF692,protein_coding,Up
ENSG00000130876,136.7120882560523,4.81987714323507,0.3473397503831492,13.87654922282371,8.787372934947879e-44,2.1737619539828854e-42,SLC7A10,protein_coding,Up
ENSG00000225953,38.793189334906195,3.0147413881137153,0.21734847776579946,13.870542913864819,9.555081888014164e-44,2.361457445050923e-42,SATB2-AS1,lncRNA,Up
ENSG00000106086,887.598433258743,1.2520257791363347,0.09027468082544086,13.869069020108832,9.753448916223271e-44,2.4082251677978247e-42,PLEKHA8,protein_coding,Up
ENSG00000116128,2291.920698504739,1.3241684536899418,0.09550342508482235,13.865140988544317,1.030234741739149e-43,2.5342621398937836e-42,BCL9,protein_coding,Up
ENSG00000233217,33.64531529937338,5.024354699012039,0.362663230567579,13.854050467561244,1.2023631364237929e-43,2.949424735580969e-42,MROH3P,transcribed_unitary_pseudogene,Up
ENSG00000132763,424.7100611819809,1.0481413170778722,0.07568059707412048,13.84953815905202,1.28032623420555e-43,3.1377511892193635e-42,MMACHC,protein_coding,Up
ENSG00000147889,889.0271027483071,3.5688453315298236,0.257760211720307,13.845602111012933,1.3524272866408168e-43,3.308303112126005e-42,CDKN2A,protein_coding,Up
ENSG00000196684,996.9917777874621,1.4489147770515993,0.10465569543123197,13.844586012078665,1.3716873131620496e-43,3.352307177764898e-42,HSH2D,protein_coding,Up
ENSG00000197753,118.15312799629312,1.8733991068148468,0.13541816852534572,13.834178435696462,1.5853740857546088e-43,3.8673741573865896e-42,LHFPL5,protein_coding,Up
ENSG00000156804,2798.7943918982273,2.0283356667424495,0.14662226942581955,13.83374895700031,1.5948704611930607e-43,3.886943998305084e-42,FBXO32,protein_coding,Up
ENSG00000100665,114.23751006048208,8.481020469721429,0.6130771927283432,13.833527931415645,1.5997796804316251e-43,3.89530841855789e-42,SERPINA4,protein_coding,Up
ENSG00000182199,4739.604416505306,1.5140304810853098,0.10945872266123434,13.831976513841738,1.634664047215228e-43,3.976576653603834e-42,SHMT2,protein_coding,Up
ENSG00000214796,273.18399754723356,2.3924883648157755,0.17303805234977016,13.826371323110616,1.7671245002867957e-43,4.290890706497495e-42,TUBA5P,transcribed_unprocessed_pseudogene,Up
ENSG00000143882,342.42248485266737,3.2708390228538144,0.23685436882779462,13.809494158969404,2.233947261366426e-43,5.4094755998377095e-42,ATP6V1C2,protein_coding,Up
ENSG00000230623,60.36362144523779,4.209341603153776,0.30482842891849343,13.80888789831112,2.252826198481156e-43,5.445190362415039e-42,AC104461.1,lncRNA,Up
ENSG00000175311,157.6114511617521,6.47950334154131,0.46933030176194906,13.805849136985419,2.349871499813433e-43,5.674552330593428e-42,ANKS4B,protein_coding,Up
ENSG00000167656,221.20168707303412,5.594141486273157,0.40525007038304955,13.804171535332433,2.405217249807818e-43,5.802889192811727e-42,LY6D,protein_coding,Up
ENSG00000160766,154.41663429328972,1.648205548544485,0.1194386128088019,13.79960391186846,2.5625673150755584e-43,6.17122375329155e-42,GBAP1,transcribed_unprocessed_pseudogene,Up
ENSG00000117139,5507.083846919455,1.0702882746322595,0.07756258878585928,13.799027229315323,2.583147975710802e-43,6.21511059484433e-42,KDM5B,protein_coding,Up
ENSG00000186907,477.4749568139475,2.864599839558967,0.20770536541652748,13.791650657720687,2.861369463912299e-43,6.878241819814705e-42,RTN4RL2,protein_coding,Up
ENSG00000137573,7602.7671034511395,2.497059215581005,0.1811039762593995,13.787986697787398,3.0104472733114864e-43,7.230008615412013e-42,SULF1,protein_coding,Up
ENSG00000164485,67.77833237878446,3.7394523741389505,0.2713046629738042,13.78322190687896,3.2159290050239403e-43,7.707787601789196e-42,IL22RA2,protein_coding,Up
ENSG00000253339,160.03012845517455,4.267666649055065,0.309628774726522,13.783171970448997,3.2181547779938963e-43,7.707787601789196e-42,AC111149.2,lncRNA,Up
ENSG00000178301,83.68166621825111,1.4995422824080855,0.10879638608128518,13.783015561635757,3.2251361737032854e-43,7.717499174279096e-42,AQP11,protein_coding,Up
ENSG00000120334,410.1318689570059,1.3836942625493431,0.10039859363703434,13.782008416888177,3.2704529186563636e-43,7.818843469172103e-42,CENPL,protein_coding,Up
ENSG00000009709,425.00864241021793,7.9991256773641615,0.5808093832434249,13.77237680406348,3.73712644747712e-43,8.926451487316273e-42,PAX7,protein_coding,Up
ENSG00000066248,472.81708619773326,2.999070856368251,0.21798554060277536,13.75811830488938,4.552215033723958e-43,1.0814586526063134e-41,NGEF,protein_coding,Up
ENSG00000137274,636.5597655544672,1.292370322487191,0.09396751952484782,13.753372750734892,4.860950543459537e-43,1.1516749209630027e-41,BPHL,protein_coding,Up
ENSG00000177398,320.7799583563493,4.330795736549474,0.31504598620171936,13.746551063109019,5.3415878465798795e-43,1.2610355551863153e-41,UMODL1,protein_coding,Up
ENSG00000115657,40.13469767703063,2.4278356945949624,0.17670581982979194,13.739421242229163,5.894510130137899e-43,1.3903240798903077e-41,ABCB6,protein_coding,Up
ENSG00000164087,434.5402938205433,1.5830230081795524,0.11537366865405385,13.720834455964319,7.618352285357264e-43,1.7953167986136825e-41,POC1A,protein_coding,Up
ENSG00000111247,442.58980534323643,2.0644773546388535,0.15047918993572576,13.719354520187508,7.7754529923211e-43,1.8307026375670305e-41,RAD51AP1,protein_coding,Up
ENSG00000123364,85.94117809101904,7.099058406424704,0.5174928840101056,13.718175893383053,7.902870495096884e-43,1.8590427739135132e-41,HOXC13,protein_coding,Up
ENSG00000162433,1194.8787860284451,2.574914034404474,0.18770999707217992,13.717511451530976,7.975614439734291e-43,1.874482645060546e-41,AK4,protein_coding,Up
ENSG00000076003,2476.6442676129936,1.4668277117715056,0.10696785362817325,13.712789983337311,8.512068880893312e-43,1.9970040604017496e-41,MCM6,protein_coding,Up
ENSG00000205420,2396.945115699884,5.501064274480355,0.40119672079519136,13.711638179836013,8.648292725724892e-43,2.025359495358485e-41,KRT6A,protein_coding,Up
ENSG00000126953,363.179403801333,1.1954284349419904,0.08719944671845295,13.709128669150333,8.952648605223761e-43,2.0947767854458792e-41,TIMM8A,protein_coding,Up
ENSG00000225489,77.75687671591518,2.9074280404492274,0.21211241025081715,13.707015242584216,9.217215638471663e-43,2.1547692942065407e-41,AL354707.1,lncRNA,Up
ENSG00000165188,156.8193318249056,4.154784449637402,0.3034058617210751,13.693817337836897,1.1054561076856801e-42,2.5728929884970327e-41,RNF183,protein_coding,Up
ENSG00000091127,1032.8363309161557,1.261466449759882,0.09212728563911907,13.692647525742778,1.1234014231598541e-42,2.6123541030622e-41,PUS7,protein_coding,Up
ENSG00000043355,82.60796177016887,5.288054589852159,0.38629384501449876,13.689202295350274,1.1779533528107155e-42,2.7343864360579723e-41,ZIC2,protein_coding,Up
ENSG00000083782,54.04152713357913,5.254514881215716,0.38392527403898524,13.686295840690478,1.2260179018347601e-42,2.843455767052122e-41,EPYC,protein_coding,Up
ENSG00000198443,54.03562724665807,7.3372344153249305,0.5367850514819175,13.668850119929425,1.5583830404099498e-42,3.6047860329482787e-41,KRTAP4-1,protein_coding,Up
ENSG00000235721,22.46502241242471,3.729416356120261,0.2730628575698971,13.65772111707146,1.8157771056441117e-42,4.1854932059296523e-41,AC013268.3,processed_pseudogene,Up
ENSG00000255717,1508.355612900764,1.5585405246890722,0.11415645046751866,13.652671560005533,1.9461093079677003e-42,4.478089219119394e-41,SNHG1,lncRNA,Up
ENSG00000168243,457.9518114842897,4.311406017735913,0.31595576119290186,13.645600262068495,2.1444045565883224e-42,4.925779456205057e-41,GNG4,protein_coding,Up
ENSG00000198768,94.1060056951104,3.9421159434611925,0.2889561474838755,13.642609710115867,2.2341977419162812e-42,5.12311256124629e-41,APCDD1L,protein_coding,Up
ENSG00000228437,93.78028054436005,4.741260907340706,0.34758910472994814,13.64041865185713,2.3023503653187583e-42,5.27022388311247e-41,LINC02474,lncRNA,Up
ENSG00000145824,6959.93257281523,4.2882543750932856,0.31444169425652874,13.63767736092539,2.3905368906689022e-42,5.462604662646357e-41,CXCL14,protein_coding,Up
ENSG00000198598,373.99720968863846,2.7122978550568875,0.19896430268403995,13.632082833291362,2.58107171167128e-42,5.892888401452091e-41,MMP17,protein_coding,Up
ENSG00000204866,113.93619551770173,3.7270310142892864,0.2734111532368054,13.631598309602426,2.5982673664558505e-42,5.92701647521114e-41,IGFL2,protein_coding,Up
ENSG00000049768,234.81281686150513,1.8697692911220742,0.13720167640796835,13.627889542415842,2.7337208422218186e-42,6.219863555598737e-41,FOXP3,protein_coding,Up
ENSG00000230882,188.78919793761662,3.278940347594377,0.24066915294608016,13.62426512686067,2.872875354432032e-42,6.530838197963162e-41,AC005077.4,processed_pseudogene,Up
ENSG00000141582,1980.982783058799,1.0945344479567538,0.08036366538584999,13.619767623857953,3.055383606074561e-42,6.921861313761699e-41,CBX4,protein_coding,Up
ENSG00000262884,20.456856675025662,3.1309792264212,0.22997965436151674,13.614157457161205,3.2992865591639154e-42,7.461594045038804e-41,AC015921.1,lncRNA,Up
ENSG00000084628,38.24672254462545,4.421411095956219,0.32476966907866117,13.61399021189176,3.306847425038286e-42,7.472285055549237e-41,NKAIN1,protein_coding,Up
ENSG00000101104,1572.5089112419182,2.162714393642643,0.15890448170037072,13.610153536894218,3.485108881650773e-42,7.868349418589973e-41,PABPC1L,protein_coding,Up
ENSG00000143630,257.3988009491274,1.7858557457532007,0.13123563154806037,13.608009689801314,3.5888468901605804e-42,8.095628100387896e-41,HCN3,protein_coding,Up
ENSG00000183248,862.2500297474868,2.2169083381806765,0.1629299322494416,13.606513594976803,3.6630549886836115e-42,8.255962397571525e-41,PRR36,protein_coding,Up
ENSG00000117262,208.39531105673862,1.039305156174969,0.07638406624028207,13.606308322283041,3.673355126944288e-42,8.272107147525267e-41,GPR89A,protein_coding,Up
ENSG00000152455,409.2745128551643,1.2797767010255612,0.094138102900538,13.594672737113838,4.306827830994997e-42,9.657402202664802e-41,SUV39H2,protein_coding,Up
ENSG00000122565,9387.003149329663,1.04403692462355,0.07686099930061524,13.583441981285725,5.021028304183335e-42,1.1230238878822268e-40,CBX3,protein_coding,Up
ENSG00000167476,221.6572226458611,3.0940161800562103,0.22788076688327885,13.577346707986875,5.456759185549696e-42,1.2194469468046228e-40,JSRP1,protein_coding,Up
ENSG00000198298,145.85951783434137,1.207223980098047,0.08893720694549342,13.573891305558014,5.7202706721738645e-42,1.2772526471229875e-40,ZNF485,protein_coding,Up
ENSG00000132000,693.5194839437156,2.829294646020464,0.20849013002892197,13.570400889615165,5.999301316803287e-42,1.3384228064644897e-40,PODNL1,protein_coding,Up
ENSG00000197670,72.96685957758623,2.362440768065571,0.1740950127754697,13.56983597865845,6.045717151738011e-42,1.3464996730686768e-40,AL157838.1,lncRNA,Up
ENSG00000264425,12.653573893916953,3.3268581462807365,0.24543960261554854,13.554691707563826,7.432375584390027e-42,1.6511520148303708e-40,MIR4653,miRNA,Up
ENSG00000023839,997.7402334001591,4.83146950650828,0.35656693816595125,13.549964927650265,7.926800536419745e-42,1.7580296900369106e-40,ABCC2,protein_coding,Up
ENSG00000127928,36.86034777173847,6.396274487817346,0.4722375187699144,13.544613110111156,8.526193086435184e-42,1.8877893508756993e-40,GNGT1,protein_coding,Up
ENSG00000069482,116.89125020398514,4.8661655946086295,0.3597047300961228,13.52822242095137,1.0656949024502749e-41,2.349696871037939e-40,GAL,protein_coding,Up
ENSG00000072080,35.5573454712548,6.744160241405766,0.4985402486344409,13.527814975578796,1.0716170867977563e-41,2.360780499486786e-40,SPP2,protein_coding,Up
ENSG00000073111,1246.7464001413966,1.966395153260617,0.14536886083649692,13.526935149284222,1.0845171796168774e-41,2.387205177503928e-40,MCM2,protein_coding,Up
ENSG00000141449,208.1419190785141,3.239226146639352,0.23954289352309432,13.522530762646308,1.1514537016710754e-41,2.532429867645226e-40,GREB1L,protein_coding,Up
ENSG00000143476,721.3476851400999,1.849312335620677,0.13677509955059938,13.520826098441491,1.1784498399990287e-41,2.5896435233978656e-40,DTL,protein_coding,Up
ENSG00000176383,97.34619681094395,2.8060867825818177,0.20774070689372465,13.507640483852532,1.4096742253288636e-41,3.0951797936654567e-40,B3GNT4,protein_coding,Up
ENSG00000131746,1667.02530149632,3.965696528363571,0.2936194256249539,13.506247142615951,1.4366018090927362e-41,3.151679676021252e-40,TNS4,protein_coding,Up
ENSG00000184486,97.88097408084735,5.889084485349074,0.43646813692378333,13.49258740135121,1.7292366723048221e-41,3.781092126756067e-40,POU3F2,protein_coding,Up
ENSG00000168754,158.96085113595186,2.9729179044428844,0.2203760695519301,13.490202953920715,1.7860821026103666e-41,3.902152862123891e-40,FAM178B,protein_coding,Up
ENSG00000062038,5266.560082844768,2.7820939343539353,0.2062722669845783,13.487484163646366,1.8531690796992098e-41,4.04536991984008e-40,CDH3,protein_coding,Up
ENSG00000153944,3648.9653598793407,1.1659857684863357,0.08651651971172362,13.477030425766607,2.1352937771394577e-41,4.653528669683265e-40,MSI2,protein_coding,Up
ENSG00000042980,1586.4649684066026,2.2221301474869417,0.16495226036172272,13.471353121285196,2.306008608617652e-41,5.021424195643888e-40,ADAM28,protein_coding,Up
ENSG00000229950,20.12078246745092,2.9328788368350955,0.21777427539103192,13.467517371227002,2.428965047517201e-41,5.284802665266385e-40,TFAP2A-AS1,lncRNA,Up
ENSG00000134873,875.889560270734,4.1207247317147235,0.3059833457291024,13.467153651437432,2.4409573387999447e-41,5.306516490037473e-40,CLDN10,protein_coding,Up
ENSG00000162836,1239.9987174742605,1.295939756029564,0.09624195796573838,13.465434239096751,2.498450495956395e-41,5.427029619305612e-40,ACP6,protein_coding,Up
ENSG00000261089,12.8379123711825,3.9954053787962684,0.2968674731185231,13.458548815825033,2.7424953683550386e-41,5.95223068835575e-40,CDC37P2,processed_pseudogene,Up
ENSG00000166920,808.7357921702264,2.978073370605401,0.22130041687550087,13.45715210414992,2.794819792818719e-41,6.060805751367567e-40,C15orf48,protein_coding,Up
ENSG00000213186,429.40099963607236,1.4884420322345302,0.1106381196064372,13.453247737120154,2.946413663379255e-41,6.384299778415034e-40,TRIM59,protein_coding,Up
ENSG00000156413,334.84086041272985,3.9258334187564565,0.29206277792424395,13.441745116095381,3.442219071912787e-41,7.446375465655472e-40,FUT6,protein_coding,Up
ENSG00000185332,160.3053421092274,2.21717775198815,0.16495174306343138,13.441372069257522,3.45961782436031e-41,7.477878854785357e-40,TMEM105,lncRNA,Up
ENSG00000117971,29.2508003451733,3.381643681007643,0.2516377489756859,13.438538910687795,3.5946412035675935e-41,7.763365154633697e-40,CHRNB4,protein_coding,Up
ENSG00000185624,40506.58010336602,1.0828846894068052,0.08061718106540404,13.43243059476701,3.903845545861003e-41,8.424255895610038e-40,P4HB,protein_coding,Up
ENSG00000101194,1238.6914243678261,2.5158193209674016,0.18729652410686817,13.432279819202188,3.9118033376923165e-41,8.43452608462358e-40,SLC17A9,protein_coding,Up
ENSG00000130294,1701.3044169600018,5.549446839924281,0.41317813846328655,13.431124068093412,3.973340997207304e-41,8.560212589571618e-40,KIF1A,protein_coding,Up
ENSG00000170044,31.099155445296283,4.315498460844181,0.32131915326728855,13.430567138505886,4.0033373712110226e-41,8.61779644725181e-40,ZPLD1,protein_coding,Up
ENSG00000180818,246.71342837736913,6.12049792076731,0.4557544608371953,13.42937578608512,4.068262223224431e-41,8.75041393364015e-40,HOXC10,protein_coding,Up
ENSG00000163975,1111.1004969802664,2.802321116273337,0.2086871352271744,13.428336697529355,4.1257435122491933e-41,8.866817963978095e-40,MELTF,protein_coding,Up
ENSG00000263301,26.51709881089795,3.311078652453953,0.24676209665533408,13.418100661864269,4.736986232008001e-41,1.013914991380284e-39,AC113189.3,lncRNA,Up
ENSG00000137285,622.5816227350678,4.048901752919741,0.30176068488427266,13.417592004977463,4.769605974211276e-41,1.0200690149225577e-39,TUBB2B,protein_coding,Up
ENSG00000088992,3716.4810166897432,3.624455143694736,0.270233666322738,13.412300521305431,5.12248076353604e-41,1.0928787842592669e-39,TESC,protein_coding,Up
ENSG00000163888,67.63383969229568,3.2563642795171366,0.24297526232260258,13.40204039040651,5.882343014992428e-41,1.251956297864006e-39,CAMK2N2,protein_coding,Up
ENSG00000158850,2974.8925013028424,1.000904123936518,0.0747576323684237,13.388654672794079,7.04451947570774e-41,1.4980966014065573e-39,B4GALT3,protein_coding,Up
ENSG00000177679,197.66252874961623,2.3242247991449254,0.17360351926134732,13.388120292918579,7.095380228942545e-41,1.5076968302757042e-39,SRRM3,protein_coding,Up
ENSG00000040275,540.9276922748691,1.2932274271444348,0.09661848410322152,13.384886330475094,7.41106615160075e-41,1.5735089727674056e-39,SPDL1,protein_coding,Up
ENSG00000142700,102.39665321033394,5.078019922582149,0.3794792057210917,13.381549887385331,7.751398246959885e-41,1.644443859793501e-39,DMRTA2,protein_coding,Up
ENSG00000174564,400.18979452456693,3.82445073961779,0.28581110291523454,13.381043285613854,7.804415646433783e-41,1.654360454955457e-39,IL20RB,protein_coding,Up
ENSG00000078098,849.1966789919749,2.1996325553012146,0.1643927201045045,13.380352572199714,7.877282378531079e-41,1.6684653519828478e-39,FAP,protein_coding,Up
ENSG00000226476,97.18932827626445,4.696160842494051,0.3510517283016663,13.377404137029457,8.196012106961502e-41,1.7331903709749385e-39,LINC01748,lncRNA,Up
ENSG00000248538,102.28575997233719,3.093158059321358,0.23124861970478933,13.375898473556582,8.363690504222376e-41,1.7658168022125225e-39,AC022784.1,lncRNA,Up
ENSG00000220323,87.63848793461517,1.8956950231203813,0.14178461127521275,13.370245233742041,9.024283336264729e-41,1.8992047212873176e-39,H2BC19P,transcribed_unprocessed_pseudogene,Up
ENSG00000128564,72.63651488482118,4.2198187248358074,0.3157794155537074,13.363184922730044,9.9225972368258e-41,2.0849313875306483e-39,VGF,protein_coding,Up
ENSG00000172031,169.46310797357506,2.6121841318111665,0.19552506101418798,13.359843072094053,1.0378270786707156e-40,2.1789410879416218e-39,EPHX4,protein_coding,Up
ENSG00000159055,581.5103033131355,1.2603758960583584,0.0943427841772021,13.35953678970318,1.0421060292140097e-40,2.1861842474441876e-39,MIS18A,protein_coding,Up
ENSG00000127561,184.0746903932953,2.8265067733595406,0.21161874533884345,13.356599240930874,1.0840469129128432e-40,2.2723622490867786e-39,SYNGR3,protein_coding,Up
ENSG00000144191,306.7294033555954,4.854896088878935,0.3634928855525334,13.356234143342778,1.089375517119107e-40,2.2817182197323945e-39,CNGA3,protein_coding,Up
ENSG00000178752,243.59856093010265,3.2801441249363203,0.24575267625164848,13.34733836866738,1.2275718121200781e-40,2.5630299830250566e-39,ERFE,protein_coding,Up
ENSG00000176208,360.4556537429537,1.54284854643003,0.1156267106727856,13.343357581071114,1.294931901810943e-40,2.701531190724254e-39,ATAD5,protein_coding,Up
ENSG00000114270,1225.9866947581806,3.1537057648346978,0.2364359313498578,13.338521547167515,1.3817266000461015e-40,2.8803265172502527e-39,COL7A1,protein_coding,Up
ENSG00000137343,678.7139874320123,1.2924702356444424,0.0969139974438771,13.336259670775751,1.4242838691061187e-40,2.9643540353850314e-39,ATAT1,protein_coding,Up
ENSG00000246465,32.32678472026307,3.110546935037112,0.23327309186553252,13.334358070026138,1.4610693676728231e-40,3.038517289079838e-39,AC138904.1,lncRNA,Up
ENSG00000101189,1125.4329938080982,1.1597417728096082,0.08702160779197599,13.32705522497304,1.6113341796283455e-40,3.3483752810716683e-39,MRGBP,protein_coding,Up
ENSG00000248347,21.62076837689944,5.4595461921165125,0.40968978489643304,13.326049106878882,1.6332065224676278e-40,3.3911540155489245e-39,AC120036.1,unprocessed_pseudogene,Up
ENSG00000132749,239.73421698043362,2.77764871068811,0.20845993579240799,13.324616551039302,1.6648597498061772e-40,3.4541582692674184e-39,TESMIN,protein_coding,Up
ENSG00000110680,3302.2635688348723,7.120713908491964,0.5345187754242025,13.321728320657874,1.7305437802695435e-40,3.5876131671153984e-39,CALCA,protein_coding,Up
ENSG00000196748,25.28518823008896,5.526872334962714,0.41513696144432666,13.313370883030641,1.9354830600336808e-40,4.004960298487514e-39,CLPSL2,protein_coding,Up
ENSG00000251287,31.541997852661616,2.0131834502913173,0.15124101431861464,13.311094608570976,1.9953677074608865e-40,4.123655677566111e-39,ALG1L2,protein_coding,Up
ENSG00000123388,122.48797250048887,6.960463400478976,0.5231040973061755,13.306077005175858,2.1339579147473308e-40,4.403166683246253e-39,HOXC11,protein_coding,Up
ENSG00000213057,24.601244849217352,2.2969666834854743,0.17269659087470177,13.300590775135886,2.296466052924494e-40,4.734777937108594e-39,C1orf220,lncRNA,Up
ENSG00000106077,2108.6433304710695,1.4484108496902135,0.10890858531560942,13.299326637039869,2.3356224508455465e-40,4.81174718974977e-39,ABHD11,protein_coding,Up
ENSG00000166823,199.81582715583076,2.4168634892460954,0.18185838275281382,13.289810745381766,2.6524825123578777e-40,5.447504972809753e-39,MESP1,protein_coding,Up
ENSG00000249395,203.02879353162479,5.454970119170129,0.41071810003102954,13.281543030993786,2.9622633575998085e-40,6.078979357191203e-39,CASC9,lncRNA,Up
ENSG00000131050,159.4091767225166,4.7714818660643425,0.3595760559253314,13.269743041664531,3.467677645180831e-40,7.094077540994455e-39,BPIFA2,protein_coding,Up
ENSG00000100253,76.00824573556577,4.1993514463196,0.31685317186132633,13.253304114492137,4.317671306009673e-40,8.805645192534809e-39,MIOX,protein_coding,Up
ENSG00000114859,269.3253481368213,1.3121888778907524,0.09902423331505678,13.25118947112547,4.4410808624554015e-40,9.043343810266328e-39,CLCN2,protein_coding,Up
ENSG00000242612,813.068601016677,1.398926093878121,0.1055790627623003,13.25003326680073,4.510033080436341e-40,9.176664531721165e-39,DECR2,protein_coding,Up
ENSG00000113924,1092.6902617267117,3.8316521269762154,0.2892257045765339,13.24796539984674,4.636018907338761e-40,9.425737747611652e-39,HGD,protein_coding,Up
ENSG00000175711,360.80114459272215,1.2010368176661035,0.09066044520409454,13.247638647288051,4.656244157258077e-40,9.459565364167603e-39,B3GNTL1,protein_coding,Up
ENSG00000163354,106.10890594379595,2.370551277210999,0.17894336312913214,13.247494826060253,4.6651741543735726e-40,9.470411274120947e-39,DCST2,protein_coding,Up
ENSG00000163013,663.2082891091387,1.7244061241920707,0.13022045389774856,13.242206370637485,5.0056377337595655e-40,1.0145939049903131e-38,FBXO41,protein_coding,Up
ENSG00000109511,153.39680937899837,5.72463338242884,0.43252698395385664,13.23532078877086,5.4861994579795904e-40,1.1085906490951862e-38,ANXA10,protein_coding,Up
ENSG00000137288,1905.0371895316134,1.5078822369989686,0.11394423283606238,13.233510810226251,5.619962561737062e-40,1.1347504804977514e-38,UQCC2,protein_coding,Up
ENSG00000142583,422.12889305781107,2.402343829367925,0.1815747060388671,13.230608391312442,5.8412621374157686e-40,1.1785316186966627e-38,SLC2A5,protein_coding,Up
ENSG00000073150,749.0645791158045,2.49573270173935,0.18864131205504378,13.23004316790968,5.885355988595275e-40,1.1865201637557905e-38,PANX2,protein_coding,Up
ENSG00000258661,47.02753584640397,3.3028336018092186,0.24973261373175473,13.225479653838448,6.253701103334977e-40,1.2598174033227146e-38,AL079303.1,lncRNA,Up
ENSG00000211896,267417.32280013035,3.137262920987518,0.23725284029456314,13.22328920105835,6.4385583077007775e-40,1.2950784330592639e-38,IGHG1,IG_C_gene,Up
ENSG00000275896,520.0253945253548,5.347071953847677,0.40454598435811107,13.217463923988323,6.957030501570316e-40,1.3972345340929873e-38,PRSS2,protein_coding,Up
ENSG00000153012,652.1208628053874,2.7594947451163643,0.2088408799410289,13.213384017035228,7.3446761413730415e-40,1.4739658283714393e-38,LGI2,protein_coding,Up
ENSG00000170439,761.0786031964035,2.6285353657257255,0.1990407357098622,13.206017131876413,8.09981753370662e-40,1.623040945014009e-38,METTL7B,protein_coding,Up
ENSG00000167755,168.5299580833997,6.2731653900688675,0.4757219282824323,13.186622304163661,1.0477553248005398e-39,2.0947162937824287e-38,KLK6,protein_coding,Up
ENSG00000236212,26.3676166538162,6.604530297295994,0.5009141784156765,13.184953794251195,1.0711960533730142e-39,2.1399575702610897e-38,AC009262.1,lncRNA,Up
ENSG00000105778,3498.956308540509,1.0493796483984976,0.07959639451379857,13.183758571081766,1.0883074807203153e-39,2.1724957052683357e-38,AVL9,protein_coding,Up
ENSG00000134193,244.31405747799147,7.188901185708624,0.54533938046095,13.182435458140178,1.1075669659606641e-39,2.2092693564586016e-38,REG4,protein_coding,Up
ENSG00000182004,2343.612156820775,1.1141334170834767,0.08458578551799961,13.171638831046764,1.2779323471321351e-39,2.545247431561511e-38,SNRPE,protein_coding,Up
ENSG00000218617,28.21403497391758,5.400246429026473,0.4102317125173569,13.163893146846828,1.4159750972160127e-39,2.818057608572548e-38,AL121949.3,processed_pseudogene,Up
ENSG00000173207,1330.2984775325542,1.7307037061011212,0.1314831938741643,13.162927178035298,1.434198865435168e-39,2.8521737618043277e-38,CKS1B,protein_coding,Up
ENSG00000173894,840.9635158161117,2.5323170053986095,0.19245010133600463,13.158304349122469,1.5246928882933153e-39,3.025293563904795e-38,CBX2,protein_coding,Up
ENSG00000198758,185.05924854574084,6.421876426274868,0.4883339578817435,13.150583371533648,1.6886654182713474e-39,3.3405931792809775e-38,EPS8L3,protein_coding,Up
ENSG00000263528,818.2664539923608,1.1549422222734045,0.08784144261207674,13.148033410309898,1.7465815767044177e-39,3.444828435130553e-38,IKBKE,protein_coding,Up
ENSG00000129235,3459.738475225376,1.6461078608986384,0.12525305136523135,13.142257557452027,1.8851725685705285e-39,3.715396160927118e-38,TXNDC17,protein_coding,Up
ENSG00000124571,2544.769346172645,1.04619301224155,0.0796165850529447,13.140390429278472,1.932271747993502e-39,3.8053775948161804e-38,XPO5,protein_coding,Up
ENSG00000123572,425.705888110115,3.7665947335489625,0.2867155919367216,13.137041861261086,2.0196904534613393e-39,3.9716060594910903e-38,NRK,protein_coding,Up
ENSG00000171121,110.80734719707198,1.7344848865991092,0.13205662113487082,13.134403043885708,2.0913413540660646e-39,4.109439009442781e-38,KCNMB3,protein_coding,Up
ENSG00000158106,1665.4783174638171,1.9373898895835338,0.14752811139290642,13.132343871899447,2.1490041587275587e-39,4.219600868625892e-38,RHPN1,protein_coding,Up
ENSG00000105467,21.217690142160432,4.3788893621106215,0.3334520532944091,13.131990997951494,2.1590431136801573e-39,4.2361582520644163e-38,SYNGR4,protein_coding,Up
ENSG00000133216,1715.5175181987304,2.2368806745314007,0.17034691122263093,13.13132512046527,2.1781139289372274e-39,4.270398833165404e-38,EPHB2,protein_coding,Up
ENSG00000117593,1607.3447550075298,1.2160357598639369,0.09263516174629816,13.127151040058841,2.3015347062560275e-39,4.509024532241564e-38,DARS2,protein_coding,Up
ENSG00000185306,96.51232142900909,4.89442369219365,0.3729533536785964,13.123420513364158,2.4177114467355876e-39,4.733114391270783e-38,C12orf56,protein_coding,Up
ENSG00000163923,689.0194137129495,2.322717191530443,0.17702137376220747,13.121111548092182,2.4925199756887728e-39,4.875945976180485e-38,RPL39L,protein_coding,Up
ENSG00000163507,422.19326653060966,1.93901632512801,0.14787768859367886,13.112298032029793,2.7998416526228535e-39,5.469024028123308e-38,CIP2A,protein_coding,Up
ENSG00000270933,50.14078582509889,2.907427677718207,0.221792830682027,13.108754096233332,2.933783773967096e-39,5.726415848964643e-38,AC010719.1,lncRNA,Up
ENSG00000246982,42.40692093576316,2.2626704129586366,0.17261918988611435,13.10787296853516,2.968062956680788e-39,5.789039953230205e-38,Z84485.1,lncRNA,Up
ENSG00000189108,22.358472890090397,6.096937550175402,0.4652156843205818,13.105614783989054,3.057743804725453e-39,5.955148015554668e-38,IL1RAPL2,protein_coding,Up
ENSG00000227533,29.558098377851636,2.4569450970667233,0.18748320518502343,13.104881019299906,3.087460319197188e-39,6.00858513780294e-38,SLC2A1-AS1,lncRNA,Up
ENSG00000273802,176.13321471872027,3.5693979533203706,0.2726161684373383,13.09312640471949,3.6045963301501525e-39,6.999499648457991e-38,H2BC8,protein_coding,Up
ENSG00000227038,34.72217746879681,3.02145719870564,0.2308950928287049,13.08584414544999,3.967280497273566e-39,7.692440199492936e-38,GTF2IP7,transcribed_unprocessed_pseudogene,Up
ENSG00000167747,2015.30527525665,1.4736801771447758,0.112654995776439,13.08135664102511,4.2086109526345275e-39,8.154376989050146e-38,C19orf48,transcribed_unitary_pseudogene,Up
ENSG00000074800,85519.52827044437,1.2075523614837662,0.09231809951863418,13.080342509000898,4.265140013625745e-39,8.245728897310183e-38,ENO1,protein_coding,Up
ENSG00000156509,35.83682263295065,2.3224710921284415,0.17757365263835168,13.07891715703123,4.34586936076382e-39,8.395646523321753e-38,FBXO43,protein_coding,Up
ENSG00000105696,1083.1600883252565,4.183302843823025,0.3199432828055177,13.075138840673546,4.567292661516315e-39,8.816947839252213e-38,TMEM59L,protein_coding,Up
ENSG00000167771,237.18057273489455,2.8447552288773785,0.21771913362391962,13.066170076679198,5.138836013056715e-39,9.91302894398724e-38,RCOR2,protein_coding,Up
ENSG00000262136,18.023524729816526,2.9412696210355835,0.2252477532213333,13.057931006954057,5.726298409559384e-39,1.1014040048145947e-37,AC092115.3,lncRNA,Up
ENSG00000183765,657.3586239679802,1.492296226313415,0.11436546132448373,13.048486921059087,6.482201563329146e-39,1.2440731821323842e-37,CHEK2,protein_coding,Up
ENSG00000143621,10542.793909208065,1.06370430929015,0.08154253920020331,13.044777851208952,6.805506867287249e-39,1.3032768053040287e-37,ILF2,protein_coding,Up
ENSG00000261039,25.710457853844403,3.4843214412188495,0.267168994415114,13.041638491198134,7.091645375074058e-39,1.3570877252590923e-37,LINC02544,lncRNA,Up
ENSG00000143452,264.5553121449559,4.4225542439075936,0.33916711940340954,13.039454566488661,7.297723958409183e-39,1.3955111006762157e-37,HORMAD1,protein_coding,Up
ENSG00000221867,433.0206508542386,9.3005751540074,0.7134932100842353,13.035267922044236,7.709572693920557e-39,1.4721320198311737e-37,MAGEA3,protein_coding,Up
ENSG00000144485,1109.4157907034617,2.9174776745939948,0.22384095333924547,13.03370822484109,7.868841985474678e-39,1.501457041656782e-37,HES6,protein_coding,Up
ENSG00000249096,150.17977056137934,2.5909134111391388,0.19885616076385515,13.029082937067711,8.360646322090511e-39,1.5941449277912274e-37,LINC02362,lncRNA,Up
ENSG00000170608,389.91891085420133,3.282505277871002,0.2520434033693424,13.023571472175549,8.986721836069914e-39,1.711045883156416e-37,FOXA3,protein_coding,Up
ENSG00000188610,48.15958473444717,2.395362569439583,0.18394272546495039,13.02232835457258,9.134254311960676e-39,1.7366278745955517e-37,FAM72B,protein_coding,Up
ENSG00000175305,174.96795099544175,1.879775326047483,0.1443781168467711,13.019807759665502,9.440828619965179e-39,1.79362140279886e-37,CCNE2,protein_coding,Up
ENSG00000234602,108.3607775260951,2.9296170165305413,0.22536905697998044,12.99919809661705,1.2363285528653786e-38,2.338736294050218e-37,MCIDAS,protein_coding,Up
ENSG00000198691,1002.8232669299434,3.716423622458881,0.28638249973236307,12.977132422309465,1.6494107523907075e-38,3.1112275780073648e-37,ABCA4,protein_coding,Up
ENSG00000182489,695.9147553262555,2.8283947802619336,0.21796884456787657,12.976142465998885,1.6708622587696472e-38,3.149438010275597e-37,XKRX,protein_coding,Up
ENSG00000198331,301.6174296778768,1.2875334377221719,0.09923905218443536,12.97406020494126,1.7168925383719425e-38,3.233889731204866e-37,HYLS1,protein_coding,Up
ENSG00000197785,1218.0970250417429,1.2287848221811826,0.09471253216532391,12.973835606425318,1.7219322031060586e-38,3.2410672516707183e-37,ATAD3A,protein_coding,Up
ENSG00000196542,251.5224562090264,4.486471167590358,0.34590364949971814,12.970291507704992,1.8034317245166535e-38,3.3872147133549963e-37,SPTSSB,protein_coding,Up
ENSG00000103202,4118.822063789559,1.4269037959083286,0.11010194231036753,12.959842178678505,2.0667229914741238e-38,3.8707020799128305e-37,NME4,protein_coding,Up
ENSG00000198796,62.023922528959424,2.910607457851937,0.22468270709659027,12.95430118082331,2.221498697419143e-38,4.157623892898709e-37,ALPK2,protein_coding,Up
ENSG00000010438,90.9056456057586,4.681254010611501,0.36138760339440407,12.953554484553159,2.2432185375139801e-38,4.195295945691039e-37,PRSS3,protein_coding,Up
ENSG00000107815,669.6422136244255,1.2459868230009752,0.0962271714417518,12.948388738155892,2.3993727901353544e-38,4.480981620104058e-37,TWNK,protein_coding,Up
ENSG00000171759,137.4972432876999,5.3212829963958495,0.4112288734307574,12.939954706978632,2.677873282747391e-38,4.997559693280163e-37,PAH,protein_coding,Up
ENSG00000245522,33.89999260684512,2.0923160762834736,0.1617092315133993,12.938754681485845,2.7200279334842774e-38,5.072640495472447e-37,LINC02709,lncRNA,Up
ENSG00000214160,2550.229574162272,1.124905478335148,0.08694125210181397,12.93868504467602,2.722494295982608e-38,5.073651914138613e-37,ALG3,protein_coding,Up
ENSG00000180861,89.93839795661133,6.057907114172078,0.46837582664102567,12.933859455592703,2.8989317646694375e-38,5.398646231238211e-37,LINC01559,lncRNA,Up
ENSG00000224271,40.60401664108152,5.4242330100445715,0.4195532679400396,12.928591968016265,3.104522740348805e-38,5.777435756033732e-37,AL117329.1,lncRNA,Up
ENSG00000134333,37923.35357846712,1.3421494692677216,0.10382084300922893,12.92755318070779,3.1467460905398605e-38,5.851882539318485e-37,LDHA,protein_coding,Up
ENSG00000136270,2939.145506436763,1.1017776186753356,0.08525039799255793,12.924017302200948,3.2947928883907504e-38,6.118569610342542e-37,TBRG4,protein_coding,Up
ENSG00000224817,62.084213168192555,6.903556639052156,0.5342843479011942,12.921128358281683,3.4208766722810285e-38,6.343777626445199e-37,AC010789.1,lncRNA,Up
ENSG00000188095,60.981379314277405,3.1435055241356413,0.24329875903692205,12.920351655630908,3.4555852723891965e-38,6.403639046584899e-37,MESP2,protein_coding,Up
ENSG00000261104,44.73179280830627,3.7741125503094213,0.2921978171882623,12.916292758880433,3.6427413527175736e-38,6.736261533742105e-37,AC093904.4,lncRNA,Up
ENSG00000173727,255.63962163026008,2.3117327392692135,0.17902878426180102,12.912631612851,3.8201834273215627e-38,7.0594419746650045e-37,AP000769.1,transcribed_unprocessed_pseudogene,Up
ENSG00000260328,36.32742495179056,3.244770643549166,0.2512970958185466,12.912089703941938,3.847167801561391e-38,7.104328776412737e-37,AC104024.2,lncRNA,Up
ENSG00000159527,33.52319215586275,5.960767429128346,0.4616538090544654,12.911769192020468,3.863216793640399e-38,7.128973187424585e-37,PGLYRP3,protein_coding,Up
ENSG00000279878,26.476387644347472,3.9213891301623574,0.3037640198169708,12.909327222246864,3.9876987580136154e-38,7.353539597819513e-37,AP003108.5,TEC,Up
ENSG00000198380,8497.786364079324,1.1326166150716046,0.08777779848354944,12.903224216586725,4.316516635686929e-38,7.943234032314327e-37,GFPT1,protein_coding,Up
ENSG00000215788,612.0381178827438,1.9667751666157447,0.15243197139015316,12.90264206832134,4.3492558170159586e-38,7.99789929530759e-37,TNFRSF25,protein_coding,Up
ENSG00000176444,2244.0904931253567,1.0291418549706395,0.07976569588565864,12.902060761130683,4.38219400000527e-38,8.052854061333728e-37,CLK2,protein_coding,Up
ENSG00000275437,42.97838381764025,2.27376323010138,0.1762680463346286,12.899463501086583,4.5324159635035155e-38,8.317314471648414e-37,AL121832.3,lncRNA,Up
ENSG00000122861,6066.356406057316,2.5703176597582216,0.19926472603293305,12.899009829433725,4.5591759773338415e-38,8.354792948039847e-37,PLAU,protein_coding,Up
ENSG00000177602,109.09305943063987,1.9173609100557063,0.14864363058473468,12.89904520303485,4.557083816780728e-38,8.354792948039847e-37,HASPIN,protein_coding,Up
ENSG00000204262,9142.70006780326,2.1356095120980934,0.16558641128314852,12.897251021681095,4.664413027237689e-38,8.541706356129017e-37,COL5A2,protein_coding,Up
ENSG00000287346,64.12445746092001,1.6804274338607834,0.13031290733751336,12.895326090058282,4.782359263087091e-38,8.745548804965782e-37,AL132712.2,lncRNA,Up
ENSG00000140263,992.9627318471711,1.4474804888155717,0.11227610338537447,12.892151091557443,4.983412819997918e-38,9.106902014091828e-37,SORD,protein_coding,Up
ENSG00000062716,12016.422110101212,1.262924175012739,0.09803716374814002,12.882096204427368,5.677236812744076e-38,1.0367640910807568e-36,VMP1,protein_coding,Up
ENSG00000253755,16616.0444929224,3.186174587328358,0.24751597843043632,12.872601629732051,6.420257727579589e-38,1.1676013536294742e-36,IGHGP,IG_C_pseudogene,Up
ENSG00000254988,37.29587195108016,4.10131603298891,0.31874083009483484,12.86724399810544,6.881399015093134e-38,1.2497416806336499e-36,AP002498.1,lncRNA,Up
ENSG00000146955,229.69004692061688,1.4954616255540438,0.11622894642183534,12.866516230186692,6.946528072646493e-38,1.2607016192407984e-36,RAB19,protein_coding,Up
ENSG00000138442,1299.3999470899446,1.004007993783128,0.07805978723750444,12.862038564470293,7.36094186727292e-38,1.3340758559449271e-36,WDR12,protein_coding,Up
ENSG00000104524,1086.7931730903997,1.409313004251676,0.1096628045457733,12.851331042362938,8.4542915171223e-38,1.5290786509363172e-36,PYCR3,protein_coding,Up
ENSG00000237686,159.59506767785084,2.7118453453039217,0.21107825854612267,12.847582522154251,8.8740290575535e-38,1.6038940798333502e-36,AL109615.3,lncRNA,Up
ENSG00000177192,1052.7995962337686,1.2078894801861924,0.09406333576210736,12.841235858794416,9.632438097787602e-38,1.7397766619086235e-36,PUS1,protein_coding,Up
ENSG00000174939,500.4246133877841,2.7950580966057883,0.21768634882425872,12.839840953289535,9.807575157085966e-38,1.7701968302009372e-36,ASPHD1,protein_coding,Up
ENSG00000178395,17.4244148897761,4.702198495830517,0.3665545582726263,12.828099909572641,1.1412888943122686e-37,2.0571283761459006e-36,CCDC185,protein_coding,Up
ENSG00000220154,26.541712338023316,4.807253866363026,0.37479149360332964,12.826475382738833,1.1654667578996258e-37,2.09927311515117e-36,AL355796.1,processed_pseudogene,Up
ENSG00000111700,97.58270797361439,6.804389601022549,0.5310365747194511,12.81341045975475,1.3793609238412417e-37,2.4794647281318023e-36,SLCO1B3,protein_coding,Up
ENSG00000272183,23.13927810259866,1.9239619923097278,0.1501615660058237,12.81261273097745,1.3936178341893274e-37,2.5033857144123004e-36,AC005041.3,lncRNA,Up
ENSG00000131650,54.376979845183314,2.900035958716484,0.22637982705494825,12.810487561740958,1.4323174878466266e-37,2.5694021873820097e-36,KREMEN2,protein_coding,Up
ENSG00000102385,54.16031887277828,3.094485117551853,0.2415896784532815,12.808846542466272,1.4629299734603938e-37,2.622533201913704e-36,DRP2,protein_coding,Up
ENSG00000149968,96.67494962322684,3.8572222811972225,0.30135709166127767,12.799507255441334,1.6499482020313956e-37,2.94577752793283e-36,MMP3,protein_coding,Up
ENSG00000103089,1237.002175410806,2.5438037098530404,0.1989561133667487,12.785752932174958,1.9694617549369743e-37,3.511474406875457e-36,FA2H,protein_coding,Up
ENSG00000285184,131.79894422383742,1.6495674298135574,0.1291114968649665,12.77630164522673,2.2239571975160977e-37,3.9572031915316794e-36,AC244033.2,lncRNA,Up
ENSG00000151012,1898.9130075176529,3.0691805227406954,0.24026262363152898,12.774273735758605,2.2826843708641784e-37,4.058960678333674e-36,SLC7A11,protein_coding,Up
ENSG00000006634,631.209530259196,1.3842566419585376,0.10839516469302321,12.770464862328257,2.397184940136985e-37,4.256819317940222e-36,DBF4,protein_coding,Up
ENSG00000161692,431.37787123903286,1.3460605734711384,0.10545935085719209,12.763785880816846,2.6119143246380167e-37,4.631888415649261e-36,DBF4B,protein_coding,Up
ENSG00000204536,1362.571857422765,1.2001458663691693,0.09403508702338233,12.762745315168864,2.647047803426961e-37,4.6910383451860864e-36,CCHCR1,protein_coding,Up
ENSG00000171502,168.04232704158025,1.9122942447397484,0.1498381849239238,12.762395952077654,2.6589486531237173e-37,4.7089641358544275e-36,COL24A1,protein_coding,Up
ENSG00000115541,950.6666512964724,1.3563404548649485,0.10630592170112158,12.758841964404308,2.7830767931912428e-37,4.9188830453386776e-36,HSPE1,protein_coding,Up
ENSG00000227496,31.29651871344396,2.642077192559062,0.20708184421325979,12.758613400401064,2.7912540144812287e-37,4.930031370520428e-36,AC099066.2,lncRNA,Up
ENSG00000253293,98.86111210749675,4.148531603587537,0.32520218821598695,12.756776411455876,2.8578482462791073e-37,5.044274314215533e-36,HOXA10,protein_coding,Up
ENSG00000213401,225.07224077638128,9.909462346353095,0.7772520259017113,12.749355442151288,3.143334071504135e-37,5.5407566487676505e-36,MAGEA12,protein_coding,Up
ENSG00000196754,1826.3081011281804,3.4183690259724484,0.26812374140927403,12.749221713844888,3.1487304737700713e-37,5.546561295478743e-36,S100A2,protein_coding,Up
ENSG00000159184,128.9120943948671,6.631091184686724,0.5205068383367263,12.739681203567473,3.5584589508400385e-37,6.25160310017667e-36,HOXB13,protein_coding,Up
ENSG00000165724,865.1618214741151,1.0290422472043927,0.08081131149140197,12.733888712026154,3.8326429645913245e-37,6.724337656438671e-36,ZMYND19,protein_coding,Up
ENSG00000172818,170.1739422011099,2.2930031951977665,0.18009038270509742,12.732513312232879,3.900772459353536e-37,6.83931979741707e-36,OVOL1,protein_coding,Up
ENSG00000164877,2381.2789579157666,1.6169585650798641,0.1270691593293368,12.72502764332488,4.293228469413066e-37,7.517425945446384e-36,MICALL2,protein_coding,Up
ENSG00000121905,22.376192538763874,2.674913397629378,0.21035065513430187,12.716449092690182,4.791439037692954e-37,8.378663622278726e-36,HPCA,protein_coding,Up
ENSG00000259078,19.19024376920009,2.865494688333064,0.22536228312645293,12.715058831407061,4.877423131247423e-37,8.523369646851859e-36,PTBP1P,processed_pseudogene,Up
ENSG00000145545,1316.120159696632,1.5501336077941539,0.12192238761770317,12.714101471295942,4.937523341769111e-37,8.622681491553078e-36,SRD5A1,protein_coding,Up
ENSG00000276715,22.341700048405176,3.8873354271916494,0.305787329633419,12.712545780925021,5.036758650960292e-37,8.790160531159688e-36,YWHAEP7,transcribed_unprocessed_pseudogene,Up
ENSG00000278399,14.010568430977806,4.555891743224046,0.3583903683050825,12.712093142374322,5.066002347230636e-37,8.829509708953857e-36,AC026120.1,unprocessed_pseudogene,Up
ENSG00000071909,137.43485746712753,3.513573265864754,0.2764153957630869,12.711206827553864,5.1237542680942625e-37,8.924266846079638e-36,MYO3B,protein_coding,Up
ENSG00000274605,252.87942621096258,1.723316580344304,0.13561672991227566,12.707256556466447,5.38921331068249e-37,9.380432673445363e-36,PCCA-DT,lncRNA,Up
ENSG00000268941,13.457352796229786,4.007434607818559,0.3154551962668249,12.70365698597942,5.642986863198779e-37,9.809199972481992e-36,LINC01711,lncRNA,Up
ENSG00000113460,1773.2932573017008,1.2420412460236303,0.09778276863199573,12.702046213254992,5.760361290756797e-37,1.0006635522875938e-35,BRIX1,protein_coding,Up
ENSG00000135127,1058.4350831180661,1.9915460651096168,0.15680773979912999,12.700559727860233,5.8708306081738965e-37,1.01918237746903e-35,BICDL1,protein_coding,Up
ENSG00000179083,208.48165201284246,5.535681058973395,0.43602055726917266,12.69591758160155,6.229551747631572e-37,1.0793250958281509e-35,FAM133A,protein_coding,Up
ENSG00000157833,400.3907790188551,1.972840559307473,0.15542759880191312,12.692987439262875,6.467107682462063e-37,1.1197480603186117e-35,GAREM2,protein_coding,Up
ENSG00000234996,36.65254767857454,2.4144924695049075,0.19028904281253556,12.688552287708756,6.843913578706236e-37,1.1834360725933343e-35,ACTG1P25,transcribed_processed_pseudogene,Up
ENSG00000113569,2500.7818218952725,1.3018764575008606,0.10262022495399716,12.68635357293817,7.038724874476778e-37,1.2155283231169132e-35,NUP155,protein_coding,Up
ENSG00000180785,31.268627469105557,3.3051625230301274,0.26055318813311845,12.685173981987495,7.145500831302375e-37,1.2331600583864111e-35,OR51E1,protein_coding,Up
ENSG00000214145,21.76598467548377,3.9891979402587583,0.31458142714144444,12.680970954032531,7.53921151919289e-37,1.2994052794844215e-35,LINC00887,lncRNA,Up
ENSG00000185818,180.68438729648707,3.400749866772312,0.2682859802649827,12.675838906727195,8.049288297315381e-37,1.3864123605500103e-35,NAT8L,protein_coding,Up
ENSG00000249746,39.25179432529604,3.7671134107943227,0.2973546192155062,12.66875699033324,8.80993383104439e-37,1.5154465435397299e-35,AC099509.1,lncRNA,Up
ENSG00000099364,1077.9327872144268,1.1824857636520771,0.0933400121362042,12.668583778696782,8.829406493016191e-37,1.5178060575021967e-35,FBXL19,protein_coding,Up
ENSG00000168393,1463.7651451133656,1.302434703866846,0.10281601807696499,12.667624444392338,8.938033129108066e-37,1.5354783948832555e-35,DTYMK,protein_coding,Up
ENSG00000152192,38.687061100363685,5.218980516403048,0.41232074732358015,12.657574352685454,1.0158999072182458e-36,1.7418257837025448e-35,POU4F1,protein_coding,Up
ENSG00000103460,1283.908197871355,2.825486178347962,0.22333141399817624,12.65153937712961,1.0970402726414912e-36,1.8797239759295725e-35,TOX3,protein_coding,Up
ENSG00000105131,821.3804313005585,2.2394738737749367,0.17701391965779395,12.651399834003573,1.098990700875437e-36,1.8818431676678748e-35,EPHX3,protein_coding,Up
ENSG00000205488,60.85767536787273,3.499623194512719,0.27662602759070404,12.6510987595526,1.1032106391956376e-36,1.887843254742957e-35,CALML3-AS1,lncRNA,Up
ENSG00000106105,5987.937121253726,1.082163976810302,0.08556187135177039,12.647736190355197,1.1514497925560233e-36,1.96783739661065e-35,GARS1,protein_coding,Up
ENSG00000149679,763.6877900889905,1.2959242929132313,0.10250626091727288,12.642391609221802,1.232472039168023e-36,2.104940911454713e-35,CABLES2,protein_coding,Up
ENSG00000181544,67.58089798392,1.751903917774775,0.1385781097822561,12.641996059316241,1.238688882298792e-36,2.1141893738653169e-35,FANCB,protein_coding,Up
ENSG00000282221,80.7912001325936,1.7566554001524424,0.1389943719801821,12.638320351581624,1.2979709784681363e-36,2.2125077376990792e-35,AC119427.1,lncRNA,Up
ENSG00000161958,14.77093933491588,3.3629748718707604,0.2661763254618603,12.634387622698744,1.3645231891539377e-36,2.3244493861750218e-35,FGF11,protein_coding,Up
ENSG00000198937,756.6440252812073,1.4181159302468744,0.1122497292136908,12.63357996656896,1.3786050027891622e-36,2.3469214928050487e-35,CCDC167,protein_coding,Up
ENSG00000124614,70.37574928176721,1.7278857471068803,0.1368154973080553,12.629313061051507,1.4554323466809073e-36,2.476112966579066e-35,RPS10,protein_coding,Up
ENSG00000250133,21.349223125743457,5.2023910314326125,0.41262443548632854,12.608053677918894,1.906430519024555e-36,3.2205363732656957e-35,HOXC-AS2,lncRNA,Up
ENSG00000142632,1473.7190950609963,1.5602143350880358,0.1237652578176871,12.606238314360526,1.9508427255679045e-36,3.293452155776289e-35,ARHGEF19,protein_coding,Up
ENSG00000132692,80.07482250867527,2.868557571564259,0.22759408478580154,12.603831836244693,2.0113050106560298e-36,3.391183704028102e-35,BCAN,protein_coding,Up
ENSG00000143321,18281.89470350824,1.035809050340849,0.08218311542020029,12.603672239057651,2.015380077826877e-36,3.395883236568355e-35,HDGF,protein_coding,Up
ENSG00000132746,591.2941321302492,2.867661716799512,0.227698956857998,12.594092464762142,2.275621782747015e-36,3.827050153765229e-35,ALDH3B2,protein_coding,Up
ENSG00000161082,56.26687572360291,3.3124088180414937,0.263164722679072,12.586826928474602,2.4950275559389775e-36,4.188025248256578e-35,CELF5,protein_coding,Up
ENSG00000153044,385.8767314726296,1.4275607298617885,0.1134418513425529,12.584074686431883,2.5835230401865827e-36,4.3283038481397835e-35,CENPH,protein_coding,Up
ENSG00000176912,17.92613567066788,2.40163589054056,0.19096796374070976,12.576119279364708,2.8572465302351396e-36,4.774752281514616e-35,TYMSOS,lncRNA,Up
ENSG00000267123,88.08560849239853,2.749294185656848,0.21864469358461527,12.574255247557033,2.925441388443164e-36,4.882524646407989e-35,SCAT1,lncRNA,Up
ENSG00000128578,518.8875011700169,2.6289036605318126,0.2091214707675646,12.57118004613596,3.041499354663488e-36,5.073013155121833e-35,STRIP2,protein_coding,Up
ENSG00000135119,309.82066219821206,2.249608381642702,0.17902396804149157,12.565962011976636,3.248989105729064e-36,5.405415944358071e-35,RNFT2,protein_coding,Up
ENSG00000272138,46.72486053078111,2.3963736276865695,0.19070440580638812,12.56590595038207,3.251293042539105e-36,5.405838432014892e-35,LINC01607,lncRNA,Up
ENSG00000124813,864.4909831865908,1.607636616415568,0.1279443769436606,12.565121303638685,3.283710205179724e-36,5.456297297453643e-35,RUNX2,protein_coding,Up
ENSG00000273162,17.434342549403844,2.0881353951258883,0.16627684623322253,12.558184993459863,3.584614225815733e-36,5.948790253918243e-35,AL133215.2,lncRNA,Up
ENSG00000197008,452.8887111528715,1.1376742253083711,0.09060964504327139,12.555773999170455,3.695497951729716e-36,6.125096227976907e-35,ZNF138,protein_coding,Up
ENSG00000185033,9280.944308512087,1.6069861190112604,0.12800664408120635,12.553927419515833,3.7827229679820184e-36,6.265728936286798e-35,SEMA4B,protein_coding,Up
ENSG00000119285,2027.9238081410958,1.0290598970098024,0.08200393745853528,12.54890836833462,4.030277683196843e-36,6.66740417226479e-35,HEATR1,protein_coding,Up
ENSG00000104147,37.21846729613455,2.0679558208091025,0.164811042932117,12.54743483214811,4.105967677530763e-36,6.779860216436205e-35,OIP5,protein_coding,Up
ENSG00000185942,71.08105130563331,4.507135060731661,0.3593026216047128,12.544119607594155,4.281461869835503e-36,7.065215864052705e-35,NKAIN3,protein_coding,Up
ENSG00000015520,181.596941930527,4.146781366167486,0.33057746887623557,12.544053229834589,4.285050701682959e-36,7.066715885139439e-35,NPC1L1,protein_coding,Up
ENSG00000131788,2412.603938290542,1.051863852625994,0.08386530148618336,12.542300975323942,4.3808781664304254e-36,7.220234828048144e-35,PIAS3,protein_coding,Up
ENSG00000283906,75.52068445262707,2.746912911875059,0.21914053558838553,12.534937475167172,4.807404557586018e-36,7.913311996475861e-35,IGHV4-80,IG_V_pseudogene,Up
ENSG00000143578,1042.706340934988,1.4255779946484712,0.11379965268005461,12.527085637567405,5.307748148198824e-36,8.726017373316895e-35,CREB3L4,protein_coding,Up
ENSG00000037897,861.0033429034705,1.388996417418052,0.11089170599243595,12.5257015841455,5.4011613281674036e-36,8.87405758403579e-35,METTL1,protein_coding,Up
ENSG00000278828,186.36206202284518,2.495596921267245,0.19928107899879355,12.52299984426697,5.588241070715938e-36,9.170001060036047e-35,H3C10,protein_coding,Up
ENSG00000138100,105.6926593844437,3.6764871946720903,0.2936386942818731,12.520445248754967,5.771049814474076e-36,9.458209049576219e-35,TRIM54,protein_coding,Up
ENSG00000101198,63.08904054093047,3.5099142382186987,0.28038259188066167,12.518302989768396,5.928924009045195e-36,9.710914665746695e-35,NKAIN4,protein_coding,Up
ENSG00000166922,539.9324769266859,2.8469567566407936,0.2274433975203796,12.517209941808481,6.011122452416845e-36,9.839435075743775e-35,SCG5,protein_coding,Up
ENSG00000185298,1453.0156537500256,1.0384495171401222,0.08299094845558257,12.512804546340483,6.354051892019033e-36,1.0381434225064554e-34,CCDC137,protein_coding,Up
ENSG00000226652,16.589942100105752,5.275832495058969,0.42217197471040924,12.496879970959585,7.763899248101866e-36,1.2637902664965816e-34,PSMD10P2,transcribed_processed_pseudogene,Up
ENSG00000233532,129.2891375728414,4.1317701822950275,0.3306582624213728,12.495590317442982,7.890838666021388e-36,1.282869393483255e-34,LINC00460,lncRNA,Up
ENSG00000070182,1330.4961852901095,3.273319524572414,0.2620268335224273,12.492306534293348,8.223446527560614e-36,1.3352973210084568e-34,SPTB,protein_coding,Up
ENSG00000125247,1313.2800753299427,1.1936518942101566,0.09556140654054439,12.490941033854698,8.365822697945367e-36,1.3559111527032535e-34,TMTC4,protein_coding,Up
ENSG00000286133,36.017677842932976,3.4113824150252032,0.273291652497508,12.482570850042007,9.293666178502745e-36,1.5016787814161604e-34,AC093817.2,lncRNA,Up
ENSG00000255345,19.5721168408213,4.294939542427833,0.34459918210206814,12.463580198387406,1.1795386783344265e-35,1.9012490799314688e-34,AP002957.1,lncRNA,Up
ENSG00000277224,26.609675233584724,4.210562985744214,0.33784135391557873,12.4631367265843,1.1861178906366336e-35,1.910685936230179e-34,H2BC7,protein_coding,Up
ENSG00000160181,367.0381708737039,9.32708268798767,0.7484647295768443,12.461619525159021,1.2089036305202893e-35,1.9462019985848615e-34,TFF2,protein_coding,Up
ENSG00000171940,3858.672290598699,1.3114020397267907,0.10523800199238935,12.461297391617425,1.2137972148180808e-35,1.952887892297303e-34,ZNF217,protein_coding,Up
ENSG00000154760,2074.420147507657,1.5946008622995098,0.12796939930023796,12.460798214409879,1.2214192102909492e-35,1.963952718010508e-34,SLFN13,protein_coding,Up
ENSG00000100162,382.25394131249516,1.76628776004394,0.14176996753047238,12.458828839502202,1.2519565886106884e-35,2.0106026334752654e-34,CENPM,protein_coding,Up
ENSG00000088386,181.89064796018243,4.0300833363530355,0.3235040522401343,12.457597697606394,1.271430970019677e-35,2.0406350991733954e-34,SLC15A1,protein_coding,Up
ENSG00000131462,1767.995694218155,1.1973403304094685,0.09614561061015664,12.453406066183781,1.3400195600795347e-35,2.146799258766545e-34,TUBG1,protein_coding,Up
ENSG00000171956,55.270020013071495,4.552014580009776,0.36554669340532486,12.45262140823804,1.3532617493705346e-35,2.1666977735823314e-34,FOXB1,protein_coding,Up
ENSG00000160072,1266.997225487263,1.4981871288054462,0.12032860924910416,12.45079734698754,1.3845499333294254e-35,2.214104411273314e-34,ATAD3B,protein_coding,Up
ENSG00000253525,31.324310070166447,3.4676788476676683,0.2785193752422607,12.450404373668528,1.3913841608227453e-35,2.2236848679330785e-34,CPP,processed_pseudogene,Up
ENSG00000253395,17.051020173538486,2.78603238175033,0.22391318035376367,12.442467108674162,1.5368262973185621e-35,2.454640185359811e-34,AP003469.2,lncRNA,Up
ENSG00000106689,24.423172677747353,4.778723935072753,0.3840752308006271,12.442155994051545,1.5428249523258636e-35,2.4627296605831128e-34,LHX2,protein_coding,Up
ENSG00000236305,19.980046860826473,2.2058068628848146,0.17728737594916752,12.441984947181302,1.546132842665928e-35,2.4665168216031777e-34,SLC12A9-AS1,lncRNA,Up
ENSG00000256269,1346.5935880336235,1.190979689642774,0.09578872067971932,12.433402191735627,1.7214861687113484e-35,2.741279605611006e-34,HMBS,protein_coding,Up
ENSG00000197172,343.99208471810886,10.192443480986748,0.8206665549489536,12.419713487191798,2.0429180256709866e-35,3.2472422144028883e-34,MAGEA6,protein_coding,Up
ENSG00000186684,169.10900795294344,3.021250269772379,0.24328935799530738,12.418341248739099,2.0782582514316058e-35,3.3014259090512918e-34,CYP27C1,protein_coding,Up
ENSG00000247373,143.25637944457355,1.622466007626838,0.13065943124993043,12.417519287400863,2.0997170172522754e-35,3.3335061857280253e-34,TMED2-DT,lncRNA,Up
ENSG00000136982,341.80228177566823,1.7821283134372368,0.1435924802184566,12.411014216942062,2.2774939003877412e-35,3.607057907100585e-34,DSCC1,protein_coding,Up
ENSG00000100522,1033.2009613184862,1.5083110755254696,0.12154348214194774,12.409641791930472,2.3168699431136303e-35,3.6672185113989453e-34,GNPNAT1,protein_coding,Up
ENSG00000281189,29.17499552334698,1.7884524223896607,0.1441663465486763,12.405477874725834,2.4405234247687313e-35,3.858309515057041e-34,GHET1,lncRNA,Up
ENSG00000278876,16.288372930808375,2.482518998366811,0.20016836220597048,12.402154721195814,2.543896243166622e-35,4.019325580126053e-34,AC145207.9,TEC,Up
ENSG00000136295,7060.436586482862,1.3751171477820425,0.11089302949125687,12.400393010188804,2.600450213799982e-35,4.106219888497337e-34,TTYH3,protein_coding,Up
ENSG00000088305,317.30257724459454,2.060585246706661,0.1661994537564621,12.398267263417777,2.6703557538285447e-35,4.211559882084852e-34,DNMT3B,protein_coding,Up
ENSG00000101441,25.666907403921826,5.924892007044704,0.47804704639155493,12.393951707823733,2.818068022591919e-35,4.4392146807496355e-34,CST4,protein_coding,Up
ENSG00000112578,1203.1204295403568,1.2509367133516007,0.1009479124009626,12.391902750627583,2.891014203215441e-35,4.551405644106935e-34,BYSL,protein_coding,Up
ENSG00000096696,16791.93080861345,2.188221184097462,0.17660526185993342,12.390464253737537,2.943344971608034e-35,4.6282651700240824e-34,DSP,protein_coding,Up
ENSG00000163535,466.7161620625789,1.564514702973337,0.12636944308346568,12.380482692639482,3.333319881089325e-35,5.225900431886177e-34,SGO2,protein_coding,Up
ENSG00000104413,5375.317909610354,1.121223844760512,0.09057037970252715,12.379586443637566,3.3707519218880766e-35,5.281445524669553e-34,ESRP1,protein_coding,Up
ENSG00000179846,23.739767016280684,2.581376120038735,0.2085971429499021,12.374935167058801,3.571825979559792e-35,5.583227687077161e-34,NKPD1,protein_coding,Up
ENSG00000029153,1508.6543162480132,2.4258452155223345,0.19603402050969349,12.374613392180981,3.5861690253031815e-35,5.6023268481780145e-34,ARNTL2,protein_coding,Up
ENSG00000198930,170.2013294723367,7.347972349895972,0.5939352381016714,12.371672664820279,3.719931340263707e-35,5.8078501742305475e-34,CSAG1,protein_coding,Up
ENSG00000236529,40.57524161116292,2.140989186854172,0.17305828209561977,12.371492198629435,3.7282996284759316e-35,5.817471077095286e-34,AC093582.1,lncRNA,Up
ENSG00000203650,95.89848403206732,2.946791706206958,0.2382581294530993,12.368063633216044,3.890884546468308e-35,6.067570992925446e-34,LINC01285,lncRNA,Up
ENSG00000095587,54.5868659943714,2.8377933324672044,0.22947780130977116,12.366308707291816,3.976810520906007e-35,6.190584028116375e-34,TLL2,protein_coding,Up
ENSG00000033170,2834.9140189411355,1.4024597238846381,0.11342043669379069,12.365141281116378,4.035012519140554e-35,6.277479653671765e-34,FUT8,protein_coding,Up
ENSG00000242076,101.8050836936302,3.564464932025865,0.2883835811898413,12.360152118644361,4.293434986201952e-35,6.6755825817302755e-34,IGKV1-33,IG_V_gene,Up
ENSG00000102265,21784.153571479197,1.53929910178158,0.12458105772497885,12.355803762556643,4.532036511618205e-35,7.04241619395239e-34,TIMP1,protein_coding,Up
ENSG00000100290,343.7430402406268,2.0200804934654646,0.16357207122381676,12.349788557127061,4.883961992461873e-35,7.575886925954094e-34,BIK,protein_coding,Up
ENSG00000127377,50.41917305280967,3.2797374348108765,0.265687615291273,12.344336905637489,5.226305275625685e-35,8.092640641118575e-34,CRYGN,protein_coding,Up
ENSG00000119431,1376.397398563514,1.208376549416791,0.09798527755334989,12.332225611739155,6.074539852389245e-35,9.389543722596975e-34,HDHD3,protein_coding,Up
ENSG00000104522,5230.872733174653,1.3932760629929215,0.11300796480788738,12.329007653234703,6.322048607878974e-35,9.766398464544144e-34,GFUS,protein_coding,Up
ENSG00000273821,21.20910860053537,2.0746305290707974,0.16835768515131627,12.322755134142906,6.831962110797911e-35,1.0547941502443848e-33,AL096828.3,lncRNA,Up
ENSG00000136688,28.24433082239688,4.452034138388691,0.3619710523119015,12.299420381695281,9.122640562400788e-35,1.4010718207950423e-33,IL36G,protein_coding,Up
ENSG00000139835,535.6634283864666,1.530357378068371,0.12445758103370057,12.296216633472746,9.491679652452805e-35,1.45605347548098e-33,GRTP1,protein_coding,Up
ENSG00000168779,87.5995436787013,3.1798889240417103,0.25861550893231394,12.295816817675716,9.53876316554951e-35,1.4624254922996545e-33,SHOX2,protein_coding,Up
ENSG00000006016,5892.170783555028,4.0976591947677345,0.3334430935434067,12.28893107733333,1.0387040343908603e-34,1.591552898715107e-33,CRLF1,protein_coding,Up
ENSG00000185615,103.14777663108407,4.100485731954935,0.3336814903906089,12.288622084356222,1.0426815235227497e-34,1.5967196152900644e-33,PDIA2,protein_coding,Up
ENSG00000077935,98.00961446074297,3.495705727590569,0.28448558657944917,12.28781313535655,1.0531664691696192e-34,1.6109048603249918e-33,SMC1B,protein_coding,Up
ENSG00000211950,1795.5293609700227,3.2431290711970213,0.26401162265672157,12.28403900768364,1.103484846157324e-34,1.685915144447777e-33,IGHV1-24,IG_V_gene,Up
ENSG00000162073,386.71183739801626,1.478772823168376,0.12039573415178977,12.282601485730408,1.1232724829451078e-34,1.7151531774905903e-33,PAQR4,protein_coding,Up
ENSG00000286156,201.2254504194631,1.58879179480806,0.1293582351088517,12.282107849346676,1.130148428318285e-34,1.7246535911315494e-33,AC026273.1,transcribed_unprocessed_pseudogene,Up
ENSG00000117407,109.81675611570267,2.6460522304250946,0.21556767638531082,12.274809817476891,1.2368209056632123e-34,1.884169109320561e-33,ARTN,protein_coding,Up
ENSG00000138018,2547.658692530733,1.2598832996020173,0.10265672838580903,12.272778603142976,1.2682504761292127e-34,1.9287061739058442e-33,SELENOI,protein_coding,Up
ENSG00000211897,41033.93761295886,2.8521518756740685,0.23252981653592167,12.265746897166036,1.3833083200782701e-34,2.1000483822949905e-33,IGHG3,IG_C_gene,Up
ENSG00000206567,191.33329834467804,1.3276084650165576,0.10825772886410918,12.263405845905394,1.4238698155105281e-34,2.160382453107746e-33,AC022007.1,lncRNA,Up
ENSG00000178828,24.68102332766009,5.074230730579344,0.41390022328706194,12.259550599614181,1.4932572009119027e-34,2.2617571733513426e-33,RNF186,protein_coding,Up
ENSG00000235173,1627.3059360162015,1.1707883290705885,0.09551908654874829,12.257113958821991,1.5388342357394059e-34,2.328115823089394e-33,HGH1,protein_coding,Up
ENSG00000280206,289.2815306491119,1.3500063110786227,0.110168644983217,12.253997598720412,1.5991446107582135e-34,2.4179726711980554e-33,AC026401.3,lncRNA,Up
ENSG00000241749,23.359606106487004,4.965212922925901,0.4052818151783326,12.25126007872103,1.6540572774440753e-34,2.4995696507851155e-33,RPSAP52,transcribed_processed_pseudogene,Up
ENSG00000187961,438.6111444045298,1.4576986730924777,0.11899084168038453,12.25051148900964,1.6693969096287338e-34,2.5213056418619534e-33,KLHL17,protein_coding,Up
ENSG00000281706,65.5739924723238,1.9457431817921191,0.15886176504823893,12.248026963576084,1.721328304771389e-34,2.5967635810538633e-33,LINC01012,lncRNA,Up
ENSG00000234614,223.32895986005605,1.926186595422523,0.1572678640442619,12.247807949374907,1.7259823760993777e-34,2.6022958980983756e-33,C2CD4D-AS1,lncRNA,Up
ENSG00000229404,73.37554120754622,5.2037356981057625,0.4249766183634395,12.24475764842087,1.792116087685997e-34,2.6989206871661758e-33,LINC00858,lncRNA,Up
ENSG00000112312,842.924681093874,1.3554969577562657,0.11074327890939033,12.239992991947867,1.900490425977325e-34,2.85723674646648e-33,GMNN,protein_coding,Up
ENSG00000177732,1578.19745436463,1.3753831901173366,0.11237172221752237,12.239584505565851,1.9100791884291774e-34,2.8700164215884564e-33,SOX12,protein_coding,Up
ENSG00000002746,79.26881359111515,2.337337199281983,0.19100131050652794,12.237283571947527,1.9649957916866746e-34,2.9508507418438272e-33,HECW1,protein_coding,Up
ENSG00000240216,35.4116620386792,3.68953675639604,0.3015771538250328,12.23413879201411,2.0425977713464992e-34,3.0656404798182803e-33,CPHL1P,transcribed_unitary_pseudogene,Up
ENSG00000188486,2001.3994853009908,1.3295347137755316,0.10869523962454172,12.231765791841935,2.103163599809416e-34,3.152951911709738e-33,H2AX,protein_coding,Up
ENSG00000163631,328.6881177632804,5.265605945860534,0.43051764553401,12.230871371901902,2.1264518687405533e-34,3.184243939732447e-33,ALB,protein_coding,Up
ENSG00000143847,239.16654279945453,2.377603365460901,0.19439580322193503,12.23073402848349,2.1300505368034315e-34,3.187822511663251e-33,PPFIA4,protein_coding,Up
ENSG00000130635,14356.244725623195,2.0037926656652436,0.1639029410296101,12.225483283446671,2.272262942157595e-34,3.394876701682481e-33,COL5A1,protein_coding,Up
ENSG00000189060,14729.1832872959,1.184540659046208,0.09691147407647942,12.222914472556745,2.3452342717339983e-34,3.501915500884798e-33,H1-0,protein_coding,Up
ENSG00000248323,721.6375960242106,2.9995778566755806,0.24543088848901387,12.221680307406986,2.381116036858391e-34,3.553482167060315e-33,LUCAT1,lncRNA,Up
ENSG00000100557,77.37719404312277,5.525471451210481,0.4522088338349171,12.21884898698729,2.4655070159660235e-34,3.677342760804527e-33,CCDC198,protein_coding,Up
ENSG00000253666,16.34966673604451,3.591696198860404,0.29414371245935444,12.210684936387052,2.725846849209034e-34,4.051892977093699e-33,AP000424.1,lncRNA,Up
ENSG00000132026,23.712534642280346,5.170053756055892,0.4234123420465749,12.210446514303996,2.733846771080953e-34,4.061495174839703e-33,RTBDN,protein_coding,Up
ENSG00000184992,1384.385735398214,1.2071387906450743,0.09899189272284706,12.194319731058844,3.332755051144674e-34,4.931804191845401e-33,BRI3BP,protein_coding,Up
ENSG00000277075,81.86145820286373,3.60901229524868,0.29597626336561167,12.193586925552076,3.3628687830256455e-34,4.9735754239139805e-33,H2AC8,protein_coding,Up
ENSG00000287627,109.2663847665248,7.747316174293294,0.6354594651646691,12.191676415246567,3.4426558260405896e-34,5.0830254273622815e-33,AL359704.2,lncRNA,Up
ENSG00000013573,1182.2395276403504,1.4921228506046733,0.12238964764625011,12.191577304948556,3.446845811208081e-34,5.08636396427292e-33,DDX11,protein_coding,Up
ENSG00000112699,1439.7372958788883,1.4824370383285173,0.12159626266808361,12.191468765574363,3.4514402317697123e-34,5.090295241150297e-33,GMDS,protein_coding,Up
ENSG00000130768,1836.9183747483428,1.8450796313507196,0.15140716725284364,12.186210632086615,3.6814544930815696e-34,5.4264927323958076e-33,SMPDL3B,protein_coding,Up
ENSG00000244437,3922.5106796702457,2.8069026697334807,0.2304048371114299,12.18248151785107,3.85375039298945e-34,5.674114900230697e-33,IGKV3-15,IG_V_gene,Up
ENSG00000176371,242.31454893620355,1.0017223540294173,0.0822283307354561,12.182204661944864,3.866856818377643e-34,5.6902351730255835e-33,ZSCAN2,protein_coding,Up
ENSG00000242125,1103.7136734675435,1.55081822731189,0.12731806762177741,12.180661050550118,3.940747591121045e-34,5.792503566213041e-33,SNHG3,lncRNA,Up
ENSG00000232093,55.58649577768079,1.7033195496150475,0.13986466164987046,12.17834104428068,4.05444968980078e-34,5.956314112537413e-33,DCST1-AS1,lncRNA,Up
ENSG00000108179,2854.7760184757926,1.1030158003649815,0.09057458259937085,12.177983808590506,4.072244787899256e-34,5.979125559961212e-33,PPIF,protein_coding,Up
ENSG00000285601,40.950762399879665,4.208782179952875,0.3456530667089816,12.17631951026897,4.156177140234649e-34,6.098964451195754e-33,AC084262.2,lncRNA,Up
ENSG00000130695,1018.5035853350665,1.0681549259430068,0.08778672804173937,12.16761291564641,4.6240827373865756e-34,6.77051981037668e-33,CEP85,protein_coding,Up
ENSG00000204544,4223.944386446019,3.791283262140078,0.31165539643998513,12.16498512603217,4.7753232273629154e-34,6.988083990319649e-33,MUC21,protein_coding,Up
ENSG00000105220,13733.69709201607,1.14149761421509,0.09385434830690755,12.162437167880025,4.9266587598951766e-34,7.205545840179467e-33,GPI,protein_coding,Up
ENSG00000120498,13.60998840450882,3.3887042938453753,0.2787701113737917,12.155909674626477,5.336445279306743e-34,7.792355784712418e-33,TEX11,protein_coding,Up
ENSG00000232677,1062.153443593963,2.288629966835571,0.1882731025472839,12.155905096750569,5.336744234808732e-34,7.792355784712418e-33,LINC00665,lncRNA,Up
ENSG00000123415,1539.268720646627,1.0342635193125984,0.0850947772878588,12.154253789441032,5.445674469761098e-34,7.947008066829007e-33,SMUG1,protein_coding,Up
ENSG00000196353,174.01907492986643,2.7257379629195335,0.22437053777926427,12.148377366733927,5.851541611038078e-34,8.529859164349038e-33,CPNE4,protein_coding,Up
ENSG00000213347,331.27294227777617,1.5217293584666283,0.12537002887430715,12.137903868493769,6.650802303109351e-34,9.678095290930965e-33,MXD3,protein_coding,Up
ENSG00000287625,46.796982618820806,1.756999738254249,0.14483504896340516,12.131039764402487,7.23252350036483e-34,1.050229321060686e-32,AC022210.1,lncRNA,Up
ENSG00000101049,161.1814452573992,2.6462758424772406,0.2181962547753303,12.127961798437036,7.509528031854363e-34,1.0898528024215716e-32,SGK2,protein_coding,Up
ENSG00000176887,140.53112534695083,4.198734372529607,0.3462219571621852,12.127290848173272,7.571295953533728e-34,1.0982127298937537e-32,SOX11,protein_coding,Up
ENSG00000151715,2619.6628546716893,1.8048193892861404,0.14886914353531383,12.123529070065564,7.927070173483184e-34,1.1491854891410201e-32,TMEM45B,protein_coding,Up
ENSG00000203761,158.92999057273605,1.4345535313264999,0.11834543314723754,12.121748116310695,8.101249765732211e-34,1.173146382879508e-32,MSTO2P,unprocessed_pseudogene,Up
ENSG00000197870,25.04389126658573,3.2257720921548168,0.2661256484060634,12.121237135448238,8.151922527170963e-34,1.1798364272310554e-32,PRB3,protein_coding,Up
ENSG00000037474,4094.2899347541047,1.0302518207307987,0.08500672322122751,12.119651031008432,8.311226744063904e-34,1.2015737348737125e-32,NSUN2,protein_coding,Up
ENSG00000154277,3176.0955010809175,3.4790892727499383,0.2871088927853496,12.11766462194189,8.515104494568667e-34,1.2297004683558365e-32,UCHL1,protein_coding,Up
ENSG00000225530,45.43382754051905,6.554103375199489,0.5413497975355428,12.106965597912083,9.701720134948846e-34,1.3995315096203559e-32,SP3P,processed_pseudogene,Up
ENSG00000223783,34.30576442112465,3.766608016632323,0.31111879189240155,12.106655447334663,9.738464118944431e-34,1.4040639629117804e-32,LINC01983,lncRNA,Up
ENSG00000196208,487.50989289242835,2.7093533608782834,0.22380907863684468,12.105645478638126,9.859077208606774e-34,1.4206768633385827e-32,GREB1,protein_coding,Up
ENSG00000105699,11496.154902454387,1.4032163406127367,0.11595590001566375,12.101293167688622,1.0396045352097064e-33,1.4947858011712083e-32,LSR,protein_coding,Up
ENSG00000150753,9083.805533659266,1.2571630692029179,0.10389907629055777,12.099848372926944,1.0580642385581e-33,1.5204988539933023e-32,CCT5,protein_coding,Up
ENSG00000162769,1096.415498585704,1.22790619569415,0.101517812992991,12.095475261853082,1.11594566142365e-33,1.6019317959576294e-32,FLVCR1,protein_coding,Up
ENSG00000172731,1406.4633765328613,1.1931758575654519,0.09865481416946134,12.094451422470978,1.1299450492038656e-33,1.6202637818110894e-32,LRRC20,protein_coding,Up
ENSG00000099958,415.62818298774124,2.174997549137019,0.17983690080286766,12.0942784235433,1.1323277045775991e-33,1.6227979113973526e-32,DERL3,protein_coding,Up
ENSG00000123131,5675.565381667515,1.3988589901746926,0.1157388990318261,12.086333997267692,1.2472914607792033e-33,1.7846487151789253e-32,PRDX4,protein_coding,Up
ENSG00000124507,119.41298966966835,2.501840268742592,0.2070051054135321,12.085886788853298,1.2540971245084593e-33,1.7924412560047736e-32,PACSIN1,protein_coding,Up
ENSG00000157224,3174.770462750384,1.1581242400618836,0.095837409500095,12.084260688001335,1.2791556497608962e-33,1.8262769076445497e-32,CLDN12,protein_coding,Up
ENSG00000167619,62.094355865046026,2.9794299568317872,0.24656464570427652,12.083767923505308,1.2868469772795282e-33,1.8362637873842618e-32,TMEM145,protein_coding,Up
ENSG00000272913,129.11216839267894,1.283126537047127,0.10625278236483195,12.076168816373718,1.4114431943020026e-33,2.0064559047840327e-32,AC009237.14,lncRNA,Up
ENSG00000004864,1668.3577065917934,1.0505924812610399,0.08704200869790568,12.069947568734339,1.5223126642877266e-33,2.1594074748395562e-32,SLC25A13,protein_coding,Up
ENSG00000011677,118.4461947897228,6.097230955301138,0.5052175951302647,12.068524560648044,1.548863794901633e-33,2.1958891543847347e-32,GABRA3,protein_coding,Up
ENSG00000225506,13.857059168950226,2.578627201213119,0.21368641817450626,12.067342525753286,1.571268087517486e-33,2.226455640399576e-32,CYP4A22-AS1,lncRNA,Up
ENSG00000110944,123.29196098503411,2.111555694767059,0.1750458607370421,12.062871329126065,1.6589653447303662e-33,2.34819732370047e-32,IL23A,protein_coding,Up
ENSG00000174015,26.597584231849407,5.142748132340216,0.42633453579802283,12.062705928136696,1.6623011016520036e-33,2.3516566550731402e-32,CBY2,protein_coding,Up
ENSG00000280587,98.142299263487,2.6678618045671323,0.2212878802719256,12.056068327324471,1.8018093129218045e-33,2.544922955637278e-32,LINC01348,lncRNA,Up
ENSG00000146674,15544.945428322086,2.171992158801802,0.18027570865588471,12.048168746615556,1.983067204957846e-33,2.7994369483264663e-32,IGFBP3,protein_coding,Up
ENSG00000121895,306.1472283072663,2.4492908745714854,0.2033633004805753,12.043917800229814,2.0879860956677415e-33,2.9428216644980405e-32,TMEM156,protein_coding,Up
ENSG00000250343,51.21317544626389,3.1684203267814253,0.2630713467636975,12.04395828644707,2.086961291792912e-33,2.9428216644980405e-32,STK32A-AS1,lncRNA,Up
ENSG00000273443,11.76118251543965,4.1773076711653445,0.346897352973401,12.041912788782932,2.1393680083079957e-33,3.0104127203352107e-32,AL645608.8,lncRNA,Up
ENSG00000095932,95.93523572439305,3.9295757558659745,0.32645363866856425,12.037163291831218,2.2661479204246406e-33,3.183714473180489e-32,SMIM24,protein_coding,Up
ENSG00000122711,73.21770835330042,5.766128218562713,0.4791517960747311,12.034032358429053,2.3537757941411462e-33,3.305062177396274e-32,SPINK4,protein_coding,Up
ENSG00000169972,470.2405158651993,1.2175846937208588,0.10118901176560043,12.032775817015946,2.389882631354416e-33,3.353975784396804e-32,PUSL1,protein_coding,Up
ENSG00000240476,68.92913076809135,6.100754485719599,0.5071278637325638,12.030012393357387,2.471236693491198e-33,3.464461010492445e-32,LINC00973,lncRNA,Up
ENSG00000211594,26.19600809400654,3.1149930494174694,0.25911902288850575,12.021475747682928,2.740330674877338e-33,3.8355902280528344e-32,IGKJ4,IG_J_gene,Up
ENSG00000254367,24.555902282278723,3.8863581406604184,0.32329628191035065,12.021041868146497,2.7547590653925752e-33,3.853739870260064e-32,AC087269.1,lncRNA,Up
ENSG00000089199,585.272103007044,4.557299285647111,0.37936043846868606,12.013111604475565,3.0321733822020156e-33,4.2350853860522855e-32,CHGB,protein_coding,Up
ENSG00000165449,1131.979712544018,3.1137617556280257,0.25937806311338474,12.004722829111701,3.35586290405377e-33,4.682227766132165e-32,SLC16A9,protein_coding,Up
ENSG00000214049,58.917927805308786,4.407828641562364,0.3671891798968445,12.004244359271881,3.375326440687598e-33,4.7044058266877357e-32,UCA1,lncRNA,Up
ENSG00000232725,28.610958964828676,2.264453888644426,0.18876386350587065,11.996225583579458,3.7187161204031084e-33,5.174804437732452e-32,U52111.1,lncRNA,Up
ENSG00000198732,1074.5374106915312,3.871721817675342,0.3227627190130517,11.995566989627386,3.7484149413783514e-33,5.213380907391726e-32,SMOC1,protein_coding,Up
ENSG00000006453,3240.2846573407305,1.241360093727249,0.10351326750575578,11.992280058768547,3.9001953096862655e-33,5.418764505607314e-32,BAIAP2L1,protein_coding,Up
ENSG00000259933,23.38068845699001,2.71534137316178,0.22647862329443189,11.98939367284885,4.038503862751153e-33,5.607969818891411e-32,AC009065.2,lncRNA,Up
ENSG00000215154,76.77621042194333,1.0422986092473552,0.08695887587630705,11.98610951146554,4.201805342782302e-33,5.828595838462351e-32,AC141586.1,transcribed_unprocessed_pseudogene,Up
ENSG00000267751,42.11317605955582,2.0585719490169363,0.1718309467900373,11.980216529519183,4.51143817827108e-33,6.25153046563365e-32,AC009005.1,lncRNA,Up
ENSG00000126778,1253.1906119537844,2.3796476156610797,0.19865807917048992,11.978609808357442,4.599722070111983e-33,6.370518434288498e-32,SIX1,protein_coding,Up
ENSG00000170523,25.14845461602076,5.293018984871414,0.4418859797108109,11.978246036082412,4.619947132197584e-33,6.395170912128624e-32,KRT83,protein_coding,Up
ENSG00000286587,13.3085496104642,5.429247160316342,0.4532636576682284,11.978121493892948,4.6268917219605605e-33,6.401423646804826e-32,AL133335.2,lncRNA,Up
ENSG00000152377,700.0325260554495,3.1077781092575485,0.2595135586421534,11.975397838626627,4.7813848348537216e-33,6.604773079889609e-32,SPOCK1,protein_coding,Up
ENSG00000240280,61.96755773632088,4.536341034807257,0.37887366020063756,11.973228839410417,4.9080719677617465e-33,6.776222920935982e-32,TCAM1P,transcribed_unitary_pseudogene,Up
ENSG00000204147,221.53800252442443,1.0363821420540453,0.08656167184415259,11.972760229492435,4.935877482409791e-33,6.811046007909273e-32,ASAH2B,protein_coding,Up
ENSG00000173848,7731.299469644113,1.3509951668024849,0.11284804941270567,11.971807876462726,4.9928694243924374e-33,6.882486498757374e-32,NET1,protein_coding,Up
ENSG00000211592,250725.30193062464,2.631374015724543,0.21986059001587058,11.968375121410336,5.203773727237888e-33,7.169462548968814e-32,IGKC,IG_C_gene,Up
ENSG00000248099,19.055333682930105,2.0859442131860937,0.17439544287938724,11.961001840103949,5.687160118224358e-33,7.823182697839141e-32,INSL3,protein_coding,Up
ENSG00000271857,20.95906385411271,2.258392673406571,0.18887095025583095,11.957332084936914,5.944110792220431e-33,8.172377559481374e-32,AL096865.1,lncRNA,Up
ENSG00000106541,26918.9126140556,2.4703429208731187,0.20664545196592515,11.954499348383756,6.1503108985036526e-33,8.447067624663611e-32,AGR2,protein_coding,Up
ENSG00000211955,1535.4765983838156,2.929580770233413,0.2452258428295879,11.946460195344235,6.774990519847788e-33,9.295343392736013e-32,IGHV3-33,IG_V_gene,Up
ENSG00000117877,191.2797487536074,1.2005438483472366,0.1005154822286908,11.943869956429033,6.989385946242339e-33,9.584508965283956e-32,POLR1G,protein_coding,Up
ENSG00000171084,115.47474457373725,1.2614763339852664,0.10563266457823249,11.942104641798615,7.139349340940443e-33,9.785064559282718e-32,FAM86JP,transcribed_unprocessed_pseudogene,Up
ENSG00000196247,685.4636248442083,1.2360879299494982,0.10354537693464942,11.937644794413469,7.53259890677231e-33,1.0318682242679782e-31,ZNF107,protein_coding,Up
ENSG00000170779,705.7797589133801,1.4276024064330752,0.11959624038263318,11.936850204200738,7.604886517540544e-33,1.0412297895511119e-31,CDCA4,protein_coding,Up
ENSG00000162782,161.7758539604349,3.6970864063505693,0.30997249637043134,11.92714337446372,8.545589750764992e-33,1.1688132869692574e-31,TDRD5,protein_coding,Up
ENSG00000211454,68.91135216440496,3.010414668292432,0.2524653471852245,11.924070775874844,8.866783287926242e-33,1.212115475907802e-31,AKR7L,polymorphic_pseudogene,Up
ENSG00000225697,936.2252896954627,1.3915869986415768,0.11671787148568695,11.922655724682457,9.018710054169041e-33,1.2322455136188478e-31,SLC26A6,protein_coding,Up
ENSG00000132329,1600.819510138974,2.2388314931778823,0.18791089424377977,11.91432514962869,9.966990114487881e-33,1.3604012904712496e-31,RAMP1,protein_coding,Up
ENSG00000179088,26.499319667445892,2.9804604214557977,0.2501650981817544,11.913973784186236,1.0009092745401563e-32,1.365441157249039e-31,C12orf42,protein_coding,Up
ENSG00000276966,37.312672146790604,3.6887167283473716,0.30978420443506166,11.907375119639507,1.0833410932673797e-32,1.4771305392689142e-31,H4C5,protein_coding,Up
ENSG00000003147,2024.9514900671986,1.165166683111876,0.09785721172242623,11.90680444091226,1.0907791612751175e-32,1.4865036942028345e-31,ICA1,protein_coding,Up
ENSG00000185467,173.6138815008084,2.236396369311552,0.18791008521543204,11.901417461162904,1.1635385440773395e-32,1.5832049229782994e-31,KPNA7,protein_coding,Up
ENSG00000151632,15599.778697692498,4.65311764945565,0.3910358324325752,11.899466144852514,1.1910664583730087e-32,1.6189908508915587e-31,AKR1C2,protein_coding,Up
ENSG00000271550,52.31404575684783,2.0872663671297356,0.17543791957429056,11.897464198131159,1.219980820954949e-32,1.6574391678816077e-31,BNIP3P11,processed_pseudogene,Up
ENSG00000185090,388.1269945727653,1.7901589866405458,0.15047778417689014,11.896500180625816,1.234151835261789e-32,1.674965717748501e-31,MANEAL,protein_coding,Up
ENSG00000253227,26.870888614191465,4.909977060286752,0.4128603127885519,11.89258668900301,1.2933783591474793e-32,1.7535417650755285e-31,AC090192.2,lncRNA,Up
ENSG00000232434,222.9560217786153,1.537871720042617,0.1294154682935284,11.88321411899972,1.4469465191895275e-32,1.9587258578556386e-31,AJM1,protein_coding,Up
ENSG00000232679,30.734485942138477,3.2344870963168963,0.2722307953142093,11.881415152108877,1.4784299854805535e-32,2.0003180460298715e-31,LINC01705,lncRNA,Up
ENSG00000103449,84.51709809222166,5.756003277655913,0.4848880397369626,11.870788318017443,1.6787821407959688e-32,2.2679039473765213e-31,SALL1,protein_coding,Up
ENSG00000257167,105.94071731060131,1.5674176318075699,0.13204562702255682,11.870272928764345,1.689156649370242e-32,2.280750683251064e-31,TMPO-AS1,lncRNA,Up
ENSG00000007306,136.24929080560247,3.5951350041216443,0.302991607320996,11.865460683578865,1.7891495353099973e-32,2.413292749162385e-31,CEACAM7,protein_coding,Up
ENSG00000108106,903.1973604261574,1.7620530282170033,0.14859002324723777,11.858488138770507,1.944545490405295e-32,2.620217914255883e-31,UBE2S,protein_coding,Up
ENSG00000106305,681.034978520786,1.0583999047954176,0.08927272876048381,11.855803216624805,2.0078953995158605e-32,2.704198247458286e-31,AIMP2,protein_coding,Up
ENSG00000170775,336.160439050851,2.7339765582326914,0.23066693612426617,11.852485684206723,2.0890086666596166e-32,2.8120040091788715e-31,GPR37,protein_coding,Up
ENSG00000180879,14529.604252637853,1.3667479091699006,0.1153254298014429,11.851227535184963,2.1206141264519217e-32,2.8530915568641418e-31,SSR4,protein_coding,Up
ENSG00000227060,11.581366139089546,3.7002239673365525,0.3122982936051102,11.848364346221343,2.1943200634567357e-32,2.9507506411705313e-31,LINC00629,lncRNA,Up
ENSG00000206075,739.7017825161323,4.431307433738429,0.37400543596291386,11.848243388039512,2.197489231309366e-32,2.953506168686441e-31,SERPINB5,protein_coding,Up
ENSG00000124391,26.929134120429563,3.8073709200104613,0.32148146513513765,11.843205076877446,2.3336121948164532e-32,3.1300790222436355e-31,IL17C,protein_coding,Up
ENSG00000268307,67.58522753303217,2.971283060363034,0.25089343587342683,11.84280907955685,2.3446593878521734e-32,3.143297816861302e-31,LINC02560,lncRNA,Up
ENSG00000283646,154.2121100781931,3.1033441969069386,0.26218897983250516,11.836287699389409,2.53423941326001e-32,3.3957262869749217e-31,LINC02009,lncRNA,Up
ENSG00000161179,1038.8872813041537,1.2813052328791332,0.10825567730689292,11.83591719856663,2.54545575965533e-32,3.409023279944696e-31,YDJC,protein_coding,Up
ENSG00000065911,2943.9269004256453,1.5030699097755966,0.12700732112285903,11.834513920041033,2.588386609119981e-32,3.4612451765970537e-31,MTHFD2,protein_coding,Up
ENSG00000211893,36974.661684851635,2.657901829714959,0.22461136002253446,11.833336610616225,2.62495841992132e-32,3.508370680857841e-31,IGHG2,IG_C_gene,Up
ENSG00000173272,1198.5332805844273,1.1975835759094795,0.10125171006497513,11.827786169151786,2.8044083202211526e-32,3.7406296107350427e-31,MZT2A,protein_coding,Up
ENSG00000127252,76.43600213020412,2.829943198372103,0.2393400179077847,11.823944959603251,2.935678299864908e-32,3.907816091238649e-31,PLAAT1,protein_coding,Up
ENSG00000205704,10.070988036690585,3.9409023260610114,0.3333128306569816,11.823434214318223,2.9535860060012127e-32,3.929670180537436e-31,LINC00634,protein_coding,Up
ENSG00000171067,2359.1147748550793,1.0155158428370274,0.08590803760711695,11.820964267409808,3.0417295005534457e-32,4.044902013595278e-31,C11orf24,protein_coding,Up
ENSG00000163568,448.8587977365118,2.749123245755534,0.2326199561088125,11.818088575640425,3.14764803553193e-32,4.183643079484727e-31,AIM2,protein_coding,Up
ENSG00000204220,1711.1535298629833,1.0669100742499948,0.09043287004091027,11.797812828093845,4.005882402395258e-32,5.318988869645668e-31,PFDN6,protein_coding,Up
ENSG00000163053,1678.5201546154183,2.943027079397111,0.2495978281313933,11.791076474623178,4.3395846677942837e-32,5.756280064876019e-31,SLC16A14,protein_coding,Up
ENSG00000166426,42.26154223211253,4.915743879012737,0.4170160276559006,11.787901550558502,4.5062933225179297e-32,5.974406984152731e-31,CRABP1,protein_coding,Up
ENSG00000115255,954.2632708726136,2.258647996645976,0.19163485802403776,11.786206434127251,4.59788850320596e-32,6.086662642045239e-31,REEP6,protein_coding,Up
ENSG00000145832,16.608517458580522,4.295490996097369,0.3645594452926931,11.78269018005735,4.7938244761198695e-32,6.342857573270495e-31,SLC25A48,protein_coding,Up
ENSG00000169469,243.6073808402377,5.461102071009366,0.4635529537540525,11.780967043318347,4.892847488408848e-32,6.470631307389234e-31,SPRR1B,protein_coding,Up
ENSG00000143297,642.471742893823,2.498997214212466,0.21218574999214834,11.77740359239458,5.104116142062157e-32,6.743263660630215e-31,FCRL5,protein_coding,Up
ENSG00000184925,103.77278113086362,2.467032696373367,0.20951521298460857,11.77495734667535,5.254367140066324e-32,6.934817892069518e-31,LCN12,protein_coding,Up
ENSG00000157111,72.51982083075207,2.89612534329024,0.24619921540251874,11.763341075459053,6.029996581207548e-32,7.954527756200251e-31,TMEM171,protein_coding,Up
ENSG00000137842,1537.039003218141,1.0492115434098652,0.08921107239980942,11.761001355389004,6.199463611290665e-32,8.169907817577953e-31,TMEM62,protein_coding,Up
ENSG00000231131,25.078480081014582,3.2640509456142706,0.27775718096456736,11.751454757278285,6.94134428949755e-32,9.138454763557183e-31,LNCAROD,lncRNA,Up
ENSG00000145451,69.33476565883718,3.612122538359172,0.30738025322934504,11.75131616429526,6.952739439059799e-32,9.148889172056233e-31,GLRA3,protein_coding,Up
ENSG00000169783,250.15672546673107,2.52471929299686,0.21490332393476677,11.74816306593392,7.21706551125342e-32,9.487239159110304e-31,LINGO1,protein_coding,Up
ENSG00000161800,1617.0520401628469,1.4940786113042364,0.12720848934050002,11.745117161992418,7.48187358405333e-32,9.820657362443321e-31,RACGAP1,protein_coding,Up
ENSG00000156876,294.1390304829782,1.1952200243744047,0.1017821358094028,11.742925365729928,7.678373641936415e-32,1.0068558574732137e-30,SASS6,protein_coding,Up
ENSG00000267795,596.2205177366639,1.968234174895018,0.16761667309232836,11.742472503381897,7.719608195844956e-32,1.0117597819305741e-30,SMIM22,protein_coding,Up
ENSG00000211598,11887.182781414343,2.8106836691981902,0.2393808821046588,11.741470933210707,7.8115868350269e-32,1.0233045948688211e-30,IGKV4-1,IG_V_gene,Up
ENSG00000226421,20.228416173636663,4.047398724935058,0.3447109121628331,11.74142907034856,7.81545488838e-32,1.0233045948688211e-30,SLC25A5P5,processed_pseudogene,Up
ENSG00000211662,7239.099864390417,2.827452342764696,0.2408686327083277,11.738566001611801,8.084559802264812e-32,1.0569650073660045e-30,IGLV3-21,IG_V_gene,Up
ENSG00000249199,57.2608154386215,7.6247337897453,0.6497732503768597,11.734453188590107,8.487305963120377e-32,1.108520347932067e-30,AC026785.3,lncRNA,Up
ENSG00000198183,12543.990365502534,4.981131714226586,0.424624934351125,11.73066231223166,8.876140922667393e-32,1.1587318620333621e-30,BPIFA1,protein_coding,Up
ENSG00000272763,58.34660775702142,4.473873751186396,0.3814515929175684,11.728549137696742,9.10051690568261e-32,1.1874350856152915e-30,AC103702.2,lncRNA,Up
ENSG00000095752,76.65097080898198,2.6912190054779788,0.22948922383173487,11.72699510915259,9.269108045556333e-32,1.2082371683703436e-30,IL11,protein_coding,Up
ENSG00000188505,332.15581173955826,3.635997047118877,0.31008703883701344,11.725730494108182,9.408587345787154e-32,1.2252071521402827e-30,NCCRP1,protein_coding,Up
ENSG00000234800,9.60643086370689,4.4300507112529095,0.3779042998259754,11.722678766272159,9.753815461107064e-32,1.2682845843658446e-30,PCMTD1P3,processed_pseudogene,Up
ENSG00000253616,35.75558779174979,2.2480876436345474,0.19182236745942027,11.719632456888151,1.011097077595784e-31,1.314077374874363e-30,AC107959.3,lncRNA,Up
ENSG00000237289,145.14861278846513,2.960456504469704,0.252612427204056,11.719362096458928,1.014328878215473e-31,1.3176282028838435e-30,CKMT1B,protein_coding,Up
ENSG00000123684,4813.178435944536,1.0542996369827573,0.08998465817136354,11.716437650682487,1.0499490237794793e-31,1.363227757610284e-30,LPGAT1,protein_coding,Up
ENSG00000267278,373.63952610281336,1.2361784057025658,0.10551362953417782,11.71581729450549,1.057663246652077e-31,1.3725679042428776e-30,MAP3K14-AS1,lncRNA,Up
ENSG00000167614,40.32644024133654,2.4184851895804544,0.20644627843201585,11.714840334973042,1.069926132399344e-31,1.3871166229779106e-30,TTYH1,protein_coding,Up
ENSG00000073605,1251.6675359859973,1.7405870541308799,0.1485910247216916,11.713944751313003,1.0812915490360084e-31,1.4011625625591912e-30,GSDMB,protein_coding,Up
ENSG00000211962,2093.5302304313864,2.7942680320720763,0.23864483095493091,11.708898201946749,1.1476120605665098e-31,1.4849131519695223e-30,IGHV1-46,IG_V_gene,Up
ENSG00000146666,16.516768917721464,3.398618335738563,0.2905753751353725,11.696167764234058,1.333402814349603e-31,1.721088214116448e-30,LINC00525,lncRNA,Up
ENSG00000204060,215.6887237575105,2.3058181203703896,0.19719620068146945,11.69301493843166,1.3838520932559299e-31,1.7853316878257765e-30,FOXO6,protein_coding,Up
ENSG00000223572,119.19101901753874,2.920181244277309,0.2497548646444843,11.692189653378989,1.397367762844891e-31,1.8010062515258934e-30,CKMT1A,protein_coding,Up
ENSG00000172782,50.35208184534973,5.200824176461741,0.4448632743928396,11.690837333245714,1.4197985562874706e-31,1.8290223707523498e-30,FADS6,protein_coding,Up
ENSG00000167702,794.2847553088044,1.8200109005829137,0.15573274519949123,11.686757966357737,1.4896511434296734e-31,1.9162000318166093e-30,KIFC2,protein_coding,Up
ENSG00000244649,44.15871568024714,3.866639086902894,0.33086117507849455,11.686590564715125,1.4925893802651297e-31,1.9190434889123098e-30,LINC02086,lncRNA,Up
ENSG00000106367,2701.155586538655,1.1367340168490343,0.09728939838064025,11.684048167320507,1.5379274098292314e-31,1.9763716275437052e-30,AP1S1,protein_coding,Up
ENSG00000196407,303.5107091063738,1.8982182612892813,0.16259585285989067,11.674456807486854,1.7216191149992735e-31,2.2092017548676808e-30,THEM5,protein_coding,Up
ENSG00000249001,28.583679645245233,3.5465392837944023,0.30381092353555905,11.673508123151153,1.7409313559093422e-31,2.232896880123023e-30,AC093895.1,lncRNA,Up
ENSG00000240086,37.04604886825919,4.144158536121463,0.35509970508600724,11.67040827341077,1.8055465911591725e-31,2.3146457758321524e-30,AC092969.1,lncRNA,Up
ENSG00000148798,148.7015025102239,4.447896605444016,0.3812722707927235,11.66593257935112,1.9030629567292888e-31,2.4384727973251384e-30,INA,protein_coding,Up
ENSG00000070729,116.05188001767146,2.9207595940319693,0.2504568580469341,11.661727360185267,1.9994438195545776e-31,2.5607252803134634e-30,CNGB1,protein_coding,Up
ENSG00000162344,40.380511848612095,7.218934952399857,0.6190822499646268,11.660704135536648,2.023619208269587e-31,2.5904290544693696e-30,FGF19,protein_coding,Up
ENSG00000215784,29.756161543706728,2.319607348058542,0.198960528123099,11.65863083467177,2.0734976922261455e-31,2.6529904970404395e-30,FAM72D,protein_coding,Up
ENSG00000160471,33.628225516061875,3.236812125595065,0.2777238957521965,11.654784392349015,2.169288059755092e-31,2.7742059231688545e-30,COX6B2,protein_coding,Up
ENSG00000196787,74.28556292269892,2.598776204771838,0.2232521064726312,11.640545058375187,2.56371949726789e-31,3.26911427190301e-30,H2AC11,protein_coding,Up
ENSG00000188372,276.5941107845898,1.897645620340781,0.16313802867792104,11.632147548425088,2.828896886085168e-31,3.603768641838932e-30,ZP3,protein_coding,Up
ENSG00000084774,3188.9495147117796,1.1383102465604014,0.09792544893917354,11.624253540746732,3.1029371345867385e-31,3.947151579307877e-30,CAD,protein_coding,Up
ENSG00000253258,9.315327250005671,4.909100740180424,0.4223298507596983,11.623854509336248,3.1174685994542037e-31,3.963724540386083e-30,AC068228.1,lncRNA,Up
ENSG00000181192,2245.8326274400115,1.0345056221768056,0.08901518443575726,11.621675882988413,3.198006847961964e-31,4.058298391759239e-30,DHTKD1,protein_coding,Up
ENSG00000233515,27.4916625870491,5.6143505651608585,0.48312999814183727,11.620786510368163,3.231475347997236e-31,4.098797735771386e-30,LINC01518,lncRNA,Up
ENSG00000066855,1734.627830935882,1.2530384593477715,0.10783921116714901,11.619506910205255,3.2802396508459185e-31,4.158649980423407e-30,MTFR1,protein_coding,Up
ENSG00000170577,294.35112425396113,3.326860422955715,0.2864352797408655,11.614702022619156,3.46995996231624e-31,4.39494928944665e-30,SIX2,protein_coding,Up
ENSG00000178821,118.09524146456121,2.0197126887115657,0.17397850487857835,11.60897830522884,3.7102223731330336e-31,4.6970025914314974e-30,TMEM52,protein_coding,Up
ENSG00000167123,2626.064822209865,1.4645158704382477,0.12618970036597094,11.605668816004084,3.856604616125386e-31,4.8799742671413834e-30,CERCAM,protein_coding,Up
ENSG00000225077,30.97390470683893,2.732938013836751,0.23553246431939973,11.60323279312648,3.968002360891707e-31,5.018523849242892e-30,LINC00337,lncRNA,Up
ENSG00000211978,31.32695014952387,2.6245373143297708,0.22623757524557989,11.600801995339841,4.082344494572438e-31,5.158189953132496e-30,IGHV5-78,IG_V_pseudogene,Up
ENSG00000008197,59.597678717595876,7.036931570540457,0.6067128863597018,11.598454110250218,4.195890340575076e-31,5.2965834505009454e-30,TFAP2D,protein_coding,Up
ENSG00000111669,25355.581817538095,1.1280831063729253,0.09726993613470038,11.597448823352208,4.245460350410751e-31,5.35659279618811e-30,TPI1,protein_coding,Up
ENSG00000211956,2198.737701136985,2.787706337460702,0.24064362678092216,11.584376344188753,4.945528560506769e-31,6.2249922740125785e-30,IGHV4-34,IG_V_gene,Up
ENSG00000169903,841.8228620547947,4.6229821991234745,0.3990818001961531,11.584046671261952,4.964590902368498e-31,6.2430263278711155e-30,TM4SF4,protein_coding,Up
ENSG00000232216,402.1485046474688,3.037713856212412,0.2622587681100484,11.582887688001852,5.0321863848689575e-31,6.325012152954929e-30,IGHV3-43,IG_V_gene,Up
ENSG00000224728,10.860087848558198,2.691355986468238,0.23239090224319614,11.581158988968271,5.13471069310319e-31,6.447729570339576e-30,IMPDH1P8,processed_pseudogene,Up
ENSG00000262468,190.60586093877882,1.4625437881589318,0.12633171168607682,11.577012364031166,5.3891657054717505e-31,6.764031397110426e-30,LINC01569,lncRNA,Up
ENSG00000228109,55.52730746677796,1.8584946554760324,0.1605989165295722,11.572273933328901,5.695291136221971e-31,7.138062132232574e-30,MELTF-AS1,lncRNA,Up
ENSG00000259674,68.01827016473698,3.7837332128322774,0.32710124024135984,11.567468255517328,6.023389647190883e-31,7.534951849925218e-30,AC092868.1,processed_pseudogene,Up
ENSG00000197301,26.740823394388165,2.9184392406837305,0.25240920588520693,11.562332801803617,6.394759500433679e-31,7.991934029688916e-30,HMGA2-AS1,lncRNA,Up
ENSG00000271013,9.705856818684444,3.8852167924425323,0.3361818755021264,11.556889515948807,6.813222335509503e-31,8.506850046751213e-30,LRRC37A9P,processed_pseudogene,Up
ENSG00000105865,218.16300111131898,1.0875419057350904,0.0941045092289718,11.556745948155593,6.824619683196859e-31,8.517047848835833e-30,DUS4L,protein_coding,Up
ENSG00000138376,624.3245948692785,1.1059454380362166,0.09572753297507729,11.553054838717614,7.124231375656227e-31,8.886754085906088e-30,BARD1,protein_coding,Up
ENSG00000162460,19.528253578058923,4.964289484017374,0.4297899835804741,11.550500648389024,7.339165866990785e-31,9.146210014770653e-30,TMEM82,protein_coding,Up
ENSG00000174442,585.8916303485325,1.078082781933531,0.09337011459551237,11.546336711739956,7.703443419992571e-31,9.577548467006322e-30,ZWILCH,protein_coding,Up
ENSG00000286403,49.26602617703767,4.259119276961418,0.3689098467096584,11.545149350034713,7.8105684895083225e-31,9.69701935349974e-30,AC010378.1,lncRNA,Up
ENSG00000180347,182.856667640314,4.538048404584178,0.3931571653050862,11.542580944856226,8.047378165926182e-31,9.986322928728161e-30,ITPRID1,protein_coding,Up
ENSG00000230061,56.316955291576434,3.5419902584193386,0.3069690938699757,11.538589158163381,8.429646018730052e-31,1.0450858745364903e-29,TRPM2-AS,lncRNA,Up
ENSG00000256940,7.716776067541976,2.733576452700259,0.23693407863266808,11.537286946966681,8.55820815693184e-31,1.060027943157786e-29,PPP1R14B-AS1,lncRNA,Up
ENSG00000229647,86.48347991532955,2.9353913108850107,0.254489157461484,11.534445475655566,8.845531532285324e-31,1.0951017206871549e-29,MYOSLID,lncRNA,Up
ENSG00000267147,22.52682036426421,3.648924093136031,0.31641579920683316,11.532054032329844,9.094755043667795e-31,1.1254279235172209e-29,LINC01842,lncRNA,Up
ENSG00000240204,185.1079380821244,2.8123805713215635,0.2438925894805656,11.531226009413729,9.182661659428442e-31,1.1357729266375612e-29,SMKR1,protein_coding,Up
ENSG00000105664,1982.9028614319338,2.8972631597976806,0.2512716577566068,11.530401739953104,9.271007416394745e-31,1.146162520254709e-29,COMP,protein_coding,Up
ENSG00000225872,25.745127936923215,3.0739271016801877,0.26661542119694354,11.529442250114778,9.374909342009169e-31,1.1584646642398396e-29,LINC01529,transcribed_unitary_pseudogene,Up
ENSG00000228168,63.9185474017124,1.7424002580423923,0.15117499188883535,11.525717556007178,9.789320362693132e-31,1.2091071567410674e-29,HNRNPA1P21,processed_pseudogene,Up
ENSG00000149503,1096.303839765774,1.2429359330765368,0.10789792574742671,11.519553545320864,1.0515442160117495e-30,1.296970111142649e-29,INCENP,protein_coding,Up
ENSG00000176659,153.05342582817025,3.1325479838269206,0.271980744310595,11.517535889414406,1.0764545805813783e-30,1.327009784914189e-29,C20orf197,lncRNA,Up
ENSG00000182325,766.1113941221441,1.2073167324031804,0.10485892015165896,11.51372463741779,1.1251180508768232e-30,1.3857712751808422e-29,FBXL6,protein_coding,Up
ENSG00000221829,27.463986051687062,1.6697104251888193,0.145021088607206,11.513569793364884,1.1271406607412063e-30,1.3876143428452667e-29,FANCG,protein_coding,Up
ENSG00000203814,101.90518012086198,2.3240000378841614,0.2018644828024188,11.512674273457256,1.1389091496477919e-30,1.401448169678594e-29,H2BC18,protein_coding,Up
ENSG00000139515,63.57815458613811,7.727190267318816,0.6713732467481988,11.509529616715469,1.1812091192134997e-30,1.4521437983058267e-29,PDX1,protein_coding,Up
ENSG00000286223,41.65734927452731,1.6981547086629287,0.14756370442268188,11.50794306300911,1.2031386318203784e-30,1.4784140596972684e-29,AC064836.3,lncRNA,Up
ENSG00000100987,18.109235396566085,3.8680379010811006,0.3361228194552578,11.507811065460805,1.204981222095345e-30,1.4799885806545995e-29,VSX1,protein_coding,Up
ENSG00000112877,373.4908899017555,1.2697485719648525,0.11034432556207413,11.507148786283134,1.214268529041509e-30,1.4900074970137083e-29,CEP72,protein_coding,Up
ENSG00000272825,72.3427884184782,2.8685901785570946,0.2492874252165661,11.507159561157302,1.214116863182229e-30,1.4900074970137083e-29,AL844908.1,lncRNA,Up
ENSG00000279742,18.081024028562528,2.2972614735017154,0.19964721006440125,11.506604438703029,1.221955225253555e-30,1.498742292555174e-29,AP000974.1,TEC,Up
ENSG00000165215,4259.942165868937,2.0347993577515293,0.1768724536295308,11.504331601649682,1.2545750879243878e-30,1.5366068308669812e-29,CLDN3,protein_coding,Up
ENSG00000279443,44.64574173183561,1.9459493135837413,0.16915720867402428,11.503791820859956,1.2624481961987914e-30,1.5455319839258185e-29,AL513497.1,TEC,Up
ENSG00000249379,23.291812496205452,3.5325366318392946,0.3070872853228714,11.503363378021945,1.2687322526170608e-30,1.5525043852209693e-29,AL033397.2,lncRNA,Up
ENSG00000197085,14.2715444032792,5.614238060156138,0.48839928082228456,11.495180850192547,1.3948857081741222e-30,1.7029229687292408e-29,NPSR1-AS1,lncRNA,Up
ENSG00000198915,563.3062269879356,2.0064029335800484,0.17471520969040924,11.483848127105485,1.5904101113646725e-30,1.936247213143417e-29,RASGEF1A,protein_coding,Up
ENSG00000164778,34.01170241581872,4.238867822271551,0.36913708728669925,11.483180553405981,1.6027410024261207e-30,1.9503590324862392e-29,EN2,protein_coding,Up
ENSG00000082512,1225.092669469982,1.2982418830744882,0.11306980241612936,11.481773694948055,1.629038951362358e-30,1.9805328329841117e-29,TRAF5,protein_coding,Up
ENSG00000184117,2854.965322842626,1.085720826188285,0.09456010045636588,11.481807030115027,1.6284109016119784e-30,1.9805328329841117e-29,NIPSNAP1,protein_coding,Up
ENSG00000204277,23.837212611064743,2.9560477958426232,0.25757388346165133,11.476504357176925,1.7313994648099227e-30,2.104009395716021e-29,LINC01993,lncRNA,Up
ENSG00000263513,19.277771751345597,2.7581980091093636,0.2403523871984871,11.475642248693777,1.7487437330637344e-30,2.1231294770207495e-29,FAM72C,protein_coding,Up
ENSG00000116649,2948.4007717463423,1.0509735149390793,0.09158996836633156,11.474766654962803,1.7665358222894706e-30,2.143743655488879e-29,SRM,protein_coding,Up
ENSG00000169962,223.2613345146254,2.289827782847169,0.19968063945361347,11.467450169995596,1.922405241131125e-30,2.3286093802768839e-29,TAS1R3,protein_coding,Up
ENSG00000205869,44.61608845107175,2.2205485235348332,0.19366564638978806,11.465887548613383,1.9574242887986565e-30,2.369939324867795e-29,KRTAP5-1,protein_coding,Up
ENSG00000260289,26.83714576557273,5.51138512621034,0.4807484971593222,11.464175465500919,1.9965200661032598e-30,2.416164944614179e-29,AC093515.1,lncRNA,Up
ENSG00000269397,64.35353101615502,1.96597498744082,0.1714959083231742,11.463684508064489,2.0078734919335363e-30,2.4287900909306125e-29,AC011503.2,lncRNA,Up
ENSG00000178295,635.746378575003,1.0850060602269838,0.0946495960750558,11.463398738295611,2.014511419567507e-30,2.4357022528195852e-29,GEN1,protein_coding,Up
ENSG00000204983,64.81521572020026,5.048448675786952,0.4406933754030351,11.455694497721698,2.201912338584314e-30,2.659845550548253e-29,PRSS1,protein_coding,Up
ENSG00000149428,9936.166439502118,1.123040058555835,0.0980361620580042,11.455365397631294,2.2102918154455255e-30,2.668745200242606e-29,HYOU1,protein_coding,Up
ENSG00000214039,132.7670604363104,7.578806450228498,0.6617319538986085,11.45298546575814,2.2718385388598993e-30,2.7418023922075765e-29,LINC02418,lncRNA,Up
ENSG00000143469,49.17594716909832,4.602866973027054,0.4020796718668396,11.447649048399112,2.4160942782121286e-30,2.913233018584995e-29,SYT14,protein_coding,Up
ENSG00000228630,38.46207290100883,6.761037537570239,0.590609411327759,11.447561464302838,2.4185361688216298e-30,2.914844550814734e-29,HOTAIR,lncRNA,Up
ENSG00000247735,36.14865027331728,1.58135999904891,0.13815617414380213,11.44617682741363,2.4574676471440137e-30,2.9604121450519706e-29,AC120114.1,lncRNA,Up
ENSG00000213185,78.33033957588314,1.5758067955281514,0.13767477884357265,11.44586400475426,2.4663489783121706e-30,2.969754454707395e-29,FAM24B,protein_coding,Up
ENSG00000123989,7109.621090044301,1.270370464361551,0.11099155820592627,11.445649425018352,2.472459513844853e-30,2.975753417621578e-29,CHPF,protein_coding,Up
ENSG00000224041,293.61629224712226,3.0286623316905805,0.2646436569881548,11.444303506681592,2.5111310819165505e-30,3.0209181856815436e-29,IGKV3D-15,IG_V_gene,Up
ENSG00000283554,13.225893734757111,4.044363056657273,0.35345339685216326,11.442422374989604,2.5661884919291633e-30,3.0857451223060664e-29,LINC02341,lncRNA,Up
ENSG00000188910,566.1390589565483,3.2753505003225976,0.2863825766811706,11.436975455280724,2.7324590945056196e-30,3.2826854816452474e-29,GJB3,protein_coding,Up
ENSG00000002079,35.0740578082868,2.888292943131207,0.2525623492557157,11.435960077354416,2.764616102731514e-30,3.319805402050548e-29,MYH16,transcribed_unitary_pseudogene,Up
ENSG00000120211,136.5384359289356,7.656309977505509,0.669623054483935,11.4337610185869,2.8355535980880797e-30,3.40343870648988e-29,INSL4,protein_coding,Up
ENSG00000198807,630.8496078344538,2.73118889364466,0.23890647770666998,11.432042026914068,2.8922605422482292e-30,3.4699231346262876e-29,PAX9,protein_coding,Up
ENSG00000188483,468.91417496709556,1.7681569305934208,0.15471099575572675,11.428773513843609,3.0032065220264246e-30,3.5997525448107646e-29,IER5L,protein_coding,Up
ENSG00000169302,1034.1628264158637,2.0626931417058745,0.1804887174169625,11.428377192911565,3.016943125000956e-30,3.6145747481269975e-29,STK32A,protein_coding,Up
ENSG00000231764,64.70915125215113,4.723122506532069,0.41333152515316973,11.426959278709274,3.0666010780195335e-30,3.670734018491834e-29,DLX6-AS1,lncRNA,Up
ENSG00000246528,13.081344020325002,3.3075006995030662,0.289652508767757,11.418857421859984,3.3663038530076015e-30,4.023999664723955e-29,AC079089.1,lncRNA,Up
ENSG00000077348,954.0019666426568,1.2160274402379077,0.10649384842297488,11.418757592533046,3.37017242624276e-30,4.026798680562827e-29,EXOSC5,protein_coding,Up
ENSG00000176490,282.42078627963474,2.6062647574747153,0.22827367892738895,11.417281088739697,3.4279076440816096e-30,4.093927743407248e-29,DIRAS1,protein_coding,Up
ENSG00000149257,12912.601195513354,1.0955498912389734,0.09596517675393343,11.416119141301628,3.474032195570114e-30,4.1452592306418054e-29,SERPINH1,protein_coding,Up
ENSG00000197444,160.50253858981782,3.5547973170174805,0.31146273509358335,11.41323476771432,3.591209594648899e-30,4.2831387160059463e-29,OGDHL,protein_coding,Up
ENSG00000176945,1977.3457516001024,2.1846671291657316,0.19145229374188624,11.41102614372996,3.683579075049824e-30,4.391319177624948e-29,MUC20,protein_coding,Up
ENSG00000236663,14.104684327614017,3.8974072917530176,0.34155851480490423,11.410657684757732,3.699216696796929e-30,4.4079685627896525e-29,FRGCA,lncRNA,Up
ENSG00000131095,44.50495888017708,2.8978846925584505,0.2540109165832112,11.40850453019461,3.791924242817635e-30,4.516397573762468e-29,GFAP,protein_coding,Up
ENSG00000223396,182.68694182684317,1.1479607028057277,0.10063229300871443,11.407478340042575,3.836916295842004e-30,4.567922470490006e-29,RPS10P7,transcribed_processed_pseudogene,Up
ENSG00000124575,15.891562704942702,4.031440502054306,0.3535197207360884,11.40372167544192,4.006189341088943e-30,4.76514266687034e-29,H1-3,protein_coding,Up
ENSG00000165802,2568.5974051969074,1.2929643873786463,0.11338699860683088,11.403109732730442,4.0344565371044506e-30,4.7966013924005577e-29,NSMF,protein_coding,Up
ENSG00000168298,26.767176363426408,2.9874313790097564,0.2620171648730003,11.401662866086518,4.102080764556673e-30,4.872606746007183e-29,H1-4,protein_coding,Up
ENSG00000273132,19.88643161692607,2.764451585724773,0.24252602302918977,11.398577155541165,4.250082858732096e-30,5.043865210835525e-29,AL355312.3,lncRNA,Up
ENSG00000074276,111.53653735782838,3.4101947856209787,0.29919360632027847,11.397953410710453,4.280637722367832e-30,5.077841508719735e-29,CDHR2,protein_coding,Up
ENSG00000152952,5374.078979403468,1.9854276586758923,0.17426775646203527,11.392971935737426,4.53261424634982e-30,5.371911805673922e-29,PLOD2,protein_coding,Up
ENSG00000006377,44.77777607297668,5.0447359017125155,0.44284726562959265,11.391593204353315,4.6049186003752656e-30,5.455152897210052e-29,DLX6,protein_coding,Up
ENSG00000136026,6982.478861045249,1.0885379425477972,0.09555990778369146,11.391157314758003,4.6280150986242996e-30,5.477592376603357e-29,CKAP4,protein_coding,Up
ENSG00000254389,111.22380151564253,1.5319485526264076,0.13448541944906903,11.39118693239881,4.6264421135341086e-30,5.477592376603357e-29,RHPN1-AS1,lncRNA,Up
ENSG00000054356,111.17467274072241,3.6259198959817427,0.31832048838558435,11.390783905777482,4.6478923407537614e-30,5.496184799357699e-29,PTPRN,protein_coding,Up
ENSG00000091073,1853.8403058316699,1.302793354636647,0.1144423425340547,11.383840332077908,5.03333708421284e-30,5.943981142440331e-29,DTX2,protein_coding,Up
ENSG00000166557,6631.2395547703745,1.2116422884058562,0.1064447177654727,11.38283151894339,5.09191589371233e-30,6.007777275937099e-29,TMED3,protein_coding,Up
ENSG00000211949,5706.611713792952,2.6022500188576014,0.22869327968554135,11.378777821699686,5.3342024943538364e-30,6.290828254745558e-29,IGHV3-23,IG_V_gene,Up
ENSG00000186191,31.86089721705877,5.459298299337391,0.47985642014852226,11.376941247649999,5.4477064402213465e-30,6.421815772402186e-29,BPIFB4,protein_coding,Up
ENSG00000121690,159.57797998726275,2.3824147244828344,0.2094589976212743,11.37413408609217,5.625842714360865e-30,6.622922874004286e-29,DEPDC7,protein_coding,Up
ENSG00000174343,151.32977519371101,4.73403725176898,0.41627318024969606,11.372429155607211,5.7368431257609285e-30,6.750582473284949e-29,CHRNA9,protein_coding,Up
ENSG00000125885,312.5825006547463,1.1899031397124666,0.10464989561919112,11.370323235126643,5.876954762905209e-30,6.906207535553047e-29,MCM8,protein_coding,Up
ENSG00000185101,1728.8050518102843,1.6914363338030882,0.14876807305958567,11.369619159654112,5.924551863557588e-30,6.95903931590261e-29,ANO9,protein_coding,Up
ENSG00000205336,8484.792453422851,1.4183110797351317,0.12477523269273305,11.366927948175524,6.1100360803180816e-30,7.16733324902081e-29,ADGRG1,protein_coding,Up
ENSG00000090534,119.76191065215438,3.109486623865691,0.2735749206581162,11.366124556978614,6.166516376950415e-30,7.230370691871163e-29,THPO,protein_coding,Up
ENSG00000110400,2417.0884120621304,1.619935568164469,0.14260033908917924,11.359969958776855,6.616738750022727e-30,7.751372760466429e-29,NECTIN1,protein_coding,Up
ENSG00000198286,1380.1212482728636,1.8585338324359497,0.1636428490386841,11.357256631462123,6.825445130548646e-30,7.992317410860026e-29,CARD11,protein_coding,Up
ENSG00000223784,48.35298242078713,4.260604221515579,0.3752804411798473,11.353120903718377,7.156194187182094e-30,8.368463002926466e-29,LINP1,lncRNA,Up
ENSG00000128039,2748.988202221344,1.5659096082428443,0.13797288709742378,11.34940089451881,7.467258379397033e-30,8.728351217406905e-29,SRD5A3,protein_coding,Up
ENSG00000120669,35.500819955768826,4.3954049783064235,0.3874287710513014,11.345066001111222,7.84670162255001e-30,9.167812219168975e-29,SOHLH2,protein_coding,Up
ENSG00000214725,30.42862244623009,3.2261540854158506,0.2844015078204124,11.343660271495576,7.973810107535112e-30,9.308073153417482e-29,CDIPTOSP,transcribed_unitary_pseudogene,Up
ENSG00000187258,13.959258289435724,5.441958707285478,0.47978502068625395,11.342493976784949,8.08081784667606e-30,9.428812682161403e-29,NPSR1,protein_coding,Up
ENSG00000230006,283.5333792616084,2.6043962224992216,0.22966402384019724,11.34002696178218,8.311884960425245e-30,9.694135621690125e-29,ANKRD36BP2,transcribed_unprocessed_pseudogene,Up
ENSG00000278811,58.6778844639368,2.3851210781447327,0.21032900096472354,11.339953440585049,8.318870841105767e-30,9.694724764745317e-29,LINC00624,lncRNA,Up
ENSG00000187017,646.1252263630842,2.298451430876689,0.20268803126543203,11.339847826864183,8.328916306432247e-30,9.701127341016711e-29,ESPN,protein_coding,Up
ENSG00000167536,156.7080628459378,1.1679754174558024,0.1029991772063152,11.339657744219243,8.347026386310756e-30,9.71364015035369e-29,DHRS13,protein_coding,Up
ENSG00000109881,582.2818851405004,1.4650328313376177,0.12919543850109227,11.339663755429195,8.346453071755756e-30,9.71364015035369e-29,CCDC34,protein_coding,Up
ENSG00000110628,1488.9622475429296,1.4263657014796487,0.12579888180856755,11.338460890695341,8.461957392124382e-30,9.843044394808998e-29,SLC22A18,protein_coding,Up
ENSG00000211979,30.875777169761893,2.7537555722788185,0.24295297750578293,11.334520780727093,8.851526127059002e-30,1.029165537789003e-28,IGHV7-81,IG_V_gene,Up
ENSG00000196620,76.94891189412162,4.694897705176205,0.41456979460491605,11.324746197803508,9.89650958496192e-30,1.1481344379914027e-28,UGT2B15,protein_coding,Up
ENSG00000233822,118.46435022429495,1.8268582891577603,0.16131543057663764,11.324758472437994,9.895123430513646e-30,1.1481344379914027e-28,H2BC15,protein_coding,Up
ENSG00000150967,428.4812986489005,1.2981836722024522,0.11464419595164976,11.323588267389919,1.0028143022995677e-29,1.162894157943694e-28,ABCB9,protein_coding,Up
ENSG00000145040,15.38736299474497,4.129901880242307,0.36472460615245555,11.323343176127798,1.0056226998315007e-29,1.165638267892601e-28,UCN2,protein_coding,Up
ENSG00000243466,9017.778742719858,2.631253171751606,0.23239420022250395,11.322370219361472,1.0168486023359511e-29,1.178132585395388e-28,IGKV1-5,IG_V_gene,Up
ENSG00000196550,45.72476856480167,1.9490716215474395,0.17217321928477228,11.320411093224088,1.039831537969826e-29,1.2042317811271107e-28,FAM72A,protein_coding,Up
ENSG00000225880,26.212946066262973,1.609319697238913,0.14217104453068125,11.31960240252447,1.0494681024501531e-29,1.2148583784728068e-28,LINC00115,lncRNA,Up
ENSG00000270557,15.504871013886738,2.1799830101233217,0.19267387948039955,11.314367136854628,1.1140327436827359e-29,1.2890321830150832e-28,AC013731.1,lncRNA,Up
ENSG00000137251,50.57439403686628,6.757568380547702,0.5973090018729614,11.313354326417693,1.12697099991939e-29,1.303430932801505e-28,TINAG,protein_coding,Up
ENSG00000196335,254.4407474445646,1.9987318804493317,0.1767319209001709,11.309399401471673,1.17893740338464e-29,1.361146205221233e-28,STK31,protein_coding,Up
ENSG00000133740,533.5743498773056,1.2429374725212354,0.10992763474118113,11.306869973575497,1.2134128803961345e-29,1.4003368777263048e-28,E2F5,protein_coding,Up
ENSG00000130821,1885.710773693603,1.900624401761825,0.16822008403179453,11.298439260098077,1.3357074207050577e-29,1.540122635941949e-28,SLC6A8,protein_coding,Up
ENSG00000286519,23.229241357636504,3.3251046978739702,0.2943187819922239,11.29762998938281,1.348071121457084e-29,1.5536991028331862e-28,AC009236.1,lncRNA,Up
ENSG00000149636,1054.9737281911362,1.0253693607018086,0.09080540500713913,11.291941934747099,1.4382342258535595e-29,1.6561675343125924e-28,DSN1,protein_coding,Up
ENSG00000278535,540.2987904028569,1.092208934839348,0.09674297703266638,11.289800751847354,1.4737036521288508e-29,1.695530772540916e-28,DHRS11,protein_coding,Up
ENSG00000117983,32161.222469302036,3.995402490080872,0.3539195582191783,11.28901298980082,1.4869704784815499e-29,1.7100484743810934e-28,MUC5B,protein_coding,Up
ENSG00000143858,181.72265042704788,2.777978312839575,0.2460995582270945,11.288026410336448,1.5037528925634845e-29,1.7285947592371006e-28,SYT2,protein_coding,Up
ENSG00000115828,2162.598155500157,2.6710646433075778,0.23670156231501419,11.28452477112421,1.564849953375111e-29,1.7972601598650554e-28,QPCT,protein_coding,Up
ENSG00000188706,9195.722422235009,1.2655773020532588,0.11217303805771416,11.282366279516355,1.603732250187832e-29,1.8411153433806327e-28,ZDHHC9,protein_coding,Up
ENSG00000134247,4196.5344211894635,1.1580481010455768,0.1026493394605057,11.281593307194493,1.6178881774196785e-29,1.856558365472451e-28,PTGFRN,protein_coding,Up
ENSG00000104951,802.8191135172139,1.9408277801138327,0.17211032852624913,11.2766490932462,1.7114137937146605e-29,1.9630266089715352e-28,IL4I1,protein_coding,Up
ENSG00000235029,16.661917969962992,3.080210119419664,0.2731655450012597,11.275983284807971,1.724411488230778e-29,1.977075258462853e-28,MNX1-AS2,lncRNA,Up
ENSG00000211653,5842.873587418981,2.5417889355447887,0.2254414808717773,11.27471717146173,1.7493989766464795e-29,2.004852282232406e-28,IGLV1-40,IG_V_gene,Up
ENSG00000100373,70.70864930231394,3.156376508612756,0.279958604230685,11.274440081191118,1.7549152538208516e-29,2.0103004015315317e-28,UPK3A,protein_coding,Up
ENSG00000237594,15.603163304181152,3.492641629341715,0.3098208936305937,11.2730990748031,1.7818567016316615e-29,2.0393906780393627e-28,AP000251.1,lncRNA,Up
ENSG00000259772,149.99838107315054,1.871521199385471,0.16619499501225055,11.260996152426356,2.0443461528262558e-29,2.333740608226336e-28,AC012236.1,lncRNA,Up
ENSG00000287431,71.70601081958047,1.7543980975756324,0.15589599506381263,11.253644436840776,2.2221645972693854e-29,2.5323457402763048e-28,AC027601.5,lncRNA,Up
ENSG00000008323,627.4403409057338,1.7138174528510857,0.15233116718569994,11.250602778890608,2.300147114738141e-29,2.618949888412987e-28,PLEKHG6,protein_coding,Up
ENSG00000230978,14.993744558616463,3.708039668124978,0.3296361913673587,11.248885180791941,2.3453765832449594e-29,2.669295662501924e-28,LINC00160,lncRNA,Up
ENSG00000235939,13.422174926041695,5.339356382966349,0.47496297671663207,11.241626494504361,2.546468315142397e-29,2.8931654231066355e-28,AL138760.1,lncRNA,Up
ENSG00000134253,279.8667368201933,1.3216060799609253,0.1175924118935871,11.238872123457135,2.6271735001146546e-29,2.982288643909748e-28,TRIM45,protein_coding,Up
ENSG00000206195,154.9940394702249,2.591373284736099,0.23059138902660828,11.237944728443768,2.654913992817903e-29,3.0111863221766924e-28,DUXAP8,lncRNA,Up
ENSG00000012048,753.751628567808,1.4557226015311848,0.12956151724689455,11.235763770480828,2.721302149130208e-29,3.0851563917697153e-28,BRCA1,protein_coding,Up
ENSG00000115850,62.93712832655754,4.033909175664678,0.35903707417425795,11.235355526841296,2.73391083306155e-29,3.098118980138937e-28,LCT,protein_coding,Up
ENSG00000137860,223.84374825684523,4.549961409712205,0.40505587943025,11.232922766390066,2.810258130754125e-29,3.179172325524937e-28,SLC28A2,protein_coding,Up
ENSG00000099625,81.73341201440404,1.9779107249608538,0.1761090639413362,11.231169371382933,2.8665931775781793e-29,3.240122678642803e-28,CBARP,protein_coding,Up
ENSG00000178623,395.3705874356526,2.3956725336483786,0.21331470136860084,11.230695860519875,2.881997888653372e-29,3.2561390027330515e-28,GPR35,protein_coding,Up
ENSG00000231683,254.14815205186156,6.290226990307901,0.5604817976559714,11.222892548187438,3.148022231529003e-29,3.544549370000846e-28,AL033397.1,lncRNA,Up
ENSG00000285230,268.9544725311091,1.1417749892888072,0.10176071914610121,11.220193792552934,3.245584369029609e-29,3.6528407943367816e-28,RALY-AS1,lncRNA,Up
ENSG00000218358,13.116040265835993,2.345604514317247,0.20906685273485692,11.219399362614372,3.2748710115990824e-29,3.6826587878834885e-28,RAET1K,transcribed_unprocessed_pseudogene,Up
ENSG00000185760,217.3856390850678,2.6440255735292166,0.2357398701281159,11.215860821897826,3.408536917101195e-29,3.8305969567126264e-28,KCNQ5,protein_coding,Up
ENSG00000158786,15.948484193383283,5.4342702720844995,0.484532274789802,11.215496995410625,3.42258340134814e-29,3.84384686088375e-28,PLA2G2F,protein_coding,Up
ENSG00000196503,59.749749641285376,2.414556099026329,0.21530632606511546,11.214515351936713,3.460769537377341e-29,3.885078446174563e-28,ARL9,protein_coding,Up
ENSG00000286909,33.86145400576436,1.9476953541370712,0.1736784002931651,11.214378707135756,3.466118458805451e-29,3.8894273939872236e-28,AC024560.4,lncRNA,Up
ENSG00000211966,5051.17166276083,2.727766471743808,0.2434490176375294,11.204672330225511,3.867823277166182e-29,4.33281647488837e-28,IGHV5-51,IG_V_gene,Up
ENSG00000229656,27.422497359409768,3.326546250486053,0.29694466914422424,11.20257945721992,3.960315101256904e-29,4.430781044554288e-28,ITGB1-DT,lncRNA,Up
ENSG00000176890,236.7904776710499,1.3693723264431696,0.1222655012940598,11.199989465137046,4.0778198986983405e-29,4.55644536985912e-28,TYMS,protein_coding,Up
ENSG00000254709,134.44099241382295,2.46018390387079,0.21970435809463673,11.197701880866086,4.184477916967468e-29,4.673641790361378e-28,IGLL5,protein_coding,Up
ENSG00000223715,10.896844096509485,4.663228267551745,0.4164572550176336,11.19737550821223,4.199918897489738e-29,4.688901834327028e-28,LINC01208,lncRNA,Up
ENSG00000163462,275.7042970403193,1.7719525009285337,0.1582772924554957,11.19524142369803,4.3022870922023485e-29,4.801155760532202e-28,TRIM46,protein_coding,Up
ENSG00000147509,87.2607588425981,2.8316364231283035,0.2529531430694374,11.194312072062294,4.347636607974922e-29,4.849711393921265e-28,RGS20,protein_coding,Up
ENSG00000154548,97.80997902109264,2.0797548691812295,0.18584085759716745,11.19105290446598,4.5104545293502656e-29,5.02495504600619e-28,SRSF12,protein_coding,Up
ENSG00000134940,11.848452270806044,2.6435631893131846,0.23627539588863475,11.18848274222845,4.6431063208242475e-29,5.168371197979544e-28,ACRV1,protein_coding,Up
ENSG00000104341,15437.57324534786,1.4435374296921315,0.12907048395253531,11.184101782890822,4.8781981139609154e-29,5.425478037332322e-28,LAPTM4B,protein_coding,Up
ENSG00000179148,28.350072419724864,2.77541822214859,0.24815846207944225,11.18405634404723,4.8806973276346734e-29,5.425969162298749e-28,ALOXE3,protein_coding,Up
ENSG00000134323,167.1462829830806,3.4920096067181268,0.3122850446955415,11.182122442407124,4.988251110255374e-29,5.543201929095416e-28,MYCN,protein_coding,Up
ENSG00000267301,11.802533508000357,3.8936415337739203,0.34824722307147554,11.18068221602093,5.069873887275544e-29,5.631532199134629e-28,RPL23AP77,processed_pseudogene,Up
ENSG00000207923,10.192568379711577,2.4698647864298175,0.22094282369775248,11.178750887191374,5.181412719948699e-29,5.75058305660973e-28,MIR559,miRNA,Up
ENSG00000171224,563.2980583283437,1.1052211860800063,0.09895700463431328,11.168700893526958,5.802327832763626e-29,6.431584066833829e-28,FAM241B,protein_coding,Up
ENSG00000139880,616.1903205867226,1.5598505159872735,0.13977803647887538,11.159482242569728,6.436533019159602e-29,7.110656711991567e-28,CDH24,protein_coding,Up
ENSG00000182704,3460.0884878983143,1.7673822721706018,0.15838183817959992,11.158995832378501,6.471843033568457e-29,7.146670887571197e-28,TSKU,protein_coding,Up
ENSG00000135100,94.42418266182463,3.9085497334129067,0.3502792823684791,11.158381126581379,6.516741448571395e-29,7.193238677221753e-28,HNF1A,protein_coding,Up
ENSG00000232445,57.3181248173304,2.4376084564178466,0.2184752103538059,11.157368620770766,6.591370064858351e-29,7.272570234741201e-28,EMSLR,lncRNA,Up
ENSG00000161267,1067.2687759976643,1.3391115286184536,0.12005349559218993,11.154290193825638,6.823518957065179e-29,7.525562312748171e-28,BDH1,protein_coding,Up
ENSG00000233854,45.94151529381928,6.865716574414946,0.6155816438550076,11.153218493357281,6.906226506185487e-29,7.613595023750473e-28,POU6F2-AS2,lncRNA,Up
ENSG00000184164,2582.814553599981,1.0943369454070295,0.09812980144851802,11.151932738610025,7.006766872886043e-29,7.717980051712822e-28,CRELD2,protein_coding,Up
ENSG00000287426,18.292952207018576,5.325785895922664,0.4775938874673417,11.151285717170838,7.057908994808957e-29,7.771067231445186e-28,AP003327.2,lncRNA,Up
ENSG00000108465,367.6762994283297,1.758478747796826,0.15776426487107859,11.146242460127555,7.4694418109778e-29,8.21389410156316e-28,CDK5RAP3,protein_coding,Up
ENSG00000255182,50.40340445639745,2.092018821077328,0.18773373589871187,11.143542267789508,7.699475064388096e-29,8.463324612251527e-28,AC084125.2,lncRNA,Up
ENSG00000280411,1816.3612142785978,2.8460313936703034,0.2554106254498977,11.142963957185062,7.749648660748456e-29,8.514926465997366e-28,IGHV1-69D,IG_V_gene,Up
ENSG00000287778,138.5507062272632,1.8419199479579313,0.1653620051504224,11.138713190387472,8.128531248105863e-29,8.923787219506728e-28,AC006230.1,lncRNA,Up
ENSG00000143314,2912.5369466813927,1.1065453094017947,0.09934819363754241,11.13805162315146,8.189128746393345e-29,8.986571995105806e-28,MRPL24,protein_coding,Up
ENSG00000255559,19.263768683617325,1.9684539241401202,0.17678116635237182,11.134975318674325,8.476848733773199e-29,9.290710769310028e-28,ZNF252P-AS1,lncRNA,Up
ENSG00000138182,659.0003815983495,1.2642544106984177,0.11354758745820344,11.134137140199359,8.556965448611756e-29,9.374623135849273e-28,KIF20B,protein_coding,Up
ENSG00000287626,49.488297928571114,2.2980209484536593,0.20642257823088217,11.13260462178386,8.705397486271612e-29,9.529320536030818e-28,AL021978.1,lncRNA,Up
ENSG00000166508,5649.141987527263,1.2972607632358995,0.11653638524377664,11.13180883826304,8.783477815516597e-29,9.610801244612974e-28,MCM7,protein_coding,Up
ENSG00000142207,2420.3348259571453,1.1148023686326194,0.1002003555496887,11.12573266349136,9.403014214963922e-29,1.0280161063374736e-27,URB1,protein_coding,Up
ENSG00000102387,20.33860864189618,3.6162004702210337,0.3251803762545399,11.120598702396475,9.960134528860487e-29,1.087122299362794e-27,TAF7L,protein_coding,Up
ENSG00000270460,11.941725328046505,4.675041209597162,0.4204283474557421,11.119709786194417,1.0059869149543991e-28,1.0975537835063096e-27,AC106900.1,lncRNA,Up
ENSG00000147697,349.0294362348566,2.5215271293807398,0.22682634287598524,11.116553295396367,1.0422093462830288e-28,1.1361331319340005e-27,GSDMC,protein_coding,Up
ENSG00000155980,89.37697058772602,2.7040922481958716,0.24342213570838517,11.10865386307891,1.1386300987266238e-28,1.2376618179481068e-27,KIF5A,protein_coding,Up
ENSG00000261327,17.041721317402402,2.657507591984809,0.2392874051105831,11.105923401010937,1.1739755510728593e-28,1.2755556358381254e-27,AC134312.5,lncRNA,Up
ENSG00000102359,1575.1579230613274,1.9287022450141504,0.17369876178758634,11.103719020016573,1.2033033460164652e-28,1.3068825879099747e-27,SRPX2,protein_coding,Up
ENSG00000185507,2397.671215640798,1.2877245675877902,0.11597528859952268,11.103439216559883,1.207077548770398e-28,1.3104419498178425e-27,IRF7,protein_coding,Up
ENSG00000259203,26.802236621249644,6.229233124477924,0.5612771297435283,11.098319875111121,1.2782415565762815e-28,1.3865582002022437e-27,AC016044.1,lncRNA,Up
ENSG00000166473,197.39638809216254,3.011777276876729,0.27155810309907236,11.090728807226734,1.391494241102208e-28,1.5081670011453031e-27,PKD1L2,polymorphic_pseudogene,Up
ENSG00000151208,2024.892783459935,1.1733151238071946,0.10580516407468614,11.08939373676478,1.4124173633194734e-28,1.530215524680958e-27,DLG5,protein_coding,Up
ENSG00000178919,146.86424106383544,4.297736027291088,0.387615896799847,11.08761550486746,1.4407711193953156e-28,1.5602929945977195e-27,FOXE1,protein_coding,Up
ENSG00000168234,1382.1321554099238,1.4965418530486334,0.13498035364687705,11.087108698527684,1.4489550049771019e-28,1.568511637161173e-27,TTC39C,protein_coding,Up
ENSG00000185519,15.166344578533447,3.5557224909796066,0.32072836516302594,11.086398576478373,1.4604996567549182e-28,1.5803601127873284e-27,FAM131C,protein_coding,Up
ENSG00000158286,564.26730509059,1.576791880836535,0.1422308124856761,11.086148305560245,1.4645900899882177e-28,1.584136204798577e-27,RNF207,protein_coding,Up
ENSG00000135346,136.68629841568634,6.907791597257486,0.6232478128116492,11.08353925237934,1.5079152013373544e-28,1.630328981519723e-27,CGA,protein_coding,Up
ENSG00000249626,54.54034295226423,2.0639942054771123,0.18627475444661812,11.08037539283727,1.562162091243437e-28,1.6882874732003866e-27,AC024560.2,processed_pseudogene,Up
ENSG00000116711,2589.793688002134,2.431519949136273,0.2194753183402896,11.078785384725027,1.5901505545191026e-28,1.7178316314079778e-27,PLA2G4A,protein_coding,Up
ENSG00000158406,401.1398995272496,1.9816100400187522,0.17886861063619786,11.078579036146051,1.5938191294996176e-28,1.721089698808555e-27,H4C8,protein_coding,Up
ENSG00000105464,334.1889636602869,2.5485770543084434,0.2300980192639052,11.076049513426783,1.6394784867297888e-28,1.7689463050353737e-27,GRIN2D,protein_coding,Up
ENSG00000230524,13.164265347727861,3.477219732801534,0.31416976788752166,11.06796416530581,1.7943054683483743e-28,1.929683327909732e-27,COL6A4P1,transcribed_unprocessed_pseudogene,Up
ENSG00000184956,1025.5162218863347,4.725891987231145,0.4269916308653793,11.067879662309144,1.7959979150942123e-28,1.9307160628224372e-27,MUC6,protein_coding,Up
ENSG00000233461,141.65557685361972,1.9364908049867349,0.17497603787295352,11.067177131949808,1.8101298154198035e-28,1.945115046154043e-27,AL445524.1,lncRNA,Up
ENSG00000171658,260.45381529999696,3.5429571802049575,0.3202670817337187,11.06250808239698,1.9068948887698743e-28,2.0457615222482335e-27,NMRAL2P,transcribed_unprocessed_pseudogene,Up
ENSG00000188517,503.40214052964245,4.300867247882206,0.388789097087825,11.06221156945321,1.9132105018258243e-28,2.0517023559636838e-27,COL25A1,protein_coding,Up
ENSG00000105048,1013.7779667363541,3.2386904784691333,0.29281681225066897,11.060466281207301,1.9508072276869721e-28,2.0911701867522542e-27,TNNT1,protein_coding,Up
ENSG00000149256,728.9781499284715,1.7525212371215801,0.15860207317057437,11.049800308957925,2.1970303644813993e-28,2.354152405988399e-27,TENM4,protein_coding,Up
ENSG00000233058,199.09957976367954,1.6946062446586427,0.1533714392238796,11.049033987253582,2.2158637541327874e-28,2.373368285803477e-27,LINC00884,lncRNA,Up
ENSG00000105825,6563.951968795417,3.6464411972584867,0.3301140473625969,11.046004332112654,2.2919027682228704e-28,2.453815509461514e-27,TFPI2,protein_coding,Up
ENSG00000260261,92.74075263844851,1.7085970276399616,0.15482571092263958,11.03561557998388,2.572835799174776e-28,2.75012890248232e-27,AC124944.2,transcribed_unprocessed_pseudogene,Up
ENSG00000166670,254.68899470735525,3.3842599562483926,0.30699998216520463,11.023648706361273,2.9389922714851918e-28,3.1326283831473124e-27,MMP10,protein_coding,Up
ENSG00000138092,410.6039357540606,1.1155351182114428,0.10122553623108599,11.020293492590719,3.050627848692774e-28,3.2463703135604705e-27,CENPO,protein_coding,Up
ENSG00000174137,98.94966947071329,1.342902025655786,0.12189441697736306,11.016928083795467,3.1668270142294107e-28,3.36730759537216e-27,FAM53A,protein_coding,Up
ENSG00000214050,132.72936479967362,1.3473289980966308,0.12232668326452087,11.014187274113763,3.2646957167439982e-28,3.465782047123158e-27,FBXO16,protein_coding,Up
ENSG00000253931,15.299324162042758,4.149331092827257,0.3768035197367166,11.01192232951145,3.347831833793788e-28,3.552608670307533e-27,AC105118.1,lncRNA,Up
ENSG00000213918,809.0692864891221,1.1827241802729744,0.10742769149553112,11.009490791507648,3.4394212178733465e-28,3.648332160712797e-27,DNASE1,protein_coding,Up
ENSG00000157992,2284.3723798925175,1.584948392877171,0.1439753382983094,11.008471392463344,3.478554659858812e-28,3.688358921611455e-27,KRTCAP3,protein_coding,Up
ENSG00000160813,345.98462465993475,1.2908809927466298,0.11727315214377784,11.007472461932284,3.5173307270587574e-28,3.727974729603675e-27,PPP1R35,protein_coding,Up
ENSG00000236015,28.65822019392144,1.6625443463051672,0.15105428289572165,11.006270821548853,3.564543969838557e-28,3.774980902997701e-27,AC011290.2,processed_pseudogene,Up
ENSG00000078898,479.9319643859469,4.8518901381733714,0.44095175164730954,11.003222280096763,3.6871624440575327e-28,3.901704400072116e-27,BPIFB2,protein_coding,Up
ENSG00000088882,676.7400630818669,2.0158060011618,0.1832627179223649,10.999542209211098,3.8407675942276963e-28,4.0626169859520395e-27,CPXM1,protein_coding,Up
ENSG00000070756,70003.68916566168,1.0603489223130003,0.09641653934616781,10.997583293318494,3.925103722430775e-28,4.15015978991578e-27,PABPC1,protein_coding,Up
ENSG00000149260,2536.9383535190427,1.97125944093678,0.17925683354485683,10.996844036316732,3.95740575443559e-28,4.182636863505672e-27,CAPN5,protein_coding,Up
ENSG00000242136,12.082506076130322,3.5281517344727513,0.32092830916685333,10.993582160551739,4.103111810995068e-28,4.3348981753181076e-27,AC093904.2,lncRNA,Up
ENSG00000281097,12.970940330214226,4.887673457843818,0.4446914101161907,10.991157793146371,4.214842606936375e-28,4.44759501980441e-27,LINC01395,lncRNA,Up
ENSG00000197520,161.73001458886677,2.9786197938653647,0.2710126396668977,10.990704335880398,4.236073454539412e-28,4.4682102798481714e-27,FAM177B,protein_coding,Up
ENSG00000264538,383.5701535232449,1.050484909102722,0.09558437131445614,10.990132535859939,4.262996381366765e-28,4.4948106588021424e-27,SUZ12P1,transcribed_unprocessed_pseudogene,Up
ENSG00000180806,74.18521903789676,3.301752881737211,0.30048388691766076,10.98811958140692,4.359132897499908e-28,4.5870045693165435e-27,HOXC9,protein_coding,Up
ENSG00000261189,70.87564592278967,2.109457423210673,0.192069555650688,10.982778692147804,4.624756237666722e-28,4.8626324556328336e-27,AL031058.1,lncRNA,Up
ENSG00000235123,489.42801144386715,8.207892936803795,0.7473659457002367,10.98242833249981,4.642731685583139e-28,4.8795868692238894e-27,DSCAM-AS1,lncRNA,Up
ENSG00000265750,20.574313995724125,3.007718053506204,0.2738710306918259,10.982242429615152,4.652297687496761e-28,4.887692829453769e-27,AC090772.3,lncRNA,Up
ENSG00000239975,121.80558176666305,3.0200351402609287,0.27501751387613754,10.9812466038839,4.703873709366505e-28,4.939910382954789e-27,IGKV1D-33,IG_V_gene,Up
ENSG00000188158,744.7266379215993,1.8165038687101007,0.16548972209788723,10.976535857831932,4.955645161170754e-28,5.200173613214197e-27,NHS,protein_coding,Up
ENSG00000137168,1675.1058053794518,1.0314166587790792,0.09399477283431171,10.973127841876888,5.1460804184518575e-28,5.3914239425735195e-27,PPIL1,protein_coding,Up
ENSG00000207751,8.257060686944643,2.8849737908490587,0.2629805728052627,10.970292444322052,5.310037003304482e-28,5.556574435600761e-27,AP000553.1,lncRNA,Up
ENSG00000249896,19.079954821399856,3.1028282973980823,0.2828649195803465,10.969293406907385,5.369032124543021e-28,5.6160800128599546e-27,LINC02495,transcribed_unprocessed_pseudogene,Up
ENSG00000270882,21.831086695184542,2.282506011851178,0.20808887526058714,10.968899750132358,5.392456478967052e-28,5.636110873973887e-27,H4C14,protein_coding,Up
ENSG00000230699,16.79283182043968,3.667614132595211,0.3343640518514412,10.968924776114214,5.390964307504176e-28,5.636110873973887e-27,AL645608.2,lncRNA,Up
ENSG00000149926,13.830757630951782,2.987712754168354,0.2724325225293433,10.966799141415107,5.5191764398685345e-28,5.76170557083663e-27,TLCD3B,protein_coding,Up
ENSG00000223705,629.5485969922468,1.4566857065872802,0.1328847433430301,10.962023705211788,5.818352108414992e-28,6.069222511823708e-27,NSUN5P1,transcribed_unprocessed_pseudogene,Up
ENSG00000120875,4859.795821057081,2.4443701230806596,0.22305294944917023,10.958698950706715,6.036087764054637e-28,6.288883221577274e-27,DUSP4,protein_coding,Up
ENSG00000145536,280.2614939840234,2.291954202793732,0.20919215950044315,10.956214651003098,6.204040550798402e-28,6.4587662583716484e-27,ADAMTS16,protein_coding,Up
ENSG00000271888,20.29285163979192,1.9270885217499913,0.17611084940072744,10.94247474421659,7.220170066340994e-28,7.501807905808196e-27,AL136162.1,lncRNA,Up
ENSG00000109814,7653.824483582891,1.907898652140063,0.17445629112113104,10.936255952015756,7.7327727580258115e-28,8.021763085332046e-27,UGDH,protein_coding,Up
ENSG00000125508,82.17203886666007,2.481744821489452,0.22695517808090857,10.934955714492315,7.844427236893031e-28,8.134390335700716e-27,SRMS,protein_coding,Up
ENSG00000180921,6180.527463924286,1.2035566136860179,0.11007025911590931,10.934439723800544,7.8891784659413245e-28,8.177580037219841e-27,FAM83H,protein_coding,Up
ENSG00000143443,479.90664307910333,1.2281275774613587,0.11232275884818725,10.93391570911525,7.93488475343701e-28,8.221725381066167e-27,C1orf56,protein_coding,Up
ENSG00000277883,10.340858417279605,4.6473193966733986,0.4253811483809224,10.925071349216902,8.747162917571779e-28,9.045595534759522e-27,NLRP3P1,unprocessed_pseudogene,Up
ENSG00000135454,217.53215043257785,2.6635343420735786,0.24383949879373004,10.923309616571716,8.918551858780226e-28,9.21199422311142e-27,B4GALNT1,protein_coding,Up
ENSG00000223725,11.12317829955335,2.0003134154923257,0.18323283004482135,10.916785027022835,9.582804311003427e-28,9.886484729309873e-27,AC009226.1,lncRNA,Up
ENSG00000259230,29.274468618173564,2.936905314952343,0.2690716140991899,10.914957806993678,9.777469089393618e-28,1.0079431582772076e-26,LINC02323,lncRNA,Up
ENSG00000143870,10666.210541090317,1.0282695424433606,0.09420850939791442,10.914826580051209,9.791599488879544e-28,1.0090053869548792e-26,PDIA6,protein_coding,Up
ENSG00000153060,26.851437181038794,2.3947364629352794,0.21954389302040392,10.907779897629482,1.0580881147516237e-27,1.0894878401405825e-26,TEKT5,protein_coding,Up
ENSG00000111701,32.64755596781062,6.812922872469419,0.6247501472612528,10.905036040944617,1.0905004880615572e-27,1.1224238044568017e-26,APOBEC1,protein_coding,Up
ENSG00000211595,15.308648560079153,3.2066879917732813,0.2943354109080524,10.894672788028963,1.2220503973200422e-27,1.2539092987287749e-26,IGKJ3,IG_J_gene,Up
ENSG00000100156,69.45907264935892,2.2341235648341318,0.2051433912212899,10.89054612743612,1.2787114879310814e-27,1.310517758909546e-26,SLC16A8,protein_coding,Up
ENSG00000278635,8.977624959614758,3.7580639761475276,0.3451407013677159,10.888498404433772,1.3077873269941051e-27,1.3397961077247302e-26,AC141557.2,unprocessed_pseudogene,Up
ENSG00000183486,2767.865769344602,1.4613788319708843,0.13427837209370103,10.883203372104607,1.3860474138309833e-27,1.418869188770304e-26,MX2,protein_coding,Up
ENSG00000163155,555.3214864423287,1.0132933907080732,0.09311262314322728,10.882449194341884,1.397565607077826e-27,1.4301049692915123e-26,LYSMD1,protein_coding,Up
ENSG00000165181,144.49483203661637,2.8217306663038144,0.2593363232643136,10.880584064685486,1.4264601187121008e-27,1.4591060252303373e-26,SHOC1,protein_coding,Up
ENSG00000211943,2878.39677403178,2.5826901011353023,0.23738701270204585,10.879660482424717,1.4409867641274682e-27,1.4733936010097455e-26,IGHV3-15,IG_V_gene,Up
ENSG00000277363,698.833954331421,1.851589320774763,0.17018882163782756,10.879617726686307,1.441662793187015e-27,1.4735134828039373e-26,SRCIN1,protein_coding,Up
ENSG00000175600,195.48804044449315,1.954779068598121,0.17968015496990053,10.879215175017963,1.4480431496853598e-27,1.4794613660287847e-26,SUGCT,protein_coding,Up
ENSG00000164458,26.965337107753044,5.52444462233698,0.5080572083227994,10.873666452985285,1.5388960641287059e-27,1.5697081767342907e-26,TBXT,protein_coding,Up
ENSG00000135697,104.92259132421857,2.5411105803590375,0.2337889273149062,10.869251206821456,1.615210062648133e-27,1.643251904013552e-26,BCO1,protein_coding,Up
ENSG00000228252,28.45246435926587,2.1924248466428145,0.20179374103523148,10.864682102603151,1.6981355982759045e-27,1.7249551512532975e-26,COL6A4P2,transcribed_unitary_pseudogene,Up
ENSG00000144045,59.51416713587074,3.0552469619282787,0.2812356429315026,10.863654869921344,1.7173527139741324e-27,1.7431328355464923e-26,DQX1,protein_coding,Up
ENSG00000142552,1890.0165979808926,1.754004000954203,0.16147206987500012,10.862584484809199,1.737606579857977e-27,1.7630121397019952e-26,RCN3,protein_coding,Up
ENSG00000102878,768.5403101477344,1.9477141753500204,0.17936354935580978,10.85903006684079,1.8065779650769274e-27,1.83228695919533e-26,HSF4,protein_coding,Up
ENSG00000000003,3076.9296067428136,1.1110937507248762,0.10233781965514553,10.857117676231542,1.844803125897609e-27,1.869617925823211e-26,TSPAN6,protein_coding,Up
ENSG00000151388,1244.5409843691418,1.7898584922640157,0.16489004503084717,10.854860837288108,1.8909461005986182e-27,1.9141746131587547e-26,ADAMTS12,protein_coding,Up
ENSG00000148824,145.1956133863518,1.1866119145322522,0.10934550520403578,10.851949628090026,1.9521623921935024e-27,1.9726800441079132e-26,MTG1,protein_coding,Up
ENSG00000288638,33.25189318125405,5.678566941150136,0.5232769191837963,10.851934669710877,1.9524819549190948e-27,1.9726800441079132e-26,LNCDAT,lncRNA,Up
ENSG00000246273,174.9195038007886,1.0722926971763391,0.09883828675549274,10.848960786106996,2.017055831058727e-27,2.0340253256221274e-26,SBF2-AS1,lncRNA,Up
ENSG00000139269,16.204706282248846,4.26976788968079,0.39356783003759255,10.848874231598028,2.0189666267271495e-27,2.035173927629776e-26,INHBE,protein_coding,Up
ENSG00000279495,147.92025021630013,1.3729538411914775,0.12655766868554078,10.848444471609785,2.0284807161747034e-27,2.0432023103715404e-26,AL928654.4,TEC,Up
ENSG00000187980,63.687393799359405,2.047122023342476,0.18877257428716415,10.84438261793452,2.1206274639806326e-27,2.1319461008451882e-26,PLA2G2C,protein_coding,Up
ENSG00000087494,223.62264693381056,2.79584810967761,0.25791792175654843,10.840069160903996,2.223029344173093e-27,2.23319176403217e-26,PTHLH,protein_coding,Up
ENSG00000236081,36.232838131840424,3.8759594653372202,0.3576612660840398,10.836956173013391,2.29996410285145e-27,2.3069628524987727e-26,ELFN1-AS1,lncRNA,Up
ENSG00000272808,71.76314224444714,2.905227555436257,0.2681210399310843,10.835507560999291,2.33665987934262e-27,2.3417999247548454e-26,AC015712.6,lncRNA,Up
ENSG00000204922,280.6602414188542,1.0932721749028929,0.10092273368541732,10.832764184833646,2.4077523857077816e-27,2.4104947004978814e-26,UQCC3,protein_coding,Up
ENSG00000255366,48.74487317993383,2.293797946910524,0.21176227524564023,10.831947967359916,2.429315104904182e-27,2.431158987336747e-26,AC120036.4,lncRNA,Up
ENSG00000211632,201.34466898840168,2.553119875138224,0.23576163709258366,10.829242223727912,2.502173907558459e-27,2.5012253958421747e-26,IGKV3D-11,IG_V_gene,Up
ENSG00000106683,4393.0027731334285,1.1320562213195569,0.1046044641070096,10.822255350034313,2.7004890306864226e-27,2.695378339863776e-26,LIMK1,protein_coding,Up
ENSG00000101842,2453.5669849837786,3.802350531316195,0.35135054282183004,10.822099492939643,2.705086143481844e-27,2.6989451987747343e-26,VSIG1,protein_coding,Up
ENSG00000182054,6997.853273713741,1.2048142536880972,0.11134195709431785,10.820846742144997,2.7423198821128756e-27,2.7350595798531213e-26,IDH2,protein_coding,Up
ENSG00000241351,5102.789062843132,2.445676656517437,0.22603546057483334,10.819880430697948,2.771386998539472e-27,2.7630047316251747e-26,IGKV3-11,IG_V_gene,Up
ENSG00000273045,172.23328955543093,1.1821749286165442,0.10928647810248762,10.817211325155101,2.853272058861604e-27,2.8424927915444086e-26,C2orf15,protein_coding,Up
ENSG00000211597,105.21558591875556,2.418842346650446,0.2236408814014292,10.81574321963385,2.8993299492393953e-27,2.885106821186523e-26,IGKJ1,IG_J_gene,Up
ENSG00000263745,27.795122582605455,3.706488369703051,0.34271690526597387,10.815014703831256,2.9224581276385214e-27,2.907024550200974e-26,AP005230.1,lncRNA,Up
ENSG00000221955,1117.0717193132614,1.297654659291812,0.11999941862820553,10.813841217950715,2.960098057635892e-27,2.9422459773787585e-26,SLC12A8,protein_coding,Up
ENSG00000115902,2150.007206684032,1.121050880142646,0.10368407671427506,10.812179802998635,3.014211950943841e-27,2.9949046400297325e-26,SLC1A4,protein_coding,Up
ENSG00000287566,12.727811888952324,3.762703651681353,0.3480450023879312,10.810968770893142,3.054273497469712e-27,3.033566558503816e-26,AL732437.3,lncRNA,Up
ENSG00000179750,244.80704913456663,2.225581959439602,0.20592641916242088,10.807656290493805,3.1665694365688628e-27,3.143917019665697e-26,APOBEC3B,protein_coding,Up
ENSG00000005471,97.60985822139476,2.0418853943846664,0.18895896169004464,10.805972768489465,3.225201852973162e-27,3.2009248348852953e-26,ABCB4,protein_coding,Up
ENSG00000257732,18.511541584149764,3.8974758969528516,0.36069069556989347,10.805590343257444,3.238669997472666e-27,3.2130823112623855e-26,AC089983.1,lncRNA,Up
ENSG00000109705,17.021991419829202,3.515770361927358,0.3254816145352275,10.801747948029918,3.3771242229201164e-27,3.3491826159610184e-26,NKX3-2,protein_coding,Up
ENSG00000142319,363.61722473689787,3.785283658999446,0.35043723259488896,10.801602418129168,3.382481946447628e-27,3.3532349220986455e-26,SLC6A3,protein_coding,Up
ENSG00000141756,6298.336737340472,1.8141769814258237,0.16805272688267966,10.795284403164313,3.62338954559199e-27,3.585320161998528e-26,FKBP10,protein_coding,Up
ENSG00000231226,18.408047335647357,2.548266546566602,0.23611351421224394,10.792548470037802,3.732919571513621e-27,3.688163698044743e-26,TRIM31-AS1,lncRNA,Up
ENSG00000247077,2383.298052891516,1.0071260751536133,0.09332434043982822,10.791676323745012,3.768520322118962e-27,3.7219431046545705e-26,PGAM5,protein_coding,Up
ENSG00000160124,615.8075663331188,1.012350423312273,0.09382273523325983,10.790033149165732,3.836511384688257e-27,3.7848411976890887e-26,CCDC58,protein_coding,Up
ENSG00000176406,121.2744260613149,3.9259996119038676,0.36400874043344283,10.78545423724988,4.032461742357738e-27,3.973692681090192e-26,RIMS2,protein_coding,Up
ENSG00000211448,620.5132503699749,2.3244141601953925,0.21558867279866026,10.781708194688775,4.200125680855034e-27,4.135822038989815e-26,DIO2,protein_coding,Up
ENSG00000131944,228.2709748617043,1.2481801416090283,0.1157993171651174,10.778821258758006,4.3340383797526056e-27,4.266091529454132e-26,FAAP24,protein_coding,Up
ENSG00000034053,852.5512009951108,2.0065663191841976,0.1861657152937531,10.778388040021294,4.35449559107108e-27,4.284628684199417e-26,APBA2,protein_coding,Up
ENSG00000111664,47.486346489214824,1.802927074498238,0.16727568030345807,10.778178102324935,4.364443565070061e-27,4.292815248448247e-26,GNB3,protein_coding,Up
ENSG00000108786,45.680960139113864,2.0790199358198187,0.19293160711421972,10.775942661323468,4.471778418709914e-27,4.3918360112245976e-26,HSD17B1,protein_coding,Up
ENSG00000179674,88.52324454710987,4.160828384354552,0.38615467436340145,10.77503047506526,4.516325368264618e-27,4.433935218210647e-26,ARL14,protein_coding,Up
ENSG00000113758,4917.021734911756,1.1682974133769763,0.10846120214400709,10.771569835873605,4.689364673071681e-27,4.600392352265634e-26,DBN1,protein_coding,Up
ENSG00000126259,55.25385486893897,3.7135222806342214,0.344927989143407,10.766079870341546,4.9774561769111486e-27,4.875762235703826e-26,KIRREL2,protein_coding,Up
ENSG00000163207,392.26512477394834,4.29491090654933,0.3991369084899645,10.760495497141719,5.2885040089694634e-27,5.170850972062468e-26,IVL,protein_coding,Up
ENSG00000211968,303.45034256660085,3.050053645274541,0.28352359913394753,10.75767115891322,5.4530814708122636e-27,5.327816168407536e-26,IGHV1-58,IG_V_gene,Up
ENSG00000106484,2647.831678108351,1.2841748592002682,0.11946941056172054,10.748984641025203,5.991754214478874e-27,5.84545166984121e-26,MEST,protein_coding,Up
ENSG00000112333,15.016655710078712,4.797718594623489,0.446366558491718,10.748382698818391,6.030979192138362e-27,5.881542947362744e-26,NR2E1,protein_coding,Up
ENSG00000164694,1839.2449570135032,2.374782638968941,0.2209708264644307,10.747041484913872,6.119296158984953e-27,5.961057987160443e-26,FNDC1,protein_coding,Up
ENSG00000171246,1356.9218673520309,3.544024215150945,0.32993530783186525,10.741573063035062,6.492852715371082e-27,6.317952992779905e-26,NPTX1,protein_coding,Up
ENSG00000275004,170.38277570064568,1.9502597799445778,0.18166381549352015,10.7355434247947,6.93099765224482e-27,6.73683774750077e-26,ZNF280B,protein_coding,Up
ENSG00000132646,4042.84489759632,1.1185778011884437,0.10420867476281608,10.734018101030268,7.046404640677759e-27,6.846488223090365e-26,PCNA,protein_coding,Up
ENSG00000175147,123.08012221812795,1.6006549009254847,0.1491377127629565,10.73273065056059,7.145295338993213e-27,6.940016135884015e-26,TMEM51-AS1,lncRNA,Up
ENSG00000176749,285.44814616669686,1.5699401123759347,0.14630574428680074,10.730543219809654,7.316479672110968e-27,7.103666014490657e-26,CDK5R1,protein_coding,Up
ENSG00000254558,15.1518414086081,4.328203871546078,0.40337968938684193,10.729850771924518,7.371512085916135e-27,7.154463515112568e-26,AP005435.1,unprocessed_pseudogene,Up
ENSG00000186007,155.78319016872976,2.828818691896682,0.2637598909366324,10.724976727323178,7.770663290048008e-27,7.539087231735319e-26,LEMD1,protein_coding,Up
ENSG00000287331,23.229194461840205,5.074602001403044,0.473410964277787,10.71923209287012,8.26869694095497e-27,8.013433970341145e-26,AC106045.1,lncRNA,Up
ENSG00000258053,41.166050604153554,5.1617976994138015,0.4815798751935732,10.718466375570602,8.337428072568203e-27,8.074108640235898e-26,AC025575.2,lncRNA,Up
ENSG00000196460,34.31700057423174,2.0936275979613224,0.19541290358244898,10.71386566383,8.762479636975789e-27,8.479507817506479e-26,RFX8,protein_coding,Up
ENSG00000184156,1574.0579380886477,1.9307630018403052,0.18028003118818522,10.70979957744116,9.155981746000404e-27,8.853804130620852e-26,KCNQ3,protein_coding,Up
ENSG00000211593,26.05409481650669,2.8517125168114856,0.2663297844439502,10.707448747294112,9.391428579517696e-27,9.074824904429522e-26,IGKJ5,IG_J_gene,Up
ENSG00000246228,44.0728209081968,3.2721824544645752,0.3056399218477841,10.70600474794716,9.539017935389487e-27,9.210688500777032e-26,CASC8,lncRNA,Up
ENSG00000186010,51.24941666070239,1.1040572724565916,0.10315405034767107,10.702994877423327,9.85408577391418e-27,9.511429057764163e-26,NDUFA13,protein_coding,Up
ENSG00000267432,42.57544615771255,2.6359507749587956,0.2463887242629176,10.698341747757958,1.0361586136538947e-26,9.986660322387868e-26,DNAH17-AS1,lncRNA,Up
ENSG00000134709,1854.9064025281832,1.057610680470711,0.09886003906865212,10.698060514989951,1.0393076457003037e-26,1.0013351339830839e-25,HOOK1,protein_coding,Up
ENSG00000250682,41.94950633188846,5.76265670322743,0.5387011038060229,10.697317422431835,1.047673967781096e-26,1.0090271194443938e-25,LINC00491,lncRNA,Up
ENSG00000283341,50.884621406475915,1.6432021725282278,0.15370043874860248,10.690940025330073,1.1222768112981382e-26,1.079694984090912e-25,AC068205.2,lncRNA,Up
ENSG00000242078,5.885242859029021,3.4001410449779925,0.3181534609846233,10.687110033174603,1.1695869680538367e-26,1.1235704316058168e-25,AC084864.1,lncRNA,Up
ENSG00000271662,20.987847486474227,2.510585671775979,0.2349306561147978,10.6864966594619,1.1773452357568958e-26,1.1306115756339892e-25,AC233280.2,processed_pseudogene,Up
ENSG00000166359,46.72018948664691,1.396086365439229,0.1306941441508415,10.682088126518714,1.2346281669360246e-26,1.1838961731673808e-25,WDR88,protein_coding,Up
ENSG00000228203,77.07657254728444,2.120322637833115,0.1986135709920641,10.675618122378133,1.3237356165134292e-26,1.2674984824785448e-25,GRASLND,lncRNA,Up
ENSG00000149609,22.593323940596072,1.7536506746374807,0.16430310114469157,10.673265826511388,1.3576888192899022e-26,1.2995373562495362e-25,C20orf144,protein_coding,Up
ENSG00000211951,637.6330005943414,2.8893010389776035,0.2707218488646794,10.672581659346687,1.367725231068363e-26,1.3086688803799976e-25,IGHV2-26,IG_V_gene,Up
ENSG00000271930,11.414814905577423,3.2374049890012584,0.30334992934354865,10.67217980240518,1.3736545388338953e-26,1.3138654402992317e-25,AC016877.3,lncRNA,Up
ENSG00000130822,62.385290958323836,2.890521907826341,0.2708580208771077,10.671723504683708,1.3804180097825091e-26,1.319855798330847e-25,PNCK,protein_coding,Up
ENSG00000130540,55.66219806249185,3.9545861714949493,0.37060140590779106,10.67072630717134,1.3953141006940883e-26,1.3331316244675039e-25,SULT4A1,protein_coding,Up
ENSG00000142619,67.38728218699478,5.305576328958217,0.49735355951636584,10.66761507471152,1.4428214249043562e-26,1.3770250081334735e-25,PADI3,protein_coding,Up
ENSG00000155792,1231.1305107118596,1.5337283381338078,0.14377624452112145,10.66746696049983,1.4451226321737159e-26,1.3787222796823765e-25,DEPTOR,protein_coding,Up
ENSG00000249602,34.06440531582305,1.4180291243265168,0.13294592939089225,10.666209419298413,1.4648078580495982e-26,1.3969975846932334e-25,AL589765.4,lncRNA,Up
ENSG00000265683,10.946516955096582,2.250504796077991,0.21100420224153213,10.665687091396808,1.473062176648032e-26,1.4043618799063123e-25,SYPL1P2,processed_pseudogene,Up
ENSG00000101457,3056.525754883552,1.5252802122764504,0.14303173377736272,10.663928710048628,1.5011901762351156e-26,1.4301439648598267e-25,DNTTIP1,protein_coding,Up
ENSG00000273001,15.556217317077786,2.3083868814896475,0.2164938176737024,10.662599543460537,1.5228050259111435e-26,1.4502119369186294e-25,AL731533.2,lncRNA,Up
ENSG00000234072,252.99739526058784,1.0894730480478176,0.10219472571090771,10.660756124829378,1.5532942007827112e-26,1.4787136489039745e-25,AC074117.1,lncRNA,Up
ENSG00000196296,63.113660848482546,1.7093306782158135,0.16036924912226685,10.658718473593437,1.587700466671556e-26,1.509832719297834e-25,ATP2A1,protein_coding,Up
ENSG00000286342,67.46024740425685,3.0784038681552355,0.28887384475048333,10.656568339768617,1.624825494419043e-26,1.544579967117165e-25,AC073210.3,lncRNA,Up
ENSG00000231292,200.3576369507013,2.665652649848471,0.25018212539027673,10.65484852560962,1.6551389008689775e-26,1.5722627095070222e-25,IGKV1OR2-108,IG_V_gene,Up
ENSG00000243742,264.32888911347834,2.0944930252597476,0.1966346872915286,10.651696575561326,1.7121576950842978e-26,1.62584077851541e-25,RPLP0P2,transcribed_processed_pseudogene,Up
ENSG00000101412,1028.426825792317,1.490295698693352,0.1399157884592036,10.651376196388942,1.7180612682230102e-26,1.6308594543931166e-25,E2F1,protein_coding,Up
ENSG00000229312,11.195494624812161,5.12628364409856,0.48129162326494135,10.651096749457958,1.723227064994847e-26,1.6351744405870497e-25,AL353693.1,lncRNA,Up
ENSG00000108515,639.3747506841148,2.613276745334469,0.2453566881561524,10.6509293264967,1.7263293838902938e-26,1.637528987524714e-25,ENO3,protein_coding,Up
ENSG00000237080,18.876795964882774,1.9078673190040152,0.17917820471509427,10.647876074200298,1.783886808617902e-26,1.690909243107623e-25,EHMT2-AS1,lncRNA,Up
ENSG00000260942,116.44670928942372,1.2688311757679664,0.11919290022709514,10.645190890988435,1.836075518218336e-26,1.7378790888520288e-25,CAPN10-DT,lncRNA,Up
ENSG00000259337,88.40899834200955,2.9114283718000773,0.2735160627801093,10.644451160225616,1.8507168328142767e-26,1.751108822436759e-25,IGHV1OR15-2,IG_V_pseudogene,Up
ENSG00000165556,47.26561136999443,5.022341134814427,0.47193631898400434,10.641989041289811,1.9002877692670483e-26,1.7967224265174636e-25,CDX2,protein_coding,Up
ENSG00000130711,6.224247350788109,3.2204418430816477,0.3026808394627862,10.639728133427463,1.946965895772902e-26,1.840196798262775e-25,PRDM12,protein_coding,Up
ENSG00000257596,23.44024064529092,2.011945987266729,0.1891118803204185,10.63891905605202,1.9639446043995344e-26,1.8555793342176898e-25,SCAT2,lncRNA,Up
ENSG00000211637,1733.5299809604278,2.6909514777830554,0.2529909239365907,10.636553422199098,2.0144346940138125e-26,1.9019206187305491e-25,IGLV4-69,IG_V_gene,Up
ENSG00000285417,79.70927079745155,2.3977605804163535,0.2254409477045197,10.63586985785317,2.0292622855350083e-26,1.915234304565432e-25,BX571818.1,transcribed_unitary_pseudogene,Up
ENSG00000185900,2071.115742622605,1.1814507907032177,0.11108250286031965,10.635795559889656,2.0308804308867727e-26,1.9160757410548906e-25,POMK,protein_coding,Up
ENSG00000143850,2593.003983348785,1.6300793989614828,0.15332561640162068,10.631487661472416,2.1269229452925595e-26,2.005971318575279e-25,PLEKHA6,protein_coding,Up
ENSG00000138798,475.9706326898625,2.2231624864909305,0.20912438751353704,10.630814095496254,2.1423414648334286e-26,2.019790648110744e-25,EGF,protein_coding,Up
ENSG00000167670,763.2175004170507,1.0313519432817566,0.09702902194283297,10.629314019978507,2.1770788358605582e-26,2.0518073231466377e-25,CHAF1A,protein_coding,Up
ENSG00000211666,6532.745251380425,2.4566145847559637,0.23116602645148343,10.627057195498198,2.2303949650326238e-26,2.1005541152825104e-25,IGLV2-14,IG_V_gene,Up
ENSG00000204410,107.38739729017655,1.6667227389771728,0.15684415352857922,10.62661694095899,2.2409456070275724e-26,2.1097370816607313e-25,MSH5,protein_coding,Up
ENSG00000266830,21.410335653316388,6.3542069005330095,0.5979801679398319,10.626116452029832,2.2529998637085417e-26,2.1203285655244196e-25,AC061975.6,lncRNA,Up
ENSG00000234678,392.4858117675767,1.258862980139206,0.11847084173653795,10.625930918417339,2.257484746368189e-26,2.123791393568646e-25,ELF3-AS1,lncRNA,Up
ENSG00000187260,352.8182333550394,2.3014529220258537,0.2166801012740129,10.62143181812272,2.3689920335498805e-26,2.225519056811911e-25,WDR86,protein_coding,Up
ENSG00000287560,11.464670742242724,5.153956734931689,0.48526689472433737,10.620870269461646,2.3832874783463942e-26,2.238151381908633e-25,AL731533.3,lncRNA,Up
ENSG00000104879,68.85471931351343,3.025644233610848,0.28489023361952975,10.620385947141976,2.3956856226226284e-26,2.2489935873463406e-25,CKM,protein_coding,Up
ENSG00000065923,1363.6074169126343,1.1567827000529916,0.1090079861391056,10.611907815422034,2.6233695518489664e-26,2.45923409464121e-25,SLC9A7,protein_coding,Up
ENSG00000221843,172.5943146415066,1.1403155416662365,0.10745903095697242,10.611630604810026,2.6311656300198125e-26,2.4656658729076924e-25,C2orf16,protein_coding,Up
ENSG00000106536,202.63676097821204,3.9309750117848883,0.37046037853703706,10.611053811769201,2.647460643234843e-26,2.480054606113777e-25,POU6F2,protein_coding,Up
ENSG00000271151,20.158037917510576,1.9588361032849255,0.18462117696120203,10.61002933426523,2.6766502419940426e-26,2.505618277649375e-25,AC016737.1,lncRNA,Up
ENSG00000084734,47.90006861472561,3.035786963898472,0.2861279628065265,10.609892630281665,2.6805692859475314e-26,2.5083964538834776e-25,GCKR,protein_coding,Up
ENSG00000156234,1489.7657902897363,2.6252583140228682,0.24765039738963388,10.600662634481829,2.9587632235280546e-26,2.7667583760437873e-25,CXCL13,protein_coding,Up
ENSG00000222041,433.59222681705876,1.2614464886156602,0.11900834658140882,10.59964720838093,2.991064023558486e-26,2.7949808044378907e-25,CYTOR,lncRNA,Up
ENSG00000089116,19.01737239513806,5.330758537643522,0.5029269457796544,10.5994689335637,2.996770926933286e-26,2.7993216203765762e-25,LHX5,protein_coding,Up
ENSG00000126453,771.4188079242941,1.0048379546189687,0.09486747442861389,10.592017555765034,3.2452080954681657e-26,3.028171885261696e-25,BCL2L12,protein_coding,Up
ENSG00000147535,2556.4628389553454,1.1421333607913202,0.10784327037363324,10.59067809084694,3.29198432877685e-26,3.0696473391034493e-25,PLPP5,protein_coding,Up
ENSG00000204380,61.19883124124052,2.4407521512219383,0.23080238337622655,10.575073426530933,3.888727716990499e-26,3.620965744951959e-25,PKP4-AS1,lncRNA,Up
ENSG00000196976,1031.2757451446657,1.197258264323493,0.11326200921273091,10.570695969862049,4.074594832063123e-26,3.791357294336787e-25,LAGE3,protein_coding,Up
ENSG00000265800,24.840283567634213,1.850202958855428,0.1750358812714911,10.570421021194237,4.086558771744427e-26,3.801148317844817e-25,AC022211.3,lncRNA,Up
ENSG00000277182,37.051139495690194,1.662458886665323,0.15728960118180446,10.569413833936526,4.1306830467613867e-26,3.840836105186804e-25,AC006449.5,lncRNA,Up
ENSG00000211934,2886.0940537222714,2.6946487918328783,0.2549619317438506,10.5688279556184,4.156566949125182e-26,3.862180072178684e-25,IGHV1-2,IG_V_gene,Up
ENSG00000235601,27.457455023067023,6.410793308503953,0.6066870701707872,10.566886330211824,4.243502027527911e-26,3.941569160475907e-25,BARX1-DT,lncRNA,Up
ENSG00000254827,158.01908391990776,1.6854611413909668,0.15954489956751505,10.56418065359542,4.367660386912705e-26,4.0540374657827535e-25,SLC22A18AS,protein_coding,Up
ENSG00000137142,598.8656890843549,2.265073529841892,0.2144189815686965,10.563773380838475,4.386658591245761e-26,4.0702388124965066e-25,IGFBPL1,protein_coding,Up
ENSG00000101134,151.3567570230162,2.2049046390913665,0.20885513798300276,10.557100296334621,4.7098663101107296e-26,4.360926074354633e-25,DOK5,protein_coding,Up
ENSG00000274372,15.43748202881652,2.0764072106638136,0.1967023367810231,10.55608817182153,4.760907679461997e-26,4.406638662948854e-25,LINC02804,lncRNA,Up
ENSG00000046604,8662.184942287151,1.427886972807229,0.13528361347672282,10.554766657329965,4.8283777141443424e-26,4.465953010241541e-25,DSG2,protein_coding,Up
ENSG00000287390,10.392764035377935,5.307931923885553,0.5029892409113826,10.552774278566948,4.931894425318817e-26,4.55850178743979e-25,AC006525.1,lncRNA,Up
ENSG00000196465,1192.3342479343148,1.0447772535276958,0.09903415019841148,10.549666467925666,5.097773372247763e-26,4.708521324909755e-25,MYL6B,protein_coding,Up
ENSG00000224251,41.22606300972063,4.0131803221965,0.38046407352249395,10.548118998571441,5.182419896011055e-26,4.785028454405165e-25,AL391427.1,lncRNA,Up
ENSG00000142920,410.5418361022888,1.2909805350135608,0.12239036979613598,10.548056494672988,5.18586797471667e-26,4.786536174073454e-25,AZIN2,protein_coding,Up
ENSG00000204366,252.8685908367904,1.2556051002588926,0.11910647091022988,10.541871408525214,5.538563543077896e-26,5.108496699229245e-25,ZBTB12,protein_coding,Up
ENSG00000230082,47.739872661099284,1.690779935975889,0.16039234211522785,10.541525322706564,5.558986322068722e-26,5.125540885068259e-25,PRRT3-AS1,lncRNA,Up
ENSG00000174938,4482.9422589773685,1.7340081099378,0.16457980872406663,10.535971109585052,5.897144009130062e-26,5.435431231064652e-25,SEZ6L2,protein_coding,Up
ENSG00000262580,185.89880031830813,1.6590816873247827,0.15748192239877917,10.535061180696154,5.954454621350128e-26,5.486337119671658e-25,AC087741.1,lncRNA,Up
ENSG00000121621,325.87666613502876,1.3547276700977176,0.12861711433101536,10.533028027756272,6.084512543214742e-26,5.600300026686657e-25,KIF18A,protein_coding,Up
ENSG00000261801,244.60836426032418,1.3050280291244343,0.12391310940535777,10.531799543947264,6.164457522022318e-26,5.671903170123117e-25,LOXL1-AS1,lncRNA,Up
ENSG00000102100,2847.280931132298,1.0093318363218824,0.09585086613194081,10.53023177623158,6.267995623423707e-26,5.765156769783159e-25,SLC35A2,protein_coding,Up
ENSG00000147804,2458.9456818625263,1.4787509452615664,0.1404424916349407,10.529227501213512,6.335223531253039e-26,5.822929401155199e-25,SLC39A4,protein_coding,Up
ENSG00000280287,105.14181993375655,1.5530504744595055,0.14752474378521202,10.527389742297483,6.460102142360693e-26,5.931507433636889e-25,AC131212.3,TEC,Up
ENSG00000178445,263.55756110446345,2.789414841948935,0.2650297152934206,10.524913551149192,6.63222980464608e-26,6.085313150609503e-25,GLDC,protein_coding,Up
ENSG00000253686,117.41220408000851,2.240125860861364,0.21284207985593995,10.52482602301937,6.638396629093136e-26,6.088852838580382e-25,LINC01484,lncRNA,Up
ENSG00000180210,27.75096286503758,5.764714028154363,0.5480719721107615,10.518169732258,7.124405641833268e-26,6.532356633349905e-25,F2,protein_coding,Up
ENSG00000127191,1475.6254354493967,1.0422724432543107,0.09911350390247642,10.515947900296851,7.294357056675917e-26,6.683537025175259e-25,TRAF2,protein_coding,Up
ENSG00000264644,15.937733871424305,2.064032451356986,0.1963132968191363,10.51397172173509,7.448891026305652e-26,6.822759859801321e-25,KRT18P8,processed_pseudogene,Up
ENSG00000287712,13.615069117362433,2.5012090563556364,0.23792261122783573,10.512700089528135,7.55004195959123e-26,6.910607652704642e-25,AC005865.2,lncRNA,Up
ENSG00000148346,9175.003950222877,2.7250735674699804,0.25924359148668197,10.511633293777967,7.635948632724626e-26,6.986813513010007e-25,LCN2,protein_coding,Up
ENSG00000244116,92.77553200060476,2.978070833997012,0.2833986655756303,10.508415161193684,7.901010938925356e-26,7.21932288494323e-25,IGKV2-28,IG_V_gene,Up
ENSG00000272097,21.596228824106877,1.343113652424682,0.12793497154290262,10.498408966888876,8.784826969632071e-26,8.001930472856571e-25,AL024498.1,lncRNA,Up
ENSG00000225548,40.471535250790744,6.382989393152493,0.608043274810241,10.497590644587763,8.861299006498624e-26,8.068800234853892e-25,LINC01980,lncRNA,Up
ENSG00000146731,10440.433041875485,1.1033803556499613,0.10511027333916537,10.49735977842642,8.882992476097448e-26,8.085761532436648e-25,CCT6A,protein_coding,Up
ENSG00000213082,7.554697503314301,3.386786880777518,0.32266953762962314,10.496146942340271,8.997824878219513e-26,8.187461768069308e-25,PPP1R14BP2,processed_pseudogene,Up
ENSG00000180596,306.16530702762105,2.015754647128616,0.19213498105619445,10.491346427640162,9.466959250890655e-26,8.593587450808488e-25,H2BC4,protein_coding,Up
ENSG00000261231,17.795839951746007,4.377703426779143,0.41738300109432275,10.488456442407541,9.760992938427064e-26,8.857446104140457e-25,LINC02133,lncRNA,Up
ENSG00000287299,91.17026006646512,1.9131134504278842,0.18243172394476928,10.486736676385705,9.940243022359843e-26,9.017000636382148e-25,AC012459.1,lncRNA,Up
ENSG00000274641,9.988282483765296,3.3544905572402772,0.3199549894359743,10.48425768622539,1.0204381809979458e-25,9.253423257536393e-25,H2BC17,protein_coding,Up
ENSG00000231106,393.7885700933841,3.206259665124373,0.30587713722839666,10.48218148690949,1.043094709654357e-25,9.452373709135874e-25,LINC01436,lncRNA,Up
ENSG00000258884,16.20594914169485,2.6542057879626255,0.253474057894842,10.471311383919879,1.1701064619836177e-25,1.0581518313617285e-24,LINC02321,lncRNA,Up
ENSG00000135916,6745.450803902997,1.223434950398066,0.11686166886680491,10.469086760967764,1.1979308110901193e-25,1.0829425947359085e-24,ITM2C,protein_coding,Up
ENSG00000163382,5733.908518980195,1.0930353423044905,0.10442046074549124,10.467635696117023,1.2164322731625977e-25,1.0989146640389757e-24,NAXE,protein_coding,Up
ENSG00000272189,53.38356942224391,1.9788045833329826,0.18911008117858713,10.463771000469762,1.267101216169339e-25,1.1442965435063515e-24,AL024508.1,lncRNA,Up
ENSG00000139572,142.30130867361947,1.8476287502386604,0.17660525954337322,10.461912374613586,1.2922085734909252e-25,1.1661718029758967e-24,GPR84,protein_coding,Up
ENSG00000155269,16.306915704027613,3.4093240087494525,0.3258876994859013,10.461652937891717,1.2957521823179983e-25,1.1689697245202059e-24,GPR78,protein_coding,Up
ENSG00000245526,9.735993850692397,4.127257211495463,0.3946335505098194,10.458454954383733,1.340232124449437e-25,1.2067106283875496e-24,LINC00461,lncRNA,Up
ENSG00000232613,22.981635807305217,2.2727025653042046,0.21730782505425003,10.458447894072997,1.3403319797296673e-25,1.2067106283875496e-24,LINC02576,lncRNA,Up
ENSG00000242472,27.861433074688218,2.829817394394156,0.27058071277649554,10.458311552795838,1.3422617263138039e-25,1.2080355536824235e-24,IGHJ5,IG_J_gene,Up
ENSG00000065665,314.29088668154964,1.0223452369023247,0.09775923052236143,10.45778727430218,1.3497079438175598e-25,1.2143227048266478e-24,SEC61A2,protein_coding,Up
ENSG00000211640,3103.6696714185855,2.6597559435306826,0.25451564458603176,10.45026504306547,1.461163130825895e-25,1.312806533556349e-24,IGLV6-57,IG_V_gene,Up
ENSG00000128040,52.12455477811557,2.758656429635773,0.2640676950985824,10.44677740155192,1.515888021851789e-25,1.3610475701815347e-24,SPINK2,protein_coding,Up
ENSG00000241755,1967.0342280447455,2.507654637176454,0.24004476215543558,10.446612601164272,1.5185235867973353e-25,1.3624861171774662e-24,IGKV1-9,IG_V_gene,Up
ENSG00000087085,819.4250422455643,2.4947998411058254,0.2388958880192966,10.443042204662435,1.5767512353335714e-25,1.4137684486822945e-24,ACHE,protein_coding,Up
ENSG00000254395,167.48208945541435,2.4594015905533393,0.23552177912817088,10.442353143124544,1.5882408787655983e-25,1.4235864028908507e-24,IGHV4-55,IG_V_pseudogene,Up
ENSG00000185479,139.18600394424203,4.4102548869736315,0.4225163496574301,10.43806917897828,1.6615578999446195e-25,1.4887965280849343e-24,KRT6B,protein_coding,Up
ENSG00000109758,30.326850059709653,2.994314142664992,0.2870729585963751,10.430498773919703,1.7994124413483398e-25,1.610129150945223e-24,HGFAC,protein_coding,Up
ENSG00000260774,30.752090407206943,1.6318340074826536,0.15646921442237122,10.429105901162764,1.8259835538850144e-25,1.6333509605138342e-24,AC021087.3,lncRNA,Up
ENSG00000137310,1146.4487222888683,1.1821748476873246,0.11337392656489483,10.427219763008313,1.8625852049817774e-25,1.6649617578091346e-24,TCF19,protein_coding,Up
ENSG00000230445,75.2950746047155,1.8987316575420168,0.18210460442058504,10.426598841821404,1.874792915770747e-25,1.6753063093485124e-24,LRRC37A6P,transcribed_processed_pseudogene,Up
ENSG00000211967,642.2470438221577,2.528460814108094,0.2425049831784326,10.426428277754933,1.8781601755783648e-25,1.6777467422087224e-24,IGHV3-53,IG_V_gene,Up
ENSG00000019505,764.008073569606,4.190828211124775,0.40211646517530725,10.421926417008903,1.9692349633150705e-25,1.7579121862768586e-24,SYT13,protein_coding,Up
ENSG00000257842,35.66226940453903,5.41041623506058,0.5191513767371266,10.421654410444056,1.974875896514021e-25,1.76235118074703e-24,LINC02588,lncRNA,Up
ENSG00000099822,71.46700508334827,2.3182270854129,0.22244776438411126,10.421444746056903,1.9792348900059833e-25,1.7656435740682605e-24,HCN2,protein_coding,Up
ENSG00000263535,11.489569770322325,2.311523443388735,0.22181340549695627,10.421026800476465,1.9879525878040828e-25,1.7728207555087476e-24,AK4P1,processed_pseudogene,Up
ENSG00000250546,21.947678175669424,6.138255456944946,0.5890425610133901,10.420733344607013,1.9940963519321185e-25,1.777698471955712e-24,AC079160.1,lncRNA,Up
ENSG00000237017,22.786036612477595,1.880165629887646,0.1804503388888539,10.41929675203165,2.0244453183567963e-25,1.8041440704653168e-24,AC245052.4,lncRNA,Up
ENSG00000139629,3353.3146766183036,1.8290757118655263,0.17555006627534275,10.419111485817952,2.0283923641349336e-25,1.807050900075615e-24,GALNT6,protein_coding,Up
ENSG00000185100,784.6218310498896,1.7133694183764645,0.16454406089452284,10.412830515194226,2.1668149529358685e-25,1.9264635977383297e-24,ADSS1,protein_coding,Up
ENSG00000241472,71.60068078632824,1.6377834434417,0.15737766152603547,10.406708471587985,2.3107337368624837e-25,2.049581185370457e-24,PTPRG-AS1,lncRNA,Up
ENSG00000182841,210.41458400716874,1.0327830019166773,0.0992962226202719,10.401030116384595,2.452672187145166e-25,2.174746656860055e-24,RRP7BP,transcribed_unprocessed_pseudogene,Up
ENSG00000242534,87.63807089028835,2.9181723805773365,0.2806731778072088,10.397047567480053,2.557343428188489e-25,2.265271958392021e-24,IGKV2D-28,IG_V_gene,Up
ENSG00000205611,228.30621894135675,2.9886306895161026,0.287465676685532,10.396478369087042,2.5726605468936467e-25,2.277309789244225e-24,LINC01597,lncRNA,Up
ENSG00000167799,399.36377730594097,1.3586291098059609,0.13074258034837416,10.391634509474908,2.7067420467890195e-25,2.395194220598203e-24,NUDT8,protein_coding,Up
ENSG00000221947,136.99220014226796,2.095147941111837,0.2016266200744987,10.391226814880419,2.7183383247582796e-25,2.4046488300528627e-24,XKR9,protein_coding,Up
ENSG00000137547,2440.1180608941895,1.064990403798396,0.10252278745733691,10.387840890900213,2.816567871036085e-25,2.48737088945819e-24,MRPL15,protein_coding,Up
ENSG00000105255,36.0419461365243,2.5136417942455003,0.24205442533492316,10.384614083247817,2.913451924399455e-25,2.5720698776837507e-24,FSD1,protein_coding,Up
ENSG00000250770,32.239629735420294,2.835161817043526,0.2730316370931827,10.38400475207903,2.9321141827819404e-25,2.587679082997315e-24,AC005865.1,transcribed_unprocessed_pseudogene,Up
ENSG00000005001,1322.7903740211975,1.6806496979224996,0.16189626714160726,10.381028096543268,3.0249982490329446e-25,2.6678663487290553e-24,PRSS22,protein_coding,Up
ENSG00000137843,852.2362026729683,1.0812760811830178,0.10416531565110274,10.380385010349373,3.045445061961635e-25,2.685001213103588e-24,PAK6,protein_coding,Up
ENSG00000233999,74.95240243726195,2.611294558185167,0.25159579049563724,10.378927855036778,3.092283196140708e-25,2.7235640575227276e-24,IGKV3OR2-268,IG_V_gene,Up
ENSG00000160886,224.6179126416416,3.5352405967587903,0.3406452819027311,10.37807004697706,3.1201892624278714e-25,2.747225070124306e-24,LY6K,protein_coding,Up
ENSG00000273542,14.027997951680835,2.3547453007901806,0.2269470277521666,10.375748579362925,3.196968638110216e-25,2.81294838128016e-24,H4C12,protein_coding,Up
ENSG00000112494,17.747749691685808,5.891729271090112,0.5678898473302915,10.374774789138664,3.2297301138027656e-25,2.8408266544689436e-24,UNC93A,protein_coding,Up
ENSG00000260710,11.474063914617062,5.30312489986018,0.51123386544226,10.373187807643637,3.283835673739807e-25,2.8864915572172902e-24,AC120498.4,lncRNA,Up
ENSG00000146197,822.323917473969,2.3484055193807882,0.22639547340726054,10.373023294314127,3.2894956122313917e-25,2.890503142104025e-24,SCUBE3,protein_coding,Up
ENSG00000258077,11.94914374046748,4.03682148366046,0.38934299410059814,10.368291056541855,3.4565080785809343e-25,3.032206188695251e-24,AC078923.1,lncRNA,Up
ENSG00000154975,118.98041947762628,4.982803544966948,0.48060567220628986,10.367758503749378,3.4758213995661994e-25,3.0471213532766182e-24,CA10,protein_coding,Up
ENSG00000171346,2171.3766347188107,2.4428964596808753,0.23573864937185557,10.362732060229273,3.6634577570697834e-25,3.210547725288474e-24,KRT15,protein_coding,Up
ENSG00000257883,65.96111324319507,4.684559760318356,0.45217545721862984,10.360048705724735,3.7677013332750236e-25,3.300806782673168e-24,AC125603.2,lncRNA,Up
ENSG00000152669,462.9381899415164,2.162720079177063,0.20878019132379907,10.358837519326155,3.8157114639262936e-25,3.341757266812898e-24,CCNO,protein_coding,Up
ENSG00000235848,20.166567189307962,2.448670232090999,0.23638601967973552,10.358777712017604,3.818097804304382e-25,3.342737021895968e-24,RMDN2-AS1,lncRNA,Up
ENSG00000100505,154.8629096006995,2.856933125836159,0.27583629890273215,10.357350128322294,3.8755000945496883e-25,3.389616500606146e-24,TRIM9,protein_coding,Up
ENSG00000001084,4387.434339257194,2.2539622904319057,0.21768487508156978,10.3542439022799,4.003371008617904e-25,3.499134686683929e-24,GCLC,protein_coding,Up
ENSG00000211945,4273.95698746454,2.5506072568843146,0.24637318363297891,10.352617193452122,4.071995156014035e-25,3.555579876294374e-24,IGHV1-18,IG_V_gene,Up
ENSG00000211667,41.11289377477989,3.0089293975239686,0.29067963258658,10.35135957325028,4.1258467729743417e-25,3.6002177168541824e-24,IGLV3-12,IG_V_gene,Up
ENSG00000165935,16.288759438078053,2.4395015561111806,0.23573479360433963,10.348500188757336,4.250926861801406e-25,3.7056840114282004e-24,SMCO2,protein_coding,Up
ENSG00000177238,59.95892014451754,3.5700241196033766,0.34500237267515443,10.347824833555048,4.281013700052447e-25,3.730678495386088e-24,TRIM72,protein_coding,Up
ENSG00000204140,14.615374265298701,5.01546137509801,0.4847085938630177,10.347374564015709,4.30119019289095e-25,3.747022972795981e-24,CLPSL1,protein_coding,Up
ENSG00000211941,2301.749503492043,2.503022154558424,0.24197446882473314,10.34415807054178,4.448087406924544e-25,3.872435289554316e-24,IGHV3-11,IG_V_gene,Up
ENSG00000248713,43.02089880342207,3.5339497404681337,0.34167864537312725,10.342904914671836,4.506655268197376e-25,3.920834688959577e-24,C4orf54,protein_coding,Up
ENSG00000173486,11.063690686745229,1.7011993863603434,0.1644830173383997,10.342705367937011,4.516051608107786e-25,3.927713750191369e-24,FKBP2,protein_coding,Up
ENSG00000126500,26.729222179963628,1.966448950468687,0.19014128056657184,10.342041163334851,4.547468022133026e-25,3.953733324881237e-24,FLRT1,protein_coding,Up
ENSG00000169220,1162.9312574365613,1.028398487547075,0.09945715441547105,10.340115737185243,4.639768368927779e-25,4.0326529956699255e-24,RGS14,protein_coding,Up
ENSG00000184774,7.95330464613594,3.7432379535080185,0.36212235678518057,10.336942426696385,4.795956925158774e-25,4.1670307781363054e-24,MGAT4EP,transcribed_unitary_pseudogene,Up
ENSG00000237438,117.21822454005522,2.563734544727228,0.24802130275910556,10.336751384687684,4.805524427882943e-25,4.17377923553872e-24,CECR7,transcribed_unprocessed_pseudogene,Up
ENSG00000185567,4636.773212254679,2.1590893293399924,0.20887558729805464,10.336724158477573,4.806889472252974e-25,4.17377923553872e-24,AHNAK2,protein_coding,Up
ENSG00000188672,72.45200970143843,1.993374099665938,0.19295083543740124,10.330994914570585,5.102853453145138e-25,4.4263896565604365e-24,RHCE,protein_coding,Up
ENSG00000276775,1411.294365567825,2.829935404746042,0.27394254384394034,10.330397626584794,5.134728992766923e-25,4.451111227457717e-24,IGHV4-4,IG_V_gene,Up
ENSG00000115226,597.73969538599,1.959745669785849,0.18981987584013837,10.32423849774456,5.4751520503852105e-25,4.7384233530901875e-24,FNDC4,protein_coding,Up
ENSG00000100908,429.59518795559416,1.0401267178737246,0.10074774830358585,10.324069126979229,5.484822695675149e-25,4.7452353833646216e-24,EMC9,protein_coding,Up
ENSG00000187642,12.498640156000995,2.4595441402426923,0.23839322880458588,10.317172818103879,5.893294442351718e-25,5.088610820065972e-24,PERM1,protein_coding,Up
ENSG00000182472,362.3637618039421,1.7798605870497755,0.17254341488578628,10.31543619458291,6.0008193596067185e-25,5.17975798732665e-24,CAPN12,protein_coding,Up
ENSG00000180336,59.59854742414445,2.644574297169779,0.2564682905417752,10.311505923727493,6.251397168861503e-25,5.390756813043749e-24,MEIOC,protein_coding,Up
ENSG00000221539,17.268554829748172,1.7933059236899662,0.1739157021193566,10.31135142966699,6.2614560483228395e-25,5.3976657729412644e-24,SNORD99,snoRNA,Up
ENSG00000125207,17.556999323440397,5.098512016634696,0.49468080901163514,10.306670329139,6.573958611736206e-25,5.661505179343035e-24,PIWIL1,protein_coding,Up
ENSG00000205560,22.376393597721925,2.043420838072694,0.1983166626666425,10.303828284502512,6.77117735293548e-25,5.825642636114474e-24,CPT1B,protein_coding,Up
ENSG00000253729,10170.846297379041,1.075443766692976,0.10439076922735677,10.302096388912746,6.894222234940305e-25,5.929570787194255e-24,PRKDC,protein_coding,Up
ENSG00000285600,6.105086288030128,3.943817278870523,0.3829205977735441,10.299308268610984,7.096978263050657e-25,6.09799012045115e-24,AC023593.1,lncRNA,Up
ENSG00000180071,82.8117532816842,1.9320202335705823,0.18759153018083935,10.299080303402308,7.113815155772373e-25,6.1104659823360744e-24,ANKRD18A,protein_coding,Up
ENSG00000165409,34.10935670378439,2.324884467616747,0.2257485196302151,10.298559084351908,7.152459820879556e-25,6.141659572666685e-24,TSHR,protein_coding,Up
ENSG00000211679,11457.549894824246,2.311463941506325,0.2244647237905392,10.2976712887112,7.21876297886589e-25,6.194558403927547e-24,IGLC3,IG_C_gene,Up
ENSG00000184408,135.09784518634285,2.1870210017817695,0.2124439256707387,10.29458006331222,7.454411975479284e-25,6.3946923810471274e-24,KCND2,protein_coding,Up
ENSG00000260284,16.643541616507523,6.139159212333428,0.5966698889824144,10.289038085704988,7.896122449882171e-25,6.767005167481081e-24,TPSP2,unprocessed_pseudogene,Up
ENSG00000226943,14.704116271250477,2.8451064972774898,0.2765683124683093,10.287174520774132,8.050403628536579e-25,6.892504665081479e-24,ALG1L5P,unprocessed_pseudogene,Up
ENSG00000155754,124.14550317048901,2.184583102838491,0.21242568802332115,10.283987417748914,8.321210183826147e-25,7.122048443605826e-24,C2CD6,protein_coding,Up
ENSG00000270550,2309.2731217773985,2.3608620888278233,0.2296071024607564,10.282182317210038,8.478572247306008e-25,7.254378655465913e-24,IGHV3-30,IG_V_gene,Up
ENSG00000139800,26.21277871321884,5.577475366465891,0.5425348679649094,10.280399833816094,8.636855204705804e-25,7.382621450505415e-24,ZIC5,protein_coding,Up
ENSG00000121270,18.05080488972733,2.16702510443994,0.21079954510382182,10.280027423079348,8.670292856059196e-25,7.408801769743389e-24,ABCC11,protein_coding,Up
ENSG00000273604,352.70552066113333,1.410466787150648,0.137220573809637,10.27882880818846,8.778786075565561e-25,7.499079650556005e-24,EPOP,protein_coding,Up
ENSG00000225335,27.21317185762217,1.2657568215641024,0.12314541369532232,10.278554300818287,8.803821933022627e-25,7.518030582053325e-24,AC016027.1,lncRNA,Up
ENSG00000235899,43.99612130811962,3.1630701104774133,0.30776165791209736,10.277661395302356,8.885747774940101e-25,7.585534762873761e-24,LINC01564,lncRNA,Up
ENSG00000213468,107.9274217330934,2.465463370008738,0.2399923050722392,10.273093419668676,9.316833342842782e-25,7.945824555328725e-24,FIRRE,lncRNA,Up
ENSG00000198901,10.203398074161917,1.7620471942357143,0.17156924508112834,10.270180960477571,9.602437113511305e-25,8.184106874056016e-24,PRC1,protein_coding,Up
ENSG00000211937,2375.3775247089548,2.5627379280624716,0.24967182570346236,10.264425795108577,1.0192552756735664e-24,8.681447551521946e-24,IGHV2-5,IG_V_gene,Up
ENSG00000159409,91.08575544855908,3.5102191146230957,0.3420595935517049,10.26201042390147,1.0450793260676337e-24,8.898528197740879e-24,CELF3,protein_coding,Up
ENSG00000260027,500.2462597637078,2.105593426747184,0.20521457145759048,10.260447938914147,1.062128927481679e-24,9.037863768212932e-24,HOXB7,protein_coding,Up
ENSG00000167535,1732.0378509156492,1.1716031590837805,0.11423470161279407,10.25610556637164,1.1109729824362685e-24,9.447390373055271e-24,CACNB3,protein_coding,Up
ENSG00000170421,51793.77245567894,1.3054503278909761,0.12731766566467737,10.253489341606398,1.1414684333812911e-24,9.703585618396083e-24,KRT8,protein_coding,Up
ENSG00000272720,63.80514819413348,1.976658803482426,0.19278853764566356,10.252989247293497,1.1473913877733563e-24,9.747651706051355e-24,AL022322.1,lncRNA,Up
ENSG00000254978,13.098107723095492,1.548320343537423,0.151039206619892,10.251115443382552,1.169856151056763e-24,9.935300065496568e-24,ALG1L9P,transcribed_unprocessed_pseudogene,Up
ENSG00000107105,46.33263931862177,3.491792088263581,0.3406554194483368,10.250217342551746,1.18077729469691e-24,1.0024822041583231e-23,ELAVL2,protein_coding,Up
ENSG00000253665,101.3989769790505,4.5681635336448485,0.44571322624369486,10.249109213436697,1.1943917301255322e-24,1.013388350174076e-23,LINC02866,lncRNA,Up
ENSG00000236675,127.3674432172661,1.1674281231010808,0.113915295218102,10.248212242841712,1.2055256779941718e-24,1.022506018935552e-23,MTX1P1,unprocessed_pseudogene,Up
ENSG00000084110,499.8956233803587,2.666199142426574,0.2601723326515614,10.247819648053468,1.2104311870269048e-24,1.0263366688713659e-23,HAL,protein_coding,Up
ENSG00000284654,7.332533655207767,3.013606825160335,0.2941016827027889,10.246819390713256,1.2230190595970165e-24,1.0366767149332473e-23,AP000553.7,unitary_pseudogene,Up
ENSG00000181418,25.907590141629004,2.435149352505012,0.23768584609858598,10.245243427305194,1.2431156183783052e-24,1.0520205024594323e-23,DDN,protein_coding,Up
ENSG00000283453,50.18305191052515,3.963139077940558,0.3868733663439829,10.244021487942879,1.2589225647697578e-24,1.0650557598004014e-23,AC244258.1,transcribed_unprocessed_pseudogene,Up
ENSG00000211663,5424.777229603463,2.5847133467217387,0.2523476615440314,10.242668114722118,1.2766622211879967e-24,1.0797172152895278e-23,IGLV3-19,IG_V_gene,Up
ENSG00000188282,75.8316765273141,2.3005105406450044,0.224617187915608,10.241916756207189,1.2866175085060355e-24,1.0877878710902262e-23,RUFY4,protein_coding,Up
ENSG00000249231,9.870032887213123,4.4242887345602275,0.43212598624905063,10.23842322690203,1.3339253211815957e-24,1.1270621826196309e-23,CASC16,lncRNA,Up
ENSG00000251350,30.8887325090259,4.0847481462452455,0.3990183161054468,10.236994096195293,1.3537710092192608e-24,1.143097710954592e-23,LINC02475,lncRNA,Up
ENSG00000211933,936.2168183871654,2.57520692816196,0.25164840411047557,10.233352908653552,1.4056663888352119e-24,1.1861575255547051e-23,IGHV6-1,IG_V_gene,Up
ENSG00000278192,29.11792301911781,2.0302720401075334,0.1985377083496268,10.226128109286952,1.514541375860164e-24,1.2763968066932733e-23,AL118505.1,lncRNA,Up
ENSG00000189143,20250.4761797411,1.1735050417903439,0.1148272368569009,10.219744669575043,1.6176640710504824e-24,1.3628690592204862e-23,CLDN4,protein_coding,Up
ENSG00000236908,11.949480162879663,2.8501062921439955,0.2789256114347466,10.21815916252196,1.644337738600191e-24,1.384456774166253e-23,LINC02827,lncRNA,Up
ENSG00000046774,81.04197150780396,7.697781448391946,0.7535027605287333,10.215996346171854,1.6814275886766273e-24,1.414781286324271e-23,MAGEC2,protein_coding,Up
ENSG00000274414,51.39904683273421,2.042141841117478,0.2000840591561735,10.206419490537753,1.855872889262165e-24,1.5575865082699968e-23,AL121772.1,lncRNA,Up
ENSG00000171617,4385.808549222397,1.2384016635038273,0.12133786823781709,10.206225653121024,1.859582790631664e-24,1.560203569486382e-23,ENC1,protein_coding,Up
ENSG00000284719,17.331682206275506,2.0235430509157184,0.19830133483585058,10.204384416225752,1.8951910492858273e-24,1.5890679799576234e-23,AL033527.3,lncRNA,Up
ENSG00000155974,206.56006000954363,1.5512572828044753,0.1520408647690498,10.202896998519686,1.92444925511022e-24,1.6130873126909252e-23,GRIP1,protein_coding,Up
ENSG00000124657,8.692969845468655,3.6763423150937444,0.36033309119191814,10.202621976607961,1.929907875697228e-24,1.6171487347358086e-23,OR2B6,protein_coding,Up
ENSG00000178814,1264.6722077218592,1.364124378691831,0.1337102957665385,10.202089307121314,1.9405239323032195e-24,1.625527830204444e-23,OPLAH,protein_coding,Up
ENSG00000238266,37.71973035548255,3.5122609398884506,0.344367667124648,10.199160011782249,1.9999467267454832e-24,1.6737097805229575e-23,LINC00707,lncRNA,Up
ENSG00000188403,67.4509882303886,2.7785833052276914,0.27247442742491695,10.197592968585495,2.0324717724747855e-24,1.7003896142182772e-23,IGHV1OR15-9,IG_V_gene,Up
ENSG00000182931,51.82024640864995,2.4679149367169613,0.24209551106438473,10.193972312277303,2.1096386716611833e-24,1.763270103699062e-23,WFDC10B,protein_coding,Up
ENSG00000213983,1354.244072939963,1.0594727500594585,0.10398333628276053,10.188870524200608,2.2233221697031704e-24,1.8559356003505096e-23,AP1G2,protein_coding,Up
ENSG00000114923,365.0683712086609,1.8322507598256614,0.17990637499515483,10.184468226181572,2.3262825303418663e-24,1.9400401747348203e-23,SLC4A3,protein_coding,Up
ENSG00000101213,1362.3972564904284,1.7472932458338168,0.17156957860546426,10.184167030285916,2.3334970389384435e-24,1.945441571824431e-23,PTK6,protein_coding,Up
ENSG00000265688,307.3307785262894,1.2196482101135346,0.11980010037305852,10.180694392705346,2.418294812782991e-24,2.0148636402239327e-23,MAFG-DT,lncRNA,Up
ENSG00000050344,1264.664937313155,1.430569277300828,0.1405849844200089,10.175832669489704,2.5421633242383397e-24,2.1173988269161408e-23,NFE2L3,protein_coding,Up
ENSG00000070501,1320.437774690423,1.1120160206991603,0.10929869516593568,10.174101520708128,2.5877707802705382e-24,2.1540251097138287e-23,POLB,protein_coding,Up
ENSG00000102890,2065.1687774693582,1.1514542989308305,0.11317793592003905,10.173840771794428,2.5947101390549154e-24,2.159119796998363e-23,ELMO3,protein_coding,Up
ENSG00000244306,65.09556928289489,2.3848773872506825,0.23441943728296044,10.173547956997998,2.6025248484012852e-24,2.1649394401369682e-23,DUXAP10,transcribed_processed_pseudogene,Up
ENSG00000171208,1204.2902610031692,1.3912341262748475,0.13675307783441704,10.173329538947398,2.608369217873186e-24,2.1691168803316277e-23,NETO2,protein_coding,Up
ENSG00000054179,193.9668424513504,2.1855414069280545,0.21483772243977836,10.172987230120578,2.6175547869525966e-24,2.176069348421815e-23,ENTPD2,protein_coding,Up
ENSG00000116785,58.49194125868192,2.4968177150643522,0.2455599006656452,10.167856023300905,2.7591491119013002e-24,2.2901719257424388e-23,CFHR3,protein_coding,Up
ENSG00000139973,80.32320548359843,2.938484570661318,0.28902522463864927,10.16687928998283,2.7869489665381698e-24,2.3125186987920558e-23,SYT16,protein_coding,Up
ENSG00000277282,28.016587935259295,3.0142339298765775,0.29651502481592723,10.16553522624284,2.8256579321378056e-24,2.3439005873065094e-23,IGHV1OR21-1,IG_V_gene,Up
ENSG00000178882,278.0452265773869,2.468858712712863,0.2429042401925177,10.163917726409917,2.8729485304418767e-24,2.3823790172249147e-23,RFLNA,protein_coding,Up
ENSG00000160113,2377.484449429288,1.0070062878108004,0.0990805562720289,10.163510639222007,2.884973444812739e-24,2.3915985457312775e-23,NR2F6,protein_coding,Up
ENSG00000211673,6806.516033947347,2.421606551957067,0.23829202157256996,10.162348432717398,2.9195788059677807e-24,2.4187650993832977e-23,IGLV3-1,IG_V_gene,Up
ENSG00000132164,85.77800911863385,3.7385427451446582,0.36790066267075355,10.161826613751995,2.9352497149696706e-24,2.4309841389368787e-23,SLC6A11,protein_coding,Up
ENSG00000239415,74.0596072857803,1.3443072202853559,0.1323421560752792,10.157815620902259,3.058519538175442e-24,2.531486510410747e-23,AP001469.3,lncRNA,Up
ENSG00000223485,22.20252663772316,2.3605084350053827,0.23243211326095004,10.155689770609515,3.125918479786258e-24,2.584027282506697e-23,LINC01615,lncRNA,Up
ENSG00000260430,27.00034490499285,2.2403671792210877,0.2207125004199368,10.150613014480248,3.2928846815259264e-24,2.720343641974896e-23,AC099518.1,lncRNA,Up
ENSG00000236064,9.149984934173922,4.0935450530740685,0.40347886263688476,10.14562454727176,3.465545298396166e-24,2.858467632299767e-23,AL109946.1,lncRNA,Up
ENSG00000135744,1004.2449871297451,2.7001445075320043,0.26617671811817195,10.14417987651815,3.5172020415178834e-24,2.897488842075182e-23,AGT,protein_coding,Up
ENSG00000089723,165.40892165306636,1.2211698389338876,0.12041250322183367,10.141553462136317,3.6130753472410195e-24,2.9718277263488985e-23,OTUB2,protein_coding,Up
ENSG00000165704,1712.5913840766343,1.0342034862728948,0.10199898369269303,10.139350891855827,3.695469236391225e-24,3.037703359215605e-23,HPRT1,protein_coding,Up
ENSG00000250548,19.74564753633196,2.3575692176346412,0.23253013769286313,10.138768423853216,3.717567652116733e-24,3.053964454402437e-23,LINC01303,lncRNA,Up
ENSG00000211959,3994.77720360716,2.47415695455283,0.24403886992619767,10.138372445754504,3.7326654657065444e-24,3.0654122806191706e-23,IGHV4-39,IG_V_gene,Up
ENSG00000215158,163.22095882598688,1.766505369225524,0.17426578828814235,10.136845485154375,3.791456080030497e-24,3.1117552701650854e-23,AC138409.2,transcribed_unprocessed_pseudogene,Up
ENSG00000203645,15.144091948055332,4.901637474849231,0.48369955148596555,10.133640727577667,3.917843815272208e-24,3.212485740321148e-23,LINC00501,lncRNA,Up
ENSG00000128228,1517.4275175001733,1.1351198511030993,0.11203728319296459,10.131625997642717,3.999427051564255e-24,3.2763246769105126e-23,SDF2L1,protein_coding,Up
ENSG00000283283,8.0320491692477,3.4668117059087007,0.3422231437390219,10.130266667623387,4.055419333150058e-24,3.32116173339028e-23,AC013268.4,unprocessed_pseudogene,Up
ENSG00000248474,13.579674369209789,4.777427845232875,0.4716516620244509,10.12914451467619,4.102226561513486e-24,3.3584512395874145e-23,LINC02122,lncRNA,Up
ENSG00000180900,5384.507861595724,1.0991917547945178,0.10851981301206895,10.128949951952755,4.1103964187100606e-24,3.364095392966614e-23,SCRIB,protein_coding,Up
ENSG00000230894,18.602134061214638,4.449473481624918,0.4393085837920514,10.128355433480662,4.135460760714747e-24,3.3835588042211566e-23,AL133284.1,lncRNA,Up
ENSG00000196081,31.722289904850754,1.6882941962999356,0.16673715585209803,10.12548275561036,4.258719445448893e-24,3.4800877526026433e-23,ZNF724,protein_coding,Up
ENSG00000203740,8.259145942509623,4.875251585608435,0.4815823671220791,10.123401350308532,4.350293597710904e-24,3.553817911141157e-23,METTL11B,protein_coding,Up
ENSG00000273983,28.157796262470548,3.0956956116840124,0.3058537315428523,10.121490413303272,4.4360837909993786e-24,3.622778865551366e-23,H3C8,protein_coding,Up
ENSG00000269516,13.276663666377377,4.8594021404318495,0.48030455207925155,10.117335177015011,4.628456650305881e-24,3.778712132153748e-23,CYP4F23P,transcribed_unprocessed_pseudogene,Up
ENSG00000189376,161.18590588041428,1.134769287735643,0.11218740804315097,10.114943446230376,4.742908593859265e-24,3.8685586025384724e-23,C8orf76,protein_coding,Up
ENSG00000207547,16.66223194224783,1.9076492840355472,0.1886055010491717,10.114494399281602,4.7647073836368124e-24,3.8827358994592937e-23,MIR25,miRNA,Up
ENSG00000253274,38.68809981211587,2.6810279218495072,0.2650898169295476,10.113658656914907,4.805542684797231e-24,3.914802613472443e-23,IGHV1-67,IG_V_pseudogene,Up
ENSG00000240671,236.22208993782715,2.6898620475104447,0.26602211833192646,10.111422555301196,4.916513497697743e-24,4.0039672925969573e-23,IGKV1-8,IG_V_gene,Up
ENSG00000255224,44.275661425648074,1.3854198962282664,0.13702972631260799,10.110360237220988,4.970118726427785e-24,4.046373288542782e-23,AC109322.1,lncRNA,Up
ENSG00000214510,44.6347272657123,3.225516401601892,0.31908800171868573,10.108548062692657,5.0629014675080395e-24,4.1193678401168467e-23,SPINK13,protein_coding,Up
ENSG00000233396,78.91339071673893,1.4361413470314277,0.14213279406224047,10.104222297934538,5.2913721675307915e-24,4.2999532837530653e-23,LINC01719,lncRNA,Up
ENSG00000236307,8.282625130560401,2.2896872856851527,0.22662245122230476,10.103532431740796,5.3287406023632505e-24,4.3289861270585e-23,EEF1E1P1,processed_pseudogene,Up
ENSG00000137124,1842.2385391133098,1.066471495397648,0.10557251964355377,10.101790683772567,5.4242540993428176e-24,4.4052226855457376e-23,ALDH1B1,protein_coding,Up
ENSG00000157064,868.4640650040096,2.747672516968386,0.2720212274759254,10.100948894554792,5.471021781978097e-24,4.441836342080124e-23,NMNAT2,protein_coding,Up
ENSG00000224093,82.88423497110564,1.9398402659178804,0.19206902938922718,10.099703591393702,5.540941052788136e-24,4.497218084395911e-23,BCAR3-AS1,lncRNA,Up
ENSG00000278196,1588.308969453637,2.4135123665529936,0.23903359698146323,10.096958741495065,5.698195125701666e-24,4.6220057048524435e-23,IGLV2-8,IG_V_gene,Up
ENSG00000243063,167.00311942511536,2.4270422796026154,0.24044982063779843,10.093757912419449,5.8871624185333966e-24,4.7694154524339685e-23,IGKV3-7,IG_V_gene,Up
ENSG00000179546,144.22724700322468,2.701395605708619,0.26765184796278746,10.09294584091272,5.936083612532678e-24,4.807571402410526e-23,HTR1D,protein_coding,Up
ENSG00000264026,7.15487798951924,4.0798928041539755,0.4042434188128198,10.092663514809432,5.953185786704104e-24,4.819941946434977e-23,LINC02003,lncRNA,Up
ENSG00000132874,301.33694301826887,4.176145145922353,0.4138288549705338,10.091478870461344,6.025480347772306e-24,4.875480723251173e-23,SLC14A2,protein_coding,Up
ENSG00000266968,299.85771289634994,4.856166295233075,0.4813774355528881,10.088063828034452,6.2387904187697995e-24,5.0465307773913994e-23,AC023421.1,lncRNA,Up
ENSG00000147255,77.99400123184222,2.791998655058756,0.2768288057121266,10.08565076122225,6.394008135497749e-24,5.1673305097479514e-23,IGSF1,protein_coding,Up
ENSG00000271936,43.581845647809104,1.3279914263917016,0.13172090773093972,10.081857537030713,6.645768760998529e-24,5.365857998393484e-23,AC012073.1,lncRNA,Up
ENSG00000181218,394.98542802483547,2.387299993418812,0.23679470477450223,10.081728794113953,6.65448368079167e-24,5.371249913145893e-23,H2AW,protein_coding,Up
ENSG00000272954,8.44531027906016,2.882042275880138,0.285901821620682,10.080531350037583,6.736085738209214e-24,5.433789566123493e-23,AP000553.2,lncRNA,Up
ENSG00000245750,549.3085908320033,2.8485018350452602,0.2826215089520553,10.078857216520234,6.851836576299787e-24,5.522094453454322e-23,DRAIC,lncRNA,Up
ENSG00000255346,59.02235193923131,2.5337672980685437,0.25161966410244824,10.069830222159851,7.510762306801148e-24,6.043906073553442e-23,NOX5,protein_coding,Up
ENSG00000170476,1978.4006792518444,2.1048428882768846,0.20909944569969824,10.066228923914943,7.790818361129964e-24,6.259716032388701e-23,MZB1,protein_coding,Up
ENSG00000133055,150.39222104237874,3.3073789144298007,0.3286604476281593,10.063209425710122,8.033583290839016e-24,6.452805098368105e-23,MYBPH,protein_coding,Up
ENSG00000243449,179.72825230970113,1.6346613052733914,0.16247120916213295,10.061236779755442,8.19621301966155e-24,6.579425793865299e-23,C4orf48,protein_coding,Up
ENSG00000187951,144.91174484196088,1.3683067505772917,0.1360060191856574,10.060633777608478,8.246573590029507e-24,6.617837661870911e-23,AC091057.1,lncRNA,Up
ENSG00000186474,390.9086524050482,4.730631302763465,0.4703408306794179,10.057879295594987,8.480543127541852e-24,6.801457490063218e-23,KLK12,protein_coding,Up
ENSG00000211659,4252.6562231698545,2.459570978819827,0.244585906744295,10.05606173944933,8.638516973896337e-24,6.9260472058877e-23,IGLV3-25,IG_V_gene,Up
ENSG00000224650,1725.2483582759899,2.2822245150798532,0.22698466041173693,10.054531927135654,8.773737705950227e-24,7.032324112641565e-23,IGHV3-74,IG_V_gene,Up
ENSG00000145113,6374.864791448066,2.4892452831568037,0.2475775765847589,10.05440523933961,8.785029227994012e-24,7.03923490556676e-23,MUC4,protein_coding,Up
ENSG00000198515,91.67584513959525,2.331124887337973,0.23189703181422763,10.052413647128668,8.964440562174966e-24,7.178630356044757e-23,CNGA1,protein_coding,Up
ENSG00000198788,71.64133809293905,4.490423163595037,0.4467064931889179,10.05228988622733,8.975708475217246e-24,7.185471538903423e-23,MUC2,protein_coding,Up
ENSG00000179058,18.94718472895901,2.0287890305783023,0.20190543648338236,10.048213985289493,9.354743998368647e-24,7.4798241127041e-23,C9orf50,protein_coding,Up
ENSG00000273203,30.12944204522542,2.716514481588355,0.27039091389264375,10.046618958013223,9.507350608435902e-24,7.594935945000143e-23,AC006946.2,lncRNA,Up
ENSG00000178896,791.244497797491,1.1106371597088998,0.1105756002456841,10.044143167581396,9.749122759659425e-24,7.78335958741202e-23,EXOSC4,protein_coding,Up
ENSG00000136943,416.82356702399727,2.2861558070132784,0.22763024872637408,10.043286513126741,9.834188926820942e-24,7.8488971549718e-23,CTSV,protein_coding,Up
ENSG00000258837,30.673269727297857,5.5481361429304785,0.552556912762633,10.040841069549414,1.008108801209188e-23,8.038654093706164e-23,AL133370.1,lncRNA,Up
ENSG00000272556,336.3009518383902,1.351949225189125,0.13467585243091815,10.038542179509175,1.031878466946332e-23,8.223220058439036e-23,GTF2IP13,transcribed_unprocessed_pseudogene,Up
ENSG00000227440,13.221820824012063,2.0342393317059213,0.20265575507469677,10.037905565307643,1.0385583919377215e-23,8.271454181636277e-23,ATP5MC1P4,processed_pseudogene,Up
ENSG00000211648,2905.0926882461645,2.3457764456535353,0.23375286852664098,10.035284103417046,1.0665193321641265e-23,8.48645588085939e-23,IGLV1-47,IG_V_gene,Up
ENSG00000204382,15.827180028288454,4.317706319521058,0.430308333154314,10.033982581445091,1.0806772494283193e-23,8.5965185723755e-23,XAGE1B,protein_coding,Up
ENSG00000153363,675.824061725379,1.0473020182533055,0.10440149739600982,10.031484647013624,1.1083731378882995e-23,8.806206582137529e-23,LINC00467,lncRNA,Up
ENSG00000100968,1751.793704446052,1.203518917311011,0.11999578643298732,10.029676483541584,1.1288586475757837e-23,8.966265824269102e-23,NFATC4,protein_coding,Up
ENSG00000007314,91.65897091159715,3.0434710872273416,0.3034715268436217,10.028852192105774,1.138321424646247e-23,9.035983133028759e-23,SCN4A,protein_coding,Up
ENSG00000253234,76.89498099689484,2.4379035072509243,0.24313300636418478,10.027036409853915,1.1594444222192366e-23,9.20088757566093e-23,IGLV2-5,IG_V_pseudogene,Up
ENSG00000261804,66.6654751016149,1.7506600972249116,0.17466376461367514,10.023029682756794,1.2074378113903225e-23,9.575980477101595e-23,AC007342.4,lncRNA,Up
ENSG00000117308,3706.3727914068563,1.0853294741630066,0.10828495764168579,10.02290159039776,1.2090041519702569e-23,9.585519990215177e-23,GALE,protein_coding,Up
ENSG00000219159,18.56573234760977,5.6895938664093215,0.5678671549600558,10.019233929473403,1.2547168490309642e-23,9.938985674060236e-23,AC011298.1,lncRNA,Up
ENSG00000198216,38.0798581171022,2.625058739373383,0.26202310330586903,10.01842473527633,1.2650306361663316e-23,1.0017675037749599e-22,CACNA1E,protein_coding,Up
ENSG00000164089,54.51256116446309,6.00244405121466,0.5991794923979655,10.017772849989218,1.2734004292545273e-23,1.0077901956615212e-22,ETNPPL,protein_coding,Up
ENSG00000234805,7.385933581349889,4.241902074434772,0.42349989708557867,10.016300130475804,1.2925116462739345e-23,1.0226082241897286e-22,AC090505.1,processed_pseudogene,Up
ENSG00000122691,124.47972021544092,2.4461402701048938,0.24425674435621322,10.014627340392089,1.314563868724531e-23,1.0394317606676427e-22,TWIST1,protein_coding,Up
ENSG00000286015,19.990303433651572,5.436155951000165,0.5428780598484204,10.01358565221446,1.328484172258299e-23,1.0498090387309363e-22,CR589904.2,protein_coding,Up
ENSG00000168275,877.318591108272,1.1526615936654534,0.11511084600403011,10.013492504651541,1.3297360104684233e-23,1.0504834810081583e-22,COA6,protein_coding,Up
ENSG00000092470,484.68891130145937,1.1315984284296934,0.11301996023676804,10.01237680546943,1.3448213293091615e-23,1.0620826131740816e-22,WDR76,protein_coding,Up
ENSG00000135314,103.40842460240843,1.1842770753520893,0.11831226895535282,10.009757109797265,1.3809115343026507e-23,1.0892802022004456e-22,KHDC1,protein_coding,Up
ENSG00000258116,7.9367767972666154,3.3876021133137457,0.3384415352658371,10.009415985697121,1.3856810553994773e-23,1.0927155930288342e-22,PPIAP45,processed_pseudogene,Up
ENSG00000258474,12.528857301512954,4.640470711392555,0.4636429153631762,10.008716962185494,1.39550567131491e-23,1.0999559160596772e-22,LINC02313,lncRNA,Up
ENSG00000143552,99.02133796317509,2.3913168583745117,0.2389894641840225,10.005950959131788,1.435062337443316e-23,1.1304085906713068e-22,NUP210L,protein_coding,Up
ENSG00000173825,49.46267749072609,1.4930845424987782,0.14922469408961941,10.00561302274864,1.4399706588744964e-23,1.133831778874902e-22,TIGD3,protein_coding,Up
ENSG00000170175,650.723083377454,1.1031522996783387,0.11026061869655958,10.00495292625054,1.4496061631675434e-23,1.1410780454545707e-22,CHRNB1,protein_coding,Up
ENSG00000214353,26.00843467676769,2.300682710478411,0.23015754556434326,9.996121156215702,1.5848355427712963e-23,1.2449244344021175e-22,VAC14-AS1,lncRNA,Up
ENSG00000014914,1239.3717696659253,1.4184060021036735,0.14190385768972075,9.995542229761526,1.5941239001272258e-23,1.2511025966177065e-22,MTMR11,protein_coding,Up
ENSG00000217275,15.404451891841994,2.850706600637946,0.28536520487998357,9.989678320581767,1.691296991087116e-23,1.3269711887821257e-22,AL031777.1,processed_pseudogene,Up
ENSG00000260167,7.815331856863594,2.155064173858783,0.21577761830355832,9.987431462085262,1.7300653790284482e-23,1.3553720750142657e-22,AC093249.2,lncRNA,Up
ENSG00000164418,100.8263311931102,2.5989111343881373,0.2602418500894964,9.986522665337567,1.7459949937655625e-23,1.367445440617698e-22,GRIK2,protein_coding,Up
ENSG00000263680,6.173554953386744,3.8125949134840527,0.3819255310540316,9.982561005969195,1.8171496283115206e-23,1.421906103815276e-22,AC007639.1,lncRNA,Up
ENSG00000136108,1208.3025376745693,1.0942917270301673,0.10963461446907313,9.981261231495974,1.841114491067359e-23,1.4402310628729235e-22,CKAP2,protein_coding,Up
ENSG00000235023,13.53517780700569,2.8533635572028015,0.2859178816616905,9.979661085272785,1.871047709678116e-23,1.4627787756955802e-22,AP001626.1,lncRNA,Up
ENSG00000119283,16.188823042921644,2.3731751806101844,0.23780612203491489,9.979453683962573,1.8749625850701633e-23,1.4654049605305337e-22,TRIM67,protein_coding,Up
ENSG00000165238,638.3674355214106,2.0842430609945684,0.208857767562076,9.979246093277792,1.8788891573968035e-23,1.4680387283127026e-22,WNK2,protein_coding,Up
ENSG00000197476,29.027135385310846,3.0203476293954985,0.3028007351377129,9.974703753680958,1.9668752177546742e-23,1.5354203520482759e-22,AC034105.1,processed_pseudogene,Up
ENSG00000171421,923.9461866655591,1.0677615243733463,0.10705497794993019,9.973954923167986,1.9817668968376585e-23,1.5461299724736408e-22,MRPL36,protein_coding,Up
ENSG00000097046,474.8665615624993,1.2527658681268625,0.12561066529527937,9.973403653120712,1.9928010718489537e-23,1.5533598659372423e-22,CDC7,protein_coding,Up
ENSG00000108582,15195.247732815424,1.3660002216022455,0.13701653822634777,9.969601037107276,2.070588889601456e-23,1.6125643537740814e-22,CPD,protein_coding,Up
ENSG00000145794,54.59111806369497,2.6949016707627935,0.27031884991594346,9.969344245141551,2.0759490006437795e-23,1.6162614451424997e-22,MEGF10,protein_coding,Up
ENSG00000239382,73.70423952122363,1.353577829458626,0.13577807895885255,9.969045370488907,2.0822048228235885e-23,1.6206535176463408e-22,ALKBH6,protein_coding,Up
ENSG00000132840,921.9202005838274,2.9078356369614276,0.2917919021982806,9.965443232161643,2.1590864648943185e-23,1.6799973466882025e-22,BHMT2,protein_coding,Up
ENSG00000273759,34.72444301845053,1.5526167437596032,0.15581370177680107,9.964571318533238,2.1781146059425868e-23,1.6943033085164016e-22,AL117379.1,lncRNA,Up
ENSG00000183929,14.838126035658174,3.2487767123948483,0.3261037846167745,9.962401130096342,2.2261996022170104e-23,1.731196800662417e-22,DUSP5P1,processed_pseudogene,Up
ENSG00000287158,13.51193221263258,4.94179794988127,0.496244268138608,9.95839804541774,2.317670111649134e-23,1.8007354403119523e-22,AC117464.1,lncRNA,Up
ENSG00000146410,176.23591713595323,1.488671619980531,0.14952657714915193,9.95589980298679,2.3766308291060797e-23,1.8438292134018042e-22,MTFR2,protein_coding,Up
ENSG00000260495,16.5670830086583,1.989662144343871,0.19986987425765287,9.954787592346165,2.4033554795353812e-23,1.8640142351572943e-22,AC009148.1,lncRNA,Up
ENSG00000215182,6899.023094608541,4.510364889850735,0.4531931111809468,9.952412732173853,2.461419679784954e-23,1.908486826107887e-22,MUC5AC,protein_coding,Up
ENSG00000167157,248.88778137704296,2.1913718485786964,0.22023832767939402,9.950002216547551,2.5217759655702347e-23,1.954709941566346e-22,PRRX2,protein_coding,Up
ENSG00000197153,6.307213380140119,4.2352443033793,0.4256662451177985,9.949683236469085,2.5298718386253075e-23,1.9598331487822963e-22,H3C12,protein_coding,Up
ENSG00000211904,51.54883027929837,2.584190099558015,0.2598514422906944,9.944874951539022,2.655072771506476e-23,2.056219353439817e-22,IGHJ2,IG_J_gene,Up
ENSG00000167165,138.2239206227002,5.0297019527036255,0.5058550501407637,9.942970721166105,2.706335185368861e-23,2.0940744964253775e-22,UGT1A6,protein_coding,Up
ENSG00000211952,321.4886572852717,2.3068471897967506,0.23203757426952062,9.941696714676297,2.741177729604999e-23,2.120412341733172e-22,IGHV4-28,IG_V_gene,Up
ENSG00000249641,17.30188247591196,5.896699623231045,0.5931627930244247,9.941115141704847,2.757230355186301e-23,2.132204236547295e-22,HOXC13-AS,lncRNA,Up
ENSG00000260924,27.08788002107846,1.5115453908355883,0.15211415896168748,9.93691449338583,2.875974220601284e-23,2.2207742371085173e-22,LINC01311,lncRNA,Up
ENSG00000176619,3550.400566439826,1.0303071228834526,0.10369417231231058,9.936017617078125,2.901975686223152e-23,2.2395404988500005e-22,LMNB2,protein_coding,Up
ENSG00000167103,427.81901793778354,1.571300667570578,0.158164218249746,9.93461533182839,2.943096741956635e-23,2.2692824878770894e-22,PIP5KL1,protein_coding,Up
ENSG00000276180,529.8381277697034,1.3145133613025834,0.13236083629136716,9.931286308957226,3.043043108964685e-23,2.3447007749766865e-22,H4C9,protein_coding,Up
ENSG00000187840,2052.254865473543,1.6324269807463028,0.1643724489724227,9.931268840681327,3.043576318826393e-23,2.3447007749766865e-22,EIF4EBP1,protein_coding,Up
ENSG00000176171,3739.0291732861983,1.161685480497002,0.11697850584178178,9.93076011817273,3.059145446572013e-23,2.356006583706308e-22,BNIP3,protein_coding,Up
ENSG00000157999,39.74751441514123,1.5610658862622933,0.1572035749026592,9.930218744891194,3.075800447871684e-23,2.3681418338796003e-22,ANKRD61,protein_coding,Up
ENSG00000275613,8.591048358029603,3.1529302963154215,0.3175952211908689,9.927511769519253,3.160435189920463e-23,2.431884329098413e-22,AC243830.1,lncRNA,Up
ENSG00000151498,2579.1202524601,1.2892722809764894,0.12987252457253848,9.927213513558709,3.169900167409754e-23,2.4384558755716225e-22,ACAD8,protein_coding,Up
ENSG00000203523,6.946752262354959,4.7752479232706895,0.48118225035218476,9.923990171656605,3.2739989949475066e-23,2.517065699614162e-22,TAS2R2P,processed_pseudogene,Up
ENSG00000198088,153.31202474183388,1.4434669657531123,0.14550942609263698,9.920092495135984,3.404405426456556e-23,2.614274056367483e-22,NUP62CL,protein_coding,Up
ENSG00000285077,20.51391519878934,1.761354068934602,0.17756634672243832,9.919413793469836,3.4276330633089646e-23,2.631344508863389e-22,ARHGAP11B,protein_coding,Up
ENSG00000257443,16.598450577489402,3.048304709722098,0.3073586693738353,9.917744360138725,3.4854369425899773e-23,2.6733848800493804e-22,AC068305.2,lncRNA,Up
ENSG00000075043,36.65162123081466,4.289706333389622,0.4325737167576638,9.916705909787856,3.521878963388774e-23,2.699765937923313e-22,KCNQ2,protein_coding,Up
ENSG00000252690,10.593179177598257,1.855538416819127,0.18712655158835836,9.915954743295577,3.5484743175343894e-23,2.718572566919868e-22,AC105339.2,lncRNA,Up
ENSG00000138615,915.4586178515256,2.4148809245864222,0.24358095238590347,9.914079491571018,3.6157393636859294e-23,2.7693013947254705e-22,CILP,protein_coding,Up
ENSG00000249592,202.079099712968,1.174361412030719,0.11846100417776258,9.913485202847617,3.6373187170009735e-23,2.7842117436085827e-22,AC139887.2,lncRNA,Up
ENSG00000240864,1610.3958732173292,2.5769972309043276,0.259948604419843,9.913487462861001,3.6372364120810777e-23,2.7842117436085827e-22,IGKV1-16,IG_V_gene,Up
ENSG00000211935,2105.59203643233,2.925974214720915,0.29519466952523843,9.91201575362712,3.691225222463722e-23,2.82465493663286e-22,IGHV1-3,IG_V_gene,Up
ENSG00000263786,18.577852587162266,1.834705063104813,0.1851716230297186,9.908132969220437,3.837500813416044e-23,2.9306370243203323e-22,AC022211.1,lncRNA,Up
ENSG00000232006,27.65899263696603,3.687518915751359,0.37219431037966255,9.907510171205596,3.861491607968762e-23,2.9481046236866316e-22,AC005537.1,lncRNA,Up
ENSG00000131778,28.059804922283334,1.5845983284709377,0.16000777684040035,9.90325820257783,4.029296690107172e-23,3.074437318232816e-22,CHD1L,protein_coding,Up
ENSG00000279286,22.274857385221804,2.9035157059989345,0.293212133185663,9.90244051108355,4.062385185094224e-23,3.0987878892373353e-22,AL133373.3,TEC,Up
ENSG00000270195,17.405431095199006,1.7564385020469397,0.17741703159990468,9.900055739901598,4.1604309871889197e-23,3.1726594890737945e-22,AC016773.1,lncRNA,Up
ENSG00000261121,6.786583288315693,4.400850071473014,0.44474543194601873,9.895211407156557,4.366867915521177e-23,3.3281591598928736e-22,LINC02473,lncRNA,Up
ENSG00000197989,605.5147120176567,1.1786099614670775,0.11914157045859665,9.892516582838404,4.486062311702303e-23,3.4170266654994143e-22,SNHG12,lncRNA,Up
ENSG00000176428,167.62427913179772,1.5085303747360432,0.15254736914529549,9.888930783848696,4.6496732839615134e-23,3.538582525196684e-22,VPS37D,protein_coding,Up
ENSG00000049089,1338.2824075083236,1.9733890031421017,0.19959829400281554,9.886802955912364,4.7495393686077224e-23,3.6135416373394586e-22,COL9A2,protein_coding,Up
ENSG00000111788,166.13393662521224,1.4347319789551785,0.14513042536542864,9.885811161530189,4.796810352186148e-23,3.6484536771603323e-22,AC009533.1,unprocessed_pseudogene,Up
ENSG00000197599,92.78189141366917,2.35755042669059,0.23849677730490276,9.8850410195548,4.833837941178465e-23,3.6755567044081927e-22,CCDC154,protein_coding,Up
ENSG00000213160,1164.2189700407648,1.1250968099766974,0.11383666183735125,9.883431153174756,4.912155036056302e-23,3.732954706075063e-22,KLHL23,protein_coding,Up
ENSG00000228175,42.46079654273058,1.3562208258527648,0.13722624546311393,9.88310086948574,4.9283773771195076e-23,3.7442037290302914e-22,GEMIN8P4,processed_pseudogene,Up
ENSG00000274925,104.78606114212617,1.4825634197789017,0.15001289889884079,9.882906274470763,4.9379600006606587e-23,3.7504033760778104e-22,ZKSCAN2-DT,lncRNA,Up
ENSG00000211970,276.84235501097595,2.5200352612052717,0.25507653303368544,9.879526082756016,5.1073879292733036e-23,3.8768514592670417e-22,IGHV4-61,IG_V_gene,Up
ENSG00000278467,12.73151378139025,2.138550541285585,0.2165157455939276,9.877113257603021,5.231835907678655e-23,3.9690308655203144e-22,AC138393.3,lncRNA,Up
ENSG00000286522,9.885718809956801,4.57332102999877,0.4631717594191705,9.873920283339023,5.401148032036572e-23,4.0962977740812315e-22,H3C2,protein_coding,Up
ENSG00000256968,25.848160463298232,1.1044098321130018,0.11192071123066394,9.867787829161118,5.741687834950321e-23,4.345818260839264e-22,SNRPEP2,processed_pseudogene,Up
ENSG00000259802,84.79180289090233,1.4494285898118702,0.14698024128977205,9.861383932241047,6.119996240178937e-23,4.628170371480314e-22,AC012640.2,lncRNA,Up
ENSG00000224287,5.702962579585343,2.700337562003551,0.2739670112892174,9.856433259232437,6.429276607223126e-23,4.855098056485505e-22,MSL3P1,transcribed_processed_pseudogene,Up
ENSG00000145604,1082.7859905201512,1.2520229871641726,0.12713793235291368,9.847753255014135,7.009329084788867e-23,5.281028799025213e-22,SKP2,protein_coding,Up
ENSG00000179698,121.23254111655388,2.0896249361671746,0.21227188963605298,9.844096360332516,7.268948280468737e-23,5.473505601255299e-22,WDR97,protein_coding,Up
ENSG00000267213,35.8841402796056,1.5691139565304215,0.15940031095358737,9.843857563033868,7.286228882340181e-23,5.484951630811036e-22,AC007773.1,lncRNA,Up
ENSG00000139998,2627.0530233923514,1.3990695237378532,0.14214776877281976,9.842360072312095,7.395525997651315e-23,5.564051941742231e-22,RAB15,protein_coding,Up
ENSG00000136122,202.64829044684132,1.0663633206949954,0.10835124815367486,9.841726227118023,7.442275807243624e-23,5.596595535181619e-22,BORA,protein_coding,Up
ENSG00000116985,373.42933694700554,1.23200148173865,0.1252052463271781,9.839855100953717,7.581995720244822e-23,5.696217297517264e-22,BMP8B,protein_coding,Up
ENSG00000188738,123.19946877781874,2.6208800518849653,0.2663715784930535,9.83918804968644,7.632430790601818e-23,5.732475076849045e-22,FSIP2,protein_coding,Up
ENSG00000272202,5.201455550856204,3.2456366195043724,0.32987255855640085,9.839062193315002,7.641983839307426e-23,5.738015770003895e-22,AC097358.2,lncRNA,Up
ENSG00000004478,4146.403749797491,1.1521322842161759,0.11712880141130345,9.836455853162944,7.842498746341182e-23,5.886897009422629e-22,FKBP4,protein_coding,Up
ENSG00000233056,109.85653418093392,3.630982307039959,0.3691909782095385,9.834970303578638,7.959108567988657e-23,5.972728882693822e-22,ERVH48-1,protein_coding,Up
ENSG00000234695,10.785339648101301,3.4716643238595912,0.35310809221278633,9.831732549951116,8.219240051267013e-23,6.16618378810558e-22,TFPI2-DT,lncRNA,Up
ENSG00000229043,257.4855843627172,1.0955072034122317,0.11143481954528436,9.830923654585762,8.285532537323728e-23,6.214149402992796e-22,ZFAND2A-DT,lncRNA,Up
ENSG00000232850,10.114490072094972,2.575009800474443,0.2619727491200262,9.829304036866326,8.41986224384314e-23,6.311306633602717e-22,PTGES2-AS1,lncRNA,Up
ENSG00000123201,166.84385197960825,2.228200689052742,0.22673929295776268,9.827148439894865,8.601995118213301e-23,6.445996341781323e-22,GUCY1B2,transcribed_unitary_pseudogene,Up
ENSG00000257913,17.02450067957797,1.6118718133525047,0.1640253300817554,9.826968874557954,8.61734194678509e-23,6.455662134565989e-22,DDN-AS1,lncRNA,Up
ENSG00000237111,37.05107442259391,2.6306302686535488,0.26769783055351837,9.826864353790985,8.626287452562653e-23,6.460528262541243e-22,IGHJ3P,IG_J_pseudogene,Up
ENSG00000275481,18.5841123833029,1.956609695362976,0.19918042275700334,9.823303255812474,8.93662150219328e-23,6.689148708851455e-22,AC025031.4,lncRNA,Up
ENSG00000231519,7.552840883230534,2.4272088973358072,0.24709346167996524,9.823039755214248,8.960018722112333e-23,6.702856558924886e-22,AC007285.1,lncRNA,Up
ENSG00000255595,39.75907742364107,4.0021537157319775,0.4074940221925192,9.821380186630503,9.108778096799679e-23,6.810277244474271e-22,AC007368.1,lncRNA,Up
ENSG00000196689,329.4536906421656,1.3525180135783126,0.1377369405604084,9.819573515103073,9.273503883815155e-23,6.927543836153134e-22,TRPV1,protein_coding,Up
ENSG00000128285,39.592599394362914,2.063000371006621,0.21013952658324314,9.817288563222299,9.486066682930401e-23,7.082321020070064e-22,MCHR1,protein_coding,Up
ENSG00000122966,6175.301292923397,2.0564270401197264,0.20954436588087155,9.81380258770035,9.819683978849159e-23,7.323107084905326e-22,CIT,protein_coding,Up
ENSG00000211645,43.90293660890253,2.4417158493749143,0.2488312999173839,9.812735978896564,9.924062880505724e-23,7.398856040682384e-22,IGLV1-50,IG_V_gene,Up
ENSG00000104213,740.4757853503048,1.461859029079233,0.14902992744713806,9.809164200242696,1.028166082098909e-22,7.6589659844486525e-22,PDGFRL,protein_coding,Up
ENSG00000196756,1056.853396003141,1.0421883305612962,0.10625784329662805,9.808107319211596,1.0389897968603846e-22,7.73522330412432e-22,SNHG17,lncRNA,Up
ENSG00000109654,4178.0789871167035,1.351627016233322,0.13783430441047864,9.806172868316565,1.0590938337543935e-22,7.882671294412463e-22,TRIM2,protein_coding,Up
ENSG00000275180,46.10904974218046,1.6501309884024105,0.16827709409949732,9.806034488726887,1.0605466317832833e-22,7.89125696391794e-22,AC048341.2,lncRNA,Up
ENSG00000251026,15.819105922200473,5.96633509689396,0.6086760807475117,9.802151399750647,1.102128000036647e-22,8.191407937138213e-22,LINC02163,lncRNA,Up
ENSG00000272945,9.063726254686618,1.9291839958098338,0.19683383650007197,9.801079073155842,1.1138924856814467e-22,8.27651305928987e-22,AL356299.2,lncRNA,Up
ENSG00000133962,206.4052740947225,2.174046756714789,0.22184079669412454,9.800031324771963,1.1255073699510386e-22,8.360458970594054e-22,CATSPERB,protein_coding,Up
ENSG00000139540,41.82331465965571,3.033759483930646,0.3095686647742819,9.799956614286764,1.1263401422551003e-22,8.364288806326949e-22,SLC39A5,protein_coding,Up
ENSG00000161682,224.87236360532987,1.786924199476198,0.1823622072381895,9.79876382578675,1.1397186538674126e-22,8.456494345099514e-22,FAM171A2,protein_coding,Up
ENSG00000259345,60.506425659470516,2.26526182898692,0.23119866152044938,9.797902003799269,1.149482761132122e-22,8.526543012954727e-22,AC013652.1,lncRNA,Up
ENSG00000259828,18.14212806111506,4.226990985704112,0.43161643137427896,9.79339681820095,1.2018885149807094e-22,8.90775720630728e-22,AL355596.1,lncRNA,Up
ENSG00000162390,314.024677078385,1.151779522663882,0.11767471841399532,9.787824761235191,1.2699858352875647e-22,9.407170358576707e-22,ACOT11,protein_coding,Up
ENSG00000226763,38.6570808448718,1.3556546965418763,0.13852163493728892,9.786591799581371,1.2855626388896534e-22,9.519878345273845e-22,SRRM5,protein_coding,Up
ENSG00000255545,356.4978722885565,3.0095086796139525,0.30751618804399716,9.786504895096364,1.2866676670385246e-22,9.525386406458702e-22,B3GAT1-DT,lncRNA,Up
ENSG00000204335,257.5817290334185,2.3554647498773322,0.24074719716925166,9.783975795246239,1.3192413629293542e-22,9.761053518643959e-22,SP5,protein_coding,Up
ENSG00000215045,97.33570348126935,1.2277975924843703,0.12550162644605567,9.783120962277842,1.330434769989389e-22,9.84111216959893e-22,GRID2IP,protein_coding,Up
ENSG00000100985,2724.093123374869,2.0050089113483596,0.2049637771090449,9.78225977110899,1.3418064885652502e-22,9.922444504617399e-22,MMP9,protein_coding,Up
ENSG00000277840,25.386913741927813,2.477243898203001,0.2532436421242216,9.78205761622974,1.3444897831279872e-22,9.939499742384363e-22,AC026368.1,lncRNA,Up
ENSG00000231806,65.40066549852865,1.9259338849962344,0.19688583871813356,9.781982785229399,1.3454843957669162e-22,9.944064886876004e-22,PCAT7,lncRNA,Up
ENSG00000285763,37.67388619955689,1.958112207934874,0.20017799195000618,9.781855581925841,1.3471767839254642e-22,9.95378307428257e-22,AL358777.3,lncRNA,Up
ENSG00000266869,32.841343545816976,4.559413770298558,0.466550655576562,9.772601786753567,1.4761173496394729e-22,1.0891218385560407e-21,AC005993.1,lncRNA,Up
ENSG00000200087,40.154586361258986,1.7983140644810123,0.18406286137603398,9.770108163249292,1.5129046623811325e-22,1.1150166558689343e-21,SNORA73B,snoRNA,Up
ENSG00000229780,9.261798682342798,1.975097952078506,0.20216577629660595,9.769694892278682,1.5190885159766268e-22,1.1192613625678582e-21,UBE2Q1-AS1,lncRNA,Up
ENSG00000105639,1295.4081558297164,1.1133485664223064,0.11401775478475076,9.764694704997037,1.595919444994789e-22,1.175213509201692e-21,JAK3,protein_coding,Up
ENSG00000287222,105.56857348893759,1.1734567514807677,0.12017879374113494,9.764258027155714,1.6028091104589614e-22,1.179957460714763e-21,AC234917.3,lncRNA,Up
ENSG00000235587,32.33599582330013,1.800658538787007,0.18441718963677664,9.76404934015933,1.606112048906218e-22,1.1820590212017015e-21,GAPDHP65,processed_pseudogene,Up
ENSG00000177359,40.24515225078616,2.526430267053899,0.2587592640844571,9.76363213890302,1.6127354025826768e-22,1.1866024711524885e-21,AC024940.1,transcribed_unprocessed_pseudogene,Up
ENSG00000198723,25.832414595226982,2.3522129133710505,0.240983902744362,9.760871521224804,1.6572485544060645e-22,1.2183341059294096e-21,TEX45,protein_coding,Up
ENSG00000240382,1271.07111352423,2.3816474083854065,0.244022087561101,9.75996653495173,1.6721038826446324e-22,1.2275439695250266e-21,IGKV1-17,IG_V_gene,Up
ENSG00000243323,27.20604489350612,1.9652712081687502,0.20136431663623341,9.759778897266251,1.6752004083217604e-22,1.2294749448217317e-21,PTPRVP,unitary_pseudogene,Up
ENSG00000131188,133.9279749143266,1.4595711800101168,0.1495551234747068,9.759419444142038,1.681148210159608e-22,1.2334968920954053e-21,PRR7,protein_coding,Up
ENSG00000211972,281.4133280392213,2.3774560023072677,0.24361226998788774,9.759180038121533,1.6851212077160875e-22,1.235838596200544e-21,IGHV3-66,IG_V_gene,Up
ENSG00000124260,63.94916079816643,8.094178152416392,0.8293920083660717,9.759170658470868,1.6852770542044582e-22,1.235838596200544e-21,MAGEA10,protein_coding,Up
ENSG00000196091,59.69409604903896,3.709410448269632,0.3802722616697497,9.754617473233159,1.7626392468762753e-22,1.2907746998091469e-21,MYBPC1,protein_coding,Up
ENSG00000228065,163.1963890607884,1.5410695405386439,0.15801118978558235,9.752913971661378,1.7924779129609703e-22,1.3122610373342804e-21,LINC01515,lncRNA,Up
ENSG00000139352,972.1988032706834,4.773695166350786,0.48952752545583167,9.751637891874784,1.815156855789223e-22,1.3284953174344104e-21,ASCL1,protein_coding,Up
ENSG00000248405,10.01060521798911,2.235181163649633,0.22921788664344858,9.751338328698957,1.8205218264986007e-22,1.3320521799325221e-21,PRR5-ARHGAP8,protein_coding,Up
ENSG00000113504,7886.935916927693,1.189590502258279,0.12200617328648954,9.750248452305234,1.8401735248925405e-22,1.3456842998174236e-21,SLC12A7,protein_coding,Up
ENSG00000134222,348.38549319050605,1.2283266321145636,0.1260012285439223,9.748529012845188,1.8716047016879803e-22,1.3679106425585377e-21,PSRC1,protein_coding,Up
ENSG00000167393,581.9433315186341,1.0315976796715207,0.10584232566475701,9.746551516063468,1.9084105664596827e-22,1.3942463628570523e-21,PPP2R3B,protein_coding,Up
ENSG00000263934,93.12645600761601,2.7652555324585735,0.2837493922369528,9.745414820657555,1.9298904549890566e-22,1.408948264065931e-21,SNORD3A,snoRNA,Up
ENSG00000005189,217.05645813083007,1.0258200119601346,0.10530520676394925,9.74139877299324,2.0077147817195306e-22,1.4637389768853753e-21,REXO5,protein_coding,Up
ENSG00000211660,6270.444373023312,2.325059165206157,0.2387258067184737,9.739454636959588,2.0464968103446114e-22,1.491188750726372e-21,IGLV2-23,IG_V_gene,Up
ENSG00000223829,12.577401938402561,4.112110515168262,0.42227820197715843,9.737918026350533,2.077673269010422e-22,1.5134874061824538e-21,AC004870.2,lncRNA,Up
ENSG00000229178,7.09369249973811,2.4625529726042124,0.2529027594015766,9.737153435696602,2.093360816447389e-22,1.5244939168659943e-21,AC233280.1,lncRNA,Up
ENSG00000272853,34.55483835283062,1.3952634807125333,0.1432984527326749,9.736765848514883,2.1013578868424092e-22,1.5298952919943216e-21,AC069544.1,lncRNA,Up
ENSG00000167701,124.0702153806045,2.097635087869409,0.2154906651334919,9.734227172067841,2.1544911197093798e-22,1.5677133230335637e-21,GPT,protein_coding,Up
ENSG00000160973,9.231313743025039,3.2044285214581194,0.32921920990366466,9.733419026173449,2.1716826099414735e-22,1.5797867703215629e-21,FOXH1,protein_coding,Up
ENSG00000238273,29.393275822392624,2.2191566256540827,0.2280022128170159,9.733048632449352,2.179607212126922e-22,1.5851142356256738e-21,AC108058.1,lncRNA,Up
ENSG00000273297,37.58581509358722,2.3369784827596876,0.24011269240570074,9.73284027322915,2.1840776454002176e-22,1.587927419608595e-21,AC009275.1,lncRNA,Up
ENSG00000165973,411.89234753346796,4.33369640462647,0.4454997325671461,9.727719430164397,2.2968452536412186e-22,1.667615895884332e-21,NELL1,protein_coding,Up
ENSG00000183837,106.56561552444437,2.678615236523129,0.27538609473226483,9.726762853176465,2.318540217304874e-22,1.6824409887267345e-21,PNMA3,protein_coding,Up
ENSG00000259982,8.095070236831425,3.0385169411016557,0.3124022670018893,9.726296067765988,2.329200321967426e-22,1.6897114852897118e-21,CDC37P1,processed_pseudogene,Up
ENSG00000006611,210.5695260402177,3.5424685633599924,0.3642728418285495,9.724767143160534,2.3644575979957813e-22,1.7143455281591628e-21,USH1C,protein_coding,Up
ENSG00000196917,457.8504130100203,2.493849925669513,0.2564438920109067,9.724739030101166,2.365110811224382e-22,1.7143477760304275e-21,HCAR1,protein_coding,Up
ENSG00000203760,328.5427120764781,1.475637923595242,0.1518159274000898,9.719915089715212,2.4798820298520905e-22,1.7965518990988908e-21,CENPW,protein_coding,Up
ENSG00000228274,66.68560947771846,1.3568281514744926,0.13966558380175567,9.714835355576243,2.606699582017092e-22,1.8858345124222418e-21,AL021707.2,lncRNA,Up
ENSG00000253302,27.460448523122125,2.0139847796870844,0.20731657298126674,9.714538257725634,2.6143122783980475e-22,1.89082322494121e-21,STAU2-AS1,lncRNA,Up
ENSG00000249743,22.4393705676289,5.294969522822328,0.5450668897436615,9.714348133148373,2.619195483479536e-22,1.893835615556769e-21,AC116345.1,lncRNA,Up
ENSG00000085465,214.25646790616176,1.5585286272698473,0.16043982275698604,9.714100903929005,2.625558881875715e-22,1.8979163299085146e-21,OVGP1,protein_coding,Up
ENSG00000111057,28395.33607098943,1.2308361696190582,0.12671555438962356,9.71337872093032,2.6442348101908704e-22,1.91089262660272e-21,KRT18,protein_coding,Up
ENSG00000211677,17891.42741391743,2.099525223663044,0.2162791902369879,9.707476809777626,2.801870816762985e-22,2.0198286888474553e-21,IGLC2,IG_C_gene,Up
ENSG00000253497,25.471292144079275,3.305715493878008,0.3406402734519468,9.704417684905177,2.8872019981878997e-22,2.0807738915609433e-21,IGKV1-13,IG_V_pseudogene,Up
ENSG00000180287,254.16163796632256,2.7742183788213706,0.2859087179902249,9.703161198869845,2.922991013784383e-22,2.105991066488912e-21,PLD5,protein_coding,Up
ENSG00000101443,17078.221038027674,1.7814351661108543,0.18363572979177079,9.700918051900187,2.9879784231456533e-22,2.1504637286667818e-21,WFDC2,protein_coding,Up
ENSG00000203799,191.1517770386921,2.4239211712611364,0.24990613783711854,9.69932628401859,3.034959775203287e-22,2.1836804712717784e-21,CCDC162P,transcribed_unitary_pseudogene,Up
ENSG00000172366,1453.2981463324084,1.1282163382295278,0.116340796953811,9.697512547360718,3.0893841998978777e-22,2.2222329883062473e-21,MCRIP2,protein_coding,Up
ENSG00000222019,31.483541461064533,1.43751326193259,0.148241662213927,9.697093519216748,3.1020946070951285e-22,2.2307672426806256e-21,URAHP,transcribed_unprocessed_pseudogene,Up
ENSG00000254338,9.893497816500368,3.962471332735172,0.40872469857876514,9.694719566773541,3.1750871257815218e-22,2.28263488295689e-21,MAFA-AS1,lncRNA,Up
ENSG00000251039,213.8322810792498,2.9198236110545066,0.30121165328312133,9.693594451706169,3.2102725126254327e-22,2.307301339818279e-21,IGKV2D-40,IG_V_gene,Up
ENSG00000185155,44.01060925043322,2.008373335615065,0.20726823991234922,9.689730257102475,3.33408053904164e-22,2.394979673509345e-21,MIXL1,protein_coding,Up
ENSG00000172061,1274.1146199969253,2.2864795008980696,0.2360567412008163,9.686143633377258,3.453218317920195e-22,2.47853475894272e-21,LRRC15,protein_coding,Up
ENSG00000142549,28.732121174254686,2.227273243583772,0.23001446729535185,9.683187626297542,3.554568299832162e-22,2.5498902629644756e-21,IGLON5,protein_coding,Up
ENSG00000131142,11.925223834374716,2.9886093110697742,0.30869151386020105,9.681540233150832,3.6123227077888094e-22,2.590615985977452e-21,CCL25,protein_coding,Up
ENSG00000231789,140.6688757193128,1.669011356971321,0.172416840900094,9.68009475326381,3.663762727593415e-22,2.6260783671279794e-21,PIK3CD-AS2,lncRNA,Up
ENSG00000117122,860.1588081928298,1.52130673604974,0.1571750480147071,9.679060100604449,3.701027223514126e-22,2.6506270473673956e-21,MFAP2,protein_coding,Up
ENSG00000248846,7.282772876680088,3.635939762506599,0.3756955228828882,9.677889517038492,3.743639869809334e-22,2.679380752160292e-21,LINC02065,lncRNA,Up
ENSG00000174607,659.3097281092168,2.1497661426704857,0.22213207553840483,9.67787356895609,3.744223766291497e-22,2.679380752160292e-21,UGT8,protein_coding,Up
ENSG00000103888,3126.6378509464284,2.1241426820950644,0.21951520130188043,9.676517478048881,3.7942044907487244e-22,2.7144105377385748e-21,CEMIP,protein_coding,Up
ENSG00000211905,19.485862545326423,2.9954981697745744,0.3096110046056111,9.675037790049815,3.84949404427281e-22,2.7532182790201788e-21,IGHJ1,IG_J_gene,Up
ENSG00000251151,19.30532140120537,5.915626733981792,0.6115381224287705,9.67335725610601,3.9132558463525685e-22,2.7980628163860422e-21,HOXC-AS3,lncRNA,Up
ENSG00000272944,25.977469644669682,1.746546615588098,0.18057042655395927,9.672384614244587,3.950635589718089e-22,2.8240244104328004e-21,AC079834.1,lncRNA,Up
ENSG00000211964,2017.9451290678853,2.3379805206089004,0.24178232104851827,9.669774491658304,4.0527010410646585e-22,2.895413883849229e-21,IGHV3-48,IG_V_gene,Up
ENSG00000091513,700.4997371851548,3.3127038611755317,0.34265324799512437,9.667802306145566,4.131547582940037e-22,2.9509455515202808e-21,TF,protein_coding,Up
ENSG00000258955,13.652015374386473,2.2419051907058933,0.23191356408399116,9.666986058193439,4.16462302303737e-22,2.9737641244921593e-21,LINC00519,lncRNA,Up
ENSG00000171450,32.404790257146956,3.384134082103555,0.3501212385124301,9.66560639532129,4.221125576242138e-22,3.01329402938563e-21,CDK5R2,protein_coding,Up
ENSG00000146216,30.41133035927791,1.6262398433313139,0.16834275547440672,9.66029003593536,4.446034178556154e-22,3.1705751122453254e-21,TTBK1,protein_coding,Up
ENSG00000274460,48.15146083804419,1.614892114576008,0.16728452004102473,9.653565758385612,4.747558531015608e-22,3.382683557494774e-21,AC092119.2,lncRNA,Up
ENSG00000197847,70.30409445209749,1.6854025813302167,0.17467615413720572,9.648727324316724,4.976953877797574e-22,3.5442147922636256e-21,SLC22A20P,transcribed_unitary_pseudogene,Up
ENSG00000240041,73.2409490643491,2.4814853232404896,0.2571952611220657,9.648254452335218,4.999953154342621e-22,3.558671111471388e-21,IGHJ4,IG_J_gene,Up
ENSG00000153086,51.56597771720064,2.6767712330824347,0.27747643606093936,9.646841624038165,5.069297898472223e-22,3.606079999533653e-21,ACMSD,protein_coding,Up
ENSG00000089505,47.05038859243682,1.1189030515860103,0.11599896495070446,9.645802029884537,5.120930477196291e-22,3.6408448822773305e-21,CMTM1,protein_coding,Up
ENSG00000134013,2384.971912838122,1.7407798671353791,0.18047667687648355,9.645456118004388,5.138225691234121e-22,3.651172500076631e-21,LOXL2,protein_coding,Up
ENSG00000157680,56.56405973145157,1.8758219242807865,0.19457029275063054,9.640844436025588,5.374402619790786e-22,3.814885520427537e-21,DGKI,protein_coding,Up
ENSG00000134317,908.970683307844,1.496183102288433,0.15519550740035543,9.640634109521951,5.385426455635444e-22,3.8216817985766056e-21,GRHL1,protein_coding,Up
ENSG00000155495,43.23656642139763,6.175435287061729,0.6406345976752845,9.639559445385814,5.442102995095659e-22,3.860862415406848e-21,MAGEC1,protein_coding,Up
ENSG00000224536,151.8290427184901,1.0544844649186338,0.10940830148888366,9.638066312781337,5.521830027386576e-22,3.9153174999242806e-21,AC096677.1,lncRNA,Up
ENSG00000159214,639.7140894749559,1.0467147537114212,0.10866272385808286,9.632693867295888,5.818375213084104e-22,4.120047109802036e-21,CCDC24,protein_coding,Up
ENSG00000242766,105.42554348016476,3.3082227675473534,0.3434931855524104,9.631116152208449,5.908416724893954e-22,4.182683195582646e-21,IGKV1D-17,IG_V_gene,Up
ENSG00000242371,242.85280871385737,2.5211767103612797,0.26183244685581253,9.628969750069428,6.033131296535587e-22,4.269824806485331e-21,IGKV1-39,IG_V_gene,Up
ENSG00000223931,36.92555704462067,2.4132334528564243,0.2507688526447305,9.623338095641818,6.372872922719805e-22,4.505433216410757e-21,AC142381.1,unprocessed_pseudogene,Up
ENSG00000070526,3069.5010643762635,1.9616432335186373,0.20390789743317797,9.620241580694447,6.567673178424419e-22,4.638177335700373e-21,ST6GALNAC1,protein_coding,Up
ENSG00000273002,41.92202002566758,1.42209007035601,0.14782804770897112,9.619893466736952,6.589937961286507e-22,4.6526549943540884e-21,AL355388.1,lncRNA,Up
ENSG00000211651,4204.9252406986025,2.2921882085939864,0.23830561204351808,9.618691683078783,6.667377556479694e-22,4.704809905388535e-21,IGLV1-44,IG_V_gene,Up
ENSG00000105880,54.843692070632045,2.4500246242836927,0.2547948141504586,9.615676961293769,6.865622973858402e-22,4.83952092543828e-21,DLX5,protein_coding,Up
ENSG00000218582,12.687976555622773,2.0442689087898596,0.2127588146099284,9.608386437656264,7.369474564436065e-22,5.187748111697251e-21,GAPDHP63,processed_pseudogene,Up
ENSG00000162873,104.96429045537886,2.1226615495533085,0.2209497214948926,9.606989025339756,7.470147654016239e-22,5.257213601185167e-21,KLHDC8A,protein_coding,Up
ENSG00000106236,261.03363336649113,2.5244699678436078,0.26278272397368607,9.606681632908247,7.492474916462953e-22,5.271519838503951e-21,NPTX2,protein_coding,Up
ENSG00000255650,15.06979726756496,2.629952510418783,0.2737773595220956,9.606172384048174,7.529609298599116e-22,5.296233587731627e-21,FAM222A-AS1,lncRNA,Up
ENSG00000177807,76.27552404993463,2.085436010054448,0.2171018644536077,9.605795027615171,7.557243513184513e-22,5.31425363847135e-21,KCNJ10,protein_coding,Up
ENSG00000143401,5475.6564470101775,1.1267392715236129,0.11731264608251889,9.604584920291144,7.646539638443049e-22,5.375613176905977e-21,ANP32E,protein_coding,Up
ENSG00000269489,8.494311201893419,2.345796615992762,0.24430786235889432,9.601805661688973,7.85559818838487e-22,5.51964093332558e-21,AL589765.6,lncRNA,Up
ENSG00000171889,52.851047833240926,3.444685084033708,0.35878329414615506,9.601018609942498,7.915821786136527e-22,5.560474706990416e-21,MIR31HG,lncRNA,Up
ENSG00000271130,33.55920027940718,2.5172020601843657,0.2624063225838595,9.592764516487293,8.575587442510728e-22,6.011117513530248e-21,IGHV3OR16-8,IG_V_gene,Up
ENSG00000265681,168.71855584857477,1.0976099838979063,0.11442698397614222,9.592230309301481,8.620114940933927e-22,6.039118783008174e-21,RPL17,protein_coding,Up
ENSG00000239951,10763.768876971266,2.1550940787644293,0.22467040885787384,9.59224710419136,8.61871156828014e-22,6.039118783008174e-21,IGKV3-20,IG_V_gene,Up
ENSG00000105369,1399.8215783570397,2.023629410909374,0.21111335177348026,9.585511261650007,9.200085138664161e-22,6.436886312193524e-21,CD79A,protein_coding,Up
ENSG00000010292,4037.8024727127236,1.0506366473801738,0.10963298427608079,9.583216714546708,9.40685772665362e-22,6.5728362016919976e-21,NCAPD2,protein_coding,Up
ENSG00000245149,104.09984169759005,1.3209119966968434,0.13784306782214034,9.582723437360109,9.451906234327284e-22,6.601666352684687e-21,RNF139-AS1,lncRNA,Up
ENSG00000206073,75.57878048887949,4.578378192667845,0.47785597324887275,9.581083943641264,9.603172129456956e-22,6.70290230422922e-21,SERPINB4,protein_coding,Up
ENSG00000284634,17.263283806631307,1.7013993479128295,0.17758477182588833,9.580772779216417,9.632150598772368e-22,6.721349862122978e-21,AC092821.3,lncRNA,Up
ENSG00000213967,143.14395372552576,1.5865148102579838,0.165632723049584,9.57851070155408,9.845432723699843e-22,6.866544853847259e-21,ZNF726,protein_coding,Up
ENSG00000121578,1401.084506385002,1.0265933651453134,0.10718223423541519,9.578017966023198,9.892506924151774e-22,6.895728458627605e-21,B4GALT4,protein_coding,Up
ENSG00000176788,4149.842567280928,1.7958528494988446,0.18750644906767597,9.577552443813143,9.937185822865563e-22,6.925042022964189e-21,BASP1,protein_coding,Up
ENSG00000149328,1821.70500015859,1.4891494810527122,0.15551006949387214,9.57590390062421,1.0097017573785352e-21,7.03270875384891e-21,GLB1L2,protein_coding,Up
ENSG00000148942,45.98416573162652,3.2752895796535006,0.34204030026024945,9.575741739091619,1.0112876414651346e-21,7.041894667397836e-21,SLC5A12,protein_coding,Up
ENSG00000253796,12.154435272159844,2.728815694626405,0.284997637363164,9.574871286210545,1.0198425858617685e-21,7.099590546244677e-21,AC104248.1,lncRNA,Up
ENSG00000101084,69.7366490250136,1.3983047911718824,0.14604487003449498,9.574487558800325,1.023636621584219e-21,7.124121855681143e-21,RAB5IF,protein_coding,Up
ENSG00000225210,19.160454311734654,2.514866275053622,0.2626731215609036,9.57412871217782,1.0271972880360213e-21,7.147016486941921e-21,DUXAP9,transcribed_processed_pseudogene,Up
ENSG00000288596,151.6489815093164,1.1182277456038294,0.11683292894962435,9.571169324069443,1.057033015664349e-21,7.350728012412681e-21,C8orf44,lncRNA,Up
ENSG00000254046,10.80223535859802,3.208696623225067,0.33527234378878984,9.570418445389091,1.0647385495120871e-21,7.400410002802776e-21,IGHV1-17,IG_V_pseudogene,Up
ENSG00000174028,260.3742253592324,1.4126388708473487,0.14761703232460685,9.569619769492348,1.0729955806608128e-21,7.455834904354581e-21,FAM3C2P,processed_pseudogene,Up
ENSG00000165061,49.3157942189872,4.3562978899102545,0.4552827781359362,9.56833444863924,1.0864169579479927e-21,7.547106212088663e-21,ZMAT4,protein_coding,Up
ENSG00000162931,200.73104383045484,2.1488836830743927,0.22463042321548332,9.5663074142589,1.107921625900601e-21,7.694467546747128e-21,TRIM17,protein_coding,Up
ENSG00000132958,9.873606436008608,2.441742216427392,0.25529666514004445,9.564332597482071,1.129277194303148e-21,7.838652175249807e-21,TPTE2,protein_coding,Up
ENSG00000249007,89.8283704428069,1.9920086800220487,0.2082927940861206,9.563502610649287,1.1383737221539751e-21,7.899714487684296e-21,AL691482.3,lncRNA,Up
ENSG00000261456,16.624546159733082,1.9901787655619525,0.20810593376472175,9.56329658438278,1.1406429468245436e-21,7.913379244347072e-21,TUBB8,protein_coding,Up
ENSG00000188501,10.091476398756454,1.6849304930406115,0.17620097949796718,9.562548958815809,1.1489151322511928e-21,7.966576922814608e-21,LCTL,protein_coding,Up
ENSG00000137968,589.1979652986149,2.4624636579664703,0.25752831819027605,9.561914104324119,1.1559861309880674e-21,8.013500072070278e-21,SLC44A5,protein_coding,Up
ENSG00000152049,1054.812029782624,2.302276380554864,0.24081563468966097,9.560327690192569,1.1738443684014827e-21,8.135157948685178e-21,KCNE4,protein_coding,Up
ENSG00000171560,14262.055352377934,4.005184474185071,0.4190003590918572,9.558904634034016,1.1900957743778115e-21,8.245618909706486e-21,FGA,protein_coding,Up
ENSG00000235026,79.87759309433,3.2509588777810614,0.3401402976546066,9.55769986737128,1.2040281597695901e-21,8.333391751476139e-21,DPP10-AS1,lncRNA,Up
ENSG00000283162,17.45343051109176,2.3909022559080224,0.2502451986519799,9.554238278246007,1.2449635919599992e-21,8.602320009483013e-21,AL390726.5,transcribed_unprocessed_pseudogene,Up
ENSG00000273064,8.988892941075177,2.0256686146573313,0.21201904951147474,9.55418213280736,1.2456387688590125e-21,8.603324865063426e-21,AC017083.1,lncRNA,Up
ENSG00000255910,35.1366605557201,2.8436732485045892,0.29764868828515445,9.553790627762766,1.2503568936052336e-21,8.63365050651218e-21,AC024901.1,lncRNA,Up
ENSG00000260573,29.641319307496524,6.579879977448944,0.6888012255066922,9.552654283692206,1.2641516281671752e-21,8.72661739130063e-21,AC007493.1,lncRNA,Up
ENSG00000167800,9.693507751142509,4.438375626685794,0.46467714130962307,9.551525633856006,1.2780019875829543e-21,8.819919500801493e-21,TBX10,protein_coding,Up
ENSG00000233487,11.898951637226808,1.913935937328537,0.20038464387983318,9.551310421153268,1.280659988170776e-21,8.833639520811761e-21,RPSAP69,transcribed_processed_pseudogene,Up
ENSG00000175868,30.11163773309398,3.6774850316055554,0.3850231309062961,9.551335326137984,1.280352117665524e-21,8.833639520811761e-21,CALCB,protein_coding,Up
ENSG00000181652,257.4727756354453,1.8995838636434796,0.19889198546634304,9.550831619431602,1.2865931005898974e-21,8.872243740208053e-21,ATG9B,protein_coding,Up
ENSG00000168143,131.86310796707886,3.1546849925336047,0.33037472191062095,9.548808620373407,1.3119629113017925e-21,9.042462616578219e-21,FAM83B,protein_coding,Up
ENSG00000240405,10.019339475989726,2.9086094117935875,0.3046269341859998,9.548103221948335,1.3209249679451483e-21,9.097098825989438e-21,SAMMSON,lncRNA,Up
ENSG00000196937,2917.705298014884,1.2086957023424547,0.12660693035904194,9.546836803599453,1.3371670010959917e-21,9.206551910940288e-21,FAM3C,protein_coding,Up
ENSG00000225138,390.6718314539487,1.7875227456233593,0.18726880686219907,9.545224191761418,1.358135292400915e-21,9.348480203761975e-21,SLC9A3-AS1,lncRNA,Up
ENSG00000108375,759.9606469595792,1.2779053081148972,0.13388833848921414,9.544560209908374,1.3668630915238094e-21,9.406101180449596e-21,RNF43,protein_coding,Up
ENSG00000188613,148.08904383765332,1.3914816704371407,0.14579321493351702,9.54421418768815,1.3714333979928693e-21,9.432628770232645e-21,NANOS1,protein_coding,Up
ENSG00000038427,9489.795366980346,1.6339187151604002,0.1712200105551224,9.542802327035123,1.3902386576402345e-21,9.559476767137674e-21,VCAN,protein_coding,Up
ENSG00000285820,14.386402509258593,4.365491852058169,0.45759703512373995,9.54003526460281,1.42783753791009e-21,9.812894416129547e-21,AL157829.1,lncRNA,Up
ENSG00000179031,56.705316658731086,2.513380947628341,0.2634824305154338,9.539083660005621,1.4409990386738147e-21,9.900767235494658e-21,NSA2P3,processed_pseudogene,Up
ENSG00000261360,21.38087376507235,1.7149304483183176,0.17979256002271907,9.538383835802852,1.4507547273171463e-21,9.965199833121424e-21,AC010491.1,lncRNA,Up
ENSG00000088826,675.7973270677895,1.5126668867691688,0.1585929829634432,9.538044234389924,1.4555123584298155e-21,9.995276273904748e-21,SMOX,protein_coding,Up
ENSG00000141526,6593.4565593137195,1.3369038046992803,0.14024221441752024,9.532820130172324,1.5306745057748997e-21,1.0500490821353825e-20,SLC16A3,protein_coding,Up
ENSG00000261798,8.22491354859574,2.2257050053913825,0.23348310481550105,9.532616962371389,1.5336739028028395e-21,1.0518330511550294e-20,AL033527.2,lncRNA,Up
ENSG00000285018,9.38904464085027,1.8227615517099742,0.19123207067079784,9.53167293182649,1.5476872260045934e-21,1.0611677626037733e-20,AC245140.3,lncRNA,Up
ENSG00000169885,16.16357735897109,2.437210962405135,0.2557171509527429,9.530885798330894,1.5594683352004917e-21,1.0686897089198795e-20,CALML6,protein_coding,Up
ENSG00000205116,9.578685230705785,2.961180828270488,0.3107174036354139,9.530141516453469,1.5706896708896781e-21,1.0758204317236574e-20,TMEM88B,protein_coding,Up
ENSG00000021488,44.47754306385549,2.788565850938243,0.29263975392342934,9.529005589814313,1.5879699016350385e-21,1.0873738329295239e-20,SLC7A9,protein_coding,Up
ENSG00000270761,42.05410525246239,1.396653645468522,0.14660178080263553,9.526853206161148,1.6212303690885978e-21,1.1095729258465175e-20,AL355353.1,lncRNA,Up
ENSG00000112290,393.4735633703045,1.2774739368191244,0.13413018542596514,9.524134576882714,1.664227530822965e-21,1.1378190300181899e-20,WASF1,protein_coding,Up
ENSG00000134028,539.9042369171553,2.2080313463073216,0.23184153011812977,9.52388187389148,1.6682810647399182e-21,1.1399992660583479e-20,ADAMDEC1,protein_coding,Up
ENSG00000224367,10.787311020761011,2.371734147190563,0.24903557993788436,9.523675885117026,1.6715924946110793e-21,1.141966167950626e-20,OACYLP,transcribed_unitary_pseudogene,Up
ENSG00000286859,16.404025666682188,1.5438197286544908,0.16211111387037255,9.523219548592834,1.6789516371321806e-21,1.1466965726800208e-20,AL158214.2,lncRNA,Up
ENSG00000146090,21.069487742996156,3.3419879461944895,0.3509337534351029,9.523130543817903,1.680390709748576e-21,1.1473822634922308e-20,RASGEF1C,protein_coding,Up
ENSG00000135318,3460.1584424845514,1.9178586878828745,0.20141123998994537,9.52210357266365,1.6970838115015464e-21,1.1581806446505118e-20,NT5E,protein_coding,Up
ENSG00000231892,10.23473741924557,3.8289423878119844,0.4021444171940772,9.521311807653705,1.7100656148963165e-21,1.1667381698529332e-20,AC073316.2,lncRNA,Up
ENSG00000222032,7.1645537822028,3.1013122909130795,0.3257783325479808,9.5197009164393,1.7367818696571888e-21,1.1846595422364219e-20,AC112721.2,lncRNA,Up
ENSG00000183496,219.97906636224508,1.12078850667902,0.1177595492538963,9.517601874159148,1.7722144250376902e-21,1.2082030607095112e-20,MEX3B,protein_coding,Up
ENSG00000101825,5960.71006115486,1.663226851013288,0.1747711054325324,9.516600852852934,1.7893629291076514e-21,1.2192635772756786e-20,MXRA5,protein_coding,Up
ENSG00000251546,240.3771383794538,2.3647564253227307,0.24849213567760867,9.516423603806693,1.792416445148846e-21,1.2207133692813807e-20,IGKV1D-39,IG_V_gene,Up
ENSG00000123407,53.46219143556131,7.451303692778044,0.7830804499902516,9.515374432947219,1.810596640574007e-21,1.2327764888183982e-20,HOXC12,protein_coding,Up
ENSG00000129910,216.0751178627974,2.1720934710032265,0.22829127464068535,9.514570692296283,1.8246472805013792e-21,1.2417019041760353e-20,CDH15,protein_coding,Up
ENSG00000274356,5.021834169748411,2.8972846047707494,0.3045400041541488,9.513642100379803,1.8410148621137134e-21,1.2525170772429985e-20,AL355987.5,unprocessed_pseudogene,Up
ENSG00000198049,12.393198638663335,3.367856901622069,0.3541125545274976,9.510696129132997,1.8939086490004166e-21,1.2878383464193137e-20,AVPR1B,protein_coding,Up
ENSG00000137270,15.123659631920415,2.7053899554827066,0.2844671181315649,9.51037846923128,1.8997011384549412e-21,1.2914441614090436e-20,GCM1,protein_coding,Up
ENSG00000140905,49.48932356541956,1.100061077412743,0.1157158619864696,9.50657116948557,1.970505678012431e-21,1.3385428832866514e-20,GCSH,protein_coding,Up
ENSG00000234129,16.93897594605038,1.4830628946967013,0.15600995836468587,9.50620659246586,1.977421168333752e-21,1.3428945714386053e-20,AC073529.1,lncRNA,Up
ENSG00000267943,9.120593275759628,3.667782678850093,0.38587805371562545,9.50503052332974,1.9998935326744306e-21,1.357456691290212e-20,AC010328.1,lncRNA,Up
ENSG00000188747,654.3891282609942,1.4232918140697814,0.14976248425063993,9.503660554186485,2.0263896642073086e-21,1.374380026881346e-20,NOXA1,protein_coding,Up
ENSG00000169297,200.45529147334457,6.127236865269502,0.6448114599683996,9.502369678060283,2.0516737406454517e-21,1.391170906166638e-20,NR0B1,protein_coding,Up
ENSG00000160469,193.09916635300596,1.5520589198788395,0.1633908637606853,9.499055725368484,2.1180213128798397e-21,1.4350519532538893e-20,BRSK1,protein_coding,Up
ENSG00000253691,38.10991639377417,2.6073225452248536,0.2744947168093364,9.498625603916071,2.1267867960273048e-21,1.4406208017272034e-20,IGKV2OR22-4,IG_V_pseudogene,Up
ENSG00000132182,4560.82617898059,1.1269876605396707,0.11867786016290033,9.496191277739067,2.177076686553921e-21,1.4739284268145546e-20,NUP210,protein_coding,Up
ENSG00000272141,130.9966181338576,1.8528590784590506,0.19513388432724899,9.495322070008692,2.195316885023715e-21,1.4858959511826327e-20,AL390719.2,lncRNA,Up
ENSG00000254854,12.192078228515465,2.277746332661691,0.23988191493876596,9.495281598211042,2.196169853442498e-21,1.486091840782106e-20,AP003390.1,lncRNA,Up
ENSG00000211670,786.9653231681509,2.519857479444935,0.265392972976774,9.494816125615584,2.2060035794303394e-21,1.4919803639286497e-20,IGLV3-9,IG_V_gene,Up
ENSG00000271788,18.93835067452331,2.054660817357363,0.21641741648210694,9.493971653280681,2.22395550319339e-21,1.503736067159223e-20,AC008875.1,lncRNA,Up
ENSG00000262920,47.10095759037334,3.1786289881595686,0.3348061430074356,9.493938670321755,2.2246595848430136e-21,1.5038265381263848e-20,AC129507.4,lncRNA,Up
ENSG00000286115,6.754622672552044,2.782702109047594,0.2931723902706983,9.491692265012437,2.273135781372767e-21,1.535808110550855e-20,AC010092.1,lncRNA,Up
ENSG00000086159,37.73340795027908,2.930607643529291,0.3088682695904414,9.488212069874544,2.3503074837444835e-21,1.5867283242791098e-20,AQP6,protein_coding,Up
ENSG00000271178,50.88011562138267,2.377726344086912,0.2506098190243857,9.487762105025686,2.3604725915492335e-21,1.5931830621743868e-20,IGHV3OR16-13,IG_V_gene,Up
ENSG00000229525,8.846476694728263,2.295616842815436,0.24198583457301928,9.486575306633219,2.3874925299357897e-21,1.611007625752476e-20,AC053503.1,lncRNA,Up
ENSG00000165244,287.84629375527703,1.2098862558483654,0.12758924581829406,9.482666411959375,2.4786684158944552e-21,1.6716748370111707e-20,ZNF367,protein_coding,Up
ENSG00000101470,412.99239567773105,2.9445142387418444,0.31052672053604274,9.482321629710043,2.4868739382902274e-21,1.6767799987909306e-20,TNNC2,protein_coding,Up
ENSG00000279331,16.329687522299643,1.5202421766992618,0.16036345202220206,9.479979119486568,2.5433396064926013e-21,1.713100010809959e-20,RBM12B-AS1,TEC,Up
ENSG00000151917,118.42800533835104,1.7327878376967765,0.18279938036519325,9.47917785188902,2.56294360470542e-21,1.725863709297291e-20,BEND6,protein_coding,Up
ENSG00000158825,774.2387904963879,2.463933935632006,0.2599645810108296,9.477960136151639,2.593023071102832e-21,1.745673178069484e-20,CDA,protein_coding,Up
ENSG00000120068,135.3403825415909,3.3945262044863758,0.35831449177900654,9.47359451646175,2.7037589932115003e-21,1.819293816049688e-20,HOXB8,protein_coding,Up
ENSG00000211625,564.0904618832542,2.2247099134482737,0.2348606769908803,9.47246657870555,2.733122052496838e-21,1.8376447864442023e-20,IGKV3D-20,IG_V_gene,Up
ENSG00000135549,680.7380879761334,1.9825685354798321,0.20936349736614093,9.46950428523201,2.8117485920377225e-21,1.889429053743831e-20,PKIB,protein_coding,Up
ENSG00000270318,9.936218233470607,3.0362407725768805,0.3206342308146839,9.469484168493937,2.8122901160199228e-21,1.889429053743831e-20,IGHV3OR16-11,IG_V_pseudogene,Up
ENSG00000280734,218.2250230251953,1.451832890330309,0.15333596183063294,9.468313062358648,2.8439936732196208e-21,1.9102423118390576e-20,LINC01232,lncRNA,Up
ENSG00000132698,6051.236008125851,1.0791782126759544,0.11399584124940068,9.466820901956615,2.884901301097784e-21,1.936732365324556e-20,RAB25,protein_coding,Up
ENSG00000160180,5937.835046119298,3.0687206916359093,0.3242381398448985,9.464403827087871,2.9524039288432533e-21,1.9810404988192517e-20,TFF3,protein_coding,Up
ENSG00000253481,32.60629509398508,2.8513589491440987,0.3013306808798318,9.462557681875074,3.0050122328187676e-21,2.0158273360323305e-20,IGKV1OR22-1,IG_V_pseudogene,Up
ENSG00000242798,19.86490564823166,1.6336103437514398,0.1726456736321235,9.462214195024464,3.014902149912139e-21,2.0219473472325306e-20,AC073842.2,lncRNA,Up
ENSG00000265474,9.707293855969871,1.74114213162159,0.18401821017448225,9.46179255830537,3.027086241286082e-21,2.0296024455304853e-20,AC010761.4,lncRNA,Up
ENSG00000230426,37.5781971818826,3.8900581466775446,0.4112340895514005,9.459473923771883,3.094963646511284e-21,2.074585443785017e-20,LINC01036,lncRNA,Up
ENSG00000144119,74.68069719947783,4.31948450310527,0.45678915812510246,9.45618876077238,3.1937208941464807e-21,2.1380660060584587e-20,C1QL2,protein_coding,Up
ENSG00000274020,158.41894760870875,1.2912709999774779,0.13656577808432563,9.455304382186826,3.220835073802163e-21,2.1545768872694834e-20,LINC01138,lncRNA,Up
ENSG00000215493,33.44088252453388,1.3833752393381042,0.14632531090785247,9.454107636984807,3.2578889716485434e-21,2.178258929573329e-20,AC007731.1,processed_pseudogene,Up
ENSG00000197757,124.13931390733907,2.3698409889431633,0.2507748109978101,9.450075864931497,3.38585210400728e-21,2.2626690314919405e-20,HOXC6,protein_coding,Up
ENSG00000171431,103.22721298736312,5.198315938428489,0.5501628782179082,9.448685369807052,3.4311275826429735e-21,2.2917637881027155e-20,KRT20,protein_coding,Up
ENSG00000254056,39.6006411305203,2.34268507828638,0.24809695352179917,9.442619286659394,3.635750738069638e-21,2.4223028540398273e-20,IGHV3-71,IG_V_pseudogene,Up
ENSG00000170089,317.23322923127654,1.1314969928030247,0.11982932913873784,9.442571371596204,3.637414143527247e-21,2.4227989634961733e-20,AC106795.1,transcribed_unprocessed_pseudogene,Up
ENSG00000262703,7.714189132395965,2.2331507964274655,0.2365427431135766,9.440791829133445,3.699728248075335e-21,2.462335540209332e-20,AC009121.2,lncRNA,Up
ENSG00000160282,28.23181345509499,2.7521485547588176,0.29151738848678754,9.440769790936685,3.700506539950543e-21,2.462335540209332e-20,FTCD,protein_coding,Up
ENSG00000130827,3253.878452338982,1.0412162410608545,0.11029717911210724,9.440098554130302,3.7242894030371615e-21,2.4775356094371833e-20,PLXNA3,protein_coding,Up
ENSG00000286456,14.35023523413532,5.677599166288942,0.6016280948597134,9.437057901381475,3.833931595205183e-21,2.5491874978709198e-20,AC016769.5,lncRNA,Up
ENSG00000163082,7082.616364880124,1.3977884731161252,0.14817800304701464,9.433171215518595,3.978740426630331e-21,2.6448042614127004e-20,SGPP2,protein_coding,Up
ENSG00000102837,149.95500774762866,4.246799366634171,0.4502289989595235,9.432531837017383,4.003074911486379e-21,2.6603096122957615e-20,OLFM4,protein_coding,Up
ENSG00000258952,17.74663034151252,2.7128457323832817,0.2876591368887429,9.430765042698857,4.0710864706694434e-21,2.70482615851734e-20,SALRNA1,lncRNA,Up
ENSG00000146733,855.2482324225339,1.2237659332340491,0.1297859254483108,9.429111276949921,4.1357821054196756e-21,2.745734494459135e-20,PSPH,protein_coding,Up
ENSG00000255571,173.2072830650023,2.4982333372464853,0.26507844016766496,9.424505952526076,4.3213509668662674e-21,2.8653262508489686e-20,MIR9-3HG,lncRNA,Up
ENSG00000196421,85.03931018288259,1.8331860140410394,0.19452502860745532,9.423908209469252,4.346032691257462e-21,2.8809673722589057e-20,C20orf204,protein_coding,Up
ENSG00000278263,28.342290846019612,2.491853258828979,0.2644295371036754,9.423505732841008,4.362730064288078e-21,2.891309168013989e-20,AC135068.3,IG_V_gene,Up
ENSG00000064195,179.40910830243564,2.206658872115108,0.23417488546878318,9.423123524530423,4.378645307391085e-21,2.901127556680978e-20,DLX3,protein_coding,Up
ENSG00000164744,31.719298298569974,3.5064010682894056,0.372159577185917,9.421767658924812,4.435568447196227e-21,2.936629172798506e-20,SUN3,protein_coding,Up
ENSG00000270472,36.46644467286735,2.4333050033057098,0.25828771496284064,9.420908786373309,4.472004422111974e-21,2.960008951081645e-20,IGHV3OR16-9,IG_V_gene,Up
ENSG00000272645,372.5402709806001,1.2172173579530428,0.1292227436434417,9.419528820032285,4.531167669046813e-21,2.9984163471208145e-20,GTF2IP20,transcribed_unprocessed_pseudogene,Up
ENSG00000184357,8.961693339891683,3.6358418024613863,0.38611360264976696,9.416507933182967,4.6633978663395515e-21,3.08359583087698e-20,H1-5,protein_coding,Up
ENSG00000278954,6.3868707382389225,2.593297048631179,0.2754037564230545,9.416345958068746,4.6705946550453206e-21,3.087580372362625e-20,AC130686.1,TEC,Up
ENSG00000270804,35.68328065127764,1.0995700289620811,0.116822666422926,9.412300391957967,4.853951903986723e-21,3.207987762108518e-20,AC010326.4,transcribed_processed_pseudogene,Up
ENSG00000213790,50.3526032028434,1.2004298645697096,0.12754492263655262,9.411820084680366,4.876188252248511e-21,3.2210692437823954e-20,OLA1P1,processed_pseudogene,Up
ENSG00000250325,9.728347337797006,3.924516845767838,0.4170886323932695,9.409311453176798,4.993975722466628e-21,3.296398993778347e-20,IGBP1P4,processed_pseudogene,Up
ENSG00000242866,7.787970713312575,3.071769978787173,0.3265991390419134,9.405321728031144,5.187126913751238e-21,3.4221800529302013e-20,STRC,protein_coding,Up
ENSG00000223648,213.67567699786918,2.898687129031652,0.3082152250891103,9.40474997039355,5.215405562001087e-21,3.4399761048016177e-20,IGHV3-64,IG_V_gene,Up
ENSG00000129514,3701.1874751845044,1.4094189504698924,0.14997726910947037,9.397550434400422,5.58480861302362e-21,3.6799451055830294e-20,FOXA1,protein_coding,Up
ENSG00000274576,535.7498189409469,2.4951208158138543,0.265588013718852,9.394704154288968,5.737884519046143e-21,3.778921447733437e-20,IGHV2-70,IG_V_gene,Up
ENSG00000184349,1651.1685306435947,1.4082399737472049,0.14994383332720845,9.391783193071596,5.899291014745293e-21,3.884252286113193e-20,EFNA5,protein_coding,Up
ENSG00000255050,12.664675722656133,2.319273012277915,0.24698673392920747,9.390273620698496,5.98445878030174e-21,3.9393454327647744e-20,AC067930.4,lncRNA,Up
ENSG00000135253,242.53861326968732,2.0504288243256945,0.21836310623371372,9.389996596453999,6.000219597707914e-21,3.947749271246449e-20,KCP,protein_coding,Up
ENSG00000166535,62.99465223025675,3.320732727919006,0.35368059519722567,9.38907243714414,6.05309555129941e-21,3.9815447664695794e-20,A2ML1,protein_coding,Up
ENSG00000211965,1456.36065347987,2.3453430861213755,0.24980665858973622,9.388633190811746,6.078388428383518e-21,3.997184609887116e-20,IGHV3-49,IG_V_gene,Up
ENSG00000268869,12.996200732382448,2.7509722105738557,0.2931071889628392,9.385550113281697,6.258885320185075e-21,4.1107548167691266e-20,ESPNP,transcribed_unprocessed_pseudogene,Up
ENSG00000226363,39.103106072875235,2.343623480661305,0.24976142565300213,9.38344852306113,6.3849496338931145e-21,4.1914643227722536e-20,HAGLROS,lncRNA,Up
ENSG00000162078,328.7418172663065,2.51039792772543,0.2675812046454308,9.381817123709915,6.484537870048753e-21,4.2526054124144643e-20,ZG16B,protein_coding,Up
ENSG00000284610,9.428294525835462,2.3829915929009426,0.25401534099794615,9.381290057281266,6.517039623295059e-21,4.27179554726052e-20,AC107918.4,transcribed_unprocessed_pseudogene,Up
ENSG00000229267,41.552121654468884,1.664987588824309,0.17748443993296692,9.381034131516818,6.532879440683287e-21,4.281114086749957e-20,SNHG31,lncRNA,Up
ENSG00000198794,789.9967353381892,1.2306901982672351,0.13120180072048193,9.380131915179668,6.589023937949895e-21,4.3157615808181505e-20,SCAMP5,protein_coding,Up
ENSG00000188002,615.8923734063842,1.3348100349830265,0.142336559177109,9.377843912343884,6.733553885999428e-21,4.408237735198732e-20,AC026412.1,transcribed_unprocessed_pseudogene,Up
ENSG00000222037,41.67443187899127,2.241886432189306,0.2392357397874337,9.371034755013078,7.182487667309133e-21,4.6951462515354943e-20,IGLC6,IG_C_pseudogene,Up
ENSG00000167968,26.430978997436355,1.750281052016392,0.18679508869610553,9.3700592677996,7.249181012046194e-21,4.7363950269489125e-20,DNASE1L2,protein_coding,Up
ENSG00000112761,38.2546738923674,3.2144241793633253,0.34307674238459085,9.369402766917785,7.29440991136454e-21,4.762406272906238e-20,CCN6,protein_coding,Up
ENSG00000106031,22.653816902889634,5.82473385503903,0.6218659644931037,9.366542289843593,7.494758532067738e-21,4.889578982944737e-20,HOXA13,protein_coding,Up
ENSG00000146013,1077.4369506861342,2.9912211231990926,0.3193817407937669,9.365661029227724,7.557571803495267e-21,4.926901568805196e-20,GFRA3,protein_coding,Up
ENSG00000162888,13.059328811885589,1.756676998755752,0.18764997048867202,9.361456301757311,7.864512171995565e-21,5.123201234573197e-20,C1orf147,lncRNA,Up
ENSG00000154118,81.87368228398601,2.940210432967486,0.31410168579071207,9.360696124778414,7.921305550593052e-21,5.158923866859441e-20,JPH3,protein_coding,Up
ENSG00000260265,141.37231119473515,2.2095059636528624,0.23605663426468768,9.360067216646696,7.968598178707612e-21,5.1884428141362894e-20,LINC02562,lncRNA,Up
ENSG00000188385,110.50684441455125,2.3360426895213586,0.249592399349721,9.359430397750891,8.016770192459233e-21,5.218519624170575e-20,JAKMIP3,protein_coding,Up
ENSG00000287686,35.87860939637008,1.3023383287472483,0.1391668682395383,9.358106172983813,8.117864844192705e-21,5.283023098256704e-20,AC062029.1,lncRNA,Up
ENSG00000272953,13.372560918422847,1.8401944609118304,0.196718630973164,9.354449305632196,8.403633937270191e-21,5.46495257523588e-20,AC092171.4,lncRNA,Up
ENSG00000163463,223.30685130785548,1.2831339859940663,0.13717966700805176,9.353674738973908,8.46542804695453e-21,5.50378051277591e-20,KRTCAP2,protein_coding,Up
ENSG00000141682,971.3600262594219,1.6442242826018072,0.17580451732305116,9.35257129701877,8.554236269095326e-21,5.557962259871909e-20,PMAIP1,protein_coding,Up
ENSG00000066230,56.84093443308789,1.9631158653018959,0.20990142865410064,9.352560760970048,8.555088666219218e-21,5.557962259871909e-20,SLC9A3,protein_coding,Up
ENSG00000226779,12.322461772239075,4.658046617258902,0.49843130054571994,9.345413524710274,9.153109113243292e-21,5.939160613096103e-20,NAALADL2-AS2,lncRNA,Up
ENSG00000105641,179.1579340921929,3.2060065488974203,0.34312881550311436,9.343448885797006,9.324615529210237e-21,6.047469540218248e-20,SLC5A5,protein_coding,Up
ENSG00000241343,109.88509844236029,1.0815404504173898,0.11576794731474273,9.342313442571152,9.42518101282302e-21,6.109685922029082e-20,RPL36A,protein_coding,Up
ENSG00000263412,25.718847386938485,1.4710785446601566,0.15748960676860635,9.340797623690547,9.561109616905089e-21,6.193231653102117e-20,NFE2L1-DT,lncRNA,Up
ENSG00000262482,14.40154093846408,2.5015303522973427,0.2678384716295485,9.339697680762038,9.660957228589811e-21,6.256371368318107e-20,AC004034.1,lncRNA,Up
ENSG00000213070,4.9558072281804835,3.459094654064473,0.3703992103141761,9.338828371503373,9.740597910474546e-21,6.304849457516293e-20,HMGB3P6,processed_pseudogene,Up
ENSG00000267440,10.648455357396392,3.398770463392748,0.36394782229268613,9.338620140607583,9.759770903040846e-21,6.31570941627453e-20,LINC02594,lncRNA,Up
ENSG00000105889,79.28177209125596,2.3187959535395737,0.24834160562820448,9.337122338699356,9.898786015797687e-21,6.404096840936826e-20,STEAP1B,protein_coding,Up
ENSG00000164695,1019.577745982972,1.0514506541762096,0.11264248471694804,9.334405724610315,1.0155936987376789e-20,6.567240273593083e-20,CHMP4C,protein_coding,Up
ENSG00000267073,10.592314331291155,5.634213690852652,0.6037606125732433,9.331866924606903,1.0402222979011072e-20,6.723201469522597e-20,AC005256.1,lncRNA,Up
ENSG00000211947,4220.288388969249,2.2574416971913194,0.24193267450620784,9.330867365471939,1.0500801344786806e-20,6.785251934869592e-20,IGHV3-21,IG_V_gene,Up
ENSG00000134258,477.63640402736775,2.782541703346287,0.2982664910686557,9.329045624189124,1.0682846760673437e-20,6.899502059244638e-20,VTCN1,protein_coding,Up
ENSG00000282651,1331.6515186210777,3.129099813711104,0.3354872692077256,9.327029967785874,1.088790837670536e-20,7.03021899837709e-20,IGHV5-10-1,IG_V_gene,Up
ENSG00000255002,9.012160676699077,2.396316240550288,0.2569470554422091,9.326108977688799,1.0982895712863496e-20,7.089815421008823e-20,LINC02324,lncRNA,Up
ENSG00000167861,3971.1707109425092,1.0709806008754315,0.1148501770291298,9.325023509574526,1.1095899154373522e-20,7.157506377221863e-20,HID1,protein_coding,Up
ENSG00000100197,97.03319970947341,1.8813765979546575,0.20176720489690958,9.32449155409534,1.1151697801330738e-20,7.191740548327013e-20,CYP2D6,protein_coding,Up
ENSG00000133110,11741.490021639953,1.587543862412783,0.17031858671140837,9.321025338841924,1.1522137019303107e-20,7.428820371614252e-20,POSTN,protein_coding,Up
ENSG00000204021,12.458346275134419,5.721255031037399,0.6138122360361276,9.32085529604962,1.1540619556459986e-20,7.438918056803956e-20,LIPK,protein_coding,Up
ENSG00000145920,593.7818579714102,4.787741440086645,0.5137418708251743,9.319352211639972,1.1705275146927837e-20,7.539523830593235e-20,CPLX2,protein_coding,Up
ENSG00000212916,223.78436989207685,1.3521593194484844,0.14511041355109475,9.318141175115432,1.1839626378623105e-20,7.624198964695758e-20,MAP10,protein_coding,Up
ENSG00000223749,93.541961768902,1.8385486589785591,0.19735743634569106,9.315831686008321,1.2100079510852846e-20,7.786215146441912e-20,MIR503HG,lncRNA,Up
ENSG00000101255,1682.337365795681,1.3193491164835838,0.14166780349897323,9.312977853102284,1.2429758547991282e-20,7.994456900256832e-20,TRIB3,protein_coding,Up
ENSG00000261949,13.227546714990282,5.196347616898225,0.5583135577595297,9.307220906027748,1.3122076969615771e-20,8.421250174951762e-20,GFY,protein_coding,Up
ENSG00000132821,3410.2077274319327,2.088195335447903,0.22437733900830623,9.306623140630972,1.3196112208848985e-20,8.466702650787049e-20,VSTM2L,protein_coding,Up
ENSG00000235563,22.787801803917493,3.3068699038213527,0.35536215054111686,9.305633418713608,1.3319601698498862e-20,8.543855431510947e-20,AL445183.2,lncRNA,Up
ENSG00000253540,76.22779271279543,1.116153659365547,0.11996643862459122,9.30388258718179,1.3540861286859596e-20,8.681558768161623e-20,FAM86HP,transcribed_unprocessed_pseudogene,Up
ENSG00000206549,7.993556734247749,3.261314185289269,0.3507879595617539,9.297109824874523,1.4431512764507546e-20,9.241354822731034e-20,AC109583.1,protein_coding,Up
ENSG00000140557,21.677147621978335,3.000464693210057,0.322803780500717,9.295011008098749,1.4719096879164715e-20,9.418650441727094e-20,ST8SIA2,protein_coding,Up
ENSG00000253132,51.213880457009296,2.3325067146547926,0.25109673871998583,9.289275227329501,1.5534248887434115e-20,9.925809138881454e-20,IGHV3-62,IG_V_pseudogene,Up
ENSG00000205089,61.101769879328636,1.7068082880810596,0.18374017328265538,9.28924936549071,1.5538023553027854e-20,9.925815917958926e-20,CCNI2,protein_coding,Up
ENSG00000262714,94.7884807425734,1.5832532716936734,0.17044142129152223,9.289134411673816,1.5554812619213053e-20,9.934134385290583e-20,AC007342.5,lncRNA,Up
ENSG00000177455,197.30619934116567,1.9943970604068089,0.21474455139216334,9.287299945341433,1.5825177374136875e-20,1.0101910611377134e-19,CD19,protein_coding,Up
ENSG00000198681,68.12137070859836,7.1816067951416045,0.7734138207723481,9.285594079466918,1.6080755899978727e-20,1.0257608444180914e-19,MAGEA1,protein_coding,Up
ENSG00000217442,28.507342325277662,1.9242083914379928,0.207273396855693,9.283431548032462,1.641062720838097e-20,1.0460436052332756e-19,SYCE3,protein_coding,Up
ENSG00000281641,40.271980055506496,1.3581780030671848,0.14631140253421313,9.28278985467036,1.6509791719187478e-20,1.0521102166142432e-19,SAMD12-AS1,lncRNA,Up
ENSG00000203896,69.37865323042081,1.5036003788961525,0.16198011382541988,9.282623301010357,1.6535626902425705e-20,1.0532475396545069e-19,LIME1,protein_coding,Up
ENSG00000227719,83.86382643454891,1.4257200944361417,0.15359364140991746,9.282416129656808,1.6567818342677762e-20,1.055043153094452e-19,AC006042.1,lncRNA,Up
ENSG00000128322,13.272033545309235,3.0192924923778195,0.3253061263199492,9.28138835420593,1.67284383614965e-20,1.0645002885923328e-19,IGLL1,protein_coding,Up
ENSG00000243264,522.4632199307118,2.54559202966352,0.27440755475848083,9.276683478718423,1.748359079590463e-20,1.1109452753927833e-19,IGKV2D-29,IG_V_gene,Up
ENSG00000267666,12.35023092747481,1.7569887578661199,0.18941778301160073,9.275732879623634,1.7640209911691343e-20,1.1200874918644371e-19,AC004156.1,lncRNA,Up
ENSG00000182040,18.405182221974076,3.5216545080195076,0.3797155023098383,9.274455445187293,1.7852864509021746e-20,1.1333173738635134e-19,USH1G,protein_coding,Up
ENSG00000122584,9.305877154032533,4.458362270145201,0.48073526599025396,9.27404870321202,1.7921105413425118e-20,1.137375571003659e-19,NXPH1,protein_coding,Up
ENSG00000230533,12.84982488762278,3.492588434296496,0.37666579742777184,9.272380073123637,1.8203768561577066e-20,1.1547591459436788e-19,AL356234.2,lncRNA,Up
ENSG00000113722,17.255177298426133,1.7955676170940515,0.1937542609079107,9.267241962474648,1.9102133433866063e-20,1.2108732179111732e-19,CDX1,protein_coding,Up
ENSG00000286013,13.392801806088553,2.94666268804647,0.3180758907111451,9.26402400841637,1.9686951424868495e-20,1.2476445784037063e-19,AC005050.2,lncRNA,Up
ENSG00000175874,62.18489495184068,2.491109065354111,0.26894219410321374,9.262618956689561,1.9947819351274623e-20,1.2638731290079571e-19,CREG2,protein_coding,Up
ENSG00000177943,390.0054013596474,1.5550890058441107,0.16791913855064053,9.26093963598516,2.026409592507472e-20,1.2826793315991846e-19,MAMDC4,protein_coding,Up
ENSG00000227014,25.31116915416263,1.43843618257202,0.15546982574813317,9.252188813167768,2.1994175868485685e-20,1.3898548230337107e-19,FKBP14-AS1,lncRNA,Up
ENSG00000205702,52.3397792968037,1.6758734016276455,0.18114492189782125,9.251561589857642,2.2123645580472352e-20,1.397366548400134e-19,CYP2D7,polymorphic_pseudogene,Up
ENSG00000181790,288.80532257392275,2.289855706657646,0.24751401672034584,9.251418311573213,2.2153326251406448e-20,1.39890616199614e-19,ADGRB1,protein_coding,Up
ENSG00000142102,6650.868263577839,1.92090307603213,0.20765147677435442,9.250611196565144,2.2321260377891725e-20,1.409173177316267e-19,PGGHG,protein_coding,Up
ENSG00000198720,331.96864820000314,1.305761679047892,0.14116180041008544,9.250106439947338,2.2426922709009378e-20,1.4155049110497303e-19,ANKRD13B,protein_coding,Up
ENSG00000187134,13566.863084834715,3.276346976052587,0.3542020963591239,9.249936716158546,2.246256251537014e-20,1.417415107753794e-19,AKR1C1,protein_coding,Up
ENSG00000281344,39.48645450300863,1.5692153882386704,0.16965099644588,9.249667971972464,2.2519109892474262e-20,1.420303582550936e-19,HELLPAR,lncRNA,Up
ENSG00000280924,4.671196020935663,3.6108552336113036,0.39039676330289086,9.249193571847847,2.261927375020625e-20,1.4262798871184572e-19,LINC00628,lncRNA,Up
ENSG00000204455,10.38132915951268,5.007287213450831,0.5416851501973612,9.243907113987603,2.3765689712184945e-20,1.4971362582664048e-19,TRIM51BP,unprocessed_pseudogene,Up
ENSG00000132470,10776.55947200241,1.6909837255755529,0.18299679422721432,9.24051010137356,2.4532487110697922e-20,1.543597435240048e-19,ITGB4,protein_coding,Up
ENSG00000162383,1453.819036206562,3.0456447462121545,0.32977498046028797,9.235523998701035,2.570248594880514e-20,1.6164430108990976e-19,SLC1A7,protein_coding,Up
ENSG00000187140,9.897192109608277,3.761283434075751,0.4072934868205099,9.234823427788596,2.5871236379137994e-20,1.62666786675696e-19,FOXD3,protein_coding,Up
ENSG00000037965,53.33723454853475,2.7140243904097106,0.29389747848161385,9.23459569789912,2.5926326498584706e-20,1.629743098373489e-19,HOXC8,protein_coding,Up
ENSG00000235836,9.439798389202066,3.688879918384031,0.39950424641761084,9.233643825973157,2.61578520192513e-20,1.6439050470630524e-19,KIF3AP1,processed_pseudogene,Up
ENSG00000204379,8.808460751155806,4.923119764751315,0.533193987702829,9.233261961489283,2.625130705824028e-20,1.6493851968687066e-19,XAGE1A,protein_coding,Up
ENSG00000227356,6.00822396746961,2.9637961824883416,0.3210166456104199,9.232531156920604,2.6431080757862793e-20,1.6598894965106972e-19,LINC00866,lncRNA,Up
ENSG00000263818,15.572949780029388,1.546415679858928,0.16752518372045422,9.23094453929625,2.6825579935823747e-20,1.6842631973992197e-19,RDM1P5,transcribed_processed_pseudogene,Up
ENSG00000233077,7.745637509975708,2.0844139247557454,0.22587051708484587,9.228357696514934,2.748129564371077e-20,1.724201204198556e-19,LINC01271,lncRNA,Up
ENSG00000268655,15.003453289637342,1.9728313856290516,0.2138033038985191,9.22731945510743,2.7748904203994696e-20,1.7405770786378214e-19,AC008687.4,protein_coding,Up
ENSG00000145063,10.988917523931507,1.9998034248620953,0.21673963626404982,9.22675454906537,2.789559030570771e-20,1.749361988969114e-19,AC062028.1,lncRNA,Up
ENSG00000235961,115.75265852107461,2.1577426679969673,0.23390247681969584,9.224967162961116,2.836477983748094e-20,1.7783624448748752e-19,PNMA6A,protein_coding,Up
ENSG00000226383,71.71340920820204,2.199857160753511,0.2384847975111948,9.224307728253608,2.8539844745430297e-20,1.7887814137352974e-19,LINC01876,lncRNA,Up
ENSG00000211957,37.14152821930338,2.427657581810268,0.2631809651401051,9.224290140124296,2.854452858929894e-20,1.7887814137352974e-19,IGHV3-35,IG_V_gene,Up
ENSG00000179934,40.5056410310369,1.5825102212489437,0.1715759355222877,9.223380985402676,2.878768071106848e-20,1.8031618535650257e-19,CCR8,protein_coding,Up
ENSG00000156787,411.34596380527677,1.0119364795098091,0.10973221040443414,9.221872737094868,2.9195583699596904e-20,1.8271056822318589e-19,TBC1D31,protein_coding,Up
ENSG00000197903,1340.494583039119,1.332615462527367,0.14450606758746742,9.221865107641616,2.919766152796759e-20,1.8271056822318589e-19,H2BC12,protein_coding,Up
ENSG00000163689,155.78041888482264,1.4534076693181532,0.15763773504895792,9.219922303925294,2.9731557276528204e-20,1.8600739392219425e-19,CFAP20DC,protein_coding,Up
ENSG00000160781,158.33274373286508,1.6993543001989078,0.18437391094954314,9.21689132397893,3.058382579016948e-20,1.9124863317210557e-19,PAQR6,protein_coding,Up
ENSG00000253217,20.408236664963194,2.6205739103000636,0.2843475353176424,9.216095041487316,3.081170672050164e-20,1.9262795311039076e-19,AP001574.1,lncRNA,Up
ENSG00000184261,52.255773301962535,2.05528424801748,0.2230391915126219,9.21490180303658,3.1156334864353664e-20,1.9464405363018385e-19,KCNK12,protein_coding,Up
ENSG00000236449,38.32558145740716,3.241562581328999,0.3518775340666011,9.212189661177566,3.195388724135055e-20,1.9948485003655635e-19,AC010894.2,lncRNA,Up
ENSG00000253819,11.292578984580198,3.130139988545138,0.33981264880494105,9.21136985204426,3.219891489501991e-20,2.0091940032694629e-19,LINC01151,lncRNA,Up
ENSG00000241244,182.42621780066725,2.4364772301053166,0.26452734214157103,9.210682005043363,3.2405933584545363e-20,2.0216334720238023e-19,IGKV1D-16,IG_V_gene,Up
ENSG00000213937,332.22915224527617,2.343799257205759,0.2545097615877045,9.209074114031898,3.289500136165346e-20,2.0516584340274401e-19,CLDN9,protein_coding,Up
ENSG00000168412,8.240953283634497,3.8510906900356043,0.418188448715822,9.208983896761325,3.2922657663505213e-20,2.052897807014974e-19,MTNR1A,protein_coding,Up
ENSG00000164626,2884.546058209245,1.478590121136838,0.16063502260303458,9.204655978358891,3.427674232845565e-20,2.1363216620216863e-19,KCNK5,protein_coding,Up
ENSG00000244575,1155.9576389243819,2.2786354272732794,0.2475582108998815,9.204442942895618,3.4344798521967794e-20,2.1400575071462448e-19,IGKV1-27,IG_V_gene,Up
ENSG00000261326,266.06571604036463,1.380069369294074,0.14995433964663973,9.203263957189513,3.472385900618581e-20,2.1620383526173507e-19,LINC01355,lncRNA,Up
ENSG00000253545,20.02705099611421,2.528270966163984,0.27471519858295634,9.203243865666634,3.4730354424296916e-20,2.1620383526173507e-19,IGHV3-52,IG_V_pseudogene,Up
ENSG00000235947,29.365017423569853,2.4260805408353594,0.26363135491960443,9.202549300614125,3.4955641407302146e-20,2.1755493601854084e-19,EGOT,lncRNA,Up
ENSG00000186212,768.5433477757001,1.2519797131468644,0.13608743493660472,9.199818585235953,3.5855459151355627e-20,2.2304988389272186e-19,SOWAHB,protein_coding,Up
ENSG00000104826,10.533901853879184,2.132542183793065,0.23190757873609263,9.195655421938005,3.7271539719506495e-20,2.3174970582489654e-19,LHB,protein_coding,Up
ENSG00000256232,12.047520559790437,3.5011866750666965,0.3809308305871255,9.191134961878372,3.8871802135245273e-20,2.4158600572859246e-19,LINC02387,lncRNA,Up
ENSG00000273706,14.98507859707297,5.591067714401934,0.6083480308691266,9.190574195521208,3.907499219879563e-20,2.427915985584922e-19,LHX1,protein_coding,Up
ENSG00000167080,338.52968116721553,3.447731347211535,0.3751408800626941,9.190497571566569,3.910283780478955e-20,2.4290738113363966e-19,B4GALNT2,protein_coding,Up
ENSG00000099256,439.44304475362765,1.2543020928553887,0.1365136348055388,9.188108533203438,3.9980938326222134e-20,2.483036607777856e-19,PRTFDC1,protein_coding,Up
ENSG00000278857,78.56089805779025,2.5842555005266403,0.28137476051527255,9.184389871338055,4.138668001247117e-20,2.5685261283334074e-19,IGKV1D-12,IG_V_gene,Up
ENSG00000163518,22.622465043743635,2.5102534210639385,0.27339136810186343,9.18190445621033,4.2353353546531247e-20,2.626047338401197e-19,FCRL4,protein_coding,Up
ENSG00000225526,96.43542762448425,1.5046553969847791,0.16393738702756913,9.178232154766155,4.3822642572878414e-20,2.715870939240432e-19,MKRN2OS,protein_coding,Up
ENSG00000134398,1080.7839674090037,3.0507718769717904,0.33239880863061183,9.178046965752072,4.389805669455698e-20,2.7199054394630347e-19,ERN2,protein_coding,Up
ENSG00000188107,64.4798419182968,1.9575097911341919,0.21340027216538737,9.172948896790075,4.6025266345584416e-20,2.8483601819597775e-19,EYS,protein_coding,Up
ENSG00000165731,511.6951362066706,2.794101055473083,0.3046787533538945,9.170646212496615,4.701918393903651e-20,2.9085054667426526e-19,RET,protein_coding,Up
ENSG00000211669,1830.3422845255893,2.4164723195425006,0.2635028522469351,9.170573672872292,4.705083684417722e-20,2.9097808808183707e-19,IGLV3-10,IG_V_gene,Up
ENSG00000280269,6.47929849333704,2.8632784624545837,0.31237074325054354,9.166282452252677,4.896128662217934e-20,3.0265099114553894e-19,AP000577.2,TEC,Up
ENSG00000130487,340.5927016894305,1.823316585955297,0.19895939174337635,9.164264978790568,4.9885769475504166e-20,3.0822112021299083e-19,KLHDC7B,protein_coding,Up
ENSG00000121904,141.7993517981806,1.7174295011666108,0.187508007132195,9.159232863884078,5.226754572307382e-20,3.2278575660830365e-19,CSMD2,protein_coding,Up
ENSG00000248740,11.53068532579686,4.565693362156665,0.49855136434068703,9.157919702405389,5.290736090748431e-20,3.265840606578561e-19,LINC02428,lncRNA,Up
ENSG00000124493,38.68384047091619,2.757133779705951,0.301162256859961,9.154977813132822,5.43689806775315e-20,3.3529233406606774e-19,GRM4,protein_coding,Up
ENSG00000198743,2551.736345539868,1.2984735585758027,0.14185012314259643,9.153841602735145,5.49441071773431e-20,3.386015672508851e-19,SLC5A3,protein_coding,Up
ENSG00000225535,16.3507447388817,2.103814935680886,0.22984189741533123,9.153313470429758,5.521348023626788e-20,3.40182120053828e-19,LINC01393,lncRNA,Up
ENSG00000243550,13.534070586504264,5.438520693269798,0.5942970193891222,9.151182852742645,5.631351821101468e-20,3.468786440608402e-19,LINC01214,lncRNA,Up
ENSG00000088836,535.5390358500645,1.908202712925862,0.20856155539214832,9.149350221031675,5.727701712064085e-20,3.5264883060268482e-19,SLC4A11,protein_coding,Up
ENSG00000255966,6.355605129806749,2.1722091656700333,0.23748122647236639,9.146866882645119,5.860866916343097e-20,3.605951016891448e-19,AC006064.3,lncRNA,Up
ENSG00000272088,13.63541552503072,2.06135668799351,0.2254004405677588,9.145309045542149,5.945960763198776e-20,3.6565994712115605e-19,AL512413.1,lncRNA,Up
ENSG00000197261,220.56016799019866,1.9388569171985701,0.21201671529697697,9.144830465290276,5.972346656256635e-20,3.671969720808754e-19,C6orf141,protein_coding,Up
ENSG00000284523,10.09095297654245,1.9027226425901729,0.20806786590085496,9.144721287701516,5.9783822133743e-20,3.673967349491501e-19,AC004834.1,lncRNA,Up
ENSG00000229358,145.24989204621016,1.0461680665981252,0.11440118479152861,9.144731048935725,5.977842347348151e-20,3.673967349491501e-19,DPY19L1P1,unprocessed_pseudogene,Up
ENSG00000181143,2801.4172918830427,2.8431118336343415,0.31098452742101285,9.142293532132287,6.114161966694572e-20,3.7547846078652972e-19,MUC16,protein_coding,Up
ENSG00000287786,9.882006834451904,4.137743193237785,0.4526477371632989,9.141199333434505,6.176350648478717e-20,3.7920923539088184e-19,AC113615.2,lncRNA,Up
ENSG00000225206,13.608926550147597,4.888517060441377,0.5350250453247769,9.136987330142452,6.421629668640213e-20,3.938101729349824e-19,MIR137HG,lncRNA,Up
ENSG00000260253,6.794291884682968,3.9733107279105453,0.4350162483763465,9.13370648278201,6.619333017197139e-20,4.0574572678635186e-19,AC084262.1,lncRNA,Up
ENSG00000258088,9.153491877394647,3.456603195606879,0.3785258796236119,9.131748664170493,6.740164648879362e-20,4.130563369531694e-19,AC078820.1,lncRNA,Up
ENSG00000178342,28.078921962755246,2.0192479452363115,0.2211441241546723,9.130913846139597,6.792348138226003e-20,4.161575752904733e-19,KCNG2,protein_coding,Up
ENSG00000251169,54.13456726197867,2.2428117221587502,0.2456587516663437,9.129785553925473,6.863511437666379e-20,4.2041996889956427e-19,LINC01843,lncRNA,Up
ENSG00000143450,86.32305372646643,1.0239704995090806,0.11216323972500393,9.129287831018424,6.895137434888945e-20,4.2225911323274843e-19,OAZ3,protein_coding,Up
ENSG00000183780,132.43044442672888,2.1869264860659854,0.23956484384486407,9.128745482714407,6.929762993553769e-20,4.242810544230622e-19,SLC35F3,protein_coding,Up
ENSG00000138658,218.1943820758284,1.005514877272601,0.11015983254151367,9.127781461483915,6.991734501226283e-20,4.2787662751760755e-19,ZGRF1,protein_coding,Up
ENSG00000269855,19.005954881902547,2.608129027516797,0.28580240003447926,9.125637248680038,7.131544862276303e-20,4.361290306545132e-19,RNF225,protein_coding,Up
ENSG00000230453,56.268261602109476,2.7391292302068306,0.3003484641518707,9.119837645721384,7.523695456222551e-20,4.59365244687633e-19,ANKRD18B,protein_coding,Up
ENSG00000007952,86.6589563203216,1.3503341701253841,0.14806763837915682,9.119711673036772,7.532445646606684e-20,4.597930363449497e-19,NOX1,protein_coding,Up
ENSG00000167524,210.89260641518175,1.2042967178127562,0.1320708342171552,9.118566752085565,7.612435564624682e-20,4.645682153185671e-19,RSKR,protein_coding,Up
ENSG00000262814,280.18307486794697,1.2250457799588994,0.13435736344283186,9.117816460280185,7.665309488034163e-20,4.676867450242038e-19,MRPL12,protein_coding,Up
ENSG00000215218,75.06459625156995,2.213888305340081,0.2428260197724757,9.117179070902125,7.710512087843547e-20,4.702271132202459e-19,UBE2QL1,protein_coding,Up
ENSG00000157470,198.4979246198706,1.378533300892369,0.1512046650330097,9.117002445601925,7.723084613484961e-20,4.708849508846207e-19,FAM81A,protein_coding,Up
ENSG00000261704,11.418412040520812,3.136284525776312,0.3440810515719262,9.11495855830558,7.870054553162408e-20,4.794024914920137e-19,IGHV1OR16-1,IG_V_pseudogene,Up
ENSG00000145217,195.49498125942708,1.053433616968466,0.11558786723491034,9.113704077847224,7.961626018594528e-20,4.847565876479743e-19,SLC26A1,protein_coding,Up
ENSG00000228613,17.254335019682486,2.6558244347554045,0.2915404138789789,9.109627030501034,8.266566241280963e-20,5.032071832469505e-19,AC141930.1,lncRNA,Up
ENSG00000211976,1283.7937893963256,2.666113407231813,0.29272296461231095,9.107974875708418,8.393399436440293e-20,5.108099310845385e-19,IGHV3-73,IG_V_gene,Up
ENSG00000155367,49.74018771897711,1.4255235486119278,0.1565223431236373,9.10747641623218,8.432041644426927e-20,5.13043235264278e-19,PPM1J,protein_coding,Up
ENSG00000211946,398.6779354947665,2.507914590423544,0.2754174764938482,9.105865838109084,8.558104804339141e-20,5.204733018690571e-19,IGHV3-20,IG_V_gene,Up
ENSG00000211611,352.93530380132427,2.7016596562132933,0.2967457292457409,9.104291620574584,8.683121585275106e-20,5.27954614258023e-19,IGKV6-21,IG_V_gene,Up
ENSG00000261211,61.89760699064512,1.362454279238411,0.1496939213576887,9.101600565215145,8.901025643760978e-20,5.407050131904561e-19,AL031123.2,lncRNA,Up
ENSG00000051128,457.67753812673595,1.0249922115515517,0.11262427156371184,9.100988599706158,8.951327948197368e-20,5.436354629064132e-19,HOMER3,protein_coding,Up
ENSG00000273151,269.9141209950014,1.488756245434502,0.1636231518775195,9.098689447987862,9.142836723636447e-20,5.551383937423281e-19,AC073957.3,lncRNA,Up
ENSG00000178460,103.61542966779183,1.2365247305537468,0.1359048993279454,9.09845588104922,9.162516900125843e-20,5.562052731499044e-19,MCMDC2,protein_coding,Up
ENSG00000243944,9.677070144388495,4.812193804131625,0.5289447170247844,9.097725431873712,9.224334610774184e-20,5.597001925589398e-19,AC117386.2,lncRNA,Up
ENSG00000213190,388.38010832129265,2.1451304479656366,0.23583028533450884,9.096077057799928,9.365354794336733e-20,5.681260775860586e-19,MLLT11,protein_coding,Up
ENSG00000198610,33.02101952292669,3.895275246272375,0.4282717366700755,9.09533577106712,9.429465221125917e-20,5.718836197817167e-19,AKR1C4,protein_coding,Up
ENSG00000225680,6.371971412428615,4.750458140118635,0.522436627157327,9.092888770005933,9.644189571647675e-20,5.847718533096095e-19,AL163953.1,lncRNA,Up
ENSG00000243649,221.3439712091942,1.5709054677782317,0.17279690320123076,9.091051047071328,9.808620543737217e-20,5.944686824600102e-19,CFB,protein_coding,Up
ENSG00000267500,6.547322058052832,2.080699539635643,0.22896416731305363,9.08744614518998,1.0139260233057252e-19,6.142253442355152e-19,ZNF887P,transcribed_unprocessed_pseudogene,Up
ENSG00000169427,30.30406924047649,3.117511893358806,0.34311153467414496,9.086001426094654,1.0274839698290412e-19,6.222956427283375e-19,KCNK9,protein_coding,Up
ENSG00000231475,1060.7012370498228,2.3382316218501655,0.25737633702148094,9.084874114340256,1.0381875235948182e-19,6.284895545728962e-19,IGHV4-31,IG_V_gene,Up
ENSG00000232386,19.682512715944142,1.9429351006336884,0.2138800471692901,9.084227941542478,1.0443723863821864e-19,6.320885891415712e-19,AC015712.1,lncRNA,Up
ENSG00000276744,8.10051370452305,1.79726785021986,0.19785323192741516,9.083843780116815,1.0480666443724977e-19,6.341789218013484e-19,AC105137.2,lncRNA,Up
ENSG00000275576,5.496067819567263,3.3522474744486104,0.36904647193204626,9.083537520081945,1.0510210192134035e-19,6.35820699166264e-19,AL049539.1,lncRNA,Up
ENSG00000230870,9.167974738699652,1.8680771753713492,0.20569782301532266,9.081657491495154,1.0693381306154299e-19,6.464568203651738e-19,FBXW11P1,processed_pseudogene,Up
ENSG00000100429,44.12579184322547,1.2247825106690284,0.13491349882362383,9.078279944916563,1.1030414977398484e-19,6.659158492536585e-19,HDAC10,protein_coding,Up
ENSG00000242114,24.125951981840117,1.2005725341187024,0.13227327271895817,9.076455956976027,1.1216767956522118e-19,6.770111490352215e-19,MTFP1,protein_coding,Up
ENSG00000132481,1995.7318097777118,1.0252351662030288,0.11298759071500615,9.073874039752091,1.1485887441952947e-19,6.927787096164209e-19,TRIM47,protein_coding,Up
ENSG00000230356,10.477934611666363,4.588218293856689,0.5056621684053542,9.073683143680691,1.1506036459639526e-19,6.93835310863696e-19,NCAPD2P1,processed_pseudogene,Up
ENSG00000230725,12.697816757370184,3.5037077021485614,0.38618800150099347,9.072544171571183,1.1626982606359153e-19,7.00808071610722e-19,AL035252.2,lncRNA,Up
ENSG00000231443,26.31355590677179,1.7642479233565114,0.1944643637483044,9.072345643955522,1.1648192235254604e-19,7.019260266080071e-19,AC124944.1,processed_pseudogene,Up
ENSG00000128944,729.0500888137897,1.064680193896306,0.11739635583769073,9.069107693328284,1.199956422835018e-19,7.222746147034793e-19,KNSTRN,protein_coding,Up
ENSG00000260597,10.604089465348416,3.7001938686524887,0.4080490966510581,9.06801142073523,1.2120885750521143e-19,7.292442556268367e-19,AC012531.1,lncRNA,Up
ENSG00000230601,6.882089131314613,3.7200969591206454,0.4102639619282106,9.067569429292455,1.2170141929196142e-19,7.320406995276055e-19,TEX48,protein_coding,Up
ENSG00000283240,5.3829902948895505,2.5580443366158176,0.28215840475469367,9.06598667099696,1.2348154818571366e-19,7.424095817732032e-19,AC007529.2,lncRNA,Up
ENSG00000267892,69.67508456452357,1.6086150458344346,0.17743478449710198,9.065950909195642,1.235220653460158e-19,7.42483898603701e-19,AC022144.1,lncRNA,Up
ENSG00000197106,53.32748231194693,2.706501646308007,0.29858733211870453,9.064355232699649,1.2534335821279395e-19,7.53088256111045e-19,SLC6A17,protein_coding,Up
ENSG00000273391,14.77434870093088,1.6162113898358073,0.1783115226858273,9.063976155278876,1.2577992064921022e-19,7.555390677721351e-19,AC083880.1,lncRNA,Up
ENSG00000211973,724.8021520824394,2.5798793426882956,0.2846519284769563,9.063277232977352,1.26588773594525e-19,7.60051448016308e-19,IGHV1-69,IG_V_gene,Up
ENSG00000178372,53.874947751442136,5.2040567154794335,0.5742600724648902,9.062194927016462,1.2785146511147093e-19,7.674580320941244e-19,CALML5,protein_coding,Up
ENSG00000265692,10.432844473099562,2.0931839311659397,0.23098520436639156,9.061982722692948,1.2810049256346476e-19,7.686029553807886e-19,LINC01970,lncRNA,Up
ENSG00000279332,39.10262510821153,1.618721792451617,0.17869774758728124,9.05843422374972,1.3233648971898693e-19,7.932969388246615e-19,AC090772.4,TEC,Up
ENSG00000237222,6.2762878700170734,2.6282878873642543,0.2901688818543426,9.057786867316766,1.3312406223693264e-19,7.978367093608895e-19,LINC01968,lncRNA,Up
ENSG00000168621,19.865560731857183,2.36145552412051,0.26079903293097695,9.054694327587834,1.3695082187513775e-19,8.205846791291484e-19,GDNF,protein_coding,Up
ENSG00000002587,1093.5621911536555,1.493916402422371,0.1649928802073408,9.05442950353384,1.3728352829358006e-19,8.223913314633589e-19,HS3ST1,protein_coding,Up
ENSG00000279511,11.15974251445529,5.212867421783333,0.5758684553036536,9.052184355252805,1.4013645595084057e-19,8.389099531041239e-19,AL356274.2,TEC,Up
ENSG00000053108,872.0598190778938,2.5718109591768665,0.28423186790932353,9.048285043101968,1.452312420747609e-19,8.688175711232862e-19,FSTL4,protein_coding,Up
ENSG00000250337,34.94358475883755,3.7873572559262034,0.4187521188524768,9.044389473908456,1.505038354340166e-19,8.995435495002307e-19,PURPL,lncRNA,Up
ENSG00000273568,19.434522258283764,1.2989374826014282,0.14364066859187438,9.042964609779794,1.524792462753398e-19,9.11143830564403e-19,AC131009.3,lncRNA,Up
ENSG00000262198,8.575831455968935,3.4644939757027364,0.38313218333397475,9.042555354016686,1.5305135390538752e-19,9.1435527922181e-19,AL157931.1,lncRNA,Up
ENSG00000203668,1963.8065756369444,1.3203530539104302,0.14612231880577356,9.035943753845363,1.6259329349344248e-19,9.7004188900952e-19,CHML,protein_coding,Up
ENSG00000251179,45.51888823933824,1.549982310152684,0.17158720605871255,9.03320443146747,1.6671683174468089e-19,9.932948154331756e-19,TMEM92-AS1,lncRNA,Up
ENSG00000259680,34.348535660125506,2.4931372251916644,0.2760885119840568,9.030209939831305,1.7134276234034795e-19,1.0201645163501865e-18,AC136428.1,protein_coding,Up
ENSG00000244151,16.71749876132538,1.6488463495306718,0.18261176571645543,9.029244874017948,1.7286046221025968e-19,1.0287362646094669e-18,AC010973.2,lncRNA,Up
ENSG00000237950,47.01212187833858,1.2971681594627822,0.14368018622727383,9.028163127593091,1.745774527551452e-19,1.0384857724234557e-18,AL357079.1,lncRNA,Up
ENSG00000287886,9.894588392418802,2.2645341504037098,0.2508463083962892,9.027576147647263,1.755161725582429e-19,1.043598978660849e-18,AC005914.1,lncRNA,Up
ENSG00000248571,12.430292617091453,2.447034334348946,0.271123207802642,9.025543604995294,1.788053914615419e-19,1.0624376234431862e-18,AC106882.1,lncRNA,Up
ENSG00000268403,25.248777736735857,1.4632990179016565,0.16216491644370362,9.023524014885476,1.8213396326348216e-19,1.0819717529303953e-18,AC132192.2,lncRNA,Up
ENSG00000214429,13.881868205840155,5.528767266659071,0.6127429354754669,9.022980024027438,1.830409567340537e-19,1.087114871413738e-18,CYCSP6,processed_pseudogene,Up
ENSG00000275747,6.508693281202095,2.572791622767639,0.2851417715237243,9.022850664844025,1.8325729270571408e-19,1.087918969059569e-18,IGHV3-79,IG_V_pseudogene,Up
ENSG00000182022,3648.6189083941085,1.0013294723544224,0.11097707512816475,9.022849729982623,1.8325885705584396e-19,1.087918969059569e-18,CHST15,protein_coding,Up
ENSG00000248367,32.65320654553906,1.4035988212055701,0.15557651470994968,9.021919688986355,1.8482169550131276e-19,1.0969498335290609e-18,AC008610.1,lncRNA,Up
ENSG00000121753,319.3352740946574,1.539485148709012,0.17070000633975785,9.01865900136437,1.9040568836803425e-19,1.1290753321936279e-18,ADGRB2,protein_coding,Up
ENSG00000286714,6.723759175628219,4.439132806368112,0.4922226939808849,9.01854559054626,1.9060287752634738e-19,1.1299905306586736e-18,AC093001.2,lncRNA,Up
ENSG00000248265,14.064847761898259,2.1524387166728958,0.23867971176734973,9.018105061107835,1.9137074902699807e-19,1.1342878516165293e-18,FLJ12825,lncRNA,Up
ENSG00000176124,279.0185304788754,1.2647010005679327,0.1402625990255733,9.016665949112681,1.9390058085958466e-19,1.1487661912530326e-18,DLEU1,lncRNA,Up
ENSG00000157214,1697.3876357065112,1.5489715335004588,0.1717982847631621,9.01622234259115,1.9468704444252952e-19,1.153166523348945e-18,STEAP2,protein_coding,Up
ENSG00000237548,8.549421095527265,3.1663908715091145,0.3511940914774879,9.016071022687138,1.9495603763213691e-19,1.1545004968244892e-18,TTLL11-IT1,lncRNA,Up
ENSG00000186442,9.876424600731646,3.486354074108876,0.38672239150679494,9.015133725577456,1.9663042142850586e-19,1.164154515731859e-18,KRT3,protein_coding,Up
ENSG00000183250,266.669441553732,1.3490105001695105,0.1496666407175094,9.013434748734161,1.9970176783021286e-19,1.1820730903889368e-18,LINC01547,lncRNA,Up
ENSG00000243678,51.52716433768311,1.2813783190365051,0.14220267793151947,9.010929594825058,2.0431716406636551e-19,1.2080366852982194e-18,NME2,protein_coding,Up
ENSG00000261603,10.702663373218886,2.632252123479795,0.2921644784479677,9.009487181545168,2.0702225971812495e-19,1.223756330142783e-18,PRSS46P,transcribed_unitary_pseudogene,Up
ENSG00000278473,24.719824747395037,2.345267679686624,0.26033690888870126,9.00858694872677,2.0872845642541527e-19,1.2335655302416407e-18,IGHV3-41,IG_V_pseudogene,Up
ENSG00000239857,35.05751512196993,1.2793366421352308,0.14202578202380275,9.007777488743704,2.1027447215604044e-19,1.2421455714056421e-18,GET4,protein_coding,Up
ENSG00000134291,3665.0343767323066,1.0324925316737472,0.11463285210847729,9.00695143392836,2.1186384767647676e-19,1.2509739505662094e-18,TMEM106C,protein_coding,Up
ENSG00000282988,10.08524324605379,2.7390173806010734,0.3041292285071663,9.006097158256308,2.135200073509634e-19,1.2604706948387968e-18,AL031777.2,protein_coding,Up
ENSG00000255152,15.201573991153815,1.7558001525841402,0.19496279929050805,9.005821412975695,2.1405731282794588e-19,1.2633597446895553e-18,MSH5-SAPCD1,protein_coding,Up
ENSG00000211650,442.0357319306457,2.4263637054678533,0.2694532648120978,9.004766400436338,2.1612542772635762e-19,1.2752802705625534e-18,IGLV5-45,IG_V_gene,Up
ENSG00000198354,19.085931175472506,3.3418856962144474,0.3711588681032003,9.003922534016457,2.177938392458626e-19,1.2848374811886796e-18,DCAF12L2,protein_coding,Up
ENSG00000015413,129.39996217094787,2.0160148120145855,0.22390793236064932,9.003766819513045,2.181030908333843e-19,1.2863740785677352e-18,DPEP1,protein_coding,Up
ENSG00000272800,31.762452984402703,1.256890978740623,0.13959891692192478,9.003586893468379,2.184609673011307e-19,1.288196714608859e-18,AC021851.1,lncRNA,Up
ENSG00000254349,25.774592930677063,3.9094362012101684,0.4342485501704845,9.0027616665049,2.2010980763313436e-19,1.2973392103901996e-18,MIR2052HG,lncRNA,Up
ENSG00000288534,6.214545815699531,1.9783843603311757,0.21977577130949216,9.001831041444417,2.219839939046e-19,1.3080933897797323e-18,AP001931.2,protein_coding,Up
ENSG00000249915,434.6603147851065,1.132550692903613,0.12583071407756877,9.000590207295879,2.2450745890345913e-19,1.3223725019620767e-18,PDCD6,protein_coding,Up
ENSG00000187837,2483.1761031726564,1.5894946424460759,0.1766538091306152,8.997794331572138,2.3029774091559874e-19,1.3555695151661471e-18,H1-2,protein_coding,Up
ENSG00000108448,758.0891700112796,1.9526842323325444,0.2170543259561115,8.996292627346106,2.3346844211353e-19,1.3736195489812107e-18,TRIM16L,protein_coding,Up
ENSG00000251087,10.260957452141191,4.166661463883565,0.46318706866817905,8.995634260395349,2.348720834236654e-19,1.3815696720682703e-18,ALG1L3P,unprocessed_pseudogene,Up
ENSG00000177234,8.057869631786867,3.255338693155119,0.3618950471586607,8.995256273092695,2.3568171850372604e-19,1.3860229520390846e-18,LINC01561,lncRNA,Up
ENSG00000243514,5.363537624294261,4.109734513797999,0.4569200668767458,8.99442771662423,2.374661164328788e-19,1.396205460498331e-18,RPL32P33,processed_pseudogene,Up
ENSG00000104055,21.192446764692917,3.062124188586975,0.3404574376893991,8.994146843637369,2.380740352254603e-19,1.399467746075655e-18,TGM5,protein_coding,Up
ENSG00000286138,6.988000634490246,1.9248074618826994,0.2140393845536089,8.992772362418219,2.410711951798715e-19,1.4164544155287904e-18,AC010336.7,lncRNA,Up
ENSG00000242575,11.053405625236984,5.096766310596178,0.5670708737649809,8.987882373074413,2.520395784697293e-19,1.4802413550660936e-18,TUBAP13,transcribed_processed_pseudogene,Up
ENSG00000182580,1442.7079104997501,1.338439205661841,0.14892074569741606,8.98759403462391,2.527015063134936e-19,1.483798423844762e-18,EPHB3,protein_coding,Up
ENSG00000128422,5793.209807428435,2.7447053395103866,0.30542102043256225,8.98662880381681,2.5492987449219284e-19,1.4962165124324783e-18,KRT17,protein_coding,Up
ENSG00000124635,96.7242114207915,1.9134117408831466,0.2129416101032769,8.985616948961454,2.5728672615132273e-19,1.5093773011369034e-18,H2BC11,protein_coding,Up
ENSG00000176732,56.89815003889157,1.1878401466028168,0.1322307515063211,8.983085500697875,2.6327779428902623e-19,1.543837099266538e-18,PFN4,protein_coding,Up
ENSG00000226468,8.128609540321293,4.250728453016906,0.4732887453692664,8.981258258529747,2.676877003451095e-19,1.5689985903757584e-18,AC018641.1,processed_pseudogene,Up
ENSG00000128218,79.53536598445581,1.9493694655068947,0.21714747571509713,8.977168438580035,2.7782438090002126e-19,1.6273276153561885e-18,VPREB3,protein_coding,Up
ENSG00000278987,23.626457248080882,1.6414012703820566,0.18285756149157426,8.976392646785293,2.7978954697969824e-19,1.6384744290150216e-18,AL031009.1,TEC,Up
ENSG00000260641,28.48563215232112,1.6013422524986147,0.17847819320116734,8.972201162377864,2.906469920187152e-19,1.7005460793284934e-18,AC114811.2,lncRNA,Up
ENSG00000233785,15.228423379886035,1.798803902517505,0.20050751924512564,8.971254092064353,2.9315731906927496e-19,1.7148532617251067e-18,AC131011.1,lncRNA,Up
ENSG00000057593,50.54118688926019,2.9100252843805574,0.3243879585570424,8.970817835918037,2.943208649092364e-19,1.7212777129422409e-18,F7,protein_coding,Up
ENSG00000224090,25.6031885509553,2.008873455522972,0.22396737567681005,8.969491424598472,2.9788665673609093e-19,1.741745263443618e-18,AC097468.1,lncRNA,Up
ENSG00000170289,19.89931158607118,2.833828061512612,0.3159837860389329,8.96827048323122,3.0120662308319273e-19,1.759986406094348e-18,CNGB3,protein_coding,Up
ENSG00000270864,19.330440501734568,2.5420784715272036,0.28363122870671054,8.962618408129682,3.1705824266719627e-19,1.8517886731193724e-18,IGHV3OR16-6,IG_V_pseudogene,Up
ENSG00000285570,5.969085960272024,3.7426808568091023,0.4175977485619803,8.962406693276531,3.176677586647836e-19,1.8549377316187652e-18,AL590666.4,lncRNA,Up
ENSG00000227039,239.30119603267627,1.7402657175745904,0.19419181128697904,8.961581366594311,3.200549036464614e-19,1.8684630970018125e-18,ITGB2-AS1,lncRNA,Up
ENSG00000189229,18.969794281661684,4.4516001525394495,0.49675720834162235,8.961319690560105,3.208154598310383e-19,1.8724886400496856e-18,AC069277.1,lncRNA,Up
ENSG00000203635,20.155061796561053,2.5583216346063327,0.28554947981162504,8.959293626778935,3.2676492340792697e-19,1.9067915535001183e-18,AC144450.1,lncRNA,Up
ENSG00000267736,7.848589021122056,2.313495789005795,0.2582583635989928,8.958067250042847,3.3041895742851223e-19,1.927261204908177e-18,HMGB2P1,transcribed_processed_pseudogene,Up
ENSG00000228325,16.85486010551091,3.4698106782578124,0.3873596833496087,8.957593749182616,3.3184054731266427e-19,1.9351249961598755e-18,IGKV3D-7,IG_V_gene,Up
ENSG00000119125,158.5665386776418,3.3799137871898566,0.37734484779137256,8.957095365082479,3.3334337156073777e-19,1.94345892285135e-18,GDA,protein_coding,Up
ENSG00000200879,11.11722427748784,2.109359949279776,0.23550330509878364,8.956816756329552,3.3418641469070967e-19,1.9479433588404098e-18,SNORD14E,snoRNA,Up
ENSG00000136052,1628.5777645509515,1.0480967471804719,0.1170435918597068,8.954755493464035,3.404893826201511e-19,1.9838057931271286e-18,SLC41A2,protein_coding,Up
ENSG00000141738,2313.7111312650777,1.1976578095561632,0.13382388432021566,8.949507149937384,3.5707301251395804e-19,2.0790495341119614e-18,GRB7,protein_coding,Up
ENSG00000268089,20.37174017593921,3.3153801416971906,0.37047886043765876,8.948905040845311,3.590258433155401e-19,2.0894971282787004e-18,GABRQ,protein_coding,Up
ENSG00000231752,112.41164484928741,1.4831204384819725,0.1657969511111022,8.945402364414521,3.705971493205125e-19,2.155889439131241e-18,EMBP1,transcribed_unprocessed_pseudogene,Up
ENSG00000145087,19.36408019389647,3.9795719807375067,0.4449061047894951,8.944745729259928,3.728070336047235e-19,2.168266756982038e-18,STXBP5L,protein_coding,Up
ENSG00000254750,10.326444928277489,2.103995961603895,0.23525653729299184,8.943411247201809,3.773383814201119e-19,2.194137401995226e-18,CASP1P2,unprocessed_pseudogene,Up
ENSG00000226330,18.699491892974763,1.824538659448355,0.20409732184825163,8.93955218483914,3.907505971623496e-19,2.2706243382924547e-18,AL606489.1,lncRNA,Up
ENSG00000234722,28.933779925454157,4.2359864024451355,0.4739300623448754,8.937998955978106,3.962808293626715e-19,2.300225725356295e-18,LINC01287,lncRNA,Up
ENSG00000140986,12.793493646637593,1.9203654869290692,0.21495071498513071,8.93398045715694,4.1094996636888324e-19,2.3848482863440693e-18,RPL3L,protein_coding,Up
ENSG00000215644,7.839706812596647,3.308433375478598,0.37036028020843464,8.933013479784195,4.1455914119257626e-19,2.403932746716741e-18,GCGR,protein_coding,Up
ENSG00000230658,59.192417161572635,1.5860391082508678,0.1775520565051487,8.932811815699107,4.1531577518325295e-19,2.407535060800699e-18,KLHL7-DT,lncRNA,Up
ENSG00000256287,12.423780298792186,3.738666613348167,0.41858331651836883,8.931714346489255,4.194574042752207e-19,2.431009175986279e-18,LINC02398,lncRNA,Up
ENSG00000184635,243.7820666090783,1.1607351803879875,0.12999817101283526,8.92885777810969,4.304298100585047e-19,2.4918625886372707e-18,ZNF93,protein_coding,Up
ENSG00000247137,83.02625566910609,1.1529222309145541,0.12912576339529322,8.928676978157402,4.3113374656758454e-19,2.495390012508166e-18,AP000873.2,lncRNA,Up
ENSG00000016082,43.592028003911196,4.209431346441467,0.47146954245658945,8.928320850819437,4.32523640425536e-19,2.502885318854813e-18,ISL1,protein_coding,Up
ENSG00000271569,43.469997582476005,2.420397196766721,0.2710963120312117,8.928181938853,4.330669853277641e-19,2.505479684750579e-18,IGKV1OR2-6,IG_V_pseudogene,Up
ENSG00000250451,11.114216749152767,3.4214279411427104,0.3832380274254302,8.927683831710688,4.350208479651511e-19,2.515679772114262e-18,HOXC-AS1,lncRNA,Up
ENSG00000233682,12.45676326883578,2.2092951785558657,0.24747530119452016,8.927336052898948,4.363901966758466e-19,2.523045272164454e-18,AL356417.2,lncRNA,Up
ENSG00000287234,4.144046399455942,3.1489392164552616,0.3528944637154522,8.923175453934952,4.5310610683146775e-19,2.6185421952982256e-18,AL592211.2,lncRNA,Up
ENSG00000204584,79.50825864332674,1.5714931731104937,0.17614342703950459,8.921667981162004,4.59317453330617e-19,2.6538565390728244e-18,AC027801.1,lncRNA,Up
ENSG00000156510,956.3194233230687,1.704154372925208,0.19105573418783792,8.91967142556295,4.676736459051202e-19,2.7009535791760883e-18,HKDC1,protein_coding,Up
ENSG00000226686,49.44232075630035,2.083400341950699,0.23361897330385262,8.917941520276091,4.750351356547429e-19,2.742867643357909e-18,LINC01535,lncRNA,Up
ENSG00000261578,123.136440078632,1.738613314456934,0.19495758030943905,8.917905688495857,4.751888190842761e-19,2.7431543693634766e-18,AP003119.3,lncRNA,Up
ENSG00000092758,100.5334158839374,1.7829231334457922,0.19992946693317704,8.91776065226895,4.758113851265046e-19,2.745546220084448e-18,COL9A3,protein_coding,Up
ENSG00000117148,15.494280890494341,5.836518635323117,0.6547138079454146,8.914610574105572,4.89533614483803e-19,2.822256539995165e-18,ACTL8,protein_coding,Up
ENSG00000283148,5.796480567200078,3.172683886236711,0.35591624324469817,8.914130631726856,4.916583561468221e-19,2.8338865249380765e-18,AC137936.1,lncRNA,Up
ENSG00000233122,21.639820314944075,1.4434187924923823,0.16197944523148458,8.911123201030813,5.0518142092433085e-19,2.9105602075102914e-18,CTAGE7P,processed_pseudogene,Up
ENSG00000211676,15.475208255062556,2.2564943593228626,0.2532621375667359,8.909718527224642,5.116228594442358e-19,2.9470281353308205e-18,IGLJ2,IG_J_gene,Up
ENSG00000256128,17.88840785490297,1.9639222007335708,0.22044935889860415,8.908722667852613,5.162386747097667e-19,2.9716685990169285e-18,LINC00944,lncRNA,Up
ENSG00000268460,20.166649301160653,2.3588278202272828,0.26483547597999546,8.906766782277533,5.254242820221307e-19,3.023884399153991e-18,AC006262.1,lncRNA,Up
ENSG00000138271,8.700122100993177,3.8641593715977516,0.433868609309859,8.906289343551144,5.276909265320834e-19,3.0362665792387163e-18,GPR87,protein_coding,Up
ENSG00000280832,204.3014728927136,1.3130008502066652,0.14743078490948439,8.905879806668509,5.296429008416009e-19,3.046833179579628e-18,GSEC,lncRNA,Up
ENSG00000263080,9.403830568617717,1.7442154746515146,0.1958583013770939,8.905496792261596,5.314749151596776e-19,3.0567052372433363e-18,AC009121.3,lncRNA,Up
ENSG00000277566,8.307073648409972,2.21493504296079,0.24872734683384143,8.905072446418384,5.335119339154634e-19,3.067751787472911e-18,AC089999.2,lncRNA,Up
ENSG00000163216,88.475291679236,4.044069424563824,0.4542223661993245,8.903281136070657,5.421962270993299e-19,3.1170077411400325e-18,SPRR2D,protein_coding,Up
ENSG00000276116,23.032061633872598,1.3847884796060805,0.15565812149084268,8.896345827272155,5.771554606298557e-19,3.31581470518721e-18,FUT8-AS1,lncRNA,Up
ENSG00000186723,7.760374112250086,4.064094603506316,0.4568377628899749,8.896144175553006,5.782045679788476e-19,3.3211183745594012e-18,OR10H1,protein_coding,Up
ENSG00000236364,14.834738415905186,1.9627411913633133,0.22066409188900538,8.89470132888942,5.857662385424132e-19,3.362354312225389e-18,AL358115.1,lncRNA,Up
ENSG00000211890,14779.429830568555,2.090875941019326,0.2350825203625895,8.894221219826871,5.883039899178799e-19,3.376186336046679e-18,IGHA2,IG_C_gene,Up
ENSG00000076554,4697.345800163444,1.101900797942644,0.12390712867218673,8.892957247503277,5.950371204138548e-19,3.4140837391891536e-18,TPD52,protein_coding,Up
ENSG00000261502,10.368521719464859,4.510114342925605,0.5071637609216864,8.892816660893155,5.957907077634406e-19,3.417663903354781e-18,AC040174.1,lncRNA,Up
ENSG00000157005,136.5267545947317,6.444836426373649,0.7249043604362517,8.89060237200823,6.077850914397653e-19,3.48495169847067e-18,SST,protein_coding,Up
ENSG00000275549,21.034883883218487,2.1793267157065044,0.24516604416096646,8.889186604796068,6.1557871895190425e-19,3.528871917122112e-18,STPG3-AS1,lncRNA,Up
ENSG00000170166,42.65074931253051,2.5320922416166765,0.28490263418582457,8.887570481237276,6.245959983069142e-19,3.5790083605722135e-18,HOXD4,protein_coding,Up
ENSG00000286443,17.14839455696714,1.7206466389439763,0.19362202228715916,8.886626730879302,6.299219360558309e-19,3.608742440537098e-18,AC091178.2,lncRNA,Up
ENSG00000184669,133.63553765558856,1.1327794217835847,0.12747845516912332,8.886046040334794,6.332212579077923e-19,3.626855901613485e-18,OR7E14P,transcribed_unprocessed_pseudogene,Up
ENSG00000239855,972.9112439242987,2.0974222729534904,0.23604376116589565,8.885734842529413,6.349964162546298e-19,3.636233549757782e-18,IGKV1-6,IG_V_gene,Up
ENSG00000173852,4828.645573285565,1.1019426738841422,0.12402017659443851,8.885188718023139,6.381235519423259e-19,3.650969421722528e-18,DPY19L1,protein_coding,Up
ENSG00000105549,18.00561102271765,3.5657001590091073,0.4014199820129143,8.88271715107195,6.52467134392098e-19,3.7306067506330495e-18,THEG,protein_coding,Up
ENSG00000105655,2101.112025513734,1.1763809874809454,0.1324684592709211,8.880461009024353,6.65838303661152e-19,3.8062337020473834e-18,ISYNA1,protein_coding,Up
ENSG00000167723,78.33361707589921,1.8376254399281267,0.20700609369826978,8.877156257084069,6.859141171800966e-19,3.919296916584864e-18,TRPV3,protein_coding,Up
ENSG00000075429,8.16266402143146,3.4683242857147505,0.3907884044497465,8.875197539697625,6.9809398554264105e-19,3.9880282492979735e-18,CACNG5,protein_coding,Up
ENSG00000213901,26.685851529599493,1.590762300162746,0.1792699121551942,8.873559879839853,7.08441212683399e-19,4.045365149139437e-18,SLC23A3,protein_coding,Up
ENSG00000174501,224.71082361008717,1.8676962539824526,0.21050816164919603,8.87232228598765,7.163610653590751e-19,4.087955268019652e-18,ANKRD36C,protein_coding,Up
ENSG00000239819,179.53843360450537,2.190273125326138,0.24696364857841496,8.86880776962076,7.393317832939723e-19,4.2172137411771686e-18,IGKV1D-8,IG_V_gene,Up
ENSG00000167700,951.3389166106293,1.1366751748491304,0.12818897384345007,8.867183664620697,7.501911905204635e-19,4.27730631222154e-18,MFSD3,protein_coding,Up
ENSG00000129988,100.69112780981322,3.5760603205152535,0.4034262196430758,8.864223856543358,7.703883401929755e-19,4.389615499327737e-18,LBP,protein_coding,Up
ENSG00000100116,692.1606189172389,1.1490266312387323,0.12967606294699724,8.860745808641461,7.948090586782822e-19,4.525829168073051e-18,GCAT,protein_coding,Up
ENSG00000279806,75.91341875990399,2.7970425480640775,0.3157239236129523,8.859140340258115,8.063380926254e-19,4.583560142817805e-18,AC018629.1,TEC,Up
ENSG00000250412,9.864749564187708,1.844120879514594,0.2081719357938786,8.858643085014831,8.099423224774633e-19,4.6030558283902385e-18,KLHL2P1,unprocessed_pseudogene,Up
ENSG00000119042,297.68703832654563,1.2865660313458935,0.14523674851787355,8.85840563407795,8.116690350100284e-19,4.6118751245883326e-18,SATB2,protein_coding,Up
ENSG00000238290,28.78639448894375,1.6635988548278802,0.18781068812899518,8.85784973901624,8.157256647786324e-19,4.633926277512395e-18,AL034417.2,lncRNA,Up
ENSG00000274993,8.020249021762687,4.022206084736319,0.4542292852061132,8.855012690146527,8.367429192750239e-19,4.751272778053915e-18,AC254629.1,lncRNA,Up
ENSG00000157193,687.7997130386461,1.304635224862059,0.147344711808306,8.854306400621805,8.420578185679974e-19,4.779394032638418e-18,LRP8,protein_coding,Up
ENSG00000164294,1344.771091378991,1.1760130489702896,0.13283065232500926,8.853476425703516,8.48346089661011e-19,4.8121827071105286e-18,GPX8,protein_coding,Up
ENSG00000287335,9.6464282478714,2.5912845138664014,0.2926856951257391,8.853471683175954,8.483821541659783e-19,4.8121827071105286e-18,AL139351.3,lncRNA,Up
ENSG00000257185,18.07282875714479,5.150442717281312,0.5821147381221334,8.847813635326132,8.925053074868435e-19,5.053760996012039e-18,LINC02293,lncRNA,Up
ENSG00000286536,5.364749819417487,2.3034951221984086,0.26034941605534545,8.847706121640496,8.933653063544664e-19,5.057544681959485e-18,AL591506.1,lncRNA,Up
ENSG00000167105,968.2945634639844,1.3204534193829673,0.14926797080517706,8.846193944087368,9.05548238179417e-19,5.125414690017435e-18,TMEM92,protein_coding,Up
ENSG00000255836,43.803526014786534,2.981142581795764,0.33710780353471426,8.843291524364775,9.293932533419467e-19,5.25812059442762e-18,AC131206.1,processed_pseudogene,Up
ENSG00000212232,39.01931905877502,2.565887808696717,0.290203022190773,8.841699129549243,9.427380391112325e-19,5.332475781073188e-18,SNORD17,snoRNA,Up
ENSG00000279529,38.98451274367507,1.188938326816847,0.13450155923104576,8.839587686671333,9.607248410120558e-19,5.42955723478095e-18,AC008764.8,lncRNA,Up
ENSG00000257702,373.1681938770801,1.041997603887521,0.1178796382640478,8.839504593265454,9.614395802043974e-19,5.432432339830717e-18,LBX2-AS1,lncRNA,Up
ENSG00000205922,24.362000251433656,4.673802467525037,0.528886053825375,8.837068842560576,9.826259562773611e-19,5.548575260606855e-18,ONECUT3,protein_coding,Up
ENSG00000254233,14.54437697940581,3.349991629979936,0.379168271589009,8.835105363486438,1.000039582114685e-18,5.6432792168551774e-18,LINC02365,lncRNA,Up
ENSG00000248771,232.86651003382454,2.6862045750836097,0.3040760039379027,8.833990648049218,1.010060996444884e-18,5.698611141688402e-18,SMIM31,protein_coding,Up
ENSG00000142185,721.6740784767256,1.2267513727777746,0.1388725791519742,8.833647220127508,1.0131683897073576e-18,5.714919879482999e-18,TRPM2,protein_coding,Up
ENSG00000147234,178.72446397647496,1.947171927121625,0.22044586047853848,8.832880431026249,1.0201405409548072e-18,5.7530166948199886e-18,FRMPD3,protein_coding,Up
ENSG00000186847,139.5104543162847,3.348957019455865,0.3792018206429451,8.83159530663021,1.031932150872671e-18,5.818270433720832e-18,KRT14,protein_coding,Up
ENSG00000147434,10.953265309114625,1.8170468893999285,0.20580349524075633,8.829038045608904,1.0557980772537166e-18,5.951559490632857e-18,CHRNA6,protein_coding,Up
ENSG00000258725,12.085127876681968,1.628419544941453,0.18447595489082916,8.827272616125683,1.0725913946559029e-18,6.0436399737342226e-18,PRC1-AS1,lncRNA,Up
ENSG00000086717,48.529722850070094,1.735144163644108,0.19658440527505777,8.82645884965454,1.0804207585381344e-18,6.0851549343551056e-18,PPEF1,protein_coding,Up
ENSG00000138336,149.39470681144007,1.4528000877625658,0.164688581976988,8.821498553952976,1.1293798171274624e-18,6.358186545185991e-18,TET1,protein_coding,Up
ENSG00000287016,8.547188656831699,1.825371027178782,0.2070414949945584,8.816450186600312,1.1814572794657156e-18,6.6428632109831385e-18,AC010996.1,lncRNA,Up
ENSG00000087510,945.1397790698926,1.2081123755197933,0.1370496071132006,8.815146580624,1.1952857484313246e-18,6.719182516762743e-18,TFAP2C,protein_coding,Up
ENSG00000143153,26336.808764252517,1.2909674699874683,0.1464592370847767,8.814517238268847,1.2020188164084424e-18,6.754152181694145e-18,ATP1B1,protein_coding,Up
ENSG00000132855,9.614900916329182,3.075288468811539,0.3489577176348249,8.8127825045834,1.2207725304337603e-18,6.8580680927861655e-18,ANGPTL3,protein_coding,Up
ENSG00000163499,8.532575231824843,4.4092269203555725,0.5003421206667479,8.81242401595114,1.224683926231009e-18,6.878576173527521e-18,CRYBA2,protein_coding,Up
ENSG00000106133,15.312229291376736,1.8754973724345412,0.21283074563696325,8.812154309855574,1.2276347900883226e-18,6.893681732246395e-18,NSUN5P2,transcribed_unprocessed_pseudogene,Up
ENSG00000184163,66.43413425824423,1.9560107991121396,0.22200284257207223,8.810746639323456,1.2431505014889227e-18,6.977837106058513e-18,C1QTNF12,protein_coding,Up
ENSG00000259479,73.11536882099394,1.541369961653303,0.17494554093703735,8.810570154560498,1.2451093738696111e-18,6.987345007223164e-18,SORD2P,transcribed_unprocessed_pseudogene,Up
ENSG00000251602,101.66482975368726,1.1322162209315456,0.12851146875349914,8.810234852293815,1.248839424019666e-18,7.005295811826971e-18,AL928654.1,lncRNA,Up
ENSG00000279278,78.53084017367888,1.3471047316613611,0.15291639763025192,8.809419738742651,1.257953190814069e-18,7.054918256437048e-18,AC245060.6,lncRNA,Up
ENSG00000272906,9.907163308549253,1.6095439867253423,0.18272141883785425,8.808731876987233,1.2656952379378395e-18,7.095319605531638e-18,AL353708.3,lncRNA,Up
ENSG00000243290,902.6863728800519,2.105274961409058,0.23900302274084276,8.80857044093481,1.2675190459129785e-18,7.104033419920349e-18,IGKV1-12,IG_V_gene,Up
ENSG00000198883,35.179960375788326,3.5144225239562443,0.3992095963477292,8.803452011446707,1.3267091679457383e-18,7.431036694717315e-18,PNMA5,protein_coding,Up
ENSG00000226668,9.626184927953055,4.580409663625432,0.5204351580676055,8.80111497584571,1.3546347632800125e-18,7.585839606645557e-18,AL136981.1,transcribed_unprocessed_pseudogene,Up
ENSG00000089012,172.3083586240052,1.4518156504261823,0.16498377786967924,8.799747885352534,1.3712386091256916e-18,7.677189410327917e-18,SIRPG,protein_coding,Up
ENSG00000233560,11.792042745735015,1.605492892840871,0.18247200004197625,8.798571246391447,1.385690167190521e-18,7.754806814264439e-18,KRT8P39,processed_pseudogene,Up
ENSG00000231574,36.82882649007927,2.3346612313429342,0.2653549884688021,8.798256421764693,1.3895823031754081e-18,7.774938539090921e-18,LINC02015,lncRNA,Up
ENSG00000170423,17.856458939218733,2.5945503732712902,0.2949428261555312,8.796790913989259,1.4078427546780575e-18,7.872097845814328e-18,KRT78,protein_coding,Up
ENSG00000267709,6.045441074622066,2.6123730438603783,0.2970014556450029,8.795825724783217,1.4199983809780827e-18,7.93670142144808e-18,AC024592.2,lncRNA,Up
ENSG00000266445,7.3818868646429285,1.9669143098822708,0.22366286595964519,8.794103131259863,1.4419508832927206e-18,8.057691204159576e-18,NARF-AS1,lncRNA,Up
ENSG00000257279,17.27754461762335,2.3839426738253016,0.2710964370850707,8.793707137793238,1.4470445578964766e-18,8.082729292889237e-18,AC127164.1,lncRNA,Up
ENSG00000249693,6.41763464355633,2.9996726916364986,0.3412667316873499,8.789818675863888,1.4980154420464382e-18,8.360352847992502e-18,THEGL,protein_coding,Up
ENSG00000237643,233.16908415087795,3.2378426042726396,0.3683700173758584,8.7896475053478,1.5002994721298476e-18,8.371328201452407e-18,AL365226.1,lncRNA,Up
ENSG00000143845,341.25942457551434,1.367521289177573,0.155585564168269,8.789512680614575,1.5021009397137803e-18,8.379606892374104e-18,ETNK2,protein_coding,Up
ENSG00000262904,6.4069378768591845,2.30322176925537,0.2620844040133409,8.788091675756979,1.5212181528379685e-18,8.48087160472246e-18,TMPOP2,processed_pseudogene,Up
ENSG00000287737,71.04761448125717,1.3380069693339947,0.15226579898087073,8.787311256299189,1.5318193823928458e-18,8.538168910103434e-18,AC132872.5,lncRNA,Up
ENSG00000232931,1975.587433020989,2.0943549253379863,0.23838308648397594,8.785669135460113,1.5543648150582082e-18,8.662003417811697e-18,LINC00342,lncRNA,Up
ENSG00000230918,47.37607105503868,2.2256547332709866,0.25333053412420764,8.785576286590668,1.555649322037429e-18,8.667329943403127e-18,DPP4-DT,lncRNA,Up
ENSG00000156959,123.27284694366384,3.5204025740976603,0.4008269189194128,8.782849673840008,1.5938412873369768e-18,8.8707460420169e-18,LHFPL4,protein_coding,Up
ENSG00000237491,51.259426692060266,1.4643213526617287,0.16680621748391009,8.778577769758344,1.6555479001974579e-18,9.208352273403705e-18,LINC01409,lncRNA,Up
ENSG00000126583,18.790710565866284,2.681940506092818,0.30551881852347496,8.778315257483058,1.6594158380421248e-18,9.227919791052475e-18,PRKCG,protein_coding,Up
ENSG00000166104,46.99911349415731,2.6949567157819034,0.3070548916493003,8.776791346023959,1.6820465304236417e-18,9.34982441131354e-18,AC126323.1,transcribed_unprocessed_pseudogene,Up
ENSG00000204316,76.61910109314209,1.0244855904292374,0.11673242683270903,8.776358191348518,1.688534490632646e-18,9.3839103304495e-18,MRPL38,protein_coding,Up
ENSG00000260428,91.81178584100492,1.6036618054760374,0.1827550367289236,8.774925354613963,1.7101726581354828e-18,9.498157749585653e-18,SCX,protein_coding,Up
ENSG00000235269,35.58187350461144,2.7225266448663517,0.31033098856504143,8.772977063796338,1.7400349013067487e-18,9.6579078820162e-18,LINC02331,lncRNA,Up
ENSG00000259490,33.933895388674046,2.3308920589893494,0.26573818992338716,8.771385323507134,1.7648138594566403e-18,9.791319476934904e-18,IGHV3OR15-7,IG_V_gene,Up
ENSG00000152292,19.989102337639547,2.289420789081362,0.2610249844539695,8.770887560325054,1.7726339255843223e-18,9.83263706723992e-18,SH2D6,protein_coding,Up
ENSG00000224769,222.37831807750925,1.8337663082226012,0.20909578919287597,8.769982003468671,1.7869484479209506e-18,9.9099538531389e-18,MUC20P1,unprocessed_pseudogene,Up
ENSG00000211656,14.786159185934379,2.6737014785386517,0.3050287051431724,8.765409397399786,1.8609914305282174e-18,1.0305406136713375e-17,IGLV2-33,IG_V_gene,Up
ENSG00000153802,19.10942849985333,3.514333073990444,0.40101703649684584,8.763550558077315,1.8919499698833234e-18,1.046804882623232e-17,TMPRSS11D,protein_coding,Up
ENSG00000149925,416.78811704636996,1.137588103218016,0.12981513117260957,8.763139496469131,1.8988644698002398e-18,1.0504102384860986e-17,ALDOA,protein_coding,Up
ENSG00000254645,10.191359772937492,4.233226465056747,0.4831173954492392,8.76231430482931,1.9128204970359098e-18,1.0579084837843318e-17,AC087379.1,lncRNA,Up
ENSG00000236841,13.668648211733007,1.9150433060418146,0.21862399415733375,8.759529407662567,1.960671872566748e-18,1.0839186012491646e-17,AC007750.1,lncRNA,Up
ENSG00000116329,83.14496698910342,2.256868324772879,0.2577641413288996,8.755555808257986,2.0310010102802625e-18,1.1216229663055605e-17,OPRD1,protein_coding,Up
ENSG00000164692,86072.13451552569,1.4785905986148793,0.16893077542528576,8.752641991327543,2.084150429935198e-18,1.1504929210255636e-17,COL1A2,protein_coding,Up
ENSG00000120053,2703.0263981603366,1.0051295721304765,0.11484734270437336,8.751874866776534,2.0983700437624284e-18,1.1578576700986659e-17,GOT1,protein_coding,Up
ENSG00000225173,7.15363253271621,2.779690080157845,0.3177236151448296,8.748767632178566,2.1569529452476713e-18,1.1891877308421721e-17,AL662890.1,lncRNA,Up
ENSG00000200913,8.232661454618693,1.95069018599634,0.22298014789186732,8.748268419582867,2.1665143442026046e-18,1.1942095162337518e-17,SNORD46,snoRNA,Up
ENSG00000188242,13.113179112458226,1.667924397975886,0.19069307510790162,8.746643773152794,2.1979217826546162e-18,1.2110154076180992e-17,PP7080,lncRNA,Up
ENSG00000253667,27.473355494636483,1.5380209474574014,0.17587814695654064,8.744809824710316,2.2339158288277827e-18,1.2303333418168051e-17,AC100821.1,processed_pseudogene,Up
ENSG00000185988,7.7289088845841025,3.486903928279973,0.39876270478201786,8.744308047027808,2.243864982610676e-18,1.2355548045822411e-17,PLK5,protein_coding,Up
ENSG00000157227,14925.626014144153,1.17265998099301,0.13412308839660705,8.743162679981019,2.266739317676967e-18,1.2473688607500338e-17,MMP14,protein_coding,Up
ENSG00000147799,817.438630692353,1.0387766267811904,0.11887160048901184,8.738644238892132,2.3592454431270016e-18,1.2966507364580875e-17,ARHGAP39,protein_coding,Up
ENSG00000182459,7.471981374048533,4.343409325745144,0.49705661407539586,8.738258787330643,2.3673072170279184e-18,1.3008104045223215e-17,TEX19,protein_coding,Up
ENSG00000211665,67.18158993577198,2.4572243777821203,0.28123392339792647,8.737297222516498,2.387537237954221e-18,1.3113800659207e-17,IGLV3-16,IG_V_gene,Up
ENSG00000267056,57.6800498675456,3.5723532048087585,0.4088774673529785,8.736977432226153,2.3943029429126e-18,1.3148223366223503e-17,AC005336.1,processed_pseudogene,Up
ENSG00000138834,2949.066625393091,1.154218110278556,0.13213498500503248,8.735143915402848,2.4334610981089864e-18,1.3360476609855085e-17,MAPK8IP3,protein_coding,Up
ENSG00000259485,26.956568019416295,5.16585948157109,0.5915874794893264,8.732198805205263,2.497686965375769e-18,1.3710242563896551e-17,LINC02253,lncRNA,Up
ENSG00000058404,105.19823289542865,2.592325783183348,0.296937091218221,8.730218823616857,2.541803580686726e-18,1.3949502689429546e-17,CAMK2B,protein_coding,Up
ENSG00000173157,17.6086668279279,4.749889943723275,0.544233908113859,8.727662633489484,2.5998983476519448e-18,1.42594258376834e-17,ADAMTS20,protein_coding,Up
ENSG00000253361,17.442199799758928,3.5887647503584437,0.41120509150947987,8.727432671576512,2.6051885415226067e-18,1.4285469295061578e-17,AC069120.1,lncRNA,Up
ENSG00000198734,985.3037341585176,2.3064651361572617,0.26428166548932513,8.72729908027019,2.608266642123059e-18,1.4299374501618515e-17,F5,protein_coding,Up
ENSG00000151790,260.76708916089876,1.600015289762908,0.1833617065146268,8.726005664848428,2.6382547553547857e-18,1.4460772791250406e-17,TDO2,protein_coding,Up
ENSG00000250049,13.198468066307608,3.4849434986789416,0.3994317792208402,8.724752711156128,2.667629285179385e-18,1.4618741531625185e-17,AC114316.1,lncRNA,Up
ENSG00000269526,8.598064685631906,4.109532692819848,0.4710592320530843,8.724025373430617,2.6848290469605645e-18,1.4709935731349108e-17,ERVV-1,protein_coding,Up
ENSG00000273272,12.056782265448023,1.7371931639076659,0.19912801312480255,8.724001895297816,2.6853860679072663e-18,1.4709935731349108e-17,U62317.3,lncRNA,Up
ENSG00000109956,277.5189083788529,2.274477359958736,0.2607655099170916,8.722309022699699,2.7258518024493597e-18,1.4925397016318444e-17,B3GAT1,protein_coding,Up
ENSG00000106927,293.52684227018113,2.820132922288441,0.32334830232564843,8.721656807859924,2.7416022282863453e-18,1.5008522059354563e-17,AMBP,protein_coding,Up
ENSG00000258384,7.4844856206037775,1.5756415688103902,0.18069449886805453,8.719919968127774,2.7839849984919402e-18,1.523421548251348e-17,RCCD1-AS1,lncRNA,Up
ENSG00000285517,60.06977217601611,2.184971869242173,0.2505858425925478,8.719454565495681,2.7954513364670713e-18,1.5287443331115028e-17,AC010198.2,lncRNA,Up
ENSG00000274270,15.751244209136026,1.452408963370111,0.16657661541480245,8.71916481045902,2.8026137030316976e-18,1.532343424195436e-17,AL137060.3,lncRNA,Up
ENSG00000214093,7.986711551002076,1.6480058269960554,0.18912222481843882,8.713972292670386,2.9340811932226792e-18,1.6032267108429766e-17,AL096701.1,processed_pseudogene,Up
ENSG00000162572,191.86138949142295,1.5359429136850153,0.17628252888025883,8.712961649922299,2.9603682503249138e-18,1.6169202725987567e-17,SCNN1D,protein_coding,Up
ENSG00000005073,23.387151466021482,4.130707467996301,0.4740939032165366,8.71284663222014,2.96337458567739e-18,1.6182271241315547e-17,HOXA11,protein_coding,Up
ENSG00000173156,1166.5232559134736,1.198379427521557,0.1375799003418396,8.710425175072732,3.0273710633431696e-18,1.6524896489414072e-17,RHOD,protein_coding,Up
ENSG00000273445,13.467997575106164,1.9143153020471284,0.21979343597502687,8.709610883305153,3.0491969955765147e-18,1.66405887362071e-17,AC133644.1,lncRNA,Up
ENSG00000230481,16.130737314585684,2.598539826669448,0.298527769684891,8.704516264642047,3.1893210320686713e-18,1.738730527509838e-17,IGKV1OR22-5,IG_V_pseudogene,Up
ENSG00000283064,12.958194487482801,1.524952106623084,0.1752282928032999,8.702659155247822,3.2419650567453602e-18,1.7656055048817666e-17,AL353759.1,lncRNA,Up
ENSG00000256463,16.718718173932107,4.399949994609658,0.5057119215536571,8.700506764982034,3.3040535522609645e-18,1.79756327982508e-17,SALL3,protein_coding,Up
ENSG00000253709,14.080383298095159,2.773681669262338,0.31884741730336397,8.69908777283069,3.3456268131807606e-18,1.8193323444618255e-17,IGHV1-14,IG_V_pseudogene,Up
ENSG00000162723,51.323768475001074,1.9331310141638278,0.22224570079448708,8.69817057091878,3.3727731078308962e-18,1.8334369584312663e-17,SLAMF9,protein_coding,Up
ENSG00000188306,28.79521810703263,2.10614465149345,0.2422415309706042,8.694399523709372,3.486687869496387e-18,1.8945798293554446e-17,LRRIQ4,protein_coding,Up
ENSG00000204991,1014.8060376461087,1.1786356808871359,0.1355634067772482,8.694349816863323,3.4882144835823296e-18,1.8950188696346527e-17,SPIRE2,protein_coding,Up
ENSG00000166451,309.4254808690759,1.0353728909336777,0.119101643927041,8.693187237347654,3.524108843459821e-18,1.9141246179615955e-17,CENPN,protein_coding,Up
ENSG00000254348,8.7906766057386,2.384634978034036,0.2743164760143947,8.693006751475266,3.529713904639972e-18,1.9167742105715827e-17,AC120036.3,processed_pseudogene,Up
ENSG00000262943,151.00461298010123,2.0200577746336137,0.23239165596037517,8.69247119172838,3.546397784493162e-18,1.9254377100490977e-17,ALOX12P2,transcribed_unprocessed_pseudogene,Up
ENSG00000102109,506.875789019069,2.3437331426185146,0.26964979429148517,8.691766848095547,3.568458234372671e-18,1.937016130926458e-17,PCSK1N,protein_coding,Up
ENSG00000254413,6.311992390081242,2.1265374277676132,0.24466620601584685,8.691586232509279,3.574137009386736e-18,1.939699381303318e-17,CHKB-CPT1B,protein_coding,Up
ENSG00000082929,10.90561322285518,2.9394619963295057,0.3383081251651386,8.688712382815707,3.6657040105767004e-18,1.9877568323855147e-17,LINC01587,lncRNA,Up
ENSG00000244541,7.1613437737951795,3.804973026897472,0.43792736693696704,8.688593849502764,3.669530059440147e-18,1.9894224438206554e-17,LINC01213,lncRNA,Up
ENSG00000163584,1344.3701612291195,1.1684193421819933,0.13449546059196354,8.687425858384767,3.70744223152512e-18,2.0083248078331434e-17,RPL22L1,protein_coding,Up
ENSG00000260001,14.31103370895897,2.0816174564612413,0.23969861280946,8.684311653133971,3.810427542480736e-18,2.062840777976124e-17,TGFBR3L,protein_coding,Up
ENSG00000188263,42.94043390439143,2.496904894611219,0.28754362528857424,8.683568944035413,3.835402700287003e-18,2.0759353285420415e-17,IL17REL,protein_coding,Up
ENSG00000185028,5.932207489101571,3.275638402341234,0.3772259091725474,8.683492630520561,3.837978040492255e-18,2.0769029535764573e-17,LRRC14B,protein_coding,Up
ENSG00000138152,44.36045327730431,2.194371675298672,0.25274583574618503,8.682127912494376,3.884322271654408e-18,2.1006886444529686e-17,BTBD16,protein_coding,Up
ENSG00000272398,13182.428677790258,1.453224459531107,0.16740635060664685,8.680820376675763,3.929242727090347e-18,2.1236755628893718e-17,CD24,protein_coding,Up
ENSG00000287097,25.205770749343046,2.8355684022946623,0.3266979741793233,8.679479600134373,3.975837712865228e-18,2.1484188624642635e-17,AL590550.1,lncRNA,Up
ENSG00000238840,12.230044530161756,3.6904210622376756,0.42521263252402874,8.679001468821909,3.992585447938963e-18,2.1570268031581735e-17,U8,snoRNA,Up
ENSG00000183032,83.14017480487807,1.865168347079314,0.21492130728295225,8.678378010346583,4.014528281819763e-18,2.1684373369845794e-17,SLC25A21,protein_coding,Up
ENSG00000149054,91.2950554637232,1.4546982600648477,0.1676573279033439,8.6766160373467,4.077187251142404e-18,2.2009299449872094e-17,ZNF215,protein_coding,Up
ENSG00000255100,13.8539893798172,1.9231620291638958,0.22166177560355826,8.676110366468723,4.095347455873123e-18,2.210280646978597e-17,AP003119.2,lncRNA,Up
ENSG00000211974,286.4336735032505,2.6120809472021613,0.3011133854765825,8.674742051297159,4.144889235328876e-18,2.2365608581056367e-17,IGHV2-70D,IG_V_gene,Up
ENSG00000236423,41.194104794101236,1.4514609136828516,0.16733098322101592,8.67419102991654,4.165006426088377e-18,2.2469562081822933e-17,LINC01134,lncRNA,Up
ENSG00000160972,1193.92020494075,1.0135914847955838,0.11686478232075768,8.673198757291898,4.201476587357472e-18,2.2657042455749806e-17,PPP1R16A,protein_coding,Up
ENSG00000111325,25.50642418987232,1.0769530152519786,0.1241839586282997,8.672239370911443,4.237037739112056e-18,2.2844139272211186e-17,OGFOD2,protein_coding,Up
ENSG00000272328,5.612565921325133,4.718365977386938,0.5442602153738451,8.66932001293895,4.347086126098846e-18,2.3423101991260024e-17,AC007128.2,lncRNA,Up
ENSG00000225857,7.406677663711798,2.869956199971479,0.3311072784973763,8.667753282246922,4.4073043594195615e-18,2.3742720318262273e-17,LINC02816,lncRNA,Up
ENSG00000286058,23.929605562979997,5.340369693452837,0.6161332722900132,8.66755608507234,4.4149418601427236e-18,2.3779006709959888e-17,AC018865.2,lncRNA,Up
ENSG00000237595,11.633949505235611,1.8119467783766372,0.20905151244197145,8.667465531394313,4.418453404977115e-18,2.3793060300029922e-17,LINC01275,lncRNA,Up
ENSG00000287750,31.85276663597478,2.002241295411132,0.23103677638540704,8.666331511097034,4.462663290028787e-18,2.4021316790785694e-17,AL353572.4,lncRNA,Up
ENSG00000224607,42.0551067425592,2.735254827053904,0.3156242589267007,8.666174255284757,4.468828298174064e-18,2.4049592290377563e-17,IGKV1D-27,IG_V_pseudogene,Up
ENSG00000132704,179.1305687538676,1.9213779312730406,0.22176599330478838,8.663988119370302,4.5554088005964195e-18,2.4500536420911192e-17,FCRL2,protein_coding,Up
ENSG00000163746,14.896358661026836,1.7171096313847212,0.19821670562865654,8.66278967728175,4.603572884927195e-18,2.4749483583186572e-17,PLSCR2,protein_coding,Up
ENSG00000102313,16.72469556479044,3.217450754464077,0.37143834898954053,8.66213939195244,4.6299171781299066e-18,2.4880969225042927e-17,ITIH6,protein_coding,Up
ENSG00000185761,175.5416665050387,1.5170207804406515,0.17531864119222493,8.652934851219511,5.0191679469402476e-18,2.6917929379868685e-17,ADAMTSL5,protein_coding,Up
ENSG00000163794,47.802954376643434,1.4370291210723685,0.16608561243089226,8.65233959787042,5.0454242945824666e-18,2.705324088006093e-17,UCN,protein_coding,Up
ENSG00000249700,104.97739822207342,1.5082809141013411,0.17434063673003536,8.651344530976436,5.089619331701856e-18,2.727911824735324e-17,SRD5A3-AS1,lncRNA,Up
ENSG00000180066,30.164829359662633,1.9817604572306524,0.22910173185092395,8.650133027017796,5.1439433608230766e-18,2.7559078916071624e-17,LINC02870,lncRNA,Up
ENSG00000157399,1381.5764230434315,2.0484157522135296,0.23684625162311684,8.648715097560778,5.208250835965471e-18,2.7892277527296805e-17,ARSL,protein_coding,Up
ENSG00000159261,16.850407936951388,1.8773507051839433,0.21713410750317233,8.646042424065115,5.331629950106123e-18,2.8529846141294334e-17,CLDN14,protein_coding,Up
ENSG00000272438,5.355856878951509,3.366542536577852,0.3894688909824799,8.643931812077115,5.431097436293235e-18,2.904442088725463e-17,AL645608.6,lncRNA,Up
ENSG00000154096,2878.701010083393,1.2855941842468936,0.14874883509248782,8.642717661940328,5.4891447220485516e-18,2.9342944723377313e-17,THY1,protein_coding,Up
ENSG00000228727,16.707137635386704,1.7885681263097248,0.20694928889636588,8.642542991318937,5.4975457803946896e-18,2.9381897492705304e-17,SAPCD1,protein_coding,Up
ENSG00000267048,11.442387737467206,1.5564676725726756,0.1801464865874608,8.640011260042051,5.620748137477199e-18,3.0022104189846817e-17,AC092143.3,lncRNA,Up
ENSG00000175772,94.47385922069118,1.2906259481604194,0.1494163241693076,8.637784093108706,5.731380134378614e-18,3.060062647166715e-17,LINC01106,lncRNA,Up
ENSG00000224585,18.481389941114863,2.748355107774875,0.3182762839002859,8.635123780180612,5.866348102814806e-18,3.130856091301891e-17,AC103563.1,unprocessed_pseudogene,Up
ENSG00000135750,1898.2755114124302,1.3686114770118285,0.15850129406798816,8.634702227886992,5.888021121939072e-18,3.141787069719412e-17,KCNK1,protein_coding,Up
ENSG00000166763,10.800505448847689,2.2344553360637467,0.2589114370300213,8.630191704527357,6.1249228774550475e-18,3.266212664883511e-17,STRCP1,transcribed_unprocessed_pseudogene,Up
ENSG00000246203,32.8902808167534,1.1186411985459987,0.12963877259815487,8.628909207691159,6.193983427053984e-18,3.3010376509986576e-17,AL353807.3,unprocessed_pseudogene,Up
ENSG00000235350,4.77474738056929,4.4342170253683015,0.5140369032161616,8.626262039991389,6.338969137691034e-18,3.377624088925289e-17,AL606490.8,unprocessed_pseudogene,Up
ENSG00000249852,12.861943518108106,2.044274764602926,0.23698451008137156,8.626195711698621,6.3426446381077826e-18,3.3788997799374185e-17,AC145676.1,TEC,Up
ENSG00000233680,127.03997826384582,2.1562638333639095,0.2500262055038972,8.62415133253022,6.456968820435144e-18,3.439108620377191e-17,HNRNPA1P27,processed_pseudogene,Up
ENSG00000253824,7.720402604533065,2.685307130632518,0.3113952414416853,8.623468740884382,6.495591261787123e-18,3.458981049542133e-17,AP003472.1,lncRNA,Up
ENSG00000141576,195.54862373859254,1.5767158264208503,0.18285004732121457,8.622999280120597,6.5222865756951e-18,3.4724953967510555e-17,RNF157,protein_coding,Up
ENSG00000162006,149.74973371129843,3.0202993157202767,0.3503144059649725,8.621681735869787,6.597786926011119e-18,3.510565803852164e-17,MSLNL,protein_coding,Up
ENSG00000243629,5.315867156926962,3.1771359368263057,0.3685464715148163,8.620719997039988,6.653442298035013e-18,3.539464865829802e-17,LINC00880,lncRNA,Up
ENSG00000231831,12.882692183189668,1.9067547886549194,0.2212139740093753,8.619504247837927,6.724460687360533e-18,3.576523362761139e-17,MTHFD1P1,processed_pseudogene,Up
ENSG00000285520,26.115278883556474,4.556063432897717,0.5286654155586481,8.618047064953664,6.810568912567686e-18,3.62013106680931e-17,AL353586.1,lncRNA,Up
ENSG00000217644,10.543040528563587,2.007768845845503,0.2329808469765971,8.617742067214579,6.828729183893762e-18,3.6290525711261285e-17,AL355864.1,processed_pseudogene,Up
ENSG00000286448,6.826497642168992,4.295668945207989,0.4984880524009914,8.617395992777952,6.849393147636321e-18,3.639300771774527e-17,AP006222.2,lncRNA,Up
ENSG00000224220,12.159260044791429,2.1244273065696997,0.24654667649792725,8.616734716306588,6.889049483472722e-18,3.658896976418443e-17,DTNB-AS1,lncRNA,Up
ENSG00000224417,14.81509473375294,4.652724976983351,0.5399844520289213,8.616405452974327,6.908879627269833e-18,3.668690208842237e-17,AL606970.1,lncRNA,Up
ENSG00000279368,23.482302278623518,1.4119662465671838,0.16388395115740345,8.61564684397346,6.954782146330603e-18,3.691578204483454e-17,AL031123.3,TEC,Up
ENSG00000244676,8.409963944282389,2.6524940064714384,0.30787271697091134,8.61555396193828,6.96042297039727e-18,3.693828813229544e-17,AL109761.1,lncRNA,Up
ENSG00000272031,85.70152890524524,1.5184018280899816,0.17624056570233348,8.615507003390634,6.963276530996866e-18,3.694599640289484e-17,ANKRD34A,protein_coding,Up
ENSG00000178776,55.10994602364375,2.0625516498838565,0.23940480025466318,8.615331220133635,6.973968721790996e-18,3.699528368409345e-17,C5orf46,protein_coding,Up
ENSG00000287052,16.48479889768892,2.9218668253007,0.33921590692757014,8.613590240402791,7.080744461959448e-18,3.753150381143129e-17,AC016240.1,lncRNA,Up
ENSG00000283631,28.261281797864317,3.836887495555837,0.4454559646153663,8.61339346722821,7.092913755666962e-18,3.758845171562255e-17,AL928596.1,lncRNA,Up
ENSG00000258760,8.242072558211227,2.025132878925251,0.23523429227899056,8.609003641881516,7.36983086766462e-18,3.899326644869904e-17,AL355076.2,lncRNA,Up
ENSG00000237361,61.636106936965184,3.997195820545046,0.4645928452010187,8.603653417898743,7.721791916562104e-18,4.081452251748701e-17,TUSC8,lncRNA,Up
ENSG00000253239,14.776163867274388,3.089253861076402,0.3590693897645213,8.603501019962584,7.732056605355678e-18,4.086058771206999e-17,IGLVI-70,IG_V_pseudogene,Up
ENSG00000254548,5.457370420229155,3.073446730104242,0.3573601867834011,8.600417292615429,7.942677039379108e-18,4.1940006713741906e-17,AC105219.1,lncRNA,Up
ENSG00000263325,11.602843654728318,2.1093420467384054,0.24525994459879522,8.600434327704594,7.941498119962334e-18,4.1940006713741906e-17,AC003965.2,lncRNA,Up
ENSG00000231298,19.910232424138037,3.365315936000631,0.3913030930301591,8.600279414968117,7.952225270123665e-18,4.1982018092724933e-17,MANCR,lncRNA,Up
ENSG00000129991,61.91719265605265,2.7859761259140385,0.323989168880176,8.598979205210414,8.04282569730911e-18,4.245182418695782e-17,TNNI3,protein_coding,Up
ENSG00000174469,295.9995346857215,2.676797964330093,0.3113884020073652,8.596331613747065,8.230474602992582e-18,4.3407523056182876e-17,CNTNAP2,protein_coding,Up
ENSG00000260051,28.934683288891,1.5644356302656632,0.18203021401191216,8.594373405303395,8.372036857279821e-18,4.411882732343503e-17,AL031600.1,lncRNA,Up
ENSG00000004777,423.30151388155804,1.3287734929800432,0.15461399389241842,8.594134719167876,8.389455363562184e-18,4.4201785801625335e-17,ARHGAP33,protein_coding,Up
ENSG00000267801,28.536892215792452,1.2640953003916438,0.14709454974965502,8.59376028916808,8.4168520886722e-18,4.4337273187831786e-17,AC087289.5,lncRNA,Up
ENSG00000246366,35.278586215958484,1.5166511826315434,0.17649874976559451,8.59298541573686,8.473829681117195e-18,4.4619586399972127e-17,LACTB2-AS1,lncRNA,Up
ENSG00000273004,16.373876408059747,1.1162775252444643,0.12994941326651063,8.590092846014729,8.689907512124776e-18,4.57390940308843e-17,AL078644.1,lncRNA,Up
ENSG00000070019,40.28001538734668,2.1980970883756186,0.25591784921708277,8.589072997839548,8.767380540698575e-18,4.61192549088812e-17,GUCY2C,protein_coding,Up
ENSG00000170442,127.80474542686397,1.6505610545279836,0.19233734917752943,8.581594066810696,9.3567325881606e-18,4.908236291024368e-17,KRT86,protein_coding,Up
ENSG00000156222,10.13523747305568,2.3170746368886803,0.2700752572553726,8.579366582617913,9.53969977281496e-18,5.001230278511541e-17,SLC28A1,protein_coding,Up
ENSG00000070748,26.750694666327725,4.720658808711893,0.5505440812191935,8.574533756239605,9.94890029137177e-18,5.2116110584718624e-17,CHAT,protein_coding,Up
ENSG00000280537,13.199601510029664,1.6874788895265025,0.1968145288579424,8.573954876799254,9.999061775839631e-18,5.2347678981316477e-17,AC068946.1,protein_coding,Up
ENSG00000170454,13.94331426137129,5.235210984212233,0.6107075562728084,8.572369754458416,1.0137698006527264e-17,5.305241048464456e-17,KRT75,protein_coding,Up
ENSG00000241359,41.03051301905887,2.027413694921438,0.23650844723759962,8.572267581143393,1.0146698972850667e-17,5.308897855437938e-17,SYNPR-AS1,lncRNA,Up
ENSG00000197140,42.84753230730459,1.6044518704394906,0.18719758930227912,8.57090027932297,1.0267913236522445e-17,5.371253164989027e-17,ADAM32,protein_coding,Up
ENSG00000211668,3101.3140468967586,1.9978288856334936,0.23314975190778486,8.568865586542303,1.045094339052142e-17,5.4648300061084645e-17,IGLV2-11,IG_V_gene,Up
ENSG00000260386,6.471669843121884,4.227664983952389,0.4934300233823272,8.567911929989398,1.0537833866542165e-17,5.509172860045934e-17,LDC1P,transcribed_unitary_pseudogene,Up
ENSG00000104833,76.59274262474403,2.3460098760391994,0.2739291421306957,8.564294612071187,1.0873947736661876e-17,5.678138649817301e-17,TUBB4A,protein_coding,Up
ENSG00000135245,1064.7953774358568,1.5538371004281377,0.18148617292986413,8.561738204863808,1.1117842747118037e-17,5.800900539008758e-17,HILPDA,protein_coding,Up
ENSG00000264808,6.80135443031179,2.0201961677611413,0.23600701936653107,8.559898655487329,1.129667800837881e-17,5.890713843799668e-17,AC068025.1,lncRNA,Up
ENSG00000224373,2896.3891452579896,2.0843158468947145,0.24350633683842066,8.559595918350858,1.1326379979248806e-17,5.905034401992704e-17,IGHV4-59,IG_V_gene,Up
ENSG00000156689,41.18797565668375,3.5905641803518242,0.41963803171441455,8.55633643519563,1.1651095149711943e-17,6.071924488100868e-17,GLYATL2,protein_coding,Up
ENSG00000257681,9.65643365965348,1.7535133661997861,0.20495594657990296,8.555562282825356,1.1729557652828308e-17,6.111607099487897e-17,AC025265.1,lncRNA,Up
ENSG00000232023,14.76971436935075,4.304284192046491,0.503368305880078,8.550963860390407,1.2206484255386013e-17,6.35885005560113e-17,LINC01807,lncRNA,Up
ENSG00000262585,9.216970169095545,2.4406041569403087,0.2855051878059592,8.548370611741884,1.2483830579703838e-17,6.50204646231069e-17,LINC01979,lncRNA,Up
ENSG00000151006,34.61619173503013,1.428448543105001,0.16723613828275238,8.541506385957499,1.324832748866206e-17,6.893417440331857e-17,PRSS53,protein_coding,Up
ENSG00000257654,29.38177017198441,4.535577278547758,0.5310566872011212,8.54066503230012,1.3345154569001303e-17,6.941059684113696e-17,AC125603.1,lncRNA,Up
ENSG00000048462,173.93354488828223,1.819695129250832,0.21306196190355794,8.540685127430269,1.3342833803385354e-17,6.941059684113696e-17,TNFRSF17,protein_coding,Up
ENSG00000267260,13.539655951548465,2.6967380677604718,0.3157548502219167,8.540606948286523,1.3351864871057458e-17,6.943180371717318e-17,AC020928.1,lncRNA,Up
ENSG00000258346,31.98387498333266,3.685767854524426,0.4317322027691186,8.537162229002172,1.3755835947773989e-17,7.143390979574638e-17,AC079384.1,lncRNA,Up
ENSG00000273899,131.1017617574936,1.0549936508572375,0.12359272552774743,8.536049725842352,1.388886077692971e-17,7.209631076528277e-17,NOL12,protein_coding,Up
ENSG00000262188,10.236680000061552,2.150821388014997,0.2520446150167267,8.533494706372757,1.4199195453216147e-17,7.369273452102142e-17,LINC01978,lncRNA,Up
ENSG00000275560,30.0308737912932,1.2007257289652,0.1407423795821674,8.531372942036974,1.4462099279037422e-17,7.496865696642752e-17,AC008115.3,lncRNA,Up
ENSG00000128203,217.73020890024205,1.3125662897833286,0.15385491699774675,8.531194942587057,1.448437200201238e-17,7.506935725099577e-17,ASPHD2,protein_coding,Up
ENSG00000270187,11.870917028811634,2.7949695892744795,0.3276410900992259,8.530583231877372,1.45611725155007e-17,7.54377444467099e-17,IGKV1OR2-11,IG_V_pseudogene,Up
ENSG00000140511,843.6562727603881,1.1607984209822209,0.1360951330949052,8.52931618188539,1.472153158384934e-17,7.625354308900159e-17,HAPLN3,protein_coding,Up
ENSG00000153292,3572.948739389835,2.3418554524400443,0.27470911080244975,8.5248554210644,1.5300080432051344e-17,7.920359658288064e-17,ADGRF1,protein_coding,Up
ENSG00000284651,4.042765165695918,3.203808497613822,0.3759279514457602,8.522400330415643,1.5628012316975387e-17,8.088531595655368e-17,AP000553.6,unitary_pseudogene,Up
ENSG00000127824,4278.5500843710915,1.056940872658247,0.12402069727442648,8.522294228998758,1.5642339790186185e-17,8.094358325494696e-17,TUBA4A,protein_coding,Up
ENSG00000139263,2948.6793027175486,1.4043524691952853,0.16483005048772992,8.520002663590924,1.5954965211233968e-17,8.254511136359422e-17,LRIG3,protein_coding,Up
ENSG00000106013,15.401880618194475,2.145212110648957,0.25184362906203406,8.518032076644467,1.6228726047924012e-17,8.392851654907948e-17,ANKRD7,protein_coding,Up
ENSG00000281179,8.405604331980395,3.721034688006917,0.4369482552672633,8.515961885992457,1.6521316837892536e-17,8.539143963450141e-17,AC135068.9,IG_V_gene,Up
ENSG00000271119,42.40170972563047,1.506014710563427,0.17685119361018833,8.515716969843883,1.6556274600189652e-17,8.555535199039801e-17,AC026412.3,lncRNA,Up
ENSG00000141485,29.474211445690475,2.8669369745423943,0.33666815332010286,8.515616776548868,1.6570596576964613e-17,8.561258458749155e-17,SLC13A5,protein_coding,Up
ENSG00000254632,29.666465352447094,3.4180874969864155,0.40142756862121803,8.514829982221974,1.6683489429638757e-17,8.617896498718394e-17,AP003119.1,lncRNA,Up
ENSG00000231290,22.523255328834694,2.563986134758229,0.30112719308800556,8.514628348456375,1.6712542721504447e-17,8.62952323411146e-17,APCDD1L-DT,lncRNA,Up
ENSG00000132016,114.93695349112265,1.3304279031726254,0.15627947128679442,8.513132865231585,1.6929589927898682e-17,8.739884228635243e-17,C19orf57,protein_coding,Up
ENSG00000138675,8.898449018990647,3.9455617153283256,0.4635891659631885,8.51090147270962,1.7258624505003282e-17,8.906260825771753e-17,FGF5,protein_coding,Up
ENSG00000279259,34.732282867754684,1.0686688526979393,0.1255766098229986,8.510094787590125,1.7379122266139796e-17,8.966688596323742e-17,AC087741.3,TEC,Up
ENSG00000283033,3.8527506161912317,3.298013538439894,0.38766150814766603,8.50745681251292,1.777899239741398e-17,9.169411881865962e-17,AC022596.2,lncRNA,Up
ENSG00000213462,1505.9874205131707,1.5149485005449317,0.17809226562920666,8.50653730072197,1.7920496818790702e-17,9.23877812534723e-17,ERV3-1,protein_coding,Up
ENSG00000172382,130.57575560460666,1.3892579137816246,0.16332090798804155,8.506307801591127,1.795598756994864e-17,9.25526568060097e-17,PRSS27,protein_coding,Up
ENSG00000243238,765.0376454415842,2.0319797858723736,0.23889729410602611,8.505662625758127,1.8056132350165215e-17,9.305065664918053e-17,IGKV2-30,IG_V_gene,Up
ENSG00000188763,90.07979781153301,2.5153887214515174,0.29577583152105436,8.504375453923668,1.8257577723987315e-17,9.407040339615973e-17,FZD9,protein_coding,Up
ENSG00000253741,25.00993799634809,1.6676101032877486,0.19611293437784522,8.503315238120967,1.8425168190102708e-17,9.491535166497527e-17,LNCOC1,lncRNA,Up
ENSG00000258919,18.16818980793542,2.038623725354433,0.23977350270259085,8.502289462247594,1.8588759093486277e-17,9.57019869768124e-17,AL049836.1,lncRNA,Up
ENSG00000224934,91.99156224449729,1.0832121799028096,0.12740416130256652,8.502172682808506,1.8607473722105346e-17,9.577963733201601e-17,AL391684.1,lncRNA,Up
ENSG00000234685,6.167351814062696,3.5309285754495363,0.4154168176482786,8.499724675179309,1.900408964979201e-17,9.780207729606075e-17,NUS1P2,processed_pseudogene,Up
ENSG00000226174,24.48367524894325,1.3862535248406784,0.1631432191767117,8.497156865215043,1.9429079594075907e-17,9.989175841212355e-17,TEX22,protein_coding,Up
ENSG00000255026,550.0661791856738,2.1185130593036052,0.24932426641198774,8.497019122089535,1.945214014611609e-17,9.999082566336868e-17,AC136475.3,lncRNA,Up
ENSG00000225762,14.871902546678818,1.509738459536762,0.1776859119722131,8.496669447676068,1.9510802986206415e-17,1.0027282688486905e-16,LINC01389,lncRNA,Up
ENSG00000131037,1859.8816475995166,1.2920518820379883,0.15206941816645805,8.496461008509177,1.9545854614428966e-17,1.004333955928472e-16,EPS8L1,protein_coding,Up
ENSG00000221978,5681.694902606141,1.0194560462777036,0.11999378082858757,8.495907364849248,1.9639258631263816e-17,1.0089367818165339e-16,CCNL2,protein_coding,Up
ENSG00000182240,5014.229153878532,1.4544737175118616,0.17120747026800595,8.495387001718132,1.9727449392603344e-17,1.0130727175909448e-16,BACE2,protein_coding,Up
ENSG00000272465,12.956837054318697,1.5790175455583455,0.18592498598959606,8.492766785238341,2.0177493897881767e-17,1.035176097445802e-16,AL031768.1,lncRNA,Up
ENSG00000170369,112.81794774209524,2.277641678151315,0.2681903173568718,8.49263202563922,2.0200911920992146e-17,1.0361759333914858e-16,CST2,protein_coding,Up
ENSG00000118402,102.33579402099558,1.9822134360483923,0.23345475616871303,8.490781976683682,2.0525130743721455e-17,1.0521922583824549e-16,ELOVL4,protein_coding,Up
ENSG00000201134,5.277296961054597,2.2419289701523875,0.264325336629819,8.481702884548493,2.2192167824345656e-17,1.1345627482124757e-16,Y_RNA,misc_RNA,Up
ENSG00000261061,157.7538653933035,1.0210598494456011,0.12042456172167093,8.478833842929046,2.274622446787518e-17,1.16266318902475e-16,AC092718.4,lncRNA,Up
ENSG00000174672,98.69547641164,2.0254444162816414,0.2390638897024158,8.472397980317703,2.4039218691747587e-17,1.2275642852466767e-16,BRSK2,protein_coding,Up
ENSG00000070087,4012.498750279846,1.4652085244438757,0.1729642053176294,8.471166168475056,2.4294836953337457e-17,1.2403772516156994e-16,PFN2,protein_coding,Up
ENSG00000230257,45.15836816781806,3.2071090703784955,0.3786907381425484,8.46893981645588,2.4763657686744036e-17,1.2638235982183864e-16,NFE4,lncRNA,Up
ENSG00000204869,10.855938252675214,2.497502697095984,0.2949320889643071,8.468060243516716,2.4951326248228097e-17,1.273154940336252e-16,IGFL4,protein_coding,Up
ENSG00000100346,90.21364532442148,2.0786000194925376,0.24549274607432872,8.467052704128344,2.516802282301901e-17,1.2839635555097915e-16,CACNA1I,protein_coding,Up
ENSG00000163424,6.440578821813098,3.9730489477554696,0.46942903977964356,8.463577263180126,2.5929848957541e-17,1.32257276017477e-16,TEX55,protein_coding,Up
ENSG00000180999,5.600177237624599,3.253609121824119,0.38444837762029893,8.46305853067626,2.604549096370864e-17,1.3282142655443762e-16,C1orf105,protein_coding,Up
ENSG00000167419,17.6462986610083,2.314076504931221,0.2734464108343447,8.462632578977606,2.6140829499328805e-17,1.3328183950063816e-16,LPO,protein_coding,Up
ENSG00000187608,4310.739983011739,1.557717459291376,0.1840710844060365,8.462586420446446,2.615118157530825e-17,1.333088455714051e-16,ISG15,protein_coding,Up
ENSG00000276434,6.862173750417882,2.268771732865247,0.26812210123326385,8.46171099819718,2.6348281976201462e-17,1.342876296313167e-16,AL136221.1,lncRNA,Up
ENSG00000273274,21.97166580533464,2.5726588387578624,0.30404706279160015,8.461383626393436,2.642236529858407e-17,1.3461317096670437e-16,ZBTB8B,protein_coding,Up
ENSG00000253883,26.52970399200599,2.1615309517715793,0.2554629524215699,8.461230606168597,2.6457063788033078e-17,1.3476391193556737e-16,IGHV3-19,IG_V_pseudogene,Up
ENSG00000260751,36.92463091519546,1.1624304789810789,0.13739160534076578,8.460709634318333,2.6575535493874882e-17,1.353412265302203e-16,AC008870.2,lncRNA,Up
ENSG00000215262,25.1100105059258,6.278893958479689,0.7425008596670469,8.456413048862027,2.7572769275654942e-17,1.4036562274112372e-16,KCNU1,protein_coding,Up
ENSG00000269399,44.310777056860616,1.0773482060196007,0.12742229400897748,8.454942790024614,2.792242205304617e-17,1.4206333581686813e-16,AC008764.6,lncRNA,Up
ENSG00000287580,13.131857518065942,1.7212705262422041,0.2036167419095677,8.453482312405686,2.827407866755147e-17,1.437970018251364e-16,AC073349.4,lncRNA,Up
ENSG00000146530,191.33205846793902,2.051724747375888,0.2427253097693049,8.452866943813659,2.84235533353321e-17,1.445293292427126e-16,VWDE,protein_coding,Up
ENSG00000159231,132.4471136163521,1.7698830866797146,0.20938398807700195,8.45281008798453,2.843740304561239e-17,1.445718755181798e-16,CBR3,protein_coding,Up
ENSG00000274038,9.971734512330436,1.7380872765796314,0.20562669730897892,8.452634309288865,2.848026371646626e-17,1.4473396689212088e-16,AC007014.2,lncRNA,Up
ENSG00000238260,16.608175885732773,1.5579205091681947,0.18437834438266018,8.449585087578805,2.923398783934121e-17,1.4847847829804076e-16,AL513320.1,lncRNA,Up
ENSG00000171903,610.9335571809794,2.993889617971285,0.35445795562211235,8.446388550418293,3.004525524207479e-17,1.5251075663782717e-16,CYP4F11,protein_coding,Up
ENSG00000232615,13.315516750738656,2.0638714492777606,0.24440085942317796,8.444616169308084,3.0504607964552427e-17,1.5481264665612922e-16,AC026412.2,processed_pseudogene,Up
ENSG00000135722,289.2836238681336,1.0309115902688886,0.12210812868731293,8.442612308872446,3.103230214429954e-17,1.573998475755297e-16,FBXL8,protein_coding,Up
ENSG00000227646,4.728789032267539,3.3075634799784135,0.391891787138267,8.439991825629766,3.1735985778620536e-17,1.6084527099408487e-16,STEAP2-AS1,lncRNA,Up
ENSG00000274750,154.40919309111982,1.8361445089129105,0.21764338476530926,8.436482050179814,3.2703187525644345e-17,1.6558814421106786e-16,H3C6,protein_coding,Up
ENSG00000286355,13.394971563412817,3.7146121737372835,0.44032762016645305,8.436019008603372,3.283294161254195e-17,1.6621322140962394e-16,AL355834.2,lncRNA,Up
ENSG00000026036,109.81822276363043,1.3694829587654356,0.1623482735415871,8.435463641777682,3.2989237188744665e-17,1.669723962892892e-16,RTEL1-TNFRSF6B,protein_coding,Up
ENSG00000236144,218.50091895479162,1.0158820559084571,0.1205152087454024,8.42949256350363,3.4716733669275207e-17,1.75547510423545e-16,TMEM147-AS1,lncRNA,Up
ENSG00000287879,23.02351469708129,2.3694220840743645,0.28109138102936426,8.429365836111646,3.4754347996890595e-17,1.757040177680224e-16,AC114341.2,lncRNA,Up
ENSG00000280055,6.169585916228233,2.8810423136050325,0.34180546310911386,8.42889486726935,3.4894490304095615e-17,1.7634490404733642e-16,TMEM75,lncRNA,Up
ENSG00000196172,304.1597208466688,1.0641336705448863,0.1262718202607357,8.427325022697715,3.536565396339366e-17,1.7862330875592625e-16,ZNF681,protein_coding,Up
ENSG00000146267,525.5854806632523,1.2932825695720922,0.1534760833785476,8.426606550691163,3.558337990142351e-17,1.7968857296065451e-16,FAXC,protein_coding,Up
ENSG00000258667,63.15241844346566,1.8122938401592597,0.2150865551758831,8.425881565108938,3.5804419945879405e-17,1.8077016158775415e-16,HIF1A-AS3,lncRNA,Up
ENSG00000157343,23.029566041695862,1.4579083726419044,0.17304590087167213,8.424980686038118,3.608097602413181e-17,1.821315730774035e-16,ARMC12,protein_coding,Up
ENSG00000181798,20.264679675835982,1.1514979134709824,0.13668752957525798,8.424308472390571,3.628870711992055e-17,1.8314511134015408e-16,LINC00471,lncRNA,Up
ENSG00000267506,42.41675380218721,3.2337895739968694,0.3838721366188155,8.424132062515437,3.634341740392826e-17,1.8338613029881135e-16,AC021683.2,lncRNA,Up
ENSG00000266967,63.16984301848751,1.1793907867256503,0.14002554688244287,8.422682953102814,3.679592230319664e-17,1.8559840687362192e-16,AARSD1,protein_coding,Up
ENSG00000250230,18.814769999003744,2.444528594659091,0.2902879294525336,8.421048023833894,3.7313126881686755e-17,1.8809924600842666e-16,AP002754.1,lncRNA,Up
ENSG00000260604,73.3926571222931,2.2672511690301733,0.26931517450719644,8.418579358474245,3.81076995425694e-17,1.9195798222302868e-16,AL590004.3,lncRNA,Up
ENSG00000231327,36.009017262983775,1.4875194454253515,0.1766977839533442,8.418438602592325,3.815350326796292e-17,1.921520017525176e-16,LINC01816,lncRNA,Up
ENSG00000211938,2807.444640092732,1.929779006991829,0.22924795978758558,8.417867748004848,3.83398239085777e-17,1.9301663926483273e-16,IGHV3-7,IG_V_gene,Up
ENSG00000143556,42.49060017809185,4.293749182923756,0.5101019957412294,8.417432628712827,3.848244458231324e-17,1.9369766437022337e-16,S100A7,protein_coding,Up
ENSG00000275880,30.994287654685497,1.9108766630538954,0.2270728057411307,8.415259840636082,3.920249645746414e-17,1.972090483753013e-16,AL139385.1,lncRNA,Up
ENSG00000211652,505.5956569016496,2.07916691479618,0.24709827723833755,8.414331892693566,3.9514049138015915e-17,1.9873840850075904e-16,IGLV7-43,IG_V_gene,Up
ENSG00000173531,224.51254237489934,1.3247435434208865,0.15745509840545968,8.413468708454038,3.980604984709475e-17,2.001688662219467e-16,MST1,protein_coding,Up
ENSG00000237732,10.834808610253305,1.979691083656489,0.2354601476232544,8.407754363698409,4.179352756482711e-17,2.0988294075118852e-16,CT75,transcribed_unprocessed_pseudogene,Up
ENSG00000249406,7.5294565291877,2.3757685408637603,0.2826237189405235,8.406118742509815,4.238020763624573e-17,2.1270766565812711e-16,AC015909.1,lncRNA,Up
ENSG00000204362,6.307652084413292,4.254138594658732,0.5061636321909988,8.404670592875489,4.290641916339788e-17,2.1522584617439647e-16,LINC02783,lncRNA,Up
ENSG00000211639,303.83315748356597,2.5273906125019963,0.30072017041958277,8.404459896972092,4.298351448281493e-17,2.155715627447375e-16,IGLV4-60,IG_V_gene,Up
ENSG00000229162,6.571479157174655,2.245591545219836,0.2671985929855793,8.404204229252924,4.3077248873138375e-17,2.1595951573852833e-16,RUNX3-AS1,lncRNA,Up
ENSG00000231331,21.973311355092545,2.5008651338629795,0.2975725290340126,8.404220449990294,4.307129594616697e-17,2.1595951573852833e-16,AC103563.3,unprocessed_pseudogene,Up
ENSG00000184305,196.162079227258,1.3803903668017252,0.16425558093267464,8.403917595759026,4.3182575867710035e-17,2.164464028951746e-16,CCSER1,protein_coding,Up
ENSG00000279863,72.35692521286127,1.0786401742123037,0.1283696815461481,8.402608475931595,4.366686663802485e-17,2.1879066563646504e-16,AC069547.1,TEC,Up
ENSG00000259831,12.606431626629082,3.33632171029647,0.39711067514098486,8.40149086677659,4.408454694491096e-17,2.2079952572408396e-16,LINC00567,lncRNA,Up
ENSG00000176358,48.18535416337776,2.2210604409771824,0.26444733579559704,8.398876223483445,4.5077165067210465e-17,2.2559970446428925e-16,TAC4,protein_coding,Up
ENSG00000115297,9.48922028188604,2.7016175018402224,0.32170354314874433,8.397848141172291,4.547347435798101e-17,2.27496778376012e-16,TLX2,protein_coding,Up
ENSG00000240541,35.89617111443374,1.8016750351153745,0.21456469827922534,8.39688471386263,4.584797866841481e-17,2.2932685840024633e-16,TM4SF1-AS1,lncRNA,Up
ENSG00000158014,35.94355791607233,2.4546365550586167,0.2924243403464349,8.39409110797894,4.695119758941717e-17,2.347114844422618e-16,SLC30A2,protein_coding,Up
ENSG00000238042,111.28271604374498,2.1316650375524264,0.2539640506499957,8.393570003693995,4.715986472149926e-17,2.35709937965492e-16,LINC02257,lncRNA,Up
ENSG00000264175,16.89125523843491,2.6577844679230127,0.31668859573992447,8.392422410138431,4.762262939332989e-17,2.379777784919669e-16,MIR3189,miRNA,Up
ENSG00000246339,27.05066395150951,1.5839305195966975,0.1888223321298182,8.388470271131498,4.925085732216977e-17,2.4602104708952773e-16,EXTL3-AS1,lncRNA,Up
ENSG00000273723,29.400660859410323,1.2885923047587768,0.1536317182852471,8.387540796531711,4.964169354359453e-17,2.479264126410204e-16,SUGT1-DT,lncRNA,Up
ENSG00000251985,6.877656967731586,2.4733141575132986,0.2950577398993132,8.382475099135862,5.182616045388932e-17,2.5868935286183254e-16,RNU6-1161P,snRNA,Up
ENSG00000139219,98.78344080639596,3.37396581018808,0.40253629074555375,8.381768023794876,5.213851620745307e-17,2.6010077041062e-16,COL2A1,protein_coding,Up
ENSG00000125285,205.89354120998928,2.6854888296808634,0.3204002189090485,8.381669771715071,5.2182066466374515e-17,2.6026878999778627e-16,SOX21,protein_coding,Up
ENSG00000103253,303.3756802452526,1.3174812438172145,0.1572191522150569,8.379902990540609,5.297134437595099e-17,2.640556429477935e-16,HAGHL,protein_coding,Up
ENSG00000183091,302.61046872225575,1.9433111754179269,0.2319383990613648,8.378565960972155,5.357645463635951e-17,2.6702156657735786e-16,NEB,protein_coding,Up
ENSG00000229921,55.512173639245894,3.4207253774483575,0.40842119583986075,8.37548445646685,5.4997161715764395e-17,2.740504826993022e-16,KIF25-AS1,lncRNA,Up
ENSG00000268621,13.694995541302072,3.2236642569112264,0.38494576818595627,8.374333538208859,5.553726148984353e-17,2.765327767158561e-16,IGFL2-AS1,lncRNA,Up
ENSG00000112559,1141.2194087640719,1.4619573442182354,0.17470771437932692,8.36801826073931,5.85953148372712e-17,2.915393306148758e-16,MDFI,protein_coding,Up
ENSG00000259723,8.838931701287795,3.425897821696377,0.4094107391302978,8.36787483634146,5.866665992071225e-17,2.918392420504022e-16,AL354993.2,lncRNA,Up
ENSG00000081051,13.734661427156974,4.528226394284535,0.5414231767949154,8.363562160545952,6.085244277683288e-17,3.0242723634095046e-16,AFP,protein_coding,Up
ENSG00000125823,7.495829274919694,4.457344427196576,0.5329983087674558,8.362774053643932,6.126046848222508e-17,3.0436769856400467e-16,CSTL1,protein_coding,Up
ENSG00000218416,79.69773696091397,2.0493395819954063,0.24509985720949454,8.361243475730674,6.206061682882635e-17,3.081993344211207e-16,AC110619.1,lncRNA,Up
ENSG00000187045,613.8653773832456,2.3496082282097714,0.28105316125888274,8.360013520878026,6.271106894499466e-17,3.1125369623179166e-16,TMPRSS6,protein_coding,Up
ENSG00000135747,4.75125742481428,3.3994087538051,0.40667258297495773,8.359080243219717,6.320910788136275e-17,3.1354856561917525e-16,ZNF670-ZNF695,protein_coding,Up
ENSG00000283511,16.484886635208674,1.669892599808567,0.19986862274579792,8.354951251815113,6.54597397461459e-17,3.2452967420678086e-16,AC137936.2,transcribed_unitary_pseudogene,Up
ENSG00000170485,865.855792141917,1.2439488864542918,0.1488895542495338,8.354843244204199,6.551966108957757e-17,3.247656885210828e-16,NPAS2,protein_coding,Up
ENSG00000261834,9.55222228359412,2.3514043067600934,0.2814453222127012,8.354746450477613,6.55734070646983e-17,3.249710100161801e-16,IGHV3OR16-15,IG_V_pseudogene,Up
ENSG00000140519,58.848162889224845,2.92344649054314,0.3499164460568666,8.3546987387613,6.559991561211495e-17,3.2504129550760455e-16,RHCG,protein_coding,Up
ENSG00000268218,88.10825554564354,1.188517178194341,0.14231928319663714,8.351062143505965,6.765181312175605e-17,3.3476793244899737e-16,AC137932.3,lncRNA,Up
ENSG00000231793,40.07954448924019,1.581396271354142,0.18938033827369186,8.350371985653089,6.804831033148285e-17,3.3666678113343396e-16,DOC2GP,transcribed_unitary_pseudogene,Up
ENSG00000287080,4.606598894903282,3.863859680883618,0.46289717540297076,8.347123046322267,6.994583702640992e-17,3.4586006420146815e-16,H3C3,protein_coding,Up
ENSG00000287442,11.459848814302388,4.451411590307161,0.5332928230471401,8.347030745459106,7.000050030754837e-17,3.460654655249439e-16,AC079460.2,lncRNA,Up
ENSG00000249087,56.7435960355951,1.0984602228761349,0.1316046257165087,8.346668795991587,7.021526424920797e-17,3.4706214025334847e-16,ZNF436-AS1,lncRNA,Up
ENSG00000275092,6.481768570375685,2.1432935306200096,0.25697307448340995,8.340537369250255,7.395368697627394e-17,3.65335092837082e-16,AL031710.2,lncRNA,Up
ENSG00000181333,40.80508846003043,2.218337731182065,0.2660318149352923,8.338618190165104,7.516367967465532e-17,3.7124297303252687e-16,HEPHL1,protein_coding,Up
ENSG00000133477,436.0789726898554,2.2714433592978303,0.27243580808254597,8.337536006315293,7.585455535817533e-17,3.745789056363806e-16,FAM83F,protein_coding,Up
ENSG00000251144,4.515152986037156,3.950780199489973,0.4738683971748224,8.337294115928199,7.600983458137142e-17,3.752114073213711e-16,AC113346.1,lncRNA,Up
ENSG00000232298,4.458548811880068,2.5988731210791873,0.3118574425122662,8.333529256647342,7.84674510867128e-17,3.871981072523609e-16,GRHL3-AS1,lncRNA,Up
ENSG00000135097,198.12997835432563,2.363460945593994,0.28364138519001386,8.332567350884606,7.910782814117964e-17,3.9028501928585727e-16,MSI1,protein_coding,Up
ENSG00000160117,55.59617794230909,1.5454111723022552,0.18547792684153994,8.332048986198515,7.945505735566481e-17,3.9192477786548467e-16,ANKLE1,protein_coding,Up
ENSG00000132837,148.2011766639634,1.795331080154857,0.21547636270775025,8.331916585160933,7.954398757430872e-17,3.922900602832468e-16,DMGDH,protein_coding,Up
ENSG00000271275,4.810746757774926,4.145500989116007,0.4976199036379473,8.330657513514861,8.039459231083595e-17,3.9633677308594955e-16,AC007326.1,processed_pseudogene,Up
ENSG00000228784,66.54918929696234,1.6401276304977541,0.19697012110006193,8.32678388649901,8.30681894744787e-17,4.0936426022089395e-16,LINC00954,lncRNA,Up
ENSG00000286545,47.39002682856126,1.4108893899037085,0.16944812407765691,8.326379519298232,8.33522898067052e-17,4.1061085040217e-16,AC092645.2,lncRNA,Up
ENSG00000287516,8.156562438725413,3.434474115712364,0.41274128413442207,8.321130567093503,8.712820541160145e-17,4.2911031334366423e-16,AL359764.2,lncRNA,Up
ENSG00000229228,14.448644697399443,1.9594283677354107,0.2355896071671178,8.31712566312601,9.012218638054988e-17,4.4288521335354095e-16,LINC00582,lncRNA,Up
ENSG00000188338,58.162780681053974,2.4459883518155547,0.2941282408562386,8.316060860715117,9.09351375549689e-17,4.467970145937265e-16,SLC38A3,protein_coding,Up
ENSG00000228526,507.2121804863485,1.238051708659611,0.14890614012688178,8.314309319982888,9.22881560631213e-17,4.531915596619196e-16,MIR34AHG,lncRNA,Up
ENSG00000185156,238.7794727401934,1.995459018187606,0.2400040625888632,8.314271836330992,9.231732709114414e-17,4.532504031639305e-16,MFSD6L,protein_coding,Up
ENSG00000165376,2208.5374713633796,2.9336864341972304,0.352858396426238,8.314061572318266,9.248113019473203e-17,4.537278350045159e-16,CLDN2,protein_coding,Up
ENSG00000235304,12.570694351603997,1.9279250448125604,0.23188735149965153,8.314058668333438,9.248339450698797e-17,4.537278350045159e-16,LINC01281,lncRNA,Up
ENSG00000286733,26.05888781669286,2.487890062116345,0.29924645246257636,8.313849810558672,9.264638976934327e-17,4.544429498172586e-16,LINC02348,lncRNA,Up
ENSG00000273374,10.386823782916174,1.6788544779091474,0.20194680353587363,8.313350092767957,9.303752649989688e-17,4.562766549753172e-16,AC069222.1,lncRNA,Up
ENSG00000280157,29.183694818968902,1.5008229468207208,0.18057870674673604,8.311184490459578,9.475148071934821e-17,4.644231499199279e-16,AL359510.2,TEC,Up
ENSG00000171747,1663.031202419934,3.2962596073748274,0.39660820046413325,8.311123177779377,9.480045683296767e-17,4.64576853128667e-16,LGALS4,protein_coding,Up
ENSG00000155918,8.742797949798073,3.875688798589063,0.466421244397482,8.309417388557497,9.617308201082234e-17,4.712159369426579e-16,RAET1L,protein_coding,Up
ENSG00000225523,109.4487939961027,2.6225114131059106,0.31575049821483875,8.305644576755462,9.927900343543989e-17,4.855317731069269e-16,IGKV6D-21,IG_V_gene,Up
ENSG00000130005,600.2616029840104,1.1755787077387696,0.14156734553733963,8.304024514104492,1.0064286339312243e-16,4.916547439193477e-16,GAMT,protein_coding,Up
ENSG00000242731,4.935388296344427,2.914524150580322,0.35098596583820557,8.303819623157906,1.0081666286426174e-16,4.924125578311877e-16,FAM86LP,unprocessed_pseudogene,Up
ENSG00000170819,15.341139850000177,1.852746444516078,0.22314429599451321,8.30290748082413,1.0159398923761436e-16,4.960254575441383e-16,BFSP2,protein_coding,Up
ENSG00000254166,132.12705877785558,2.5694420273348193,0.3095406237616188,8.300823317179782,1.0339235875115273e-16,5.046190080081247e-16,CASC19,lncRNA,Up
ENSG00000251273,22.52260191218017,4.09552453850372,0.4934761477125171,8.299336366080327,1.04694560376094e-16,5.106910020565296e-16,LINC02228,lncRNA,Up
ENSG00000188185,243.9375075420447,1.0190145320714894,0.12278307384673541,8.299307878083257,1.0471966605431927e-16,5.107189927598297e-16,LINC00265,lncRNA,Up
ENSG00000207181,5.063790506388772,2.494579637081664,0.30058531882304523,8.299073443936978,1.0492649189838866e-16,5.116330605326384e-16,SNORA14B,snoRNA,Up
ENSG00000198353,110.08029009340729,1.7100030416837746,0.20605562813824974,8.298744650335275,1.0521724366432823e-16,5.1295594664972e-16,HOXC4,protein_coding,Up
ENSG00000283597,17.339177208420306,3.8650993961932625,0.4658713667501672,8.296494852550145,1.0722816485519983e-16,5.2266297730713855e-16,FAM169B,transcribed_unitary_pseudogene,Up
ENSG00000131941,1724.2882721830777,1.2201269770444654,0.147072431793564,8.296095754757616,1.0758882427970996e-16,5.241302967404307e-16,RHPN2,protein_coding,Up
ENSG00000170498,41.53061935933014,2.022365440546353,0.24377292362499736,8.296103646266365,1.0758168124824202e-16,5.241302967404307e-16,KISS1,protein_coding,Up
ENSG00000244791,7.63469906196925,3.1443185771944417,0.3790539038286215,8.295175291522805,1.0842520183258044e-16,5.279122179330034e-16,AC087667.1,lncRNA,Up
ENSG00000284630,5.4120525960161325,2.234536306537538,0.26938480376613444,8.294960499989612,1.0862129255462199e-16,5.286717395100373e-16,AP000553.5,transcribed_unitary_pseudogene,Up
ENSG00000257954,5.5469398568195185,2.0998780180483063,0.25318707434569976,8.293780492052877,1.0970481708048754e-16,5.337483443565417e-16,AC125611.2,processed_pseudogene,Up
ENSG00000227214,20.150267672130706,1.3817909414475402,0.16662352620704607,8.292892203772771,1.1052749906088684e-16,5.375525913381752e-16,HCG15,lncRNA,Up
ENSG00000166126,488.6638777729456,1.8694699706732971,0.2254512253002594,8.29212601609731,1.1124198275628099e-16,5.409277310129318e-16,AMN,protein_coding,Up
ENSG00000178795,7.7840124068664425,1.9838435996899075,0.23925461122471947,8.291767458670153,1.1157790640290852e-16,5.42461171062813e-16,GDPD4,protein_coding,Up
ENSG00000211599,147.33323583026728,2.281950171306295,0.27521310131566756,8.291575366133873,1.1175828445838314e-16,5.432379651921776e-16,IGKV5-2,IG_V_gene,Up
ENSG00000259129,62.31094149515694,4.063780138722613,0.49019560456603206,8.290119496930739,1.1313474939275853e-16,5.498273758730265e-16,LINC00648,lncRNA,Up
ENSG00000151136,223.9801742006794,1.8273882472160243,0.22046949749564865,8.288621636886939,1.145683606656767e-16,5.566920344119946e-16,BTBD11,protein_coding,Up
ENSG00000245870,11.016990619875795,5.152719882008979,0.6216872880588818,8.288282519170552,1.148954108849442e-16,5.581783318047123e-16,LINC00682,lncRNA,Up
ENSG00000242675,8.555921680574183,4.830264837078411,0.5829058658331656,8.286526384795188,1.166038368866032e-16,5.660609680964149e-16,RPS16P9,processed_pseudogene,Up
ENSG00000241544,5.747480405243341,3.010461064491824,0.36329893333300894,8.286457207217726,1.1667164546405996e-16,5.662858992982259e-16,LINC02029,lncRNA,Up
ENSG00000286710,10.27093196980236,2.530749165887971,0.3054745980068738,8.284646849198976,1.1846006573593689e-16,5.74754725567002e-16,AC188617.1,lncRNA,Up
ENSG00000271615,8.740123839351801,2.818600007991911,0.34027533989936304,8.283292021177663,1.1981613455185702e-16,5.811203730241805e-16,ACTG1P22,transcribed_processed_pseudogene,Up
ENSG00000286220,8.823098622406398,2.2984215801533936,0.2775133121333674,8.282202977883879,1.2091726233421533e-16,5.862453038707958e-16,AC007546.3,transcribed_unprocessed_pseudogene,Up
ENSG00000233542,6.9899910948051405,2.073413533773279,0.25040862713781914,8.280120207807856,1.230510045954903e-16,5.963710698737511e-16,AL391845.2,lncRNA,Up
ENSG00000226235,10.935530975981877,2.3218931256980992,0.28042461929290585,8.279918972709249,1.2325912084555133e-16,5.972699405911776e-16,LEMD1-AS1,lncRNA,Up
ENSG00000234771,413.4489242768472,1.2570151803201128,0.151832606555309,8.27895409845455,1.2426181997871546e-16,6.019074564362098e-16,SLC25A25-AS1,lncRNA,Up
ENSG00000280129,13.083919130163498,1.5897704432934583,0.19202912709679065,8.278798468381039,1.2442430254634982e-16,6.0258381233190905e-16,AL132780.5,TEC,Up
ENSG00000144214,41.4453571760592,1.2784101735928077,0.15444630198691683,8.277376390022612,1.2591873188954673e-16,6.097093205889364e-16,LYG1,protein_coding,Up
ENSG00000213759,12.866921168499998,5.517649248765932,0.6666228067430289,8.277018417242491,1.262976969165221e-16,6.114320300511636e-16,UGT2B11,protein_coding,Up
ENSG00000276900,201.33849333221394,1.158704987566898,0.14000385277271385,8.276236436492729,1.2712945040092986e-16,6.153457428547211e-16,AC023157.2,lncRNA,Up
ENSG00000211895,155070.15042838693,1.8585165564823798,0.224606778088324,8.27453459909184,1.2895832159590373e-16,6.23625699703646e-16,IGHA1,IG_C_gene,Up
ENSG00000167011,7.8791563021274005,3.2950191545363148,0.39829823049474955,8.272743643483874,1.309109790447286e-16,6.329524234340838e-16,NAT16,protein_coding,Up
ENSG00000185105,4.6732573661449885,2.5433113891258716,0.3075763447907673,8.268878384831549,1.3522511985818203e-16,6.530927492051758e-16,MYADML2,protein_coding,Up
ENSG00000280069,14.504679215662824,1.7464831224449815,0.21122364586826034,8.268407238526025,1.3576047340565544e-16,6.553182653683202e-16,AC127024.8,TEC,Up
ENSG00000222022,4.866853476445312,2.925224670725826,0.3538497146824144,8.266856095535532,1.375378121820747e-16,6.636545484430576e-16,AC112721.1,lncRNA,Up
ENSG00000189001,37.593469455352675,3.0983382036899894,0.3748806136871732,8.264866441654572,1.3985122902814466e-16,6.74447130481378e-16,SBSN,protein_coding,Up
ENSG00000227896,33.45189144976668,1.0602427506829988,0.1282980658934261,8.263902836724874,1.4098538305411929e-16,6.795438770128176e-16,AL731569.1,lncRNA,Up
ENSG00000234902,8.98049956975302,1.4676348249019648,0.17763458364643953,8.262100739477157,1.431308259193426e-16,6.897587499073584e-16,AC007879.3,lncRNA,Up
ENSG00000164078,2028.7127385261224,1.0745923795746786,0.1301146689632705,8.258810387305529,1.471314361877914e-16,7.086494926524309e-16,MST1R,protein_coding,Up
ENSG00000204529,31.463104498485677,3.9104682511989592,0.4735888652908483,8.257094999050278,1.492606256692435e-16,7.181176243200057e-16,GUCY2EP,transcribed_unprocessed_pseudogene,Up
ENSG00000117586,212.99745254457122,1.1577426525037409,0.1402377917029082,8.255568192034872,1.511812772533452e-16,7.270928836714779e-16,TNFSF4,protein_coding,Up
ENSG00000166558,14.084805549424159,3.6578674488109884,0.4431735969874113,8.253802739324502,1.5343252551088905e-16,7.376509932036726e-16,SLC38A8,protein_coding,Up
ENSG00000258689,22.21393946001325,2.199239539455263,0.26654308126653103,8.250972146810756,1.5711116966173912e-16,7.547862167935982e-16,LINC01269,lncRNA,Up
ENSG00000170571,4526.634277990756,1.1916373219915446,0.14443305798662087,8.250447221729033,1.578028585120558e-16,7.579711072792189e-16,EMB,protein_coding,Up
ENSG00000288536,5.230893673154359,4.316360418298081,0.5232803947790559,8.248656860382804,1.601846597588909e-16,7.691313688714408e-16,AF222684.1,lncRNA,Up
ENSG00000196289,4.394987622991197,3.8727214279092164,0.4695835210397189,8.247140826693638,1.6222919664835853e-16,7.785230055718316e-16,BECN2,protein_coding,Up
ENSG00000103154,41.51294181844167,2.4293967024102057,0.2946818075468132,8.244135335786792,1.6635878401276284e-16,7.979048989480823e-16,NECAB2,protein_coding,Up
ENSG00000234948,7.387304310378095,3.416301490461238,0.41443344406494165,8.243305503901139,1.6751712828863434e-16,8.031684859947796e-16,LINC01524,lncRNA,Up
ENSG00000287485,8.414955305374201,2.2497359037327027,0.2729561572681683,8.242114507504693,1.6919352243354946e-16,8.110585687279949e-16,AL451166.1,lncRNA,Up
ENSG00000270133,8.046332123081584,1.754751671487292,0.21290550730351185,8.24192710518178,1.6945880337459743e-16,8.121825963264511e-16,AC025766.1,lncRNA,Up
ENSG00000267593,3.949642833900509,3.6707903371895,0.4456378357003541,8.237160409462476,1.7634597879170363e-16,8.441175278157968e-16,LINC01926,lncRNA,Up
ENSG00000235681,15.17997671403256,1.4452739767698073,0.17546182197179588,8.236971214183127,1.7662495827806756e-16,8.452994827209876e-16,AC245884.3,processed_pseudogene,Up
ENSG00000086991,233.98349063411828,1.2723905903154393,0.15451408679259537,8.234786981094949,1.798774157282973e-16,8.607090278996914e-16,NOX4,protein_coding,Up
ENSG00000179873,16.341160240591456,3.2069362249423836,0.38946099360356673,8.234293748571728,1.8062000190127288e-16,8.641054880509009e-16,NLRP11,protein_coding,Up
ENSG00000250378,6.666955466756772,3.716909203069061,0.4514527166264371,8.23321926345763,1.8224817198874804e-16,8.71578580947277e-16,AC114296.1,lncRNA,Up
ENSG00000258645,7.096844137744522,1.6795742089421652,0.20411227278999647,8.228678197465454,1.892905484307878e-16,9.04601624160905e-16,HSPE1P2,processed_pseudogene,Up
ENSG00000188643,9613.306473940791,1.2610675039197932,0.1532587930114961,8.22835335669908,1.898044771109954e-16,9.068932888959864e-16,S100A16,protein_coding,Up
ENSG00000235277,14.638680906046432,5.803604108842524,0.7053436089943571,8.22805230647373,1.9028199493536455e-16,9.08845536396588e-16,AF127577.3,lncRNA,Up
ENSG00000287046,6.111153583199728,2.9799011451666377,0.36223613182114717,8.226405052928165,1.9291586979116817e-16,9.209253233876005e-16,AC092810.3,lncRNA,Up
ENSG00000204670,11.89227289473024,2.6795759166855264,0.3258415492662242,8.223555046063867,1.9755803359571348e-16,9.427443622727043e-16,IGKV1OR2-3,IG_V_pseudogene,Up
ENSG00000179240,271.0991780172831,1.0939787867134867,0.1330682255773881,8.221187153933037,2.0149853317956276e-16,9.61026644952988e-16,GVQW3,protein_coding,Up
ENSG00000247095,343.0718030921116,1.1483415930319405,0.1396916730206308,8.220544347423944,2.025815579331375e-16,9.660173024768238e-16,MIR210HG,lncRNA,Up
ENSG00000162843,11.293574256785401,1.7075400875852074,0.2077304320469188,8.219980436951749,2.0353637954367728e-16,9.703949247092334e-16,WDR64,protein_coding,Up
ENSG00000154645,111.82792964119027,2.050935603969656,0.24952116851133754,8.219485409617532,2.0437822296669534e-16,9.742324185885314e-16,CHODL,protein_coding,Up
ENSG00000225265,75.79943582777277,1.0149946439412183,0.1234937944037576,8.218993098736098,2.052188508943315e-16,9.780627323483684e-16,TAF1A-AS1,lncRNA,Up
ENSG00000163235,1869.5754777594036,1.4303254774014231,0.17406074665652763,8.217392518853607,2.0797548832221338e-16,9.910216167431816e-16,TGFA,protein_coding,Up
ENSG00000211658,654.4804002479494,2.437115018084862,0.2966017782269524,8.216791661377165,2.0901972620190657e-16,9.95817557352173e-16,IGLV3-27,IG_V_gene,Up
ENSG00000177335,130.83209231854818,1.506301210304522,0.1833636422524316,8.214830332781235,2.1246444622220963e-16,1.0116806512964369e-15,C8orf31,lncRNA,Up
ENSG00000234854,122.00698351221078,8.209725220454544,0.999403126267155,8.214628316321642,2.128224148657575e-16,1.0132022170084897e-15,LINC00676,lncRNA,Up
ENSG00000248268,7.959681915837949,4.634899125449871,0.5643011322075574,8.213520868402394,2.1479537679488566e-16,1.0220415167955855e-15,AC010275.1,lncRNA,Up
ENSG00000285407,17.385070254738594,5.3451340034111405,0.6508030067462013,8.213136614311347,2.1548414512487493e-16,1.024948937038772e-15,AL033530.1,lncRNA,Up
ENSG00000100314,21.71526625316245,2.180056129626061,0.2654660924780018,8.212182992096116,2.1720291586909072e-16,1.0327516933768342e-15,CABP7,protein_coding,Up
ENSG00000253706,17.575093693372278,4.827990752126389,0.587915687660305,8.212046137669963,2.1745068318384734e-16,1.0337433776019568e-15,AC011632.1,lncRNA,Up
ENSG00000269416,77.02960045097687,2.5493847756144707,0.31048125482058503,8.211074697851439,2.1921744687165585e-16,1.0415791124334351e-15,LINC01224,lncRNA,Up
ENSG00000159753,340.21267447187734,1.356910436644978,0.16528267049171513,8.209635242510156,2.2186144235671195e-16,1.0539517627358124e-15,CARMIL2,protein_coding,Up
ENSG00000171804,28.38685549812437,3.3612817515872697,0.4094622516812124,8.209014964837838,2.230104386066315e-16,1.059219248209091e-15,WDR87,protein_coding,Up
ENSG00000248898,33.91015429659548,1.6210909205764732,0.1974812712887033,8.208833728878298,2.2334726427535925e-16,1.0606280134956283e-15,AC022126.1,lncRNA,Up
ENSG00000249550,67.02657032020505,3.478453243242337,0.4238029709526485,8.207713210276161,2.254409027614411e-16,1.0703774947459851e-15,LINC01234,lncRNA,Up
ENSG00000270270,5.23086349483485,2.431216573119098,0.2962408444919102,8.206891852772483,2.26987848770201e-16,1.0775282758002163e-15,BNIP3P10,processed_pseudogene,Up
ENSG00000165443,28.874681712827137,2.552752178847262,0.3110575097248482,8.206688792388736,2.273719034157401e-16,1.0789629463870914e-15,PHYHIPL,protein_coding,Up
ENSG00000244242,74.79373957517035,1.6902070958085154,0.20597116051487505,8.206037639363839,2.2860777566537897e-16,1.084632429704218e-15,IFITM10,protein_coding,Up
ENSG00000259727,4.52565119325649,3.5381509154986084,0.4312424767153909,8.204551050831894,2.3145415399275236e-16,1.0977420936670647e-15,AC103740.2,lncRNA,Up
ENSG00000211655,384.99460254297225,2.227925435932769,0.2716019473340137,8.202906708886317,2.346432867464212e-16,1.1124673627297964e-15,IGLV1-36,IG_V_gene,Up
ENSG00000267778,3.4582884440496517,3.024394338862753,0.36877599780497256,8.201169156519255,2.3806026869984626e-16,1.1282619133024705e-15,AC004221.1,lncRNA,Up
ENSG00000254326,9.75167260481084,2.594560549206511,0.31642468858358963,8.199614767167917,2.411585895883535e-16,1.1425353947978588e-15,IGHV7-27,IG_V_pseudogene,Up
ENSG00000116761,341.778976133436,1.1392353255866536,0.13894390605263301,8.199246429383543,2.418985929716316e-16,1.145835440391939e-15,CTH,protein_coding,Up
ENSG00000243224,15.97213678736395,1.1481391196074664,0.14006520586182972,8.197175826379555,2.4610035468404975e-16,1.165319869459219e-15,AC006252.1,lncRNA,Up
ENSG00000101463,139.37654689793732,1.617352865166627,0.19732994474967128,8.196185668720313,2.481349745646297e-16,1.1747431381093868e-15,SYNDIG1,protein_coding,Up
ENSG00000211900,103.09622564200009,2.4656829155933337,0.3008739386440116,8.195069758137755,2.5044787515687406e-16,1.1848422080887637e-15,IGHJ6,IG_J_gene,Up
ENSG00000273763,17.357927227180262,1.1338742552303729,0.1384223075942733,8.191412749409205,2.5817754612699887e-16,1.2203158077377594e-15,AC007318.1,transcribed_processed_pseudogene,Up
ENSG00000233791,14.111729589963332,1.9327109804706382,0.2359753793283736,8.190307759951335,2.6055904089254367e-16,1.2313515964760531e-15,LINC01136,lncRNA,Up
ENSG00000259306,6.226373336791149,4.327107257680146,0.5285134546201009,8.18731712476554,2.6711366553285764e-16,1.2614232378405186e-15,AC020891.2,lncRNA,Up
ENSG00000211664,419.1750077069198,2.1932976739383276,0.2679134028482694,8.18659182639132,2.6872764450081834e-16,1.2685907600226603e-15,IGLV2-18,IG_V_gene,Up
ENSG00000204876,29.8813627994913,2.705848870651931,0.3305510993654869,8.185871642375337,2.703397529895465e-16,1.2759726662492108e-15,AC021218.1,lncRNA,Up
ENSG00000272892,6.214172424612318,1.8635723196948573,0.22766000749163334,8.185769385794933,2.7056942252549197e-16,1.276828144595065e-15,AL133551.1,lncRNA,Up
ENSG00000257221,26.80606390345143,1.4916881240517463,0.18227877285719435,8.183553689054095,2.7559340634810317e-16,1.299838691718741e-15,AC007569.1,lncRNA,Up
ENSG00000253490,10.24123244945108,1.6400433071437641,0.20040991504036554,8.1834439519294,2.7584460556900943e-16,1.3007908170341163e-15,LINC02099,lncRNA,Up
ENSG00000164171,4977.961187499481,1.506414442756892,0.18411969560948976,8.181712650405064,2.7983772566370545e-16,1.3191492359227587e-15,ITGA2,protein_coding,Up
ENSG00000100341,9.915241764387138,5.145116875654928,0.6289701624597965,8.180224091287956,2.8331649295115757e-16,1.335309368922614e-15,PNPLA5,protein_coding,Up
ENSG00000179168,25.253449029115426,1.1308108668892978,0.138250698798002,8.17942243128568,2.852075988997078e-16,1.3437420730722342e-15,GGN,protein_coding,Up
ENSG00000214772,8.649917526554825,2.396524077139437,0.29305427170773096,8.177748316631057,2.891970268038692e-16,1.362051365747103e-15,AC010168.1,lncRNA,Up
ENSG00000273008,21.03751850681963,1.09339663780099,0.1337420430779151,8.175414496726372,2.948504690532387e-16,1.3879341072713147e-15,AC010864.1,lncRNA,Up
ENSG00000164794,22.503489582019327,3.6448061845587914,0.4458454384503411,8.175044242299128,2.957573291653059e-16,1.391954447633253e-15,KCNV1,protein_coding,Up
ENSG00000258386,4.052994131446379,3.5443111264047524,0.433554756207895,8.175002293609275,2.9586024685427968e-16,1.3921903478849669e-15,AL352984.1,lncRNA,Up
ENSG00000268916,26.230739365360837,5.358818408128209,0.6555839715489832,8.174114439476979,2.980468234999985e-16,1.4019790823572889e-15,CSAG3,protein_coding,Up
ENSG00000260442,9.398550051553357,1.6720729096972202,0.2046002460558362,8.172389534863536,3.0234048956785826e-16,1.421415352095636e-15,ATP2A1-AS1,lncRNA,Up
ENSG00000112378,12363.177310198833,1.012726430451099,0.12395765549678282,8.169938568073217,3.0854653000010565e-16,1.4503336891448815e-15,PERP,protein_coding,Up
ENSG00000248643,19.9523418976667,1.306063250435266,0.1599004183280259,8.16797894647128,3.135986268000593e-16,1.4730309563087928e-15,RBM14-RBM4,protein_coding,Up
ENSG00000227579,7.762431798251697,3.82046886495402,0.46784607640203346,8.1660808066091,3.1856992388975167e-16,1.4958491618541223e-15,AL136114.1,lncRNA,Up
ENSG00000102996,4557.816193178982,1.0545710178055965,0.12914632342424198,8.165706849751817,3.1955844980037125e-16,1.5002236640975235e-15,MMP15,protein_coding,Up
ENSG00000105141,27.360694804823062,6.633201242318277,0.8123562327139191,8.165384809270291,3.2041216123302723e-16,1.5039638112700122e-15,CASP14,protein_coding,Up
ENSG00000148584,16.740928698571125,3.6042714400847453,0.4414309232734003,8.164972705938952,3.215079038016408e-16,1.5088384807348762e-15,A1CF,protein_coding,Up
ENSG00000267372,10.19575887161223,2.3546776459430934,0.2883950642917786,8.164764025090214,3.2206417363796153e-16,1.5111801172300792e-15,AC005330.1,lncRNA,Up
ENSG00000242887,93.73616639270304,1.9876573849870616,0.24354367608400504,8.161400110842798,3.311631945487963e-16,1.5533214941749837e-15,IGHJ3,IG_J_gene,Up
ENSG00000199753,48.276495691494624,1.3254925457427402,0.16241377719446534,8.161207556645076,3.316916310616224e-16,1.555523441418279e-15,SNORD104,snoRNA,Up
ENSG00000091482,15.16632319558907,2.6489524215470843,0.32459945232284243,8.160680502049862,3.3314230892171535e-16,1.5617711442250015e-15,SMPX,protein_coding,Up
ENSG00000268812,23.004717949438813,1.9470164972022632,0.23860145556160425,8.160119948218695,3.3469205327521213e-16,1.5687574555398764e-15,AC004264.1,lncRNA,Up
ENSG00000286480,8.340530305883659,2.3700334367891984,0.2905256527461395,8.157742403766758,3.4134453336097903e-16,1.5993701749696194e-15,AC009501.2,lncRNA,Up
ENSG00000168785,1491.2248904448072,1.0803783119554025,0.132461613912459,8.156161472329643,3.458400185319851e-16,1.6192828992699659e-15,TSPAN5,protein_coding,Up
ENSG00000197768,17.02740268337846,1.9759127040901865,0.2422918399456307,8.155093892281199,3.4890870975013365e-16,1.633361028956333e-15,STPG3,protein_coding,Up
ENSG00000266970,66.61726359840782,1.3847837178037548,0.16986404241058736,8.152306386636678,3.5704830473292963e-16,1.6705755492915816e-15,AC061992.2,lncRNA,Up
ENSG00000186529,550.145655696208,3.064904592925716,0.3760060105999493,8.151211700141182,3.6029574987266965e-16,1.685470804353787e-15,CYP4F3,protein_coding,Up
ENSG00000125869,253.07579474732745,1.480898498090239,0.1816979775844853,8.150330112516833,3.629321729384687e-16,1.6972018798346194e-15,LAMP5,protein_coding,Up
ENSG00000245970,52.4944520550765,1.010650192958799,0.12402467485180686,8.148783249513798,3.6760415556419434e-16,1.7187449613879088e-15,AP003352.1,lncRNA,Up
ENSG00000233435,8.604470904398474,1.9845799999736544,0.24358185474234376,8.147487020627647,3.7156475633124907e-16,1.7363392919466662e-15,AGGF1P2,processed_pseudogene,Up
ENSG00000234068,33.48312033502518,6.907490465311435,0.8479119590964573,8.146471330198148,3.746975389254352e-16,1.7500485479036001e-15,PAGE2,protein_coding,Up
ENSG00000188293,9.42658785825116,3.9839721395592904,0.48906736218007696,8.146060129222796,3.7597323202746964e-16,1.7556957904310915e-15,IGFL1,protein_coding,Up
ENSG00000163209,53.10604644111629,4.095782516225024,0.5028889914459158,8.144506214878067,3.808328011276589e-16,1.7777590663367616e-15,SPRR3,protein_coding,Up
ENSG00000279744,38.6591033707368,1.36590293740808,0.1677154577059354,8.144168439160756,3.8189729233209017e-16,1.7824126723534896e-15,AC132938.5,TEC,Up
ENSG00000176654,3.7348215506383533,3.4292677662554922,0.4212117785481011,8.141433694176433,3.906244433852125e-16,1.8224993935010712e-15,NANOGP1,transcribed_unprocessed_pseudogene,Up
ENSG00000147381,157.47236869467736,7.0634214459695475,0.8677068189746057,8.140331839637492,3.941959836043838e-16,1.8385122192514325e-15,MAGEA4,protein_coding,Up
ENSG00000070886,6.767081238455637,3.4854001801019048,0.4281727658212195,8.140172515215994,3.94715072351791e-16,1.840607684865911e-15,EPHA8,protein_coding,Up
ENSG00000250982,53.72126492733015,1.8006618797606113,0.22123256816103312,8.139226040398926,3.978126623719795e-16,1.854396306655312e-15,GAPDHP35,processed_pseudogene,Up
ENSG00000287315,136.43075220032318,1.6855449004312812,0.20713366366587632,8.137474472281841,4.036084558228069e-16,1.880416074213325e-15,AL670729.3,lncRNA,Up
ENSG00000237940,51.70224276641023,1.6902014017138265,0.20770789408124163,8.137396073414193,4.038698078163666e-16,1.881301330527749e-15,LINC01238,lncRNA,Up
ENSG00000211958,26.108881988970435,2.110488207720974,0.2594360692245277,8.134906661318793,4.1225585199650393e-16,1.920025930262771e-15,IGHV3-38,IG_V_gene,Up
ENSG00000287445,17.45466258974615,1.4121624563163886,0.17360404328498608,8.134386904792313,4.1402828261960187e-16,1.927259631540848e-15,AC092803.3,lncRNA,Up
ENSG00000287692,6.939630588333014,2.795131890218705,0.34368768115340237,8.132767170584502,4.196000734575168e-16,1.95216195078947e-15,AC053545.1,lncRNA,Up
ENSG00000183444,12.652357619430799,1.7566881797493459,0.2160829043320826,8.129695336978697,4.3037071914913877e-16,2.0012124605824e-15,OR7E38P,unprocessed_pseudogene,Up
ENSG00000214711,43.27928094863659,1.995345031322634,0.2454509981478878,8.129300945520741,4.3177314590771694e-16,2.007097804422217e-15,CAPN14,protein_coding,Up
ENSG00000204624,34.53795209238349,2.1974476873912745,0.2704522065741597,8.125086924697433,4.470419195067714e-16,2.076536096070735e-15,DISP3,protein_coding,Up
ENSG00000283766,7.012774402027848,3.1744483525457894,0.3907227734184219,8.124554206996013,4.49009623862143e-16,2.085308873061767e-15,AC141930.2,lncRNA,Up
ENSG00000105926,651.1859409894801,1.0653894556743162,0.13119964486104496,8.120368441566152,4.647705378703435e-16,2.1566072644098112e-15,MPP6,protein_coding,Up
ENSG00000129455,41.82090475398812,4.589350391536017,0.565170699378769,8.120290730889966,4.650682423795387e-16,2.1572294725678865e-15,KLK8,protein_coding,Up
ENSG00000215347,7.506912371144761,1.5821340161688882,0.1948742838561401,8.118741913308837,4.710410115545558e-16,2.183781904833621e-15,SLC25A5P1,transcribed_processed_pseudogene,Up
ENSG00000137411,19.231695222829433,1.3664773000646293,0.16831634694061082,8.1185061635563,4.719567473825606e-16,2.1876427190153143e-15,VARS2,protein_coding,Up
ENSG00000282600,105.01397361499947,1.997985840493468,0.2461527310859355,8.116854246057267,4.784227830868559e-16,2.2172247434095587e-15,IGHV3-69-1,IG_V_pseudogene,Up
ENSG00000228915,11.166040971058152,1.5545869312992182,0.1915389818560472,8.116295263945705,4.806304918148625e-16,2.226673589100127e-15,OR7E128P,unprocessed_pseudogene,Up
ENSG00000255983,13.672949716790283,3.7846666847083816,0.466403850507218,8.114569981771218,4.875080273108644e-16,2.256704979359458e-15,AC007848.1,lncRNA,Up
ENSG00000136883,609.2456367681366,1.8083872620071244,0.22288060109803595,8.113704167603576,4.909958994695758e-16,2.2719006613463264e-15,KIF12,protein_coding,Up
ENSG00000227368,8.295777960599176,4.122288581270398,0.5080641681338246,8.113716415806326,4.90946387378404e-16,2.2719006613463264e-15,CDK8P2,processed_pseudogene,Up
ENSG00000260005,27.854049450233262,1.3009041325678294,0.16034349829313302,8.113232818393254,4.92905022733312e-16,2.280334289382007e-15,AC027601.1,lncRNA,Up
ENSG00000166415,650.7365282594467,2.611351428505842,0.32198577460515043,8.110145337035865,5.0559251436042465e-16,2.337390358289691e-15,WDR72,protein_coding,Up
ENSG00000123843,475.9045743752479,2.192478822036045,0.2703487104929561,8.109817938610696,5.069566306669006e-16,2.3432859510405207e-15,C4BPB,protein_coding,Up
ENSG00000271576,21.200878894471504,1.740698293834728,0.21472536787441768,8.106626203815734,5.204465749122667e-16,2.403954489479151e-15,AL359504.1,lncRNA,Up
ENSG00000059915,192.76927061563467,1.108994118974745,0.13681074064032644,8.106045722610881,5.229377305658288e-16,2.415038170756726e-15,PSD,protein_coding,Up
ENSG00000207554,23.866389809724993,1.3563106607870985,0.16732323023720896,8.105931608326584,5.234288362734496e-16,2.4168829298775812e-15,MIR647,miRNA,Up
ENSG00000064787,1387.1601007325885,2.207428120170877,0.2723510444751975,8.105084099913938,5.270904489728836e-16,2.433363994995613e-15,BCAS1,protein_coding,Up
ENSG00000279605,20.615353860852125,1.1455671931140523,0.1413728672165379,8.103161629730621,5.354902012203307e-16,2.4707861236177646e-15,AC067930.5,TEC,Up
ENSG00000262172,3.8357036358655754,3.0622654936428044,0.37795240161600063,8.10225171357441,5.395117083872554e-16,2.4872244318482386e-15,AC116025.2,lncRNA,Up
ENSG00000277247,14.537691084169715,4.192077509984537,0.5174227110230026,8.10184288528103,5.41328260461631e-16,2.494290796500648e-15,AC083809.1,lncRNA,Up
ENSG00000274943,13.109449066386965,1.5032686743146897,0.18556427189900535,8.101067403389237,5.447905437694039e-16,2.5098054925225682e-15,AC079684.1,lncRNA,Up
ENSG00000201555,4.045850995843397,1.9004631105697336,0.23467120053021168,8.098407926817876,5.568308308745837e-16,2.5643781016700615e-15,Y_RNA,misc_RNA,Up
ENSG00000284999,3.8670740655907614,2.9542144717535135,0.364822125719776,8.09768449741088,5.601511400858148e-16,2.578768429480261e-15,AL591518.1,lncRNA,Up
ENSG00000241635,44.45850486902104,3.783039161585038,0.4672000155002749,8.097258210777632,5.621167863030601e-16,2.5873659722135966e-15,UGT1A1,protein_coding,Up
ENSG00000241388,136.7672024834109,2.742308512528198,0.3386724035717263,8.097230490607169,5.622448416195612e-16,2.5875037475580855e-15,HNF1A-AS1,lncRNA,Up
ENSG00000273962,7.0284605382858745,3.8922454864041662,0.4810119431169316,8.091785541087866,5.8796366678575185e-16,2.7035051252206236e-15,IGKV2-40,IG_V_gene,Up
ENSG00000227392,61.757098161626445,1.6395892615677328,0.20262992538549865,8.091545503204687,5.891237609923316e-16,2.708367081131064e-15,HPN-AS1,lncRNA,Up
ENSG00000154269,460.7886967417061,2.171179014506894,0.2683886088258414,8.089683925131792,5.981976021637864e-16,2.7486444971352232e-15,ENPP3,protein_coding,Up
ENSG00000130643,30.909247463625416,2.831146536166032,0.35003191396460537,8.088252594168635,6.052678217928645e-16,2.7796782411490482e-15,CALY,protein_coding,Up
ENSG00000163359,32452.826788272283,1.1978292190927071,0.14811557169147993,8.08712551565981,6.10893042709599e-16,2.8050234261278295e-15,COL6A3,protein_coding,Up
ENSG00000101188,36.540134536878845,3.0448947733279854,0.3767913289205779,8.081116893137965,6.41762570702948e-16,2.94317895468465e-15,NTSR1,protein_coding,Up
ENSG00000089127,3647.0767511142103,1.2190810715784783,0.15086169001448113,8.080786258336754,6.435051307409172e-16,2.9506573287494324e-15,OAS1,protein_coding,Up
ENSG00000279791,3.6734403892378236,2.73674825010258,0.3386771568889801,8.08069925719761,6.439644311656807e-16,2.9522500086646385e-15,AC018892.3,TEC,Up
ENSG00000233732,12.903277730671668,2.36291628888004,0.29269821452872713,8.072875650043057,6.86615263690477e-16,3.1455949450170045e-15,IGHV3OR16-10,IG_V_gene,Up
ENSG00000229092,19.92015975987907,2.065716692330293,0.25590181108046195,8.072301964603058,6.898500628723243e-16,3.1593168040887797e-15,IGHV3-47,IG_V_pseudogene,Up
ENSG00000273328,60.61253564433514,2.484757195403528,0.3079764143380302,8.068011314256996,7.145242701129715e-16,3.2672108553631102e-15,AC099329.2,lncRNA,Up
ENSG00000162039,24.945877766565456,2.5396608452012823,0.3148887831693572,8.065262978374724,7.307838680436639e-16,3.3392428695739765e-15,MEIOB,protein_coding,Up
ENSG00000225871,16.59417569291906,1.846627097923418,0.22896403578462224,8.065140412097163,7.315174195498976e-16,3.342015653764865e-15,AC245100.2,processed_pseudogene,Up
ENSG00000211891,64.25349372536526,2.379440266017268,0.29506208984883664,8.06420190149226,7.371584448269813e-16,3.3666207464647555e-15,IGHE,IG_C_gene,Up
ENSG00000180458,14.777314955853873,3.3690830483206713,0.4179096640874375,8.06174955460176,7.521016660552482e-16,3.4342720231821467e-15,AC022148.1,lncRNA,Up
ENSG00000105991,77.99269019383392,1.9684096578402912,0.24419877239537185,8.060686130941408,7.586739741197372e-16,3.4630833819521322e-15,HOXA1,protein_coding,Up
ENSG00000239472,6.091648008174191,1.9305092069953098,0.23954390267170914,8.059103928189064,7.685573663234663e-16,3.5051639138619522e-15,RN7SL221P,misc_RNA,Up
ENSG00000278912,16.17520221461744,3.389478833759261,0.42066986249985167,8.057336966373377,7.797448604036642e-16,3.5543426048132455e-15,AC008870.5,TEC,Up
ENSG00000211644,82.32516439921417,2.0883233057571804,0.25921636612356813,8.056294195412333,7.864222747671154e-16,3.584160972279439e-15,IGLV1-51,IG_V_gene,Up
ENSG00000229591,12.752269391830046,1.6681297301115583,0.20707713732153632,8.055595860017089,7.909255520338033e-16,3.604062002269119e-15,AC006017.1,lncRNA,Up
ENSG00000132185,197.65601794281878,1.8298705199449992,0.2271781793864814,8.05478116290375,7.962113149113294e-16,3.626894519642729e-15,FCRLA,protein_coding,Up
ENSG00000235651,4.1182537890395485,2.3727459348085125,0.2946418384661084,8.052983741755469,8.079964064480704e-16,3.679306723888036e-15,G3BP1P1,processed_pseudogene,Up
ENSG00000285624,13.081678499036931,2.1728118375917425,0.2698398423385665,8.052227642741979,8.130050964511961e-16,3.7008362495111416e-15,AC025062.3,lncRNA,Up
ENSG00000259240,4.742859356391218,4.026270663056143,0.5001638841977908,8.049902822379607,8.285980091596426e-16,3.77051415039513e-15,MIR4713HG,lncRNA,Up
ENSG00000272037,34.10750349511386,1.3553926409323562,0.16838217112644763,8.049502105032936,8.313152898136344e-16,3.782226396201784e-15,AP002907.1,lncRNA,Up
ENSG00000104327,82.24014154712471,2.947548890600442,0.36621185678286655,8.048753299509075,8.364165222867018e-16,3.804122747964872e-15,CALB1,protein_coding,Up
ENSG00000253408,6.250060955671902,2.5455722288827225,0.3163915257927645,8.045639725983257,8.579604941291477e-16,3.900089334629482e-15,AC083973.1,lncRNA,Up
ENSG00000254275,17.80419974269577,3.5476339070517144,0.4410379534687196,8.043829060855028,8.707396100270185e-16,3.954771532279104e-15,LINC00824,lncRNA,Up
ENSG00000261588,5.126113231036649,1.8377262150039735,0.2284822901298159,8.043188878927289,8.753025400893665e-16,3.9748110869909755e-15,AC093249.4,processed_pseudogene,Up
ENSG00000251320,4.290579355682374,4.121851173229602,0.512651280213792,8.040263103430966,8.964578062428927e-16,4.0673765228191815e-15,AC011352.3,lncRNA,Up
ENSG00000280383,60.603946216563926,1.4534441986073021,0.18079395197736317,8.03923019941112,9.040460413336296e-16,4.099689442814757e-15,Z95331.1,lncRNA,Up
ENSG00000070669,40.76214622181549,1.229704382786042,0.15302446080886298,8.03599879578742,9.281965612859446e-16,4.207760584684607e-15,ASNS,protein_coding,Up
ENSG00000257135,124.49331076691331,1.3793366386576338,0.17174056227091117,8.031513466701053,9.627750365094e-16,4.3592681512281735e-15,ODC1-DT,lncRNA,Up
ENSG00000253307,8.403091118294647,1.6214375730795687,0.20194496827194347,8.029106082485333,9.818543294008923e-16,4.4441295342089815e-15,AC011676.1,lncRNA,Up
ENSG00000156127,615.2506323229156,1.1264115777962762,0.14029627109786785,8.028806246821159,9.842565558454078e-16,4.454238094670225e-15,BATF,protein_coding,Up
ENSG00000224316,9.87488575812168,1.603297525853687,0.1997009385612614,8.028492692145512,9.8677488996726e-16,4.464102564494192e-15,GTF2IP5,unprocessed_pseudogene,Up
ENSG00000204542,9.884265577645303,4.828191210514968,0.6014400206337036,8.02771855026836,9.930196740943447e-16,4.491582985569103e-15,C6orf15,protein_coding,Up
ENSG00000286651,13.92799268713628,2.053349648933079,0.25578734182382556,8.027565532728085,9.942586237999832e-16,4.4964156936384085e-15,PRSS43P,transcribed_unitary_pseudogene,Up
ENSG00000213997,5.209815076401854,2.0731110291181003,0.25843226600318464,8.02187382086629,1.0414409192352503e-15,4.703339106051302e-15,PGAM1P7,processed_pseudogene,Up
ENSG00000258366,31.54850861591155,1.06957919015129,0.13334439920783506,8.02117821599847,1.047356401275535e-15,4.728434908686159e-15,RTEL1,protein_coding,Up
ENSG00000271375,32.29797031819072,2.15424219812942,0.26860448001067,8.020127579569206,1.0563539088728313e-15,4.767422997942249e-15,AC134879.2,processed_pseudogene,Up
ENSG00000267698,9.895537693396767,1.2830121388201772,0.15997721557530192,8.01996793234758,1.0577277538241775e-15,4.772806445644005e-15,AC002116.2,lncRNA,Up
ENSG00000286753,39.63707778893243,1.0286613146584458,0.12828915066502375,8.018303257337692,1.0721584039103269e-15,4.83626703919181e-15,AC091978.1,lncRNA,Up
ENSG00000250579,8.058144426975392,2.3876089963324034,0.2977755053152404,8.018151102807327,1.0734870267146268e-15,4.8414319983691996e-15,CTD-2297D10.2,lncRNA,Up
ENSG00000156009,14.664050314106792,3.608439274694611,0.45008312572899395,8.017272962300169,1.0811867569193825e-15,4.875324004781825e-15,MAGEA8,protein_coding,Up
ENSG00000278966,10.083413199386676,2.0956601704133773,0.26154905575379056,8.01249373420078,1.1240556616192774e-15,5.064299982385161e-15,AL031602.1,TEC,Up
ENSG00000231464,6.446746361797441,2.2823661529319397,0.28490221718287373,8.011050863345613,1.1373239601139391e-15,5.121453693340945e-15,AC024937.2,processed_pseudogene,Up
ENSG00000110881,174.15081789108677,1.3240633967086626,0.16528025449719422,8.011019832566507,1.1376109999357313e-15,5.1218716182867056e-15,ASIC1,protein_coding,Up
ENSG00000254176,10.934775401809993,2.440435527113575,0.3047503857046772,8.007981750279109,1.1660620296910624e-15,5.248174726566533e-15,IGHV3-75,IG_V_pseudogene,Up
ENSG00000248626,9.786022140156826,1.6008870040004446,0.1999527408837955,8.00632687966411,1.1818532634358238e-15,5.315618379123772e-15,GAPDHP40,processed_pseudogene,Up
ENSG00000180251,16.223492495876112,4.029506131684684,0.5033105188906066,8.006004207038016,1.184956746193187e-15,5.328668041799854e-15,SLC9A4,protein_coding,Up
ENSG00000124479,37.84588553654593,2.8100882372021037,0.35122448889658986,8.000832305373418,1.2358099880073382e-15,5.553563289664878e-15,NDP,protein_coding,Up
ENSG00000115290,431.8953619046114,1.5865000455761864,0.1983912380344129,7.996825168765733,1.276683144217421e-15,5.729430652316779e-15,GRB14,protein_coding,Up
ENSG00000225676,10.187652095167502,3.770182680056242,0.4714822765253346,7.996446245744839,1.2806164171869093e-15,5.746104291512472e-15,AC002378.1,lncRNA,Up
ENSG00000198736,2828.4260839614167,1.0541690153970307,0.13190940506575585,7.991613750903775,1.3318375044402632e-15,5.971867878267257e-15,MSRB1,protein_coding,Up
ENSG00000236833,8.963101720969815,2.479432009885123,0.3102777834847058,7.991007225972849,1.3384071172603897e-15,5.999285344578698e-15,AC024560.1,lncRNA,Up
ENSG00000260577,17.20770923630647,1.4337127448041471,0.1794371017599219,7.990057411439831,1.348759280377718e-15,6.044660473072812e-15,AC126773.4,lncRNA,Up
ENSG00000251639,11.00210863184151,2.2193654564109875,0.2778066295051996,7.988885867712702,1.3616367906444676e-15,6.099249012073614e-15,AC092535.3,processed_pseudogene,Up
ENSG00000227543,28.53433934903804,1.2045363520363035,0.15080318548178678,7.9874728652982006,1.37732959497341e-15,6.165367750712752e-15,SPAG5-AS1,lncRNA,Up
ENSG00000088538,197.7634460038574,1.6246284337994998,0.2034226034486849,7.986469577405277,1.388580128252252e-15,6.214673791923266e-15,DOCK3,protein_coding,Up
ENSG00000236809,38.80877519251689,1.1667545099714178,0.14613392423504373,7.9841454753161525,1.4149907109373602e-15,6.3285795534969794e-15,SNX25P1,unprocessed_pseudogene,Up
ENSG00000231982,6.514751465854463,2.205741734040311,0.27627680964537776,7.983810645821297,1.4188361917818931e-15,6.344702455026034e-15,AC112907.2,unprocessed_pseudogene,Up
ENSG00000189051,8.953185811431425,2.6107988792759937,0.3270264508739206,7.983448654685556,1.4230052019348755e-15,6.362266391153386e-15,RNF222,protein_coding,Up
ENSG00000244675,10.798803605007565,2.1772942940922313,0.2727319244713751,7.983276245758137,1.4249950553499095e-15,6.3700829987416704e-15,AC108676.1,lncRNA,Up
ENSG00000229816,17.420062435642688,1.2210529687409895,0.15303840493124432,7.978735594438356,1.4783988400394138e-15,6.604332951353438e-15,DDX50P1,processed_pseudogene,Up
ENSG00000142025,12.969781435183018,5.1546978425285275,0.64621628856146,7.976737717341333,1.5025163842398154e-15,6.7075261642803335e-15,DMRTC2,protein_coding,Up
ENSG00000234741,9083.816201458872,1.1524686297887818,0.14450809294084851,7.975114793470577,1.5223925532927883e-15,6.793956952162942e-15,GAS5,lncRNA,Up
ENSG00000110777,1150.6154701559478,1.5919987207195936,0.1998005431770106,7.9679399034925735,1.6134128469655546e-15,7.191632314821108e-15,POU2AF1,protein_coding,Up
ENSG00000211654,91.79792807130337,2.765698190138608,0.3472841528216322,7.963790364943867,1.6684783431539185e-15,7.427038134532212e-15,IGLV5-37,IG_V_gene,Up
ENSG00000279347,8.601333609654622,1.7523780728057967,0.22010131030264318,7.961688507879604,1.6970726642106742e-15,7.545406534350948e-15,AC021945.1,TEC,Up
ENSG00000253742,17.332664487074332,2.125419468259646,0.26705898020326846,7.9586144852418395,1.7397637733733164e-15,7.731306151643807e-15,IGHV3-60,IG_V_pseudogene,Up
ENSG00000180178,13.895976151186364,5.642941924773506,0.709209637625513,7.9566627769843885,1.76741565178183e-15,7.852864488203347e-15,FAR2P1,transcribed_unprocessed_pseudogene,Up
ENSG00000129038,1172.0333742318758,1.0449269570411384,0.1313283160232688,7.956600592183013,1.7683037672704277e-15,7.855486917608017e-15,LOXL1,protein_coding,Up
ENSG00000287569,15.038259892743731,1.5926050946603505,0.20017133457774108,7.956209604236946,1.7738978861608927e-15,7.879010823322005e-15,AL078587.2,lncRNA,Up
ENSG00000186806,377.40306565066635,1.6256890149212293,0.204375989129305,7.954403165690297,1.7999709025587076e-15,7.99212539155971e-15,VSIG10L,protein_coding,Up
ENSG00000277050,8.823007187116238,1.8499734480945174,0.2325906891987279,7.953772588523012,1.8091608420769385e-15,8.031577677705197e-15,AL122125.1,lncRNA,Up
ENSG00000112238,8.660449978763568,5.046104311351353,0.6346129771068926,7.951467261756609,1.843153325323797e-15,8.17835322039181e-15,PRDM13,protein_coding,Up
ENSG00000278771,52.01922558718834,2.054351199131033,0.2583970512346601,7.950366265075522,1.859608916994217e-15,8.248593295397393e-15,RN7SL3,misc_RNA,Up
ENSG00000112837,139.5214805322825,2.7054728664618284,0.3403485103843069,7.94912504070291,1.878333913670413e-15,8.328849050527795e-15,TBX18,protein_coding,Up
ENSG00000286732,6.706622507023178,1.8897905888469428,0.23774434762607605,7.948834988999202,1.8827363035096577e-15,8.346966429648568e-15,AC091181.2,lncRNA,Up
ENSG00000197794,10.919220239468792,2.4322720991847633,0.3060272365098026,7.947894203550255,1.8970855479550255e-15,8.406342782654012e-15,IGKV7-3,IG_V_pseudogene,Up
ENSG00000260763,12.652291352972693,5.138486417129058,0.6466875530609856,7.945856376556045,1.9285376682857993e-15,8.539972848479684e-15,AC106799.3,lncRNA,Up
ENSG00000182901,36.00395359564815,3.001759740146262,0.37779764713602587,7.945416714216538,1.9353905361442423e-15,8.567161146457e-15,RGS7,protein_coding,Up
ENSG00000233718,7.307306735109397,3.678482927709644,0.4630778780779379,7.943551402147828,1.964732213484042e-15,8.694409879102901e-15,MYCNOS,lncRNA,Up
ENSG00000095627,91.71958896787523,2.5718521191462345,0.323856154086218,7.941340890689229,2.0000715328008647e-15,8.847825250789935e-15,TDRD1,protein_coding,Up
ENSG00000197099,6.25295951760154,2.0690546907498217,0.26071102910990435,7.9361993154405415,2.0847090375312098e-15,9.209880603065506e-15,AC068631.1,lncRNA,Up
ENSG00000135638,9.316301137695095,2.948451326775367,0.3716314873337082,7.933803854805746,2.125336746620751e-15,9.387793971254473e-15,EMX1,protein_coding,Up
ENSG00000282639,727.3578330238801,2.3760081033384264,0.2994934805735976,7.933421785301753,2.131888459281962e-15,9.412003795624534e-15,IGHV3-64D,IG_V_gene,Up
ENSG00000188488,167.7555406203489,2.43183795203875,0.30665935980345166,7.9300953135668095,2.18977754980295e-15,9.661106573248082e-15,SERPINA5,protein_coding,Up
ENSG00000285694,7.559512853979941,3.020752411472643,0.3809253819188948,7.93003710137596,2.190804249563544e-15,9.66240308763851e-15,AL162718.2,lncRNA,Up
ENSG00000185130,7.040099561251856,2.150002467562269,0.2711564642934009,7.929010555455134,2.2089877275401613e-15,9.739342313197468e-15,H2BC13,protein_coding,Up
ENSG00000196074,321.9098867890523,1.8630134430913599,0.234977193059515,7.928486245128887,2.2183322338392143e-15,9.778906888388513e-15,SYCP2,protein_coding,Up
ENSG00000213830,7.741352292278516,1.2652345179193332,0.15960147152215615,7.927461481730082,2.2367085875658903e-15,9.85826599600744e-15,CFL1P5,processed_pseudogene,Up
ENSG00000279419,8.487334866846414,2.5163176491329295,0.3174748726293663,7.92603719561323,2.2624985005842192e-15,9.968602416107913e-15,AC004925.1,TEC,Up
ENSG00000137877,282.39595634607406,1.3025574087380494,0.16435619067047832,7.925210504236971,2.2776016948005703e-15,1.0031795004491572e-14,SPTBN5,protein_coding,Up
ENSG00000104892,172.5290035676154,1.5930956702443828,0.2010160755470576,7.925215264047084,2.277514452161788e-15,1.0031795004491572e-14,KLC3,protein_coding,Up
ENSG00000171345,35110.03827493238,1.2289640402844777,0.15507755951948485,7.924834799389938,2.2844983874101845e-15,1.0060491395458678e-14,KRT19,protein_coding,Up
ENSG00000253338,10.795834925184645,3.1907877403840343,0.40263356002636636,7.924793303804796,2.2852613684717553e-15,1.006217102798467e-14,IGLV3-29,IG_V_pseudogene,Up
ENSG00000164251,1418.0459861010627,1.3309935379759164,0.16798496884583652,7.923289489057786,2.3130820555327076e-15,1.0182967246143154e-14,F2RL1,protein_coding,Up
ENSG00000254615,75.20410490866784,1.3848931393507045,0.17479373380750857,7.923013652627941,2.3182211279334473e-15,1.0203693121894659e-14,AC027031.2,lncRNA,Up
ENSG00000103485,2643.2028671544613,1.540718074464068,0.19449622581198542,7.9215834036463075,2.3450487455295575e-15,1.0313364813144501e-14,QPRT,protein_coding,Up
ENSG00000259354,64.53932090870737,1.2331112327510856,0.15567764168776121,7.920926983364163,2.357463556703543e-15,1.036623544943679e-14,AC025580.2,lncRNA,Up
ENSG00000137673,4713.497574863895,2.022103129766042,0.25529036060723187,7.920797028749074,2.3599290394336348e-15,1.0375346577169882e-14,MMP7,protein_coding,Up
ENSG00000238129,12.103037615888274,3.55720481293627,0.44913117785451284,7.920191223261183,2.3714558544857018e-15,1.0422548480464658e-14,AL121904.1,lncRNA,Up
ENSG00000260792,5.273331813136646,1.9911875293162895,0.25151848012244854,7.916664923972606,2.43966061692619e-15,1.0711596814576028e-14,LINC02280,lncRNA,Up
ENSG00000253763,23.590848870611367,1.9656355645315207,0.24842300043977256,7.912454004065005,2.5236412285112427e-15,1.1072948285497748e-14,IGHV3-6,IG_V_pseudogene,Up
ENSG00000225833,7.027147866958854,3.001951938689254,0.3794235039036291,7.911876591208035,2.5353766096136514e-15,1.1120738721808382e-14,GS1-594A7.3,lncRNA,Up
ENSG00000283828,16.53574291046638,1.3785427785327982,0.17423848361101218,7.911815747951515,2.5366163176026936e-15,1.1124326009509901e-14,AL137002.2,lncRNA,Up
ENSG00000278709,151.81643306888586,1.3077529398617134,0.1653569222087186,7.908667640844375,2.6015814037655637e-15,1.1401645606996497e-14,NKILA,lncRNA,Up
ENSG00000134460,435.1612054894604,1.3406057704376877,0.16951923510873254,7.908281143303886,2.6096693274478872e-15,1.1433291271772849e-14,IL2RA,protein_coding,Up
ENSG00000244593,21.440024128281582,1.7585649979721347,0.22243970316941744,7.9058053617017885,2.662068479082072e-15,1.1658984519746595e-14,AC025062.1,processed_pseudogene,Up
ENSG00000232233,4.054644435761365,2.6694869134758044,0.3377110575902318,7.904647637315084,2.6869255390359588e-15,1.1763942630645565e-14,LINC02043,lncRNA,Up
ENSG00000137747,1446.8209308115863,1.1508701418309029,0.14559890629792652,7.904387272497613,2.6925471351583915e-15,1.17865982659573e-14,TMPRSS13,protein_coding,Up
ENSG00000258659,9.609954879380735,1.7499921292819693,0.22146656388427027,7.901834473742261,2.748282301613083e-15,1.2026585511705443e-14,TRIM34,protein_coding,Up
ENSG00000124772,439.8270985725788,1.2406884038248644,0.15716278062795852,7.894288958668067,2.9197499427239168e-15,1.2764225130906779e-14,CPNE5,protein_coding,Up
ENSG00000175497,187.6555626463438,2.4738071627590332,0.3134439132190031,7.892343920012846,2.9656310924354497e-15,1.296050578513802e-14,DPP10,protein_coding,Up
ENSG00000186564,82.29967532204465,1.1210967149051896,0.14205687704674744,7.891886251562915,2.9765297001450474e-15,1.3005979816540994e-14,FOXD2,protein_coding,Up
ENSG00000225742,52.78469854977108,1.8252467094218154,0.23128770566425588,7.89167199432294,2.981645421244736e-15,1.3024016855760094e-14,LINC02036,lncRNA,Up
ENSG00000056291,32.22442133936479,3.3992997875257425,0.43080386374308044,7.890597261571896,3.0074372353749944e-15,1.3132326527047294e-14,NPFFR2,protein_coding,Up
ENSG00000211649,596.3287742681375,1.9672175528455946,0.2493297992325249,7.890021806061649,3.0213373940799243e-15,1.319083892084232e-14,IGLV7-46,IG_V_gene,Up
ENSG00000237977,22.418374820193765,1.1433561059691943,0.14494132731627507,7.8884064823988265,3.0606945235920624e-15,1.3358244718159993e-14,EIF4HP2,processed_pseudogene,Up
ENSG00000184260,31.39766196446139,1.447833645759369,0.18354191155196578,7.888299917533808,3.0633086384388213e-15,1.336744146874594e-14,H2AC20,protein_coding,Up
ENSG00000196711,67.50286942469191,2.021268657121386,0.25631162324566364,7.8859812579942465,3.1207344948199915e-15,1.3615779058306283e-14,ALKAL1,protein_coding,Up
ENSG00000261296,12.579177953503251,3.0416777490125217,0.385741999840814,7.885264633531598,3.1386964944112784e-15,1.3691881978101805e-14,AC126323.6,lncRNA,Up
ENSG00000276997,8.99896169581615,1.9306125426527776,0.24484804688216286,7.884941567787619,3.14682730335389e-15,1.3725080381978511e-14,AL513314.2,lncRNA,Up
ENSG00000287603,6.127481649834895,1.8268891931519784,0.23173361271326356,7.883574470538663,3.181464122185589e-15,1.3871562318457999e-14,AC008403.3,lncRNA,Up
ENSG00000228350,8.058882511854598,1.2737530036887783,0.16160160915833077,7.88205643695544,3.2203650062054588e-15,1.4038853564826906e-14,LINC02585,lncRNA,Up
ENSG00000219410,8.990515137016583,1.218031510110893,0.1545860587731364,7.879310202858731,3.2919331462460366e-15,1.434610429127549e-14,AC125494.1,lncRNA,Up
ENSG00000164841,41.764941156668,2.0993744146080235,0.26658082029096325,7.875189266491988,3.4022742996163667e-15,1.481717147496013e-14,TMEM74,protein_coding,Up
ENSG00000100836,510.3301327562472,1.0639292271098282,0.13516712890242527,7.871212740472275,3.5121980319008307e-15,1.5283277574459554e-14,PABPN1,protein_coding,Up
ENSG00000255282,16.511367867475126,2.110278497639546,0.26823136629197236,7.867381532637343,3.621409241162589e-15,1.5753309417594438e-14,WTAPP1,transcribed_processed_pseudogene,Up
ENSG00000213514,13.619658263804363,1.7274932268279186,0.21963046369008146,7.865453625165443,3.677623301589379e-15,1.5992567028844316e-14,AL731556.1,processed_pseudogene,Up
ENSG00000232140,16.740241758597467,1.653116071397096,0.2101826259521917,7.865141392672082,3.686807878366105e-15,1.602722119230369e-14,AC073257.1,lncRNA,Up
ENSG00000175352,383.2717674651008,1.5232980775240856,0.19380381377782338,7.860000522334375,3.841318582490626e-15,1.6682852899675266e-14,NRIP3,protein_coding,Up
ENSG00000267312,5.541722188872852,1.7590158324283778,0.22385634835442872,7.857788467286851,3.909748359037606e-15,1.696282728328754e-14,AC015911.4,processed_pseudogene,Up
ENSG00000159228,6158.232435080624,1.7054700627527866,0.21704825710211412,7.857561657131477,3.916832187816297e-15,1.699076571684747e-14,CBR1,protein_coding,Up
ENSG00000285725,34.876461287874584,1.2719266409571544,0.1619520609279707,7.853723093544654,4.038654311845198e-15,1.7504818245127856e-14,AC004967.2,lncRNA,Up
ENSG00000197774,487.388769261934,1.0530290548839736,0.13411682896662458,7.851580319916625,4.108272670900184e-15,1.7794867005853787e-14,EME2,protein_coding,Up
ENSG00000176125,85.3533857933316,1.0150551066793552,0.12928159422213945,7.851505179733676,4.110735285119065e-15,1.7802609536638157e-14,UFSP1,protein_coding,Up
ENSG00000119630,526.7210746227345,1.2489419075880823,0.1591015264803172,7.849968100353782,4.16143104242494e-15,1.8010329326890805e-14,PGF,protein_coding,Up
ENSG00000104321,37.29372387856525,2.2114934836022324,0.28182540396842526,7.847033845997788,4.259923146886989e-15,1.8421478088456855e-14,TRPA1,protein_coding,Up
ENSG00000234134,5.671394406140628,1.617882153340535,0.20620321693615673,7.846056804445747,4.293225384269932e-15,1.8562445217773093e-14,AL158835.2,lncRNA,Up
ENSG00000287590,4.58931825193295,3.873868773206866,0.49377802999512915,7.845364795280744,4.316967278906274e-15,1.8661689492398197e-14,AC090820.2,lncRNA,Up
ENSG00000257543,10.58187120891196,1.2314317080977621,0.1569633282733999,7.845346563707195,4.317594523819545e-15,1.8661689492398197e-14,AC063948.1,lncRNA,Up
ENSG00000189149,15.33216513033074,1.46113062519574,0.1862876410886918,7.843411493412457,4.384681972252228e-15,1.894855188598677e-14,CRYM-AS1,transcribed_unitary_pseudogene,Up
ENSG00000261790,19.118531403949593,1.1274413105816274,0.14376779617616695,7.842099138809284,4.430763254431952e-15,1.9144556286968798e-14,AC005606.2,lncRNA,Up
ENSG00000099834,97.29000958709109,2.7051674714584673,0.34521630492982913,7.836152096026683,4.6456310611570715e-15,2.0063100406602026e-14,CDHR5,protein_coding,Up
ENSG00000196668,37.25017860600495,1.529106042786094,0.19514627154660755,7.835691815515377,4.662682421035625e-15,2.0133442843083254e-14,LINC00173,lncRNA,Up
ENSG00000228271,7.152777499513584,3.9404385230260446,0.5032715215631209,7.82964732593523,4.8924039095493e-15,2.111155148008755e-14,LINC02048,lncRNA,Up
ENSG00000179008,16.715290705842126,2.608219598742723,0.3332074375702133,7.827615186990297,4.972110370360065e-15,2.143795789182389e-14,C14orf39,protein_coding,Up
ENSG00000121380,160.40211832814344,1.3933503599967865,0.178085721413821,7.824043100901016,5.115328083186917e-15,2.203384540242388e-14,BCL2L14,protein_coding,Up
ENSG00000239264,37.86958407009997,1.0974015453294523,0.14026062691413024,7.824017113521806,5.11638474764692e-15,2.203479761480472e-14,TXNDC5,protein_coding,Up
ENSG00000228719,10.90763626224338,2.5442411347727107,0.3252365985513385,7.822739341467756,5.168605693258965e-15,2.225606337871308e-14,AL022313.2,lncRNA,Up
ENSG00000233818,22.45780913550766,1.5936818243618687,0.20375105783079384,7.821710676394869,5.211026864809186e-15,2.24350658653091e-14,AP000695.2,lncRNA,Up
ENSG00000115386,53.666317376939126,5.026440232404576,0.6426980657683291,7.82084232102923,5.2471036524701094e-15,2.257196138917403e-14,REG1A,protein_coding,Up
ENSG00000260048,7.875472179577623,2.811334084790508,0.3594661491859184,7.820859046553689,5.246406455270381e-15,2.257196138917403e-14,IGHV1OR16-3,IG_V_pseudogene,Up
ENSG00000254174,36.3776565572813,2.2168358541391173,0.2835604212088993,7.8178606333285545,5.37286273608694e-15,2.3105412646870942e-14,IGHV1-12,IG_V_pseudogene,Up
ENSG00000286984,6.733920586277198,3.635863148871141,0.4650894731365029,7.817556317392765,5.385863570182547e-15,2.3153769537938335e-14,AC090578.3,lncRNA,Up
ENSG00000174990,8.575269363109843,2.7324952065342356,0.3496422211512656,7.815117972700663,5.491157540050075e-15,2.3594887458223962e-14,CA5A,protein_coding,Up
ENSG00000153531,370.4893009429374,1.2608608800257723,0.16134633943032806,7.8146234025360855,5.512760222065455e-15,2.3683852566938095e-14,ADPRHL1,protein_coding,Up
ENSG00000278200,3.934475467334451,3.329932151417654,0.4261523569486999,7.8139475169405435,5.5424180501742185e-15,2.380351204936387e-14,LINC01971,lncRNA,Up
ENSG00000280179,4.293145438754802,3.44929686812157,0.4414342738572488,7.813840185044184,5.547142197590409e-15,2.3817060633836045e-14,CU639417.5,lncRNA,Up
ENSG00000185697,351.805934487269,1.1656208906055807,0.1491878516846457,7.813108624082059,5.579447149309802e-15,2.3946943575406816e-14,MYBL1,protein_coding,Up
ENSG00000203724,181.56501514903337,1.083909175133142,0.13873162078879314,7.812992949770981,5.584572131635168e-15,2.396503939971023e-14,C1orf53,protein_coding,Up
ENSG00000228221,489.2706121980291,1.4826310817035162,0.18977995718084142,7.812369144391345,5.612289981168077e-15,2.407614882111635e-14,LINC00578,lncRNA,Up
ENSG00000171847,89.8922401550731,1.5233649501228472,0.19500604340901645,7.811885844623069,5.633857737816802e-15,2.416081127764337e-14,FAM90A1,protein_coding,Up
ENSG00000262410,26.726062312038422,1.3503272735196392,0.17286596376542257,7.811412056522707,5.655080214422047e-15,2.4243938425346997e-14,AC024361.1,lncRNA,Up
ENSG00000233270,12.412039552250882,1.2657377004412254,0.16203673233051874,7.811424497621954,5.654521933243149e-15,2.4243938425346997e-14,SNRPEP4,processed_pseudogene,Up
ENSG00000136425,238.94364731626058,1.285251652710794,0.16453606663906292,7.811367312737614,5.657088492987811e-15,2.4248605910287478e-14,CIB2,protein_coding,Up
ENSG00000271969,4.1106475114386045,2.304069528550461,0.29497064527680655,7.811182453048079,5.66539317374976e-15,2.4280256458927543e-14,U47924.1,lncRNA,Up
ENSG00000189238,17.315010534172238,1.9638673468051433,0.2514718053218517,7.809493172769983,5.741840837137946e-15,2.4599893237258753e-14,LINC00943,lncRNA,Up
ENSG00000227674,23.96337786167302,4.413699513408006,0.5655148423834406,7.804745662918163,5.962166068571716e-15,2.5527247804552065e-14,LINC00355,lncRNA,Up
ENSG00000280027,78.62584179120667,1.3724124851049964,0.17588063890349118,7.803090173319552,6.0409352042768575e-15,2.5851908688214985e-14,AC007342.9,TEC,Up
ENSG00000173621,510.6754915717615,1.2235797005111684,0.15686071754469666,7.8004214162957375,6.170078020885068e-15,2.640028515507695e-14,LRFN4,protein_coding,Up
ENSG00000279233,97.761850137527,1.2558005136472254,0.16102451337538287,7.798815766141666,6.249081756723775e-15,2.6729648974015562e-14,AC122688.3,TEC,Up
ENSG00000287245,13.631576696475868,2.5273911421577773,0.32409149985223823,7.7983876260564715,6.270315391210149e-15,2.6816123397050213e-14,AP001981.2,lncRNA,Up
ENSG00000224409,5.222548383601104,4.112780792352913,0.5274030403829346,7.798174218652061,6.280925850503435e-15,2.685714523719403e-14,AC114489.1,lncRNA,Up
ENSG00000216624,8.158492113390915,1.7040300836691145,0.2185189863045246,7.798087079236241,6.285263437881848e-15,2.687133541779253e-14,GAPDHP72,transcribed_processed_pseudogene,Up
ENSG00000272872,10.931429440680798,2.1211625091450026,0.27205217294467565,7.7968960372037195,6.344847007482895e-15,2.7117279673796423e-14,AP000525.1,lncRNA,Up
ENSG00000246174,79.52726403679911,1.0032240739545792,0.12873456824324297,7.792965694023963,6.545439741250985e-15,2.7947416770853055e-14,KCTD21-AS1,lncRNA,Up
ENSG00000153923,4.225054039893103,2.8982911676556316,0.3719374149130178,7.792416281468842,6.573972810097683e-15,2.8060159113349936e-14,CLCA3P,transcribed_unprocessed_pseudogene,Up
ENSG00000256802,152.16099148479861,1.5361387757937397,0.19714694661960847,7.791846651105848,6.603685132076182e-15,2.8177860345121184e-14,AC022613.1,lncRNA,Up
ENSG00000273619,66.79210323443259,1.2178610168100263,0.15632063242253244,7.790788700996075,6.659219687050759e-15,2.840103883996903e-14,AL121832.2,lncRNA,Up
ENSG00000134538,8.31439785978885,4.938895798710924,0.6340285126921984,7.789706140721479,6.716521907716e-15,2.863153616334803e-14,SLCO1B1,protein_coding,Up
ENSG00000198431,18703.123656417003,1.5623016482688257,0.2006114722606361,7.787698433512666,6.824081687411121e-15,2.908064545847306e-14,TXNRD1,protein_coding,Up
ENSG00000233559,60.893092928074694,2.00335345271434,0.25726184025601806,7.7872157437755725,6.8501927863216825e-15,2.918720048074047e-14,LINC00513,lncRNA,Up
ENSG00000100593,10.635071740966115,2.8543437726953833,0.3665578580720988,7.786884689112184,6.868158012435634e-15,2.925429281019668e-14,ISM2,protein_coding,Up
ENSG00000230107,13.354471915050802,1.805133265552216,0.23181695616254763,7.7868905512091855,6.867839493149074e-15,2.925429281019668e-14,AL022316.1,lncRNA,Up
ENSG00000172020,33.630975761054714,2.2765846678121737,0.2924625998776266,7.78419076068103,7.016082917607293e-15,2.9869891271763696e-14,GAP43,protein_coding,Up
ENSG00000128714,16.511525197625165,6.504921317286899,0.8358574921924371,7.7823329671001975,7.119917650252653e-15,3.02972774628308e-14,HOXD13,protein_coding,Up
ENSG00000275620,19.233913961798397,2.2743872086065795,0.29227898095087856,7.781562674152136,7.16341265894466e-15,3.04768564485285e-14,FLJ16779,lncRNA,Up
ENSG00000131094,26.296911455498073,2.1825473496364047,0.28047739015456563,7.781544702885482,7.164430531832695e-15,3.04768564485285e-14,C1QL1,protein_coding,Up
ENSG00000261377,77.27611501065469,1.7546690679244488,0.22549420174338541,7.781437635018567,7.170497689820408e-15,3.049774581944583e-14,PDCD6IPP2,transcribed_unprocessed_pseudogene,Up
ENSG00000268041,53.96798012558378,1.385654376361145,0.1781269938154345,7.779025214992876,7.308549543867866e-15,3.107488737049268e-14,ERFL,protein_coding,Up
ENSG00000148702,991.8233780953519,2.228465581798087,0.28650272796961146,7.7781653165775575,7.35838734239716e-15,3.127670441957014e-14,HABP2,protein_coding,Up
ENSG00000197061,7.567501293058718,2.7334768640087326,0.3514334210696492,7.778078862530823,7.363416493399034e-15,3.1293036733429903e-14,H4C3,protein_coding,Up
ENSG00000113327,17.96035855935098,5.308311485331451,0.6826394854935084,7.776156519123491,7.476119869734401e-15,3.1751535024141755e-14,GABRG2,protein_coding,Up
ENSG00000277534,168.66389452527858,1.1743195173051322,0.15106992237993094,7.773350901391184,7.643661297736603e-15,3.242653610381503e-14,AC007996.1,lncRNA,Up
ENSG00000267015,9.103744021828966,2.7264867720955133,0.35092959850278244,7.7693269069576525,7.890428645754748e-15,3.3457244474763265e-14,AC023090.1,lncRNA,Up
ENSG00000214770,9.271344829892051,1.4189109130953192,0.18264765214926368,7.768569135155125,7.937767755328615e-15,3.365256201093498e-14,AL161756.1,lncRNA,Up
ENSG00000162374,36.55775211728489,1.7789624210776926,0.22900624253253013,7.768183091449975,7.96199183101708e-15,3.374983516860961e-14,ELAVL4,protein_coding,Up
ENSG00000251365,41.91511899275732,1.4116961666857502,0.18175158352720905,7.767173959584307,8.025658625336883e-15,3.400877678774443e-14,LINC02236,lncRNA,Up
ENSG00000280367,14.659844438027335,1.4325038116947202,0.18446804302455602,7.765593368950242,8.126387470248305e-15,3.443008316041899e-14,AP002364.1,TEC,Up
ENSG00000261207,14.950104708709041,1.45404076197423,0.18724527723528464,7.7654335716416645,8.136640121065452e-15,3.446798393453751e-14,AL031717.1,lncRNA,Up
ENSG00000075213,1079.6161560538492,1.7450308227679225,0.22473293194975164,7.764909253077767,8.17037007747769e-15,3.4599752520168084e-14,SEMA3A,protein_coding,Up
ENSG00000135925,269.1448467293416,1.7553105201740393,0.22607256993635858,7.7643675244111865,8.205364584089178e-15,3.474236738638915e-14,WNT10A,protein_coding,Up
ENSG00000149922,158.46289729585664,1.1467800388469567,0.14770144522116338,7.764176153657841,8.217761948742244e-15,3.4783689018994057e-14,TBX6,protein_coding,Up
ENSG00000154102,141.19367701821653,1.719473964677891,0.2214697531507334,7.763922342513331,8.234232763694376e-15,3.4847812225745574e-14,C16orf74,protein_coding,Up
ENSG00000103742,167.40590526190442,1.1937676720165111,0.15376418906326547,7.763626103639396,8.253497976456352e-15,3.492373903067298e-14,IGDCC4,protein_coding,Up
ENSG00000279048,30.384221767852175,1.2536559671433156,0.16150030235866505,7.762561114957892,8.323124168645471e-15,3.521270404735778e-14,AC080080.1,TEC,Up
ENSG00000261136,25.433143294865076,1.275372420456968,0.16431728520110445,7.76164491091772,8.38348553890254e-15,3.545669826156535e-14,AC023908.3,lncRNA,Up
ENSG00000189410,26.601337482505073,2.370022088110908,0.30547205971851515,7.758556020785744,8.590179822461481e-15,3.629595287907535e-14,SH2D5,protein_coding,Up
ENSG00000272456,6.423687626154059,2.0769919699324926,0.2677198023993348,7.7580812152043235,8.62239320097672e-15,3.6426226964074997e-14,AC087045.2,lncRNA,Up
ENSG00000143369,3656.3962415494866,1.6624128387192767,0.21430868481332677,7.75709505271482,8.68968016180912e-15,3.6698729318851134e-14,ECM1,protein_coding,Up
ENSG00000106853,2938.209184249972,1.3786465173269826,0.17776783258464782,7.755320505865489,8.812063512962373e-15,3.717985837389084e-14,PTGR1,protein_coding,Up
ENSG00000228705,7.964120982992516,3.3379135679957193,0.4306401310291389,7.751050883295088,9.11351562357199e-15,3.842100831232509e-14,LINC00659,lncRNA,Up
ENSG00000178222,537.4908163212111,1.7139555172598535,0.22115014853213194,7.750189310909845,9.1755652642211e-15,3.8676415603822e-14,RNF212,protein_coding,Up
ENSG00000256417,40.976139295402014,3.210663150639208,0.41427440494008855,7.750088135673086,9.18287903298884e-15,3.870105803099181e-14,AC006206.2,lncRNA,Up
ENSG00000134207,10.789987666500709,2.1856673210793285,0.2821961919809379,7.745204872314395,9.542785517124796e-15,4.0172933283298356e-14,SYT6,protein_coding,Up
ENSG00000166603,5.068638719024699,2.8219054558308043,0.3643836870074112,7.744324338464169,9.609143936347395e-15,4.04393752954805e-14,MC4R,protein_coding,Up
ENSG00000288009,18.490419311710454,1.3469091699589408,0.17393571841237954,7.743718094552552,9.655095173162455e-15,4.062627408908472e-14,AL353135.2,lncRNA,Up
ENSG00000152670,5.016546275885121,2.7096608607406485,0.35002500842935724,7.741335034600871,9.837828076983371e-15,4.137536306061427e-14,DDX4,protein_coding,Up
ENSG00000211647,23.359077207163665,2.3445563163295047,0.30288235306196015,7.7408151799780915,9.87814042076456e-15,4.15382814376593e-14,IGLV5-48,IG_V_gene,Up
ENSG00000224272,25.186040824285943,2.192488517569257,0.2832586261524966,7.740235654425922,9.923271605984453e-15,4.1714757253277547e-14,AC131097.2,lncRNA,Up
ENSG00000249937,5.933952454530292,3.592484529466418,0.46418036773561105,7.739415061846463,9.987523414141882e-15,4.1964785282173585e-14,LINC02223,lncRNA,Up
ENSG00000145526,26.28121773852614,4.166050799163455,0.5383022092714554,7.73924150302455,1.00011653051353e-14,4.201541008386456e-14,CDH18,protein_coding,Up
ENSG00000287354,5.089981764438401,4.178412122877136,0.540044460881314,7.737163188486862,1.016595418093569e-14,4.2694093287350556e-14,AL034351.4,lncRNA,Up
ENSG00000106976,622.5514142963689,1.1565486213601914,0.1494909641221968,7.736578783549795,1.0212770807189345e-14,4.287022702731344e-14,DNM1,protein_coding,Up
ENSG00000233966,18.875274635900393,1.6005760120432946,0.2069245165254518,7.73507189442399,1.0334468630735383e-14,4.337417440593539e-14,UBE2SP1,processed_pseudogene,Up
ENSG00000141655,457.01694308957786,1.1466910088817852,0.14825187348794797,7.734748856141806,1.0360742676507135e-14,4.347752774976021e-14,TNFRSF11A,protein_coding,Up
ENSG00000287697,5.3268361721858435,1.8044999685154515,0.23335147885306004,7.732969927530366,1.05066123433561e-14,4.406160424527677e-14,Z99127.3,lncRNA,Up
ENSG00000267470,55.88976625899747,1.6284729933599225,0.21059522859288596,7.732715523712171,1.052763760083753e-14,4.4135739830538256e-14,ZNF571-AS1,lncRNA,Up
ENSG00000225783,795.9601007086492,1.7799034293199665,0.2302433088179076,7.73053270671869,1.0709746931263716e-14,4.485642099387297e-14,MIAT,lncRNA,Up
ENSG00000100285,306.89057458824885,2.3749696335462653,0.30722383301864614,7.7304212053175005,1.07191320936018e-14,4.4888599858389633e-14,NEFH,protein_coding,Up
ENSG00000253818,119.04623279753342,2.5220616074980287,0.3263128770210883,7.72896745761902,1.0842238346627093e-14,4.5382511936596264e-14,IGLV1-41,IG_V_pseudogene,Up
ENSG00000261761,18.662096298550775,6.278893958479689,0.8125441642497307,7.7274494541196495,1.0972270752616509e-14,4.591221512956162e-14,LINC02616,lncRNA,Up
ENSG00000104848,5.845773970787782,2.5109734618572825,0.3250074583947127,7.725894889488271,1.1107025313271854e-14,4.646870657004265e-14,KCNA7,protein_coding,Up
ENSG00000242948,6.459472500134847,3.0317801255273915,0.39244197787886964,7.72542260110404,1.1148286347228687e-14,4.6633932578746905e-14,EPS15P1,transcribed_processed_pseudogene,Up
ENSG00000272583,11.947070597157603,1.7629828987086786,0.2282324685715909,7.7245052368860225,1.122886249106688e-14,4.6963537492376473e-14,AL592494.2,lncRNA,Up
ENSG00000169548,9.425475929139948,5.020854382520439,0.6500634267936627,7.723637687610003,1.1305590279148934e-14,4.726944912972212e-14,ZNF280A,protein_coding,Up
ENSG00000283654,8.320727068458796,3.4064548244481356,0.44105205463001246,7.7234756956426045,1.1319974223272188e-14,4.7322086282131834e-14,LMLN2,protein_coding,Up
ENSG00000286168,4.410912756581037,1.925209189461855,0.24927352668541902,7.723279784505364,1.1337394052604383e-14,4.7372378571886795e-14,AC024937.3,lncRNA,Up
ENSG00000107807,6.414009988116609,4.660858653076746,0.6036135484109122,7.721593833251484,1.1488398124115968e-14,4.798052875086127e-14,TLX1,protein_coding,Up
ENSG00000287252,101.71952584639294,1.7676635038749369,0.22894391746606446,7.7209454762516305,1.1546994316591377e-14,4.821761522225093e-14,AL009179.1,lncRNA,Up
ENSG00000283167,3.363810003192673,3.334819258863508,0.43196416749283084,7.720129376052597,1.1621168744670337e-14,4.8519667478935525e-14,AC140479.5,unprocessed_pseudogene,Up
ENSG00000122728,6.699544992716129,2.792566564222785,0.3617368992685718,7.719883069350473,1.1643647246722353e-14,4.86058220509844e-14,TAF1L,protein_coding,Up
ENSG00000197977,94.80070978708939,1.6379842195104213,0.21221021988367425,7.718686783361816,1.1753432959099565e-14,4.904858793028257e-14,ELOVL2,protein_coding,Up
ENSG00000224805,33.63277905515299,1.2763031836906353,0.16540169530548465,7.716385139423137,1.1967532474943873e-14,4.9934150532321186e-14,LINC00853,lncRNA,Up
ENSG00000110427,100.82422179762618,1.8441965109030252,0.23902596207532198,7.715465277875886,1.2054167491397141e-14,5.027972109271475e-14,KIAA1549L,protein_coding,Up
ENSG00000188916,68.21324810161211,1.8752313510078682,0.24306440081106806,7.714956796431371,1.2102322176899881e-14,5.047259778662816e-14,INSYN2A,protein_coding,Up
ENSG00000128886,6.678235993141911,1.4791130147488274,0.1918010726353445,7.7117035604954225,1.241492385622611e-14,5.175992760295375e-14,ELL3,protein_coding,Up
ENSG00000173404,49.174582409957566,2.9879145776108507,0.3874822647320847,7.711100222036672,1.2473765475568433e-14,5.199702744083774e-14,INSM1,protein_coding,Up
ENSG00000169851,1140.5854929782067,1.608782934727015,0.20872027824621414,7.707842037414474,1.2796299462203185e-14,5.3316229549422976e-14,PCDH7,protein_coding,Up
ENSG00000267114,8.610395569081598,1.4664095696686883,0.19033940839528907,7.704182659973961,1.3168338017740538e-14,5.480572498860764e-14,AC011481.1,lncRNA,Up
ENSG00000121207,199.2149411041567,1.6881263812544374,0.2191846876679598,7.701844500249759,1.3411603508225351e-14,5.579176281935676e-14,LRAT,protein_coding,Up
ENSG00000232671,9.50567526220204,1.293567133240774,0.1679691252223584,7.701219682655029,1.347735564655916e-14,5.604760580346398e-14,ZNF687-AS1,lncRNA,Up
ENSG00000248131,29.40446910169756,5.771203843967326,0.7494872723005384,7.700202601510116,1.358506629069909e-14,5.648662852187559e-14,LINC01194,lncRNA,Up
ENSG00000276404,3.140845065044426,2.4357737144848786,0.3163358030822348,7.699962162840207,1.361065268157703e-14,5.6575175159707795e-14,MIR6835,miRNA,Up
ENSG00000115596,12.45479687466081,1.8847526376527244,0.2448880000639187,7.696386254780885,1.3996828268984509e-14,5.813456630227145e-14,WNT6,protein_coding,Up
ENSG00000229431,27.862549089067706,1.0840354552933482,0.14086464617597494,7.695582140171059,1.4085141219048955e-14,5.849215337737338e-14,MED8-AS1,lncRNA,Up
ENSG00000158716,2481.733066492156,1.047963067885578,0.1362160034180453,7.69339168371716,1.432850131144067e-14,5.948345756135739e-14,DUSP23,protein_coding,Up
ENSG00000229282,5.5316054627664455,1.6366534602478853,0.21277336138882297,7.692003592766754,1.4484854991728688e-14,6.010474054002919e-14,AL031963.2,lncRNA,Up
ENSG00000273373,187.53887643307513,1.1319030667851215,0.14717554876832611,7.6908363940730915,1.4617625772033865e-14,6.063658826624713e-14,AL355488.1,lncRNA,Up
ENSG00000256967,55.66861132475967,1.1541609044016572,0.1501712045861898,7.685633924173751,1.5224125412404584e-14,6.306317736806612e-14,AC018653.3,lncRNA,Up
ENSG00000225380,5.438547842674191,3.022008850390106,0.3933670777434452,7.682414267421398,1.561180210109392e-14,6.464874708006385e-14,IGKV1OR9-2,IG_V_pseudogene,Up
ENSG00000231407,24.86702549151411,1.1624812032356893,0.15131852634747883,7.682345521699285,1.562018474916364e-14,6.467330378951879e-14,GORAB-AS1,lncRNA,Up
ENSG00000105767,1151.484675254718,1.0176127397578834,0.13249485027770216,7.680394654018787,1.5859922414636768e-14,6.562469073810946e-14,CADM4,protein_coding,Up
ENSG00000171060,9.753809392000672,4.57143533564229,0.5953273507284245,7.678859924794015,1.6051062586837688e-14,6.639474830037801e-14,C8orf74,protein_coding,Up
ENSG00000234261,7.5840533847672145,2.1098132894716097,0.274926712760208,7.674093463998152,1.665925829373399e-14,6.888891974372985e-14,AL138720.1,lncRNA,Up
ENSG00000230479,25.58536368612164,1.4697411711235837,0.1915293708563835,7.673711684802929,1.6708942255128765e-14,6.908353829848629e-14,AP000695.1,lncRNA,Up
ENSG00000279114,6.2025398953989335,2.1683451208658746,0.2826867128950994,7.6704882895239335,1.7134281138496883e-14,7.081990495645185e-14,Z99129.3,TEC,Up
ENSG00000260589,19.657684854209965,1.2806538666056544,0.16696023301003307,7.670412549847703,1.7144402286580267e-14,7.085063286273651e-14,STAM-AS1,lncRNA,Up
ENSG00000253451,186.18259240165904,1.9690055964371,0.2567879605810419,7.667826762523334,1.7493493426737878e-14,7.225930790461745e-14,IGLV2-28,IG_V_pseudogene,Up
ENSG00000283178,5.584561862015025,3.9689305128402985,0.5177364814536891,7.6659278513587115,1.7754297788465225e-14,7.331362866924961e-14,BX119927.1,unprocessed_pseudogene,Up
ENSG00000231066,5.69954910692934,1.5292834533991952,0.19949860055049468,7.665634992823528,1.7794859203309365e-14,7.346961596857178e-14,NPM1P9,processed_pseudogene,Up
ENSG00000262903,42.8636853621557,1.3627837085063106,0.17778967119796765,7.6651455583651975,1.786285030635518e-14,7.373878562595274e-14,AC027796.4,lncRNA,Up
ENSG00000233384,10.677027148497062,2.3726322222064744,0.30962564923762365,7.662905925424759,1.81772495986464e-14,7.498968584422804e-14,CNIH3-AS2,lncRNA,Up
ENSG00000277744,23.71894224476457,1.2559193069404317,0.1639104971757633,7.662226206255072,1.8273740743867907e-14,7.537596487029511e-14,AC011462.4,lncRNA,Up
ENSG00000262979,37.38064630098095,1.6594252885450278,0.21658251686124086,7.661861689455669,1.8325693979158852e-14,7.557844076171707e-14,AC124319.1,lncRNA,Up
ENSG00000281990,578.1162663348471,3.1251071399954298,0.4079122423498794,7.661224193695382,1.8416903404885205e-14,7.594272756635228e-14,IGHV1-69-2,IG_V_gene,Up
ENSG00000227640,106.40547361776127,2.2218110477495796,0.29001905630923214,7.660913996563656,1.8461446099492023e-14,7.610260022566901e-14,SOX21-AS1,lncRNA,Up
ENSG00000124256,265.8497463438727,1.2239775543628573,0.15988614141367152,7.6553073552264586,1.9285044333354877e-14,7.934882494469778e-14,ZBP1,protein_coding,Up
ENSG00000228232,296.02193828613883,1.7650492043596495,0.23066321957946423,7.652061770305709,1.9778218409677314e-14,8.135261573283274e-14,GAPDHP1,processed_pseudogene,Up
ENSG00000134757,47.07228101523488,3.2504828629154545,0.42499014417764064,7.648372338622499,2.035391433226534e-14,8.368143450917322e-14,DSG3,protein_coding,Up
ENSG00000277399,24.926788759288602,1.3731374977368809,0.17954449147168253,7.647895440743443,2.042952192331065e-14,8.397918832699951e-14,GPR179,protein_coding,Up
ENSG00000196696,129.11994998621822,1.1962553543596215,0.156485783223064,7.644498622947806,2.097610548262819e-14,8.618571230553215e-14,PDXDC2P-NPIPB14P,lncRNA,Up
ENSG00000236683,3.4384308185356423,2.544178386941755,0.33284943406590184,7.6436314037356174,2.1117939627853212e-14,8.672793458752363e-14,HMGA1P1,processed_pseudogene,Up
ENSG00000275720,6.9783357971599305,1.7631823434225276,0.23077262085822955,7.640344581889125,2.166411588143016e-14,8.88464596879181e-14,AC243830.2,lncRNA,Up
ENSG00000180573,2618.0337522902832,1.1806415957836278,0.1545536820616994,7.639038941254753,2.1884911581260066e-14,8.972405447727424e-14,H2AC6,protein_coding,Up
ENSG00000129990,58.72624530120402,2.514513900532575,0.3292478115106097,7.637146892475387,2.2208807473543417e-14,9.102366382924151e-14,SYT5,protein_coding,Up
ENSG00000168070,33.46434848256177,2.5340597413149526,0.33181633460629134,7.636934885444022,2.2245392993837847e-14,9.115944261810473e-14,MAJIN,protein_coding,Up
ENSG00000134339,175.28339605173576,2.2841055380158077,0.29913125440025645,7.635797010229934,2.2442768564851504e-14,9.193969349932175e-14,SAA2,protein_coding,Up
ENSG00000286122,9.655624126397122,1.736802281575708,0.22751809290366903,7.633688641681208,2.281304916342325e-14,9.339855712458796e-14,AC016074.2,lncRNA,Up
ENSG00000196155,1045.365787994471,1.183892864016061,0.15509998366220903,7.633094704861166,2.291843933009256e-14,9.381546804323824e-14,PLEKHG4,protein_coding,Up
ENSG00000197238,6.562457174538343,1.9476989702081502,0.25516976487654014,7.6329535795532575,2.2943551415920102e-14,9.390368630107296e-14,H4C11,protein_coding,Up
ENSG00000279926,32.536090156988244,1.2726704497781867,0.16675059018124333,7.632179582662377,2.3081759822915907e-14,9.445468754349666e-14,AL138831.3,TEC,Up
ENSG00000231990,20.26038161525628,3.6095859076660264,0.47306876514904017,7.630150569185914,2.3447968876455146e-14,9.593839243942936e-14,AL442224.1,lncRNA,Up
ENSG00000144355,5.895010438573882,2.832983290457526,0.3713342216980018,7.629200663227671,2.362137214230479e-14,9.659040093620364e-14,DLX1,protein_coding,Up
ENSG00000225693,3.837067866772889,2.003012123289629,0.2625679922984016,7.628546441461375,2.3741531798970613e-14,9.704916966964116e-14,LAGE3P1,processed_pseudogene,Up
ENSG00000205628,40.71464942309862,4.5019625918575805,0.5901821951763289,7.628089475848265,2.3825818236186826e-14,9.737861545075117e-14,LINC01446,lncRNA,Up
ENSG00000256209,9.225231141506832,3.2295655646504264,0.4234103023780232,7.627508226682334,2.393345394215346e-14,9.777307210760446e-14,AC073578.1,lncRNA,Up
ENSG00000168081,48.77384360574178,1.5729798956331058,0.206244344051619,7.6267783384130965,2.406929223739256e-14,9.829754317795289e-14,PNOC,protein_coding,Up
ENSG00000233246,4.077624118034554,2.4151633967172477,0.31678409337246394,7.624004636740333,2.4592452822850236e-14,1.0037192090056659e-13,PHC2-AS1,lncRNA,Up
ENSG00000265194,24.857810801497898,1.682791495879009,0.2207396467718224,7.623422074324977,2.4703745586314922e-14,1.0081054953746897e-13,AL359922.2,lncRNA,Up
ENSG00000267383,180.2274344986637,2.0715540723242682,0.2717734932248036,7.622355100726233,2.4908866324154726e-14,1.0161615175865719e-13,AC011447.3,lncRNA,Up
ENSG00000225269,10.130262470145087,4.5000101359709745,0.5903742878685901,7.6223003413939665,2.4919438626905076e-14,1.01630918153142e-13,LINC00705,lncRNA,Up
ENSG00000101977,18.099845397270364,2.283911391254088,0.29963560356712127,7.622296429611276,2.4920194037854238e-14,1.01630918153142e-13,MCF2,protein_coding,Up
ENSG00000262117,11.627250675917951,4.772336434434645,0.6262462353329963,7.620543110965022,2.5261057863157886e-14,1.0300511765137984e-13,BCAR4,lncRNA,Up
ENSG00000185664,186.21144430612844,1.0262106497191232,0.13466747152541617,7.62033056754499,2.5302688957875492e-14,1.0315892204996548e-13,PMEL,protein_coding,Up
ENSG00000260963,5.753157960207495,4.498599367352039,0.5904415403546037,7.619042800833928,2.5556372067614203e-14,1.0416097858160534e-13,AC026462.3,lncRNA,Up
ENSG00000186790,5.222126334344441,3.096159922394004,0.40638833693421156,7.618722391866348,2.5619878563769946e-14,1.0440367759644776e-13,FOXE3,protein_coding,Up
ENSG00000237592,7.525533716203957,2.436968345285724,0.3198807853879723,7.618364267581777,2.5691044118852312e-14,1.0467750825311117e-13,IGKV1OR10-1,IG_V_pseudogene,Up
ENSG00000233491,23.747757773133227,3.9276061806995277,0.5155724318907389,7.617952275485269,2.5773154676858437e-14,1.0499584255040275e-13,AC008163.1,transcribed_unitary_pseudogene,Up
ENSG00000229140,16.121199933956035,2.0582909335123585,0.27022460476421456,7.616963434208102,2.597128674753988e-14,1.0578665918020183e-13,CCDC26,lncRNA,Up
ENSG00000254340,7.848894716097302,1.6685674515621602,0.21907090946834612,7.616563310991567,2.6051883676579406e-14,1.0609855946739751e-13,AC022784.5,lncRNA,Up
ENSG00000272071,4.216909377145261,2.5351189763882807,0.3329172176825643,7.614862920083363,2.63971468509871e-14,1.0743830258690073e-13,AC122710.2,lncRNA,Up
ENSG00000223599,12.673291887433331,1.717443411653333,0.2255578007324632,7.614205343713264,2.6531870640180803e-14,1.0795331411534759e-13,AL513523.1,processed_pseudogene,Up
ENSG00000256499,12.661224249391719,2.9711301298966504,0.3902549145195238,7.613306122114215,2.671719785687296e-14,1.086738404266142e-13,LINC02468,lncRNA,Up
ENSG00000101276,496.7952784063265,1.125907608806235,0.1479046422675535,7.612388573777919,2.6907614523019484e-14,1.0939774822263703e-13,SLC52A3,protein_coding,Up
ENSG00000083857,7563.405135636413,1.0985388678168206,0.14434267781634869,7.610631065155401,2.727608063848025e-14,1.1087871842711949e-13,FAT1,protein_coding,Up
ENSG00000261587,3.5578253035579213,2.7204501734487416,0.3576742461638345,7.605943683746874,2.8283243717590563e-14,1.1481359865037918e-13,TMEM249,protein_coding,Up
ENSG00000258701,119.6760206899771,1.0448805820841958,0.13738750340750924,7.605353879857208,2.8412535791309687e-14,1.1532069706277303e-13,LINC00638,lncRNA,Up
ENSG00000135436,22.327944536103885,1.0257152015301298,0.13492255417134472,7.60225158669561,2.910222521861301e-14,1.1799287807731012e-13,FAM186B,protein_coding,Up
ENSG00000232194,7.842784729311183,2.3956372270151824,0.31514476621681775,7.601703990752611,2.922566272506888e-14,1.1845692069782763e-13,Z99943.1,lncRNA,Up
ENSG00000189052,10.547393196741195,5.579377989375086,0.7339894347124736,7.601441826694278,2.9284941129641947e-14,1.186789453801534e-13,CGB5,protein_coding,Up
ENSG00000244349,8.830628956155069,1.502216790177826,0.1976472127955905,7.600495695992635,2.949985762249742e-14,1.1947646221859268e-13,AL662791.1,lncRNA,Up
ENSG00000100167,351.494905034389,1.5435399253449722,0.20308392769168526,7.600502624158024,2.949827824454959e-14,1.1947646221859268e-13,SEPTIN3,protein_coding,Up
ENSG00000213513,13.898550964244325,1.42642172819309,0.1876790456523228,7.60032492298341,2.953881416146239e-14,1.1961586754265405e-13,IMPDH1P5,processed_pseudogene,Up
ENSG00000109265,255.6525138082544,1.3785826513927504,0.18139273199307931,7.599988358107686,2.9615739127283775e-14,1.1990895759043037e-13,CRACD,protein_coding,Up
ENSG00000286689,13.246157890556804,1.485625681220928,0.19549224208875512,7.599409906744235,2.974841002022029e-14,1.2040914385774507e-13,AC090946.1,lncRNA,Up
ENSG00000117632,6603.00013232419,1.0478121643463105,0.1379232886698596,7.5970648209702185,3.0292282334067336e-14,1.2255407872803862e-13,STMN1,protein_coding,Up
ENSG00000262248,6.29111815706233,1.7050623451561187,0.2244401840319034,7.59695663461829,3.03176075103986e-14,1.2263772205080705e-13,AC027796.2,processed_pseudogene,Up
ENSG00000142224,10.422346889113985,1.9758150655885602,0.2601277392439016,7.59555698031878,3.064713382251436e-14,1.2393266660016926e-13,IL19,protein_coding,Up
ENSG00000271267,15.077116023140016,1.24546123507579,0.16397558524321731,7.5954065553628345,3.0682757927040833e-14,1.2403868259022946e-13,AL353807.4,processed_pseudogene,Up
ENSG00000260852,164.86424532080906,1.0388584186523855,0.13678365201313328,7.594901900649937,3.0802569579848084e-14,1.2448836174219593e-13,FBXL19-AS1,lncRNA,Up
ENSG00000288065,41.060207119955415,1.281039613937916,0.16869519630037078,7.593812047006702,3.106288715775079e-14,1.2549844252334737e-13,AC007881.4,lncRNA,Up
ENSG00000257869,9.742972083467679,5.465984286737152,0.7198065068185201,7.593685573774972,3.1093235745439875e-14,1.2560181167390463e-13,AL139023.1,lncRNA,Up
ENSG00000266401,13.805801946145825,3.151962740027316,0.41515161820682994,7.592317124142817,3.1423480204029134e-14,1.2689696370294766e-13,AP002478.1,lncRNA,Up
ENSG00000252835,8.31320233562496,2.448643322997396,0.32255454428502384,7.591408542778624,3.1644648849680195e-14,1.2771187483410878e-13,SCARNA21,scaRNA,Up
ENSG00000283098,155.4731607529027,1.3442330755072454,0.17717939596014842,7.586847602808135,3.277822242678961e-14,1.3212499623883248e-13,AL132857.1,lncRNA,Up
ENSG00000229618,9.709093026129658,2.588876523714453,0.34124161454733437,7.586637776136018,3.2831322556337753e-14,1.3231881030270924e-13,AC011287.1,lncRNA,Up
ENSG00000183479,40.501030952365305,1.161511415299232,0.15313797147587455,7.584738155436631,3.331591917027265e-14,1.3418982564840227e-13,TREX2,protein_coding,Up
ENSG00000285715,14.507264554773762,1.9301258640034515,0.25449630490756037,7.58410172086594,3.347984260139076e-14,1.348294821928336e-13,AC063960.1,lncRNA,Up
ENSG00000279949,5.133088544403906,2.5387251167349576,0.33476767058733736,7.583543274297841,3.3624332211671464e-14,1.35390691773061e-13,AC022784.6,lncRNA,Up
ENSG00000182871,7002.668756039325,1.0379662408617163,0.1368715171630144,7.5835079670045245,3.363348802394544e-14,1.35406882319304e-13,COL18A1,protein_coding,Up
ENSG00000243004,19.060983815474472,1.697551364438663,0.22385715543469054,7.58319009791008,3.371602763998306e-14,1.3571846265705284e-13,AC005062.1,lncRNA,Up
ENSG00000249312,7.236776352702871,2.7014644261497818,0.35628443522633124,7.582325128611539,3.394164016281788e-14,1.366057770289236e-13,ARL2BPP4,processed_pseudogene,Up
ENSG00000150556,319.98690186762605,2.060740965112261,0.271792308968707,7.5820429685136,3.401555747833119e-14,1.3685374993186015e-13,LYPD6B,protein_coding,Up
ENSG00000228697,5.506833105577419,3.254757504101827,0.42927254048541863,7.582030521731877,3.401882179762394e-14,1.3685374993186015e-13,AL023755.1,lncRNA,Up
ENSG00000187772,22.735632687977148,6.60865977293844,0.8717926505310559,7.580540818866446,3.441174757719753e-14,1.3841332879967953e-13,LIN28B,protein_coding,Up
ENSG00000146700,127.5064638466113,1.4196515319857939,0.18728787501151412,7.580050400478495,3.454207480749046e-14,1.389163508728875e-13,SSC4D,protein_coding,Up
ENSG00000180938,132.63104958904736,1.0311897438158986,0.13604704213452828,7.5796557399331075,3.4647307062868656e-14,1.3931831156569785e-13,ZNF572,protein_coding,Up
ENSG00000185955,10.926056988359525,1.4513067670436817,0.19152135009412946,7.577780578146453,3.515162343098016e-14,1.4128155919447447e-13,C7orf61,protein_coding,Up
ENSG00000238001,5.869304608884614,4.637558375958114,0.6120493460178992,7.577098817490592,3.533676362074572e-14,1.4200403180113756e-13,SNRPCP1,processed_pseudogene,Up
ENSG00000253460,14.687052839532207,2.4861209519000904,0.3281223437948456,7.576810902748234,3.541523797584717e-14,1.4229770309661587e-13,IGKV2OR22-3,IG_V_pseudogene,Up
ENSG00000181315,486.86367414099095,1.148259408530751,0.15159442573746462,7.574549017516898,3.603773090701977e-14,1.4473270850108306e-13,ZNF322,protein_coding,Up
ENSG00000163364,104.32106607344616,2.0049175493629754,0.26473140000481654,7.573402888083914,3.635725184834635e-14,1.4599371573639308e-13,LINC01116,lncRNA,Up
ENSG00000099399,39.99579555320217,5.696852939545591,0.7522659230017248,7.572924368039638,3.649147781956985e-14,1.4648809104917901e-13,MAGEB2,protein_coding,Up
ENSG00000269779,6.6563531138879615,4.768993931799551,0.6297786858158766,7.572491796259082,3.6613234500310505e-14,1.469544891587805e-13,AC010329.2,unprocessed_pseudogene,Up
ENSG00000110811,1096.6735925967998,1.1158845306511993,0.14740091313306772,7.570404463124478,3.720639743018945e-14,1.492898204860158e-13,P3H3,protein_coding,Up
ENSG00000232021,12.93545582640882,1.2789880975122354,0.16894884809716273,7.570268231581474,3.72454375394797e-14,1.4942373161662556e-13,LEF1-AS1,lncRNA,Up
ENSG00000258245,7.000827200620062,2.0705083743335995,0.27353217162805965,7.569524133157582,3.745938709653456e-14,1.5023635554914317e-13,RPL10P13,processed_pseudogene,Up
ENSG00000229896,14.983547519721633,2.0458428968755933,0.2703230007149256,7.568142153886035,3.7859957151745786e-14,1.5175058064926833e-13,AL157373.2,lncRNA,Up
ENSG00000280109,90.22160276923647,2.8541976248608174,0.3772258026067948,7.566284186121594,3.840513869457764e-14,1.5386561947371808e-13,PLAC4,lncRNA,Up
ENSG00000154493,7.327591499261517,3.5586020697475242,0.4704792941129785,7.563780413454242,3.915204633924169e-14,1.567865545885806e-13,C10orf90,protein_coding,Up
ENSG00000112280,13.141304408530255,2.0878422355169457,0.276126070009234,7.561192014383595,3.993921412770528e-14,1.598417174909073e-13,COL9A1,protein_coding,Up
ENSG00000225684,27.00325056404574,1.316773313601038,0.1741832984074391,7.559699039117522,4.0400303978648015e-14,1.6163799361507332e-13,FAM225B,lncRNA,Up
ENSG00000137563,1318.6738342878712,1.4194135277214546,0.18791184325155755,7.553613988136373,4.233436624284685e-14,1.6917066795330679e-13,GGH,protein_coding,Up
ENSG00000270019,9.750992072773368,1.5037877063860665,0.1990825841858336,7.553587434762029,4.23430022880288e-14,1.691795409598969e-13,AC110769.2,lncRNA,Up
ENSG00000250081,4.956884032640776,2.1020803925919833,0.278373676331268,7.551290123030462,4.309676019477793e-14,1.7216506079931738e-13,AC025176.1,lncRNA,Up
ENSG00000271781,47.63664548488181,1.3311946209941286,0.1763334209848061,7.549304116936698,4.3758999236211415e-14,1.747311947090998e-13,AC026740.1,lncRNA,Up
ENSG00000286919,3.5387164511885256,3.700764949636439,0.49023990574831267,7.548885568561606,4.3899836656064526e-14,1.752670238638034e-13,AC133681.1,lncRNA,Up
ENSG00000187715,177.89022985080823,2.0139218597595856,0.2667989608148991,7.548462158954257,4.404276332301131e-14,1.7581103070357377e-13,KBTBD12,protein_coding,Up
ENSG00000173432,726.8145714188292,2.157500429326742,0.28591332440871875,7.545994695380312,4.4884831938848716e-14,1.7909109066839772e-13,SAA1,protein_coding,Up
ENSG00000174963,15.513073235157176,5.399433749391844,0.7155400903082972,7.545955597072759,4.48983015819473e-14,1.7911773263478824e-13,ZIC4,protein_coding,Up
ENSG00000224939,11.48778337166516,2.129069290569549,0.28216909059639556,7.545366808496019,4.510162466255417e-14,1.7987444681662938e-13,LINC00184,lncRNA,Up
ENSG00000232442,180.14607799295487,1.0502044264999049,0.13918516721309251,7.545376044934744,4.509842811553096e-14,1.7987444681662938e-13,MHENCR,lncRNA,Up
ENSG00000286534,9.573145350518711,3.688017246710444,0.48881197633204443,7.544858606748242,4.5277846913845364e-14,1.8052265242184792e-13,AC021683.6,lncRNA,Up
ENSG00000224899,7.003287083491159,4.304444709662152,0.570542263986477,7.544480017284358,4.540956514026653e-14,1.8102044334827338e-13,LINC02830,lncRNA,Up
ENSG00000251211,18.124121314125958,1.140467859368367,0.15116744071799132,7.544401452796661,4.543694633795986e-14,1.810748488638358e-13,AC136632.2,processed_pseudogene,Up
ENSG00000228874,3.8863603671724465,3.5936526197626475,0.47666793287817477,7.53911134332819,4.7318483485429195e-14,1.8837385409280918e-13,AC090954.1,processed_pseudogene,Up
ENSG00000250036,4.701323425073859,2.8944813209256828,0.3840229571028262,7.537261164703377,4.799445382102527e-14,1.9100720604594573e-13,IGKV1D-37,IG_V_gene,Up
ENSG00000243225,5.986599608043582,3.100298358081964,0.41143925719346863,7.535251689957551,4.87393816411539e-14,1.9391332134538752e-13,AC007686.1,processed_pseudogene,Up
ENSG00000263235,16.250849601047467,1.2782518974498047,0.1696797095951085,7.533322048346163,4.946540970740496e-14,1.9677219097665842e-13,AC006111.2,lncRNA,Up
ENSG00000137267,819.0481604914468,1.1167314982106686,0.14830395818968828,7.530018158937554,5.073326688861835e-14,2.0172440407914142e-13,TUBB2A,protein_coding,Up
ENSG00000235313,18.4512596556552,1.0139459945820057,0.13466426376304516,7.529436290285166,5.095984262127625e-14,2.0259476103166813e-13,HM13-IT1,lncRNA,Up
ENSG00000188611,43.19548709624709,1.1188124685411005,0.14862468217810293,7.527770301304211,5.1614084166432325e-14,2.0501030267643024e-13,ASAH2,protein_coding,Up
ENSG00000128652,46.90010447772701,1.8982740820425565,0.25223187237710215,7.525908855818666,5.235485357335172e-14,2.0788999980865606e-13,HOXD3,protein_coding,Up
ENSG00000199400,4.507319699952124,2.9721245340119293,0.39495945426661544,7.525138344974548,5.2664531291621585e-14,2.0902523933775755e-13,RNY4P19,misc_RNA,Up
ENSG00000143340,11.414183375997723,1.767009439027791,0.2348153899890286,7.525100629521565,5.267973573970026e-14,2.0905412061036808e-13,FAM163A,protein_coding,Up
ENSG00000197616,3.747664996039589,3.6865442743038157,0.48995785846890805,7.524206848776889,5.30413164062273e-14,2.1045734481375472e-13,MYH6,protein_coding,Up
ENSG00000271830,7.907309855615397,4.76418599251036,0.6332795530294815,7.52303776384293,5.3517957240814575e-14,2.1228467696153435e-13,AC012213.4,lncRNA,Up
ENSG00000259023,9.013106795340846,3.4726623594704127,0.4616286122824452,7.522632408551143,5.368420350746426e-14,2.1291208399636523e-13,LINC00524,lncRNA,Up
ENSG00000287394,24.5325960116253,6.371176403812777,0.8472751180484908,7.519607584473106,5.4940893004441944e-14,2.177978575657147e-13,AC244102.4,lncRNA,Up
ENSG00000255992,9.111219325820771,1.5102966605612784,0.20086115616937916,7.519107673002232,5.515135220056678e-14,2.1859930219884955e-13,AC131009.1,lncRNA,Up
ENSG00000261787,18.808020838956264,2.440000561412538,0.3245252874289892,7.5186762200971655,5.5333627923941016e-14,2.1925586301342218e-13,TCF24,protein_coding,Up
ENSG00000115616,136.38231764232566,2.2885918760170254,0.3043917809370256,7.5185731657140344,5.537725281973851e-14,2.1939575673925848e-13,SLC9A2,protein_coding,Up
ENSG00000179774,6.867852011745431,2.215275974687716,0.29467711953131454,7.517638214365348,5.577458382379119e-14,2.2090354091819973e-13,ATOH7,protein_coding,Up
ENSG00000265929,5.213078328196861,2.2368993466777964,0.29756413529948594,7.51736879992762,5.588959752887392e-14,2.2129259562108188e-13,MIR5195,miRNA,Up
ENSG00000108813,163.24311102456747,1.2349122469032194,0.1643021630521571,7.5161046206750255,5.6432400527063564e-14,2.2330768335814318e-13,DLX4,protein_coding,Up
ENSG00000261379,6.660938374403928,2.869719936152404,0.38181267228166405,7.516041620628571,5.645958613351683e-14,2.2338173838572224e-13,AC010735.1,lncRNA,Up
ENSG00000203685,420.20126498127684,2.451366631261292,0.32621962858475123,7.514466992363802,5.71432636574592e-14,2.2595109651330022e-13,STUM,protein_coding,Up
ENSG00000171136,8.708760162640289,2.4937217696223555,0.3319495319289723,7.51235211910448,5.807432827940742e-14,2.2959820640599304e-13,RLN3,protein_coding,Up
ENSG00000259261,6.258783109100622,2.5797639849111365,0.34343570669472856,7.511635903380961,5.839300760458595e-14,2.307889104515785e-13,IGHV4OR15-8,IG_V_gene,Up
ENSG00000286540,9.531748281039542,3.163608446077902,0.42124788716092,7.510087391534806,5.908790458541099e-14,2.3346539465347437e-13,AL096854.1,lncRNA,Up
ENSG00000284672,6.077015481519721,2.056201230767001,0.27382791127339384,7.509100227237459,5.953513275390226e-14,2.351619908209111e-13,AC109583.4,lncRNA,Up
ENSG00000230337,8.304657752920658,1.320800069183554,0.1759356980548377,7.50728865026512,6.036452937211673e-14,2.383666725880081e-13,EXOSC10-AS1,lncRNA,Up
ENSG00000204588,94.52563564469774,1.2228194172234983,0.1629175299801903,7.505757160522782,6.107454596225231e-14,2.410620830750776e-13,LINC01123,lncRNA,Up
ENSG00000248498,13.31791444701777,5.717439102816978,0.7620451198896454,7.502756665701029,6.248949260119645e-14,2.465361938799447e-13,ASNSP1,transcribed_unprocessed_pseudogene,Up
ENSG00000168875,35.167990091358675,5.288003028947712,0.7049915421093054,7.5008035034381075,6.342781288280565e-14,2.501258300762053e-13,SOX14,protein_coding,Up
ENSG00000226853,28.336933674286538,1.1439693905697745,0.15254086068070824,7.499429237942223,6.409631262223567e-14,2.526486941477361e-13,AC010894.1,lncRNA,Up
ENSG00000121039,5501.254890170657,1.364496260377319,0.1819548103098122,7.4990941874743955,6.426034241500036e-14,2.532195501320322e-13,RDH10,protein_coding,Up
ENSG00000222345,10.82734258839607,1.3688234365127225,0.1825375375133324,7.498859988799534,6.437524342767134e-14,2.536344194214393e-13,SNORD19C,snoRNA,Up
ENSG00000231031,9.597979119015072,4.802105385719971,0.640410221274757,7.498483356747846,6.456044788365965e-14,2.542121861568023e-13,LINC01804,lncRNA,Up
ENSG00000196139,7835.346551162272,2.1178160111312474,0.2824683210164916,7.497534603208127,6.502931132774914e-14,2.5598192860318626e-13,AKR1C3,protein_coding,Up
ENSG00000258359,10.427173990874675,1.0963606668708081,0.14629550247596307,7.494151551589527,6.672858771902401e-14,2.624359221701213e-13,PCNPP1,processed_pseudogene,Up
ENSG00000252743,9.413002951893308,1.5642985388144857,0.20885495947801022,7.489879784153206,6.893672645019748e-14,2.7107985035665187e-13,RNU6-850P,snRNA,Up
ENSG00000259349,14.640480450634904,1.1804072872118654,0.15761661646714917,7.489104344895569,6.934519507445465e-14,2.726047695458213e-13,AC011921.1,lncRNA,Up
ENSG00000108309,77.39177528569526,1.8066877508757646,0.24135892071507956,7.4854815621608255,7.128526579939378e-14,2.7993930888012125e-13,RUNDC3A,protein_coding,Up
ENSG00000139193,234.096953667971,1.251856922257643,0.16724203210448557,7.4853008331992585,7.138343451694696e-14,2.802830804365532e-13,CD27,protein_coding,Up
ENSG00000115705,26.820491426654648,1.8581875412236144,0.24825874799807376,7.484882430962843,7.161121333280882e-14,2.810518969468922e-13,TPO,protein_coding,Up
ENSG00000225334,8.428259028743575,3.39538683114975,0.4536547804582656,7.484516811924374,7.181084175928186e-14,2.817934370821819e-13,LINC02813,lncRNA,Up
ENSG00000272264,20.56712086214131,1.2208859052639924,0.1631658887645409,7.482482487658992,7.293161568408124e-14,2.860637670071727e-13,AC009686.2,lncRNA,Up
ENSG00000285651,7.303230977838737,2.0247656763417425,0.27062878184505007,7.48170856971537,7.336249163733274e-14,2.877110208918002e-13,AL450992.2,lncRNA,Up
ENSG00000081985,153.38656183401852,1.5960367065591026,0.21345803256301468,7.477051518723889,7.600862350726529e-14,2.978227937424347e-13,IL12RB2,protein_coding,Up
ENSG00000176919,45.47045287172403,1.5598684841947732,0.20867894266035344,7.474968314046044,7.722245875400494e-14,3.0253398266871345e-13,C8G,protein_coding,Up
ENSG00000260658,5.87249706739705,3.7034064650656897,0.49558409799475284,7.4728113352517225,7.8499357621853e-14,3.073994743819815e-13,AC138305.1,lncRNA,Up
ENSG00000181847,413.7145526991317,1.1611786845896763,0.15538860292844964,7.4727403600143925,7.854172469087752e-14,3.0751971493666524e-13,TIGIT,protein_coding,Up
ENSG00000277128,7.458234785128279,2.8480158904752577,0.38113062326820113,7.472545412524127,7.865820989234175e-14,3.079300764342417e-13,AL589743.3,lncRNA,Up
ENSG00000272622,81.0408556262243,1.8409465970088201,0.24638501159987217,7.471828684118605,7.908793179883459e-14,3.095204454638273e-13,AC010735.2,lncRNA,Up
ENSG00000116035,51.53103363875633,1.5097403426187357,0.20206005400856875,7.471740765518713,7.914080294130677e-14,3.096814028138091e-13,VAX2,protein_coding,Up
ENSG00000230701,40.47593805256116,1.0216631025356648,0.1367827054320284,7.469241811738847,8.065819958761879e-14,3.1547860028559883e-13,FBXW4P1,processed_pseudogene,Up
ENSG00000280424,7.936079141194672,1.6122844606673379,0.21590288588027137,7.46763737823045,8.164746896266812e-14,3.1925322605954306e-13,BX537318.2,TEC,Up
ENSG00000258986,24.2749516208753,3.1830138063039293,0.426540805297539,7.462389920897666,8.496699429015303e-14,3.319377243601978e-13,TMEM179,protein_coding,Up
ENSG00000262298,4.310613213242243,1.7169376295775656,0.23008675621957855,7.462131492431671,8.513385867516284e-14,3.325403426550206e-13,AC004584.1,lncRNA,Up
ENSG00000213574,9.112822366897388,1.536676920397249,0.20598147312581772,7.460267649695927,8.63468973345246e-14,3.371786883920352e-13,LDHAP5,processed_pseudogene,Up
ENSG00000283627,4.748435820065655,3.4652173986433237,0.4645175404838266,7.459820343994038,8.664053431942634e-14,3.3827522801351386e-13,AL137785.1,lncRNA,Up
ENSG00000159958,225.4787936291483,1.4998326968122782,0.2010944301325248,7.4583502677019045,8.76125067701013e-14,3.419688874374735e-13,TNFRSF13C,protein_coding,Up
ENSG00000196497,9.724644461882605,1.1601118884588308,0.15558179523219726,7.456604332964713,8.878079886648195e-14,3.4632391510490077e-13,IPO4,protein_coding,Up
ENSG00000232788,15.050471933977727,1.1204358650157356,0.150267976164079,7.456251781765672,8.901855992556061e-14,3.4720003331415964e-13,ITGA6-AS1,lncRNA,Up
ENSG00000277218,7.266351956649176,1.4938514237422351,0.20042930733713413,7.453258426071828,9.106266151352641e-14,3.5506763035807944e-13,AL139123.1,lncRNA,Up
ENSG00000075886,14.885034513663397,1.181038047762119,0.158478159506147,7.4523710487457375,9.167744987782295e-14,3.574119386868999e-13,TUBA3D,protein_coding,Up
ENSG00000186897,5.986080451060944,2.987430400729381,0.4008774522629187,7.452228564778571,9.17765442932402e-14,3.576925026622442e-13,C1QL4,protein_coding,Up
ENSG00000122136,19.936404269857594,3.1312459244138116,0.4201968126121883,7.451855488736723,9.203650933304134e-14,3.5865268968705486e-13,OBP2A,protein_coding,Up
ENSG00000268964,8.402073386676904,4.607281494547068,0.6183897182698497,7.450449705789846,9.302259814433104e-14,3.6244177202511963e-13,ERVV-2,protein_coding,Up
ENSG00000272948,4.369669009907576,1.835913884049541,0.24643925472485792,7.449762360705416,9.350851005577494e-14,3.6422738702670386e-13,AP001412.1,lncRNA,Up
ENSG00000181392,557.6867768962984,1.0121023569993202,0.13589804642120856,7.447512187646644,9.511676509474893e-14,3.7032763849823256e-13,SYNE4,protein_coding,Up
ENSG00000274825,6.533974339802144,1.5688970753032727,0.21069450140084023,7.446312385336014,9.598537472689036e-14,3.735440276782908e-13,AL023803.2,lncRNA,Up
ENSG00000235267,4.91938088700952,1.5821280145357686,0.21250507723112558,7.445130418295881,9.684869405894297e-14,3.76681425123057e-13,AC074117.2,processed_pseudogene,Up
ENSG00000239571,49.75428899790461,2.185077746233839,0.29349340144492136,7.445066006514298,9.689595965320198e-14,3.768096823558378e-13,IGKV2D-30,IG_V_gene,Up
ENSG00000267013,36.479091104178075,2.017600932562077,0.2710511111582185,7.443618009683639,9.796450865575633e-14,3.8085273378332514e-13,LINC01929,lncRNA,Up
ENSG00000283662,2.971389563554998,3.3422203046378636,0.44907933995900184,7.442382686638374,9.888526359599689e-14,3.8437564873620847e-13,AC138904.3,lncRNA,Up
ENSG00000182256,31.167238045881376,3.363662562634047,0.45199232452154636,7.441857704540959,9.927913247002444e-14,3.858497749792991e-13,GABRG3,protein_coding,Up
ENSG00000137501,2026.6883831718167,1.0040029374756818,0.13492204832109075,7.44135558249406,9.965729301498392e-14,3.87262425111277e-13,SYTL2,protein_coding,Up
ENSG00000229261,5.412086851062114,2.9963605549964103,0.4026806638539029,7.4410341095581485,9.99001452054551e-14,3.8814893606421854e-13,AL596223.1,lncRNA,Up
ENSG00000145192,6.041354204250773,3.7755873463182685,0.5074404781667995,7.4404536271093535,1.0034013671733156e-13,3.8980103200295125e-13,AHSG,protein_coding,Up
ENSG00000234937,8.42376204799658,1.7312578248032817,0.23272056420471307,7.439212906343667,1.0128696853585836e-13,3.9342132277074463e-13,AL139128.1,processed_pseudogene,Up
ENSG00000202399,3.929134525480732,1.940311176399166,0.2609439992126334,7.4357378681012705,1.039858637493471e-13,4.0336970095179217e-13,Y_RNA,misc_RNA,Up
ENSG00000170465,20.27721311181178,3.687472488602797,0.49604368224065615,7.433765655367859,1.0554889619158097e-13,4.0919206006644956e-13,KRT6C,protein_coding,Up
ENSG00000242207,7.62404431237709,4.355080585506384,0.5858822943405476,7.433371220764297,1.0586425580242833e-13,4.102940072766072e-13,HOXB-AS4,lncRNA,Up
ENSG00000286060,4.573743311582245,4.425091182173526,0.5954981954380885,7.430906115371402,1.0785624844858988e-13,4.176460017018084e-13,AL365256.1,lncRNA,Up
ENSG00000265480,5.115307620054115,1.575294061866881,0.21200004751999954,7.430630701713742,1.0808107844409714e-13,4.1845515175023364e-13,KRT18P55,transcribed_unprocessed_pseudogene,Up
ENSG00000189280,120.8458259469169,2.3950920979579617,0.3223875166866546,7.429233372847616,1.0922888364186507e-13,4.22774939327166e-13,GJB5,protein_coding,Up
ENSG00000188101,25.356157420944758,3.1072228906383494,0.41825096232554143,7.429087247909005,1.0934960443114283e-13,4.2318008054729035e-13,ALOX15P2,unprocessed_pseudogene,Up
ENSG00000227189,9.64048300716664,2.074862198484182,0.27936938273308504,7.426949145914626,1.1113106118859714e-13,4.298219541717962e-13,AC092535.2,lncRNA,Up
ENSG00000272205,7.411681978563294,1.5160739238883185,0.20418361660572185,7.425051770024499,1.1273581170882503e-13,4.359007851556769e-13,AL451050.2,lncRNA,Up
ENSG00000165568,156.59535727563556,1.3053116669271654,0.17585520367513605,7.422650223865521,1.1479966283794254e-13,4.4375067561368293e-13,AKR1E2,protein_coding,Up
ENSG00000256955,4.182593164917707,3.752447938287392,0.5055499999299453,7.422506060344919,1.1492472924933422e-13,4.441690034156446e-13,AC131009.2,lncRNA,Up
ENSG00000252915,5.441979046706825,1.4989741078852312,0.20197672285507576,7.421519107232912,1.1578454583518445e-13,4.4742650552078167e-13,Y_RNA,misc_RNA,Up
ENSG00000286596,5.475575918097089,2.4523818725383153,0.33046558250225216,7.420990270663366,1.162478571693739e-13,4.4915106132694356e-13,AC098595.1,lncRNA,Up
ENSG00000241456,5.070269360798026,3.4068436835208167,0.4591138149858342,7.420477389960338,1.166989297846988e-13,4.50827831588413e-13,AC005996.1,lncRNA,Up
ENSG00000261656,20.393332234846135,1.5508839696949912,0.20907651232521104,7.417781904084217,1.1909800237153573e-13,4.599610900025479e-13,BEAN1-AS1,lncRNA,Up
ENSG00000271833,18.724133601401157,1.0700984762972756,0.1443099529603076,7.415278394495809,1.2136958713512813e-13,4.685967807837963e-13,AL445222.1,lncRNA,Up
ENSG00000232000,46.13659125713241,1.2637453771498437,0.1704300749967257,7.415037382188108,1.2159050580870122e-13,4.693810039782537e-13,CLCN3P1,transcribed_unprocessed_pseudogene,Up
ENSG00000201772,14.993975841672523,1.2281915397177725,0.1656437490651491,7.414656735611039,1.219402223558627e-13,4.705932479912337e-13,SNORA5C,snoRNA,Up
ENSG00000101076,299.431843827072,2.858460359337777,0.385531022219825,7.414345914056997,1.222265205770161e-13,4.715601093805289e-13,HNF4A,protein_coding,Up
ENSG00000225107,5.861599898780123,3.9651630223158856,0.5349081582109636,7.412792198903154,1.2366758359731092e-13,4.767013856835388e-13,AC092484.1,lncRNA,Up
ENSG00000275371,8.62616933448985,1.5997551425837215,0.215827016306638,7.412209879743953,1.24211972223086e-13,4.786599017277185e-13,AC012645.4,lncRNA,Up
ENSG00000287673,95.34341293049688,3.210866412316852,0.43329866379216314,7.410284592654507,1.260286698969292e-13,4.85518776505774e-13,AC051635.1,lncRNA,Up
ENSG00000179930,6.289679879645601,3.02268945230858,0.40815936274914144,7.405659965630517,1.3049982530252063e-13,5.021567770651494e-13,ZNF648,protein_coding,Up
ENSG00000234715,16.93838918205541,2.660619210497473,0.35937249787184006,7.403513697495869,1.3262747428142563e-13,5.1012055087532e-13,AC005064.1,lncRNA,Up
ENSG00000188985,14.245708647282633,1.2169856473034393,0.16438288877169727,7.403359658642127,1.3278148117440487e-13,5.106384218417758e-13,DHFRP1,processed_pseudogene,Up
ENSG00000144730,362.3909014664992,1.2458362984759341,0.16834866844574914,7.4003335457174035,1.3584285157126608e-13,5.220308941903653e-13,IL17RD,protein_coding,Up
ENSG00000197191,95.40789060464176,1.4210953200146246,0.19211338974022762,7.397169567078094,1.3911785914487634e-13,5.343828034450676e-13,CYSRT1,protein_coding,Up
ENSG00000049249,335.7354109803943,1.327783905072072,0.1795127593299292,7.3965990497183425,1.3971659789145688e-13,5.366045275848701e-13,TNFRSF9,protein_coding,Up
ENSG00000229719,10.672396362152679,2.8257197239344234,0.38204771991690806,7.396248103637399,1.400861610931157e-13,5.379455465305754e-13,MIR194-2HG,lncRNA,Up
ENSG00000225826,4.230427124720812,3.105511793465933,0.42007473357694425,7.3927602524970775,1.4381164510509045e-13,5.516894212134471e-13,LINC00626,lncRNA,Up
ENSG00000246790,5.042144440336099,2.310058314107025,0.31251107783875476,7.391924568187428,1.4471862391788764e-13,5.55088016394865e-13,AP000977.1,lncRNA,Up
ENSG00000249992,185.42287946343384,1.4448269400670968,0.1955351907497925,7.3890890664069895,1.478381189313301e-13,5.668883519295004e-13,TMEM158,protein_coding,Up
ENSG00000261253,20.739705906417846,1.649984273733783,0.22331803689739552,7.388495334534379,1.4849963434486088e-13,5.693421572657722e-13,AC137932.2,lncRNA,Up
ENSG00000225217,384.81273652443366,1.3197830891528013,0.17865056984582264,7.387511219761506,1.4960251216574865e-13,5.734038147980802e-13,HSPA7,unprocessed_pseudogene,Up
ENSG00000160284,361.19539916537343,1.0793346192342046,0.14610535122009352,7.387372264060964,1.4975888408108378e-13,5.739197461441911e-13,SPATC1L,protein_coding,Up
ENSG00000226074,11.538957512529752,1.6810733024615865,0.2276090391704042,7.3857932382158875,1.5154714047075811e-13,5.806041107386156e-13,PRSS44P,transcribed_unitary_pseudogene,Up
ENSG00000160211,7681.855593444553,1.3565866569062186,0.18369345829244624,7.3850569830662485,1.5238811020337313e-13,5.836564220861219e-13,G6PD,protein_coding,Up
ENSG00000222898,10.702658015970359,1.9275907991973817,0.26103713696079756,7.384354661715688,1.5319459245085103e-13,5.866541442132353e-13,RN7SKP97,misc_RNA,Up
ENSG00000271855,10.433077174080491,1.213661158713971,0.16435615138886905,7.38433668869765,1.5321528597635765e-13,5.866541442132353e-13,AC073195.1,lncRNA,Up
ENSG00000264548,14.59015694083498,1.3920337631745772,0.1885171369845765,7.384123191349262,1.5346130979973428e-13,5.874255682129471e-13,AC132872.2,lncRNA,Up
ENSG00000196660,10.06607667417915,3.858336173743842,0.5226720438545307,7.381944795229354,1.559938776575167e-13,5.966867644079947e-13,SLC30A10,protein_coding,Up
ENSG00000105929,393.88428427318314,2.0632754250123297,0.2795139201771328,7.381655352637882,1.563334546690084e-13,5.978989412069255e-13,ATP6V0A4,protein_coding,Up
ENSG00000112246,9.555958541597724,3.7758825985237983,0.5116625138596029,7.379635005975594,1.5872405934897973e-13,6.06865803252515e-13,SIM1,protein_coding,Up
ENSG00000201464,4.4869862101201745,4.35673160288794,0.5904701060746953,7.378411807924461,1.601888446180219e-13,6.123774764536442e-13,Y_RNA,misc_RNA,Up
ENSG00000272145,46.66436064785836,1.0593345912117949,0.143576865368446,7.37817049072173,1.604793877420368e-13,6.133992542045964e-13,NFYC-AS1,lncRNA,Up
ENSG00000251191,18.538353978780858,2.1305198082796357,0.2887922019250263,7.377345351010352,1.6147676394000173e-13,6.170326423848493e-13,LINC00589,lncRNA,Up
ENSG00000254593,6.890640523106322,1.6406500197281508,0.2224315313004931,7.3759777228333725,1.631432948938603e-13,6.230396359668495e-13,OR7E126P,unprocessed_pseudogene,Up
ENSG00000255221,8.681431612206467,1.7884366707480448,0.2425965315085543,7.372061997864888,1.6800884557925537e-13,6.412495669308097e-13,CARD17,protein_coding,Up
ENSG00000287837,114.96100603342555,1.2058961053872264,0.1635852588496274,7.371667312002257,1.6850710757183916e-13,6.430582383023733e-13,AL590064.1,lncRNA,Up
ENSG00000204956,55.69480784798275,1.3924241249610723,0.18889471369247773,7.371429817924662,1.6880762581231525e-13,6.441118640820074e-13,PCDHGA1,protein_coding,Up
ENSG00000234224,32.133760606228115,3.5633284385703368,0.4835145386421204,7.369640732163756,1.7108847197027052e-13,6.526259230227157e-13,TMEM229A,protein_coding,Up
ENSG00000089692,398.888710224445,1.299796276828723,0.1763915032307243,7.368814557516177,1.7215192814736175e-13,6.565875535501778e-13,LAG3,protein_coding,Up
ENSG00000273257,19.236732574995724,1.5279268711913638,0.2073560993470676,7.368613105679409,1.7241222127676988e-13,6.574852169296344e-13,AC069200.1,lncRNA,Up
ENSG00000182545,5.918550223768758,2.6056062995018734,0.35369705152674247,7.366774159565952,1.748062441993793e-13,6.663256229455958e-13,RNASE10,protein_coding,Up
ENSG00000206432,74.58022039556971,1.4540153472089814,0.1974152584771597,7.36526324472131,1.7679763719917347e-13,6.736242873778651e-13,TMEM200C,protein_coding,Up
ENSG00000234707,14.676089267217614,2.3025953850906116,0.312666926416725,7.3643714462517025,1.7798347455982607e-13,6.779465873382368e-13,SEC61G-DT,lncRNA,Up
ENSG00000231563,20.55674986398565,1.4587073433299775,0.19817660148722074,7.360643650073095,1.8302555657237351e-13,6.964478970870836e-13,AL139288.1,lncRNA,Up
ENSG00000152592,5.169965766070622,2.682510957104358,0.36449053898517714,7.359617521412398,1.8443791946990578e-13,7.014173545459209e-13,DMP1,protein_coding,Up
ENSG00000254536,21.338917495500723,1.0842701935684633,0.14733805536475175,7.359064098438327,1.852040897511152e-13,7.04128005584906e-13,AL360181.3,protein_coding,Up
ENSG00000276334,66.04410190061422,1.059090189955667,0.14394707416366198,7.357497164211372,1.8739038679258207e-13,7.122347217815494e-13,AL133243.2,lncRNA,Up
ENSG00000167653,468.5767137529213,2.62258199419667,0.3564715385232747,7.357058588915751,1.8800684641245498e-13,7.144747859772932e-13,PSCA,protein_coding,Up
ENSG00000162069,1185.4138121014325,1.0442267550746323,0.14202647265891016,7.352338867011366,1.9476826169751247e-13,7.397434914249466e-13,BICDL2,protein_coding,Up
ENSG00000181656,25.819617824151145,1.5339924017116393,0.20864390927451387,7.3522031246709325,1.9496621753029158e-13,7.40388703380442e-13,GPR88,protein_coding,Up
ENSG00000181291,42.07204186832942,1.5470437522454015,0.21043774015017477,7.35155087267799,1.9592017012711598e-13,7.437971330624889e-13,TMEM132E,protein_coding,Up
ENSG00000196092,257.0430081412039,1.7464720802478098,0.23761261171381537,7.350081578798056,1.9808592045481254e-13,7.518027810007782e-13,PAX5,protein_coding,Up
ENSG00000008735,463.5928075690192,1.4926088559916326,0.20309893325652995,7.349171322856483,1.9943942561931536e-13,7.567219645440787e-13,MAPK8IP2,protein_coding,Up
ENSG00000234965,7.240896000501839,2.2288846281602694,0.30332301306990517,7.3482213090326605,2.0086173836574448e-13,7.618993154063121e-13,SHISA8,protein_coding,Up
ENSG00000196632,129.4934385484059,1.6708885558306397,0.22739077319231815,7.348093031098795,2.010545516284689e-13,7.625210019333705e-13,WNK3,protein_coding,Up
ENSG00000249244,17.570818133757744,1.156857055198323,0.15744713108166722,7.347590567390305,2.018115523319794e-13,7.652819434849435e-13,AC110373.1,unprocessed_pseudogene,Up
ENSG00000262223,21.21501008948276,1.227887712577909,0.1671313375065871,7.346843092962832,2.0294286457597633e-13,7.692400947058352e-13,AC110285.1,lncRNA,Up
ENSG00000260593,3.4400664887201,2.444238786541144,0.33277215067461124,7.345082157825013,2.0563274880655243e-13,7.78988016955723e-13,AC009097.2,lncRNA,Up
ENSG00000198754,18.109928252338538,1.517609580524173,0.20664717419971954,7.343964834754719,2.073576254415956e-13,7.852966512846296e-13,OXCT2,protein_coding,Up
ENSG00000230002,48.549657853736676,1.151327525220848,0.1568058426166787,7.342376444705169,2.0983420589781413e-13,7.943336218095548e-13,ALMS1-IT1,lncRNA,Up
ENSG00000224209,4.256662354905883,3.6155217165440416,0.49254821457144615,7.340442234045689,2.1288924313065746e-13,8.057828823532995e-13,LINC00466,lncRNA,Up
ENSG00000253944,28.71663654081166,1.8963067986612157,0.25845639029210926,7.337047447416549,2.183572169805493e-13,8.261111756051018e-13,AC027117.2,lncRNA,Up
ENSG00000261713,7.515331490520509,4.145344488145674,0.5652338658836095,7.333857255112285,2.23621277846632e-13,8.455539284220944e-13,SSTR5-AS1,lncRNA,Up
ENSG00000137090,5.64302663011863,3.939217072358118,0.5372783863175559,7.33179888243236,2.2708370919987194e-13,8.582768255124872e-13,DMRT1,protein_coding,Up
ENSG00000196364,15.641317952904037,4.238959357057053,0.5783381545106626,7.329551619577437,2.309240227221551e-13,8.725414069613455e-13,PRSS29P,transcribed_unprocessed_pseudogene,Up
ENSG00000169507,42.41113512648441,1.7482573771752423,0.2386213978670865,7.326490385196015,2.362581359984142e-13,8.923126677568292e-13,SLC38A11,protein_coding,Up
ENSG00000271654,4.240772936047019,2.5266523553483347,0.3449261137160315,7.325198803093408,2.3854481790646426e-13,9.006911294664179e-13,AC025062.2,processed_pseudogene,Up
ENSG00000235934,7.265254598433013,2.3561694958295063,0.3216696527742972,7.324811263693366,2.3923516758128425e-13,9.031684136175327e-13,AC007405.2,lncRNA,Up
ENSG00000250258,5.758296295889213,2.379874429613736,0.3249271973496351,7.324331262590165,2.4009294665503794e-13,9.06276983007923e-13,AC008496.2,lncRNA,Up
ENSG00000152977,43.140833617531925,4.255904860373071,0.5810930805224904,7.323964099772742,2.4075111834545804e-13,9.08631313978779e-13,ZIC1,protein_coding,Up
ENSG00000253131,13.72172934328848,2.339386376286334,0.3194465263544374,7.3232487545997005,2.4203853194237143e-13,9.13359485878697e-13,IGHV7-56,IG_V_pseudogene,Up
ENSG00000211899,48626.578867090066,1.9044633099814927,0.26016703531829294,7.3201560976068265,2.4768267347222007e-13,9.335894939197317e-13,IGHM,IG_C_gene,Up
ENSG00000183770,7.285760975334892,4.046024852097429,0.5527581685021845,7.319701603073532,2.4852295493833315e-13,9.36622884339552e-13,FOXL2,protein_coding,Up
ENSG00000127324,4325.647164620834,2.1252616346790503,0.2903731350993692,7.319071145998958,2.4969319859026724e-13,9.403612748965077e-13,TSPAN8,protein_coding,Up
ENSG00000286181,9.058059326021388,1.2513801162776181,0.17102697286080726,7.316858243734874,2.5384375227781827e-13,9.55719552765001e-13,AC232271.3,lncRNA,Up
ENSG00000226777,263.781807475724,1.5933989368317687,0.21786745124855333,7.313616273107014,2.600470810707908e-13,9.785161997483953e-13,FAM30A,lncRNA,Up
ENSG00000236453,8.582444052369347,3.989702865396423,0.545630787973455,7.312092633582331,2.6301368134515133e-13,9.892555665485154e-13,AC003092.1,lncRNA,Up
ENSG00000125775,919.3771707269677,1.6129513715743298,0.22071362359965319,7.307892214664651,2.713653215671254e-13,1.0200860341732142e-12,SDCBP2,protein_coding,Up
ENSG00000266402,18.39328986591236,1.3232225482357778,0.18109081243358136,7.306955722676963,2.7326255139390116e-13,1.0266324946939983e-12,SNHG25,lncRNA,Up
ENSG00000215270,11.788004856088854,1.769713407968792,0.24225851628103143,7.305061696637488,2.77139547687037e-13,1.040901562812586e-12,TOMM40P2,processed_pseudogene,Up
ENSG00000240616,19.357627994648695,1.033019171903283,0.14143316436937933,7.303938765064742,2.794636025461551e-13,1.0493315106282373e-12,RPS6P25,processed_pseudogene,Up
ENSG00000287125,12.192461232426716,1.7961688132706657,0.2460648997986571,7.299573465132098,2.8868140827620935e-13,1.0831714194996643e-12,AC018695.9,lncRNA,Up
ENSG00000253936,31.61098546650863,1.7440620104492761,0.23894893051748306,7.298890213369962,2.901509435102525e-13,1.0885304282779e-12,IGHV3-63,IG_V_pseudogene,Up
ENSG00000166006,10.784126077958527,4.602610664328339,0.6307644448669252,7.296877149280933,2.9452348080787245e-13,1.1039920666529633e-12,KCNC2,protein_coding,Up
ENSG00000257219,18.347410711279128,1.4783095956564682,0.20275750184098867,7.291022932487221,3.0761039647879913e-13,1.1515738437174806e-12,LNCOG,lncRNA,Up
ENSG00000136931,6.396676550274815,2.8191039890256997,0.3867225667261498,7.289732308334606,3.105714833856825e-13,1.1621640438314812e-12,NR5A1,protein_coding,Up
ENSG00000211638,1194.738435479699,1.9780820901015987,0.27139739653282935,7.288507978971426,3.1340633620551705e-13,1.1724393652630848e-12,IGLV8-61,IG_V_gene,Up
ENSG00000216915,7.6356982845855805,3.0167367065304127,0.4139490666673142,7.2877002255809575,3.152905337048501e-13,1.1791535064241806e-12,GPR89P,processed_pseudogene,Up
ENSG00000274756,14.871616803068207,1.1197469668635305,0.15366505869783428,7.286932867838171,3.170908054941891e-13,1.185550055420639e-12,AC243732.1,processed_pseudogene,Up
ENSG00000182687,11.705999400758694,1.7677824984884487,0.24259712149009405,7.286906322837933,3.1715326213602537e-13,1.185615469595547e-12,GALR2,protein_coding,Up
ENSG00000178934,31.473972173404125,2.4791212285524775,0.34025326767346475,7.286105569253923,3.190430124087061e-13,1.1925108769975307e-12,LGALS7B,protein_coding,Up
ENSG00000168748,4.425962954630094,2.4990985364849765,0.3430206264838826,7.285563442938907,3.2032868490493435e-13,1.1971467433309409e-12,CA7,protein_coding,Up
ENSG00000183960,58.26765275825801,2.0150158674250997,0.27665638082324595,7.283460664919494,3.2536382203090413e-13,1.21510324131921e-12,KCNH8,protein_coding,Up
ENSG00000287265,39.50208258324535,1.1921290969871376,0.16369733481450827,7.282519891591301,3.2764161034270986e-13,1.22326338167029e-12,AL365272.1,lncRNA,Up
ENSG00000267733,9.947007659884028,2.362552803733919,0.32442195044538913,7.282345724419822,3.2806501638145206e-13,1.2246707930321192e-12,AP005264.4,transcribed_processed_pseudogene,Up
ENSG00000123975,1297.6440886309258,1.0547079307781273,0.14485264635500145,7.281247235161131,3.307478893595253e-13,1.2339872442573122e-12,CKS2,protein_coding,Up
ENSG00000277383,7.058495129540351,1.614892773054077,0.2218355445553491,7.279684490107279,3.3460179617667966e-13,1.2480126400536127e-12,AC010331.1,lncRNA,Up
ENSG00000268686,78.63289383525627,1.6344510102217245,0.22453762775301603,7.279185348923194,3.358420023567534e-13,1.2524612646227672e-12,AC010643.1,lncRNA,Up
ENSG00000266916,55.97741585030431,1.3537560200437644,0.18599471671708895,7.278464915231558,3.3764001386558504e-13,1.2589885698013967e-12,ZNF793-AS1,lncRNA,Up
ENSG00000189433,23.834326465465928,2.7590154358681995,0.3790829144726315,7.2781318559462305,3.3847443381894485e-13,1.261743118434489e-12,GJB4,protein_coding,Up
ENSG00000240463,15.516769809937008,1.04703276340987,0.14386199721228024,7.2780357822009565,3.387155053794682e-13,1.2624633041493394e-12,RPS19P3,processed_pseudogene,Up
ENSG00000231453,5.359866313091579,4.220228874658927,0.5799686906494822,7.276649485910821,3.4221287681785365e-13,1.274958118350777e-12,LINC01305,lncRNA,Up
ENSG00000266066,84.97660097061092,1.700089911622336,0.23365225009374235,7.276154674051939,3.4346976504673867e-13,1.2792793367630649e-12,POLRMTP1,processed_pseudogene,Up
ENSG00000287205,6.514500139156307,2.0459072776292544,0.28122314714623853,7.275031583959069,3.4633941111501317e-13,1.2897853793394857e-12,AL451054.4,lncRNA,Up
ENSG00000137558,260.3520858040659,1.4948762395189017,0.20549135518254694,7.274642956103618,3.4733788066161503e-13,1.2933210834576091e-12,PI15,protein_coding,Up
ENSG00000213430,19.89643633678383,1.4648794359777961,0.20137412935255514,7.274417228705496,3.4791912075265217e-13,1.2953024444793786e-12,HSPD1P1,processed_pseudogene,Up
ENSG00000108352,701.2025426400248,1.1752881152754582,0.16157830559063965,7.273798985447113,3.4951597074886237e-13,1.3010638267430124e-12,RAPGEFL1,protein_coding,Up
ENSG00000272502,48.86717875376237,1.47976333561358,0.20345495826563384,7.2731741129728515,3.5113725669084666e-13,1.306914531960145e-12,AC104958.2,lncRNA,Up
ENSG00000243455,4.717567548621597,2.0301908277863947,0.2791855030171995,7.2718346971666445,3.5463741092556703e-13,1.319569426570792e-12,RPS18P13,processed_pseudogene,Up
ENSG00000165509,9.193256888654625,3.260529190170044,0.4484817624914407,7.270148895368452,3.5909147230565346e-13,1.3352005251974172e-12,MAGEC3,protein_coding,Up
ENSG00000257925,4.984434594123796,2.3939940342891433,0.32935719031816163,7.268686109377257,3.630007858878396e-13,1.3495461333515198e-12,AC008083.2,lncRNA,Up
ENSG00000152926,2051.6833372774304,1.2133772243981205,0.16696088374288945,7.267434127065681,3.6637989585467437e-13,1.361724856051834e-12,ZNF117,protein_coding,Up
ENSG00000280114,3.7347498584376138,3.2446460231887677,0.4467875694976173,7.262167178995502,3.80936960623447e-13,1.4144336316024074e-12,AL021920.2,unprocessed_pseudogene,Up
ENSG00000273449,28.149378160704096,1.203489133001928,0.16577167479516117,7.259920215495449,3.8731871223319247e-13,1.4377244427912845e-12,AC093788.1,lncRNA,Up
ENSG00000227698,4.080522282781159,1.8775729489011002,0.2587718457669379,7.255707989933846,3.995662673693809e-13,1.481935649863653e-12,AP001619.1,lncRNA,Up
ENSG00000273129,18.390769521591753,1.6822674771067554,0.23189407565355208,7.254465093019667,4.032522516726632e-13,1.4953961294625411e-12,PACERR,lncRNA,Up
ENSG00000288538,38.66060477327627,1.1656165774090859,0.1607101757467783,7.252910850185867,4.0790858764734793e-13,1.512238079046895e-12,AP002985.1,lncRNA,Up
ENSG00000280171,5.610460246970746,4.423289844970349,0.6100276890902753,7.250965692338871,4.138105015026027e-13,1.5334714621449737e-12,AC010329.5,unprocessed_pseudogene,Up
ENSG00000211942,476.0900455880918,2.070012458035644,0.2854876567130123,7.250794944583306,4.143325625256341e-13,1.5351903433751541e-12,IGHV3-13,IG_V_gene,Up
ENSG00000284670,11.195269908764736,2.3173395816737172,0.31960368202605227,7.25066609678427,4.1472694260491e-13,1.5364357230249334e-12,AC092128.1,translated_processed_pseudogene,Up
ENSG00000287838,8.164361667833983,3.736088490275989,0.5153415539643094,7.249732651162722,4.1759508216955847e-13,1.5466267298892214e-12,AL953883.1,lncRNA,Up
ENSG00000283491,12.655463068117221,1.149422839254405,0.15856343104629222,7.24897810087645,4.1992776946304507e-13,1.5546111583238099e-12,AC017104.4,unprocessed_pseudogene,Up
ENSG00000278238,15.23934376337877,1.2076608800926072,0.16662122672000085,7.247941356967829,4.2315373660824135e-13,1.566334086799456e-12,AL359513.1,lncRNA,Up
ENSG00000265933,27.706340108360862,3.787986321591554,0.5226608146653329,7.247503955346366,4.245220581819484e-13,1.5707375718055255e-12,LINC00668,lncRNA,Up
ENSG00000230415,18.014037494497035,1.3650391932549706,0.1884002208256245,7.2454224696392195,4.310933237239709e-13,1.5946038640203552e-12,LINC01786,lncRNA,Up
ENSG00000199691,5.3680410534883265,1.8939464711551601,0.26142630977410236,7.24466666263129,4.335040459713259e-13,1.603071335333595e-12,RN7SKP173,misc_RNA,Up
ENSG00000274895,5.934077796043169,3.38022869971692,0.46659434832787866,7.244469873736261,4.3413389282819613e-13,1.6051753721087398e-12,AC011700.1,lncRNA,Up
ENSG00000177694,790.8586738279652,1.0885733495117342,0.15027922235030122,7.243671696505503,4.366977831125063e-13,1.6144287874213921e-12,NAALADL2,protein_coding,Up
ENSG00000259015,12.779415345079267,1.1478790990419256,0.15848074213957547,7.243019458042276,4.388039255738081e-13,1.6219875970537314e-12,AL442663.4,processed_pseudogene,Up
ENSG00000238132,5.694725763679671,1.8659009515774743,0.25766924888513937,7.2414576425036765,4.4388780346248023e-13,1.6403196997345298e-12,CASC4P1,processed_pseudogene,Up
ENSG00000132204,31.788663700356224,3.324598339616506,0.4591173752651774,7.241281900290273,4.4446347080941037e-13,1.6422168593588554e-12,LINC00470,lncRNA,Up
ENSG00000224141,15.220766735584322,6.030224890817126,0.8329363986208215,7.239718303584752,4.4961762426932664e-13,1.6605625703056224e-12,MIR548XHG,lncRNA,Up
ENSG00000242085,15.534507812522646,1.122783648920982,0.15510013002910014,7.239089024040943,4.517084691061857e-13,1.6671565452513316e-12,RPS20P33,processed_pseudogene,Up
ENSG00000231240,10.84074092270552,5.471787860014581,0.7561180443653491,7.236684669531131,4.597854698611437e-13,1.6957402573759943e-12,KLF2P1,processed_pseudogene,Up
ENSG00000266217,4.025655092674549,2.710965640933948,0.37463094405072417,7.236363370365074,4.608755022716422e-13,1.6995227233817936e-12,CTSLP2,unprocessed_pseudogene,Up
ENSG00000236130,5.934435272457567,2.432969600351553,0.33623535664158094,7.235912441370767,4.624095946314822e-13,1.7049414164474533e-12,PTCSC2,lncRNA,Up
ENSG00000276337,25.049264399310935,1.3907662073591986,0.19221133912993763,7.235609582944639,4.634427539672074e-13,1.7085118722375587e-12,AC105429.1,lncRNA,Up
ENSG00000270919,6.742296409108976,3.1519099007077185,0.4356562167786463,7.234855786091492,4.660240783828405e-13,1.7177879433820946e-12,AC108451.2,lncRNA,Up
ENSG00000108551,4399.696213005391,1.68868001192168,0.23342447220107,7.23437433958109,4.676801404939803e-13,1.7236513354054872e-12,RASD1,protein_coding,Up
ENSG00000133863,34.95284398743194,3.201642937869484,0.4425674600541754,7.234248395662812,4.681143104365532e-13,1.7250103921481146e-12,TEX15,protein_coding,Up
ENSG00000276122,21.055467645408324,6.4778292126097385,0.8956299409968919,7.232707300293592,4.734591279149261e-13,1.7442186648668065e-12,AC026336.3,lncRNA,Up
ENSG00000251396,50.6720464308489,1.117544081658489,0.1545486560962361,7.231017790038911,4.793875413323944e-13,1.7653190147933583e-12,LINC01301,lncRNA,Up
ENSG00000170558,334.9799194984669,2.0080802854738793,0.2777423514814927,7.230011104761915,4.82954542990509e-13,1.7779577409827898e-12,CDH2,protein_coding,Up
ENSG00000225385,4.1062857472011665,2.795859855323139,0.3867299928719516,7.22948803262038,4.848182267561863e-13,1.7843205358772689e-12,AL353572.1,processed_pseudogene,Up
ENSG00000236481,15.375628102926985,1.8294287106728935,0.2530554491143119,7.229359087408909,4.852787369033734e-13,1.785766158546184e-12,LINC02195,lncRNA,Up
ENSG00000113905,4.379870283766206,3.1537066615163822,0.4362853009907709,7.22854209012899,4.882065283547657e-13,1.7960388047872729e-12,HRG,protein_coding,Up
ENSG00000267466,28.69082488429585,2.743949129486979,0.3797838852254762,7.2250278019508585,5.009993319114535e-13,1.8413034679449517e-12,AC021683.1,lncRNA,Up
ENSG00000084731,918.7343866515644,1.103720549634433,0.1527759944391993,7.224437017647324,5.03181997800117e-13,1.849067625695246e-12,KIF3C,protein_coding,Up
ENSG00000173917,488.86210249612276,1.618974298141441,0.2241789782695902,7.221793544774373,5.130632674949818e-13,1.8845909407776392e-12,HOXB2,protein_coding,Up
ENSG00000279970,34.92775448481811,1.367523952275501,0.18950329548325576,7.2163597408063715,5.339768388469749e-13,1.960045829676326e-12,AC023024.2,TEC,Up
ENSG00000186009,13.93936585930718,2.0028000371987815,0.27763572348278387,7.213769222759891,5.442396231259543e-13,1.9968831030793673e-12,ATP4B,protein_coding,Up
ENSG00000286089,5.741187180947444,1.7332381387660842,0.24029355926939663,7.213002895441428,5.473125051810512e-13,2.007878514416294e-12,AC095057.4,lncRNA,Up
ENSG00000131686,10.057106452940648,2.8497893504662626,0.3951222986415955,7.2124234958736855,5.496471312018237e-13,2.0161628668510353e-12,CA6,protein_coding,Up
ENSG00000178852,140.52865542962016,1.0865780258095612,0.15071561222361937,7.209458992193765,5.617461123991986e-13,2.0593973285092265e-12,EFCAB13,protein_coding,Up
ENSG00000218281,3.684767209725583,3.8103331581173157,0.528796056553155,7.205676197652011,5.77565050812595e-13,2.1165078362879556e-12,H2AC9P,unprocessed_pseudogene,Up
ENSG00000284638,3.8339530341842494,4.123098845330939,0.5723417629359179,7.2039105169974835,5.850977163751846e-13,2.1429203862241136e-12,AC005551.1,protein_coding,Up
ENSG00000280079,74.90192937511716,1.6741642057394899,0.2324244650642447,7.2030463973606755,5.888192518823075e-13,2.155652321551638e-12,AC011447.7,TEC,Up
ENSG00000138347,9.934134701825245,2.7351800406287583,0.3798031637797015,7.201572555133463,5.952203926715844e-13,2.1784818535391642e-12,MYPN,protein_coding,Up
ENSG00000250584,9.23555639215216,2.394572490314683,0.3325479703829907,7.20068291969092,5.991172389514657e-13,2.1924398544477035e-12,LINC01511,lncRNA,Up
ENSG00000142959,64.15972272955307,1.2543143388166873,0.17425854404500757,7.198007682726435,6.109870287444748e-13,2.2349463098892772e-12,BEST4,protein_coding,Up
ENSG00000236008,75.44424877524105,1.2295094817371326,0.1708363862683335,7.197000057153727,6.155173714026703e-13,2.25058140375602e-12,LINC01814,lncRNA,Up
ENSG00000254397,6.3341431694053725,1.7067500824673842,0.23724707042555568,7.193977482655302,6.293057860839345e-13,2.2997219483139346e-12,AC132192.1,lncRNA,Up
ENSG00000149243,270.9437173115785,1.320297313782563,0.18356373826468173,7.192582403605324,6.357717156639347e-13,2.322707140767243e-12,KLHL35,protein_coding,Up
ENSG00000249413,5.2644815492872015,4.521893470296898,0.628850946065789,7.190723809174055,6.444873667261364e-13,2.3538963795800855e-12,AC116049.1,lncRNA,Up
ENSG00000223350,353.5141447110909,2.061681000349657,0.2868599817925511,7.187063833255785,6.619946578746093e-13,2.4154973195175657e-12,IGLV9-49,IG_V_gene,Up
ENSG00000242580,44.297923594003365,2.1189324496618434,0.29496515296719034,7.183670438173885,6.786433978572687e-13,2.474875729704906e-12,IGKV1D-43,IG_V_gene,Up
ENSG00000253120,27.762759519278777,1.9292336333590285,0.26861911401297967,7.182041532851635,6.867804950819893e-13,2.5042037687101848e-12,IGLV2-34,IG_V_pseudogene,Up
ENSG00000196420,39.23079314800865,1.7883179186109492,0.24901238226809502,7.181642544528515,6.887881742989189e-13,2.5111771265398163e-12,S100A5,protein_coding,Up
ENSG00000204776,4.427273492594129,2.805916061345651,0.39071576556699267,7.181476430247975,6.896257465035475e-13,2.513883181545279e-12,IGKV1OR-3,IG_V_pseudogene,Up
ENSG00000225218,7.3543802270408225,1.6796819082000563,0.23391777881359382,7.180650896734848,6.93803059059491e-13,2.528411645577498e-12,AP001628.1,lncRNA,Up
ENSG00000180745,19.183854024120283,2.032019275014046,0.2829953025471461,7.180399309545139,6.950810558536316e-13,2.532719005507844e-12,CLRN3,protein_coding,Up
ENSG00000272989,18.234721203852846,1.4305308051560146,0.19926212373948013,7.179140612926134,7.015096862167578e-13,2.5554372738687533e-12,LINC02012,lncRNA,Up
ENSG00000235408,17.668361803047496,1.496979888887603,0.20857898361475655,7.177040864541324,7.12364007102768e-13,2.5939020805440477e-12,SNORA71B,snoRNA,Up
ENSG00000233799,10.216258622967983,1.297449750180077,0.18082061800061902,7.175341863811322,7.21267243596476e-13,2.6245090677023695e-12,AC139887.1,lncRNA,Up
ENSG00000206262,5.449103105888395,4.154763878809764,0.5790881526382687,7.174665653028934,7.248410841938635e-13,2.6364219848540937e-12,FOXL2NB,protein_coding,Up
ENSG00000086967,76.31799273768473,1.567132200079824,0.21842766859552967,7.174604802387645,7.251635370051601e-13,2.6372310675528993e-12,MYBPC2,protein_coding,Up
ENSG00000133937,15.235573072263719,2.453716150638616,0.3420548975257039,7.173457150848806,7.312714797917292e-13,2.6587107296439952e-12,GSC,protein_coding,Up
ENSG00000185885,3130.025409273212,1.1186656874088896,0.15594712821613382,7.173365102680717,7.31763553338456e-13,2.660133016478506e-12,IFITM1,protein_coding,Up
ENSG00000228728,7.7374778794498855,1.804870514769273,0.2516512284104104,7.172110886046479,7.385008522109155e-13,2.683884712348655e-12,PPIAP91,processed_pseudogene,Up
ENSG00000124429,661.0866653833995,1.783297926783293,0.24865944826121675,7.1716475655891365,7.410050490693252e-13,2.6926144610662956e-12,POF1B,protein_coding,Up
ENSG00000250244,5.388574688207937,3.077227152935568,0.42931306252465995,7.16779297335918,7.621643976453657e-13,2.768357460868911e-12,AC010307.4,lncRNA,Up
ENSG00000233820,43.37189867469932,1.2323829323761466,0.17197935235089876,7.165877272648691,7.728999199692417e-13,2.8058054638751247e-12,AL589843.2,transcribed_processed_pseudogene,Up
ENSG00000287164,6.119092286066883,2.066239742916791,0.288358528125855,7.165523268363246,7.748999327735014e-13,2.8126787649328607e-12,AC112254.1,lncRNA,Up
ENSG00000237588,2.9991997955243757,2.827186260571151,0.39456211924499585,7.16537681311384,7.757288436002525e-13,2.815299973264335e-12,AL590666.3,lncRNA,Up
ENSG00000265246,13.080195316011133,2.3904603323411098,0.3336704177880065,7.164136240150184,7.827852667589719e-13,2.8393462839661745e-12,AC129926.1,lncRNA,Up
ENSG00000109684,68.82837605718446,1.25468737146109,0.1751409334161356,7.163872813672561,7.842917357648002e-13,2.8440282002362183e-12,CLNK,protein_coding,Up
ENSG00000107984,734.3376024294224,2.427953951382709,0.33898013740737487,7.16252571596806,7.920400410248091e-13,2.87173049385731e-12,DKK1,protein_coding,Up
ENSG00000185559,113.44401819824628,4.58711861039214,0.6404896175863483,7.161893783194265,7.957006667304148e-13,2.8838134389336227e-12,DLK1,protein_coding,Up
ENSG00000121236,291.38661031101014,1.1397889782079371,0.15915555346122257,7.161477896438222,7.981188482385284e-13,2.8921800230933066e-12,TRIM6,protein_coding,Up
ENSG00000136928,229.94261972859152,2.1945833221284876,0.3064604348188552,7.161065745487432,8.00522423836175e-13,2.900092913389193e-12,GABBR2,protein_coding,Up
ENSG00000211961,137.04421028750025,2.093544980765982,0.29240546278988316,7.159732792921047,8.083446648972511e-13,2.9272245005960603e-12,IGHV1-45,IG_V_gene,Up
ENSG00000270903,9.645700643048087,1.3851369229105537,0.19348719839607895,7.1588039642555685,8.138396656525536e-13,2.946718657594101e-12,HNRNPA3P9,processed_pseudogene,Up
ENSG00000201207,7.156207891550846,1.2461123591289867,0.1740805713876102,7.158250626110226,8.171306538920242e-13,2.9582283557293626e-12,Y_RNA,misc_RNA,Up
ENSG00000279862,8.29195316420283,1.7345574842640668,0.24235606771887777,7.157062336380519,8.242422352929534e-13,2.9819272526649995e-12,AC092964.1,TEC,Up
ENSG00000174171,32.65423091382709,1.7233378192069306,0.24084124165533605,7.155493001789002,8.337274247717064e-13,3.015415195615128e-12,AC020659.1,lncRNA,Up
ENSG00000287061,4.153260579713898,1.755227094448335,0.24537520692928733,7.153237347871742,8.475487097191042e-13,3.0637230260853703e-12,AC124248.2,lncRNA,Up
ENSG00000284543,40.19225317927409,1.624862779688341,0.227156088328818,7.1530672659598,8.485999395410314e-13,3.0671025775352246e-12,LINC01226,lncRNA,Up
ENSG00000270244,3.6726304189380605,2.4241250308234887,0.3389965524701677,7.150884022741842,8.622081510877438e-13,3.114579307422439e-12,AC104687.2,processed_pseudogene,Up
ENSG00000272812,19.80529581395084,1.043943860138899,0.14604071543876093,7.148306943050102,8.785469519902787e-13,3.1718624211368633e-12,AC004908.2,lncRNA,Up
ENSG00000106003,2909.641920745032,1.1026260976769722,0.1542979350802402,7.146084599923966,8.928804379156027e-13,3.223170040771313e-12,LFNG,protein_coding,Up
ENSG00000179111,10.6648856764753,2.0342657270080124,0.28467940877417364,7.145812673166416,8.946499722725351e-13,3.22911576359523e-12,HES7,protein_coding,Up
ENSG00000287263,875.864301460456,1.262355327585071,0.17667373374506343,7.1451216931127055,8.991619510247094e-13,3.2449569794062657e-12,AC008875.3,lncRNA,Up
ENSG00000227359,28.00939855826495,1.1129296798347974,0.15577010521450838,7.144693638758226,9.019682661318599e-13,3.254193894909994e-12,AC017074.1,lncRNA,Up
ENSG00000205078,84.85930580803885,1.150835272279303,0.16107648927107,7.144650826990664,9.022494115723715e-13,3.254762925193356e-12,SYCE1L,protein_coding,Up
ENSG00000244620,6.800859223204452,2.1477757824218324,0.3006202604021928,7.1444811455767265,9.033645578882893e-13,3.2583399523340428e-12,AC246787.2,lncRNA,Up
ENSG00000177685,1472.2851011803684,1.0938466064590544,0.15310768659629087,7.1442958271799375,9.045840159437742e-13,3.2622921909788465e-12,CRACR2B,protein_coding,Up
ENSG00000283047,12.952570009864086,2.994604607981761,0.4196386712238099,7.136150248613813,9.598109460674964e-13,3.4562630954253554e-12,FRG1FP,unprocessed_pseudogene,Up
ENSG00000143179,922.2402452147302,1.1174124920849522,0.15663983048679134,7.133642117795692,9.774728297567695e-13,3.515542624207039e-12,UCK2,protein_coding,Up
ENSG00000140835,86.26471821183256,2.0072596664668083,0.2814142843263346,7.132756857996388,9.837825403236615e-13,3.5377533871996392e-12,CHST4,protein_coding,Up
ENSG00000149305,8.509148572303786,3.628064753132095,0.5087374375121557,7.131507307333572,9.927568229608034e-13,3.5695387812212143e-12,HTR3B,protein_coding,Up
ENSG00000259786,10.094454057597009,4.27017715980513,0.5988718658941276,7.130368619720801,1.0010048227322597e-12,3.5977234803665924e-12,LINC02109,lncRNA,Up
ENSG00000272172,16.907501583611086,1.0915069594100026,0.15311501293675397,7.128673658283678,1.0134068491743118e-12,3.641305165925412e-12,AC138696.2,lncRNA,Up
ENSG00000259343,39.932088042172076,1.1641277902546707,0.1633243776788903,7.127703817389989,1.0205708681021256e-12,3.6660473766316645e-12,TMC3-AS1,lncRNA,Up
ENSG00000249884,4.338739580669827,1.9996779641369944,0.280560024041422,7.1274514997965674,1.0224428197753583e-12,3.672271473369136e-12,RNF103-CHMP3,protein_coding,Up
ENSG00000172687,340.01552618645496,1.0434515331964758,0.14641628087903488,7.1266086457867805,1.0287204395547618e-12,3.6943154012064645e-12,ZNF738,protein_coding,Up
ENSG00000285571,16.76019806012841,2.7214438225793955,0.3820846382240935,7.122620357700073,1.0589421009236218e-12,3.800259009438746e-12,AL513548.4,lncRNA,Up
ENSG00000281404,124.60494320216107,1.1073165502758628,0.15546951513004864,7.122403059851342,1.0606134933186888e-12,3.805739259601826e-12,LINC01176,lncRNA,Up
ENSG00000130600,1783.3437193279683,2.2956553878017036,0.3223929569989409,7.120674747895455,1.073999674978112e-12,3.852723633406722e-12,H19,lncRNA,Up
ENSG00000186648,107.23264948060209,1.3935730581518697,0.19573357872477484,7.119744436448498,1.0812736533813659e-12,3.877762306496208e-12,CARMIL3,protein_coding,Up
ENSG00000105642,21.812130789029066,1.4993130441644769,0.21058621221089713,7.119711344933401,1.0815332798800892e-12,3.87816597639896e-12,KCNN1,protein_coding,Up
ENSG00000159208,323.22971012522146,1.1555814980647041,0.16231100615747188,7.11955107310206,1.082791592434463e-12,3.881622388865795e-12,CIART,protein_coding,Up
ENSG00000283236,83.89848150999677,1.3222194215366814,0.18588453162130888,7.11312237766162,1.1344660021564498e-12,4.0613451638427346e-12,AC074141.1,transcribed_unprocessed_pseudogene,Up
ENSG00000135919,1357.2983394993385,1.1918507233267142,0.16756147085464845,7.112916336002969,1.1361615921541408e-12,4.0668631987382504e-12,SERPINE2,protein_coding,Up
ENSG00000287895,12.26531492116503,1.5573405322549279,0.2189703512782614,7.11210683621685,1.142847365020311e-12,4.089684491190881e-12,AL136379.1,lncRNA,Up
ENSG00000253161,22.076999499516788,1.9989415534636092,0.2811517362451631,7.1098317946026865,1.1618446580027922e-12,4.156538275883005e-12,LINC01605,lncRNA,Up
ENSG00000198203,909.5614926868492,1.639159012027486,0.2305591081754466,7.109495803480248,1.1646764218581986e-12,4.166103804178066e-12,SULT1C2,protein_coding,Up
ENSG00000130477,92.6520068137257,1.7253608210514024,0.24274220171464458,7.107790935667829,1.1791499026283472e-12,4.216732157893886e-12,UNC13A,protein_coding,Up
ENSG00000231270,3.3369040858418857,3.679619078673234,0.5177439169427505,7.107025226681915,1.1857076887291915e-12,4.238458960524438e-12,COBLP1,processed_pseudogene,Up
ENSG00000258279,14.67220971977376,1.916703622118801,0.26969586695330927,7.106907657767806,1.1867177522008145e-12,4.2414945954913904e-12,LINC00592,lncRNA,Up
ENSG00000275468,6.651140513889777,1.5277154273758777,0.21499455512610305,7.105833105772425,1.1959887032589271e-12,4.274050969635168e-12,AC004678.1,processed_pseudogene,Up
ENSG00000214433,11.109710685510585,1.319669350951707,0.18574411573031552,7.1047706989962105,1.205224726487318e-12,4.305890263849151e-12,GOLGA2P8,transcribed_unprocessed_pseudogene,Up
ENSG00000223861,11.762833201652155,1.1518757469893843,0.16214164936644443,7.104132414405843,1.2108072650565586e-12,4.324077407846891e-12,AL365436.1,processed_pseudogene,Up
ENSG00000122787,3.9679654408978084,2.359217227443807,0.33209919431939455,7.1039534807628675,1.2123767954736228e-12,4.329096289321521e-12,AKR1D1,protein_coding,Up
ENSG00000225840,29.496404570052285,3.15410983266406,0.4440390970321135,7.10322549015532,1.2187830317488476e-12,4.350793088834048e-12,AC010970.1,processed_pseudogene,Up
ENSG00000255874,291.7896509311888,1.2516497451680444,0.17622677919515356,7.10249458614895,1.2252483184450592e-12,4.372097179620597e-12,PRECSIT,lncRNA,Up
ENSG00000287166,5.391929917087641,1.572881604111962,0.22145709044332604,7.1024215163455535,1.2258965122832242e-12,4.373818296429255e-12,AC104561.4,lncRNA,Up
ENSG00000078579,10.5739572157558,2.234781691828797,0.3147263326665641,7.100714048596722,1.2411394258053203e-12,4.4276037146220636e-12,FGF20,protein_coding,Up
ENSG00000272677,13.968760463158965,1.017752243624283,0.14334492303222843,7.100022952298495,1.2473617171440907e-12,4.449199037074215e-12,AC124016.1,lncRNA,Up
ENSG00000259842,5.771213153505617,2.6141281957808995,0.36839706758334345,7.095952779780199,1.284633381242544e-12,4.577635305212508e-12,IGHV3OR16-16,unprocessed_pseudogene,Up
ENSG00000258878,4.247052397692481,2.1892103459120404,0.30852173176727826,7.095805969231979,1.2859979868407094e-12,4.5814329793284935e-12,AL355076.3,processed_pseudogene,Up
ENSG00000267121,223.72919318591786,1.270650189237518,0.17912621682325353,7.093602554512091,1.306650432868132e-12,4.653750933918509e-12,AC008105.3,lncRNA,Up
ENSG00000041982,14215.607986599232,1.5099189732929281,0.21289016855364382,7.092478640752545,1.3173097773221323e-12,4.69044812692204e-12,TNC,protein_coding,Up
ENSG00000283525,13.905232199943697,1.7514368495354051,0.2470301943190551,7.089970739663159,1.3414035896994203e-12,4.774947713333385e-12,AC005622.1,transcribed_unprocessed_pseudogene,Up
ENSG00000259457,10.202102766254127,4.758542498196143,0.6713447408396902,7.088075929878226,1.3598935827065522e-12,4.838153504583349e-12,AC100826.1,lncRNA,Up
ENSG00000267714,3.8836419574317773,3.2829909131569845,0.4632342967352146,7.087106754173573,1.3694474575657811e-12,4.8708294383611615e-12,AC008738.4,lncRNA,Up
ENSG00000130513,4071.024717654981,1.462607506959581,0.20637814819326603,7.087026992750703,1.3702366508833496e-12,4.8723220717089985e-12,GDF15,protein_coding,Up
ENSG00000271850,4.141008570478893,2.9774494394658153,0.4202089439435072,7.085640328174698,1.3840284287881693e-12,4.92003635307954e-12,LINC02343,lncRNA,Up
ENSG00000198569,31.05987002838596,1.7630055183902449,0.24887863095093654,7.083796273123185,1.4025806034148785e-12,4.985314801462508e-12,SLC34A3,protein_coding,Up
ENSG00000275479,13.581524583333245,1.1305777911346395,0.15960683845788406,7.083517235591183,1.4054090408982302e-12,4.9946949337582655e-12,AC087741.2,lncRNA,Up
ENSG00000279196,11.992728360195542,1.284942271389718,0.18140490597382455,7.0832829161474065,1.407788520021886e-12,5.0024771961968924e-12,AC135048.4,TEC,Up
ENSG00000270885,150.4538325696094,1.4779436038184623,0.20869682385506885,7.081773342390835,1.4232130548275986e-12,5.055243568939086e-12,RASL10B,protein_coding,Up
ENSG00000227536,10.465851370678628,1.1915195186210943,0.16834597137791626,7.077802390330313,1.464583626603788e-12,5.19939017683655e-12,SOCS5P4,processed_pseudogene,Up
ENSG00000253898,26.81676880661673,6.527563026142252,0.9223754341578667,7.076904679385731,1.4740985146290255e-12,5.231760138730471e-12,LINC01419,lncRNA,Up
ENSG00000183171,12.344459783150626,1.68908185826154,0.23878451376324725,7.0736658405588635,1.5089339570998986e-12,5.351074293803702e-12,BX322650.1,processed_pseudogene,Up
ENSG00000027644,6.596280363932877,2.0249931096719775,0.2862836670067553,7.073379808370957,1.512048917460906e-12,5.359958321473866e-12,INSRR,protein_coding,Up
ENSG00000256690,5.750393546810014,1.3645216882041455,0.1929267966082993,7.072743196864166,1.519004436093738e-12,5.383890723090305e-12,AP001160.1,lncRNA,Up
ENSG00000235027,20.187051783837724,1.2187516078122829,0.1723230740443864,7.072480656295401,1.5218820473090932e-12,5.393365083663592e-12,AC068580.3,lncRNA,Up
ENSG00000204128,252.2533773098688,1.9517379837677242,0.2759698410446486,7.072287233922625,1.5240055001978984e-12,5.4001646116929025e-12,C2orf72,protein_coding,Up
ENSG00000274259,3.9280015966500486,1.6653199634968385,0.23552359443453738,7.070713944796329,1.5413858967770093e-12,5.45954950947075e-12,SYNGAP1-AS1,lncRNA,Up
ENSG00000169627,25.783344898773617,1.0493562719268046,0.1484292067180238,7.069742506407811,1.5522144956428377e-12,5.496427588304234e-12,BOLA2B,protein_coding,Up
ENSG00000287151,102.31736176604063,1.0111565555623603,0.14307872845268016,7.067134063165622,1.5816613571935622e-12,5.597692925673632e-12,C2orf27A,lncRNA,Up
ENSG00000250874,6.743426047894975,4.9355327690278505,0.698693864370689,7.06394176435665,1.6184459402162195e-12,5.723269336663767e-12,AC010595.1,lncRNA,Up
ENSG00000183631,8.333215656695964,3.2206445712639713,0.4560364426926238,7.06225263982848,1.6382477808758209e-12,5.788636470815409e-12,PRR32,protein_coding,Up
ENSG00000271351,3.9432111641090537,2.7806246379366715,0.39376229157664444,7.061683399908375,1.6449744560081096e-12,5.810847475543718e-12,IGKV1OR2-9,IG_V_pseudogene,Up
ENSG00000186301,179.31615862892198,1.4064276617489517,0.19917865731639453,7.061136372231121,1.6514641780648965e-12,5.832209773077718e-12,MST1P2,unprocessed_pseudogene,Up
ENSG00000266088,56.00159131758801,1.2962366175601674,0.18359472264856247,7.06031523597455,1.6612529937399144e-12,5.865993766058053e-12,AC004585.1,lncRNA,Up
ENSG00000060709,145.8769565518682,2.528895464841122,0.3582588364416161,7.058850215557055,1.678859159694647e-12,5.9249887635369164e-12,RIMBP2,protein_coding,Up
ENSG00000227925,47.041452271714974,1.9127521865564814,0.27105465587021127,7.0567029384374855,1.7049957071107606e-12,6.013205402769928e-12,LINC01655,lncRNA,Up
ENSG00000233834,199.5331920132878,1.0672846797374675,0.15124912091147052,7.056468647921418,1.707871518723874e-12,6.0217371237797245e-12,AC005083.1,lncRNA,Up
ENSG00000261220,38.94933766723618,1.1857515454454108,0.16807469880394066,7.054908049120418,1.7271489543294154e-12,6.088892770811054e-12,AC103706.1,lncRNA,Up
ENSG00000236279,23.48328715536001,2.7919972272244418,0.3958989938223749,7.052296850436317,1.7598824614563483e-12,6.2018041572369245e-12,CLEC2L,protein_coding,Up
ENSG00000279789,86.45774509108959,1.0099143983219345,0.1433266984517768,7.046240576466824,1.8381634079852723e-12,6.467294071857456e-12,AC120114.3,TEC,Up
ENSG00000164237,2743.4836036067627,1.3543422308171609,0.19224571102278312,7.044850174351391,1.856611701241222e-12,6.527846741564137e-12,CMBL,protein_coding,Up
ENSG00000144852,34.32716990837858,1.9601696227280476,0.27830504650779075,7.043241390425795,1.8781842816343516e-12,6.602815558818538e-12,NR1I2,protein_coding,Up
ENSG00000253441,6.732026239504474,2.3450830991084364,0.3330958301733697,7.040265553272965,1.918737985087628e-12,6.7417882300813785e-12,IGHV3-25,IG_V_pseudogene,Up
ENSG00000225972,199.7445446455197,2.4101637368088533,0.34238899568141684,7.039255838267189,1.9326922420139856e-12,6.789913991727791e-12,MTND1P23,unprocessed_pseudogene,Up
ENSG00000228358,5.567285404992423,4.216851168282733,0.5990778409735485,7.038903594614713,1.937583630654598e-12,6.806191599888338e-12,LINC02263,lncRNA,Up
ENSG00000226088,5.05266624826405,1.8624795300295982,0.2645994562216403,7.038863785379448,1.938137199924419e-12,6.8072293502939435e-12,HHLA3-AS1,lncRNA,Up
ENSG00000227755,15.00453678642355,2.1416284819470937,0.3043396651810895,7.036967989935759,1.9646796547476547e-12,6.898615512076652e-12,AP000344.1,transcribed_processed_pseudogene,Up
ENSG00000227256,9.493246854780741,1.2673371704728718,0.18015236323550649,7.034807358125683,1.995364908356035e-12,7.0035635076998056e-12,MIS18A-AS1,lncRNA,Up
ENSG00000251381,94.65032334897066,2.0960964370176645,0.2979766679932406,7.034431424225515,2.0007517169446427e-12,7.021536169261409e-12,LINC00958,lncRNA,Up
ENSG00000270467,9.32748470112574,2.1224335284177553,0.30186225019568785,7.031132667439696,2.048635924272549e-12,7.18671402461981e-12,IGHV3OR16-12,IG_V_gene,Up
ENSG00000260704,35.43051210221456,2.0683693399354515,0.29418911572999584,7.030747330005854,2.054302219771756e-12,7.205633085312744e-12,LINC00543,lncRNA,Up
ENSG00000254777,7.952289031526972,1.7206970996551234,0.24480615445933412,7.028814710379171,2.082953642604989e-12,7.303216002591885e-12,AC022182.1,lncRNA,Up
ENSG00000277290,25.713452583839533,1.1485755350065026,0.16345859838165494,7.026706128512893,2.114660915749843e-12,7.413401801159713e-12,AC136475.10,processed_pseudogene,Up
ENSG00000242841,4.94727543009832,1.9139901802038837,0.2725195012278511,7.023314557601562,2.16665661385888e-12,7.589630035528515e-12,KRT8P35,processed_pseudogene,Up
ENSG00000229689,232.4028585264614,1.123601313151243,0.15998324319249554,7.023243751842809,2.167755382117516e-12,7.592470371422353e-12,AC009237.3,transcribed_unprocessed_pseudogene,Up
ENSG00000175766,10.33949616264424,4.782674916404354,0.6812005331723416,7.020950048484992,2.2036463478827663e-12,7.715102787263482e-12,EIF4E1B,protein_coding,Up
ENSG00000120093,687.640750506511,1.364242886805542,0.19433689593609121,7.0199890773915685,2.2188559086663936e-12,7.766290192664296e-12,HOXB3,protein_coding,Up
ENSG00000090924,2955.140209832921,1.0096556917940311,0.1438267935299158,7.019941604858375,2.2196099327945666e-12,7.766672128513298e-12,PLEKHG2,protein_coding,Up
ENSG00000226465,31.070654227743532,1.3702215543904146,0.19518954824671098,7.019953510310475,2.2194208104062394e-12,7.766672128513298e-12,AL390198.1,lncRNA,Up
ENSG00000204618,392.0809198229507,1.2239011365258508,0.17439755695124717,7.017880054753245,2.2525978671777935e-12,7.874984191631767e-12,RNF39,protein_coding,Up
ENSG00000239862,4.184539305038391,2.7664483747194297,0.39435139488549553,7.015185975246011,2.2964328925747545e-12,8.019723927585258e-12,IGKV1-37,IG_V_gene,Up
ENSG00000257512,25.162660687875118,2.060528557619751,0.29379235071010157,7.01355413998838,2.32338999396766e-12,8.10956904578785e-12,AC124947.2,transcribed_processed_pseudogene,Up
ENSG00000258602,6.65169198620418,3.3612198612784043,0.4793185202960445,7.012497366474371,2.341012684545019e-12,8.169997947518813e-12,LINC01629,lncRNA,Up
ENSG00000261241,6.7313984242109575,3.627264454583752,0.5172850932031158,7.012118659989067,2.347359825040989e-12,8.191065050460617e-12,LINC02128,lncRNA,Up
ENSG00000279667,5.288163331046931,1.6194881364235143,0.23099391994559124,7.010955685781563,2.366957019375076e-12,8.25726373871157e-12,AL603839.4,TEC,Up
ENSG00000148408,58.18553734517306,2.756138719031884,0.3931747986783601,7.0099577294794155,2.383901367721947e-12,8.314175250208669e-12,CACNA1B,protein_coding,Up
ENSG00000203711,44.388294027785314,1.0510183599917615,0.14995586338964959,7.008851379560701,2.4028252048069277e-12,8.379066470610775e-12,C6orf99,lncRNA,Up
ENSG00000159556,11.253298774343042,1.8624885055329352,0.2657507913585997,7.00840248117916,2.410545446756602e-12,8.402654782679656e-12,ISL2,protein_coding,Up
ENSG00000198917,4.873313932890409,1.481337311783415,0.21137204945684657,7.008198650625483,2.414058990655899e-12,8.413790058630195e-12,SPOUT1,protein_coding,Up
ENSG00000245330,4.018254716188034,1.7314031289498157,0.24717450650825093,7.004780361084769,2.473735941967106e-12,8.616089920706987e-12,AP005717.1,lncRNA,Up
ENSG00000090539,592.6745973654213,1.3984140845875537,0.1996512963369012,7.0042825177944374,2.4825471978966564e-12,8.645637824687643e-12,CHRD,protein_coding,Up
ENSG00000282021,11.304555377030876,1.7373296849374542,0.24806020547367238,7.003661395909969,2.493583510751839e-12,8.682925812561203e-12,AC100810.3,lncRNA,Up
ENSG00000287119,6.820009233669745,1.8419357730177088,0.2630393392018807,7.0025106457708866,2.514157745056928e-12,8.749945854183871e-12,AC092580.4,lncRNA,Up
ENSG00000253957,11.501008657920911,2.0692990898813575,0.2955321965023756,7.001941292256878,2.524398674728058e-12,8.780951464526961e-12,IGHV3-22,IG_V_pseudogene,Up
ENSG00000177202,48.05048887713714,1.2232383120767445,0.17472493189161578,7.000937409639603,2.5425552067422547e-12,8.842941282220162e-12,SPACA4,protein_coding,Up
ENSG00000143001,61.3917240521483,1.3690408683947475,0.19557407085161982,7.000114393658174,2.5575360161379437e-12,8.893871125617509e-12,TMEM61,protein_coding,Up
ENSG00000279930,32.71990570025228,2.124917624641787,0.3035833271124615,6.999454300909673,2.5696137702171865e-12,8.93469344944979e-12,AL032819.2,TEC,Up
ENSG00000250564,5.3804751028609346,3.2522335228420354,0.464765590777127,6.997578106856037,2.604248868106e-12,9.047963458755629e-12,AC109454.3,lncRNA,Up
ENSG00000253632,5.835399616045164,2.5337247730345633,0.36216425749627884,6.996065239984641,2.6325099034470603e-12,9.142537357289475e-12,AC084026.2,lncRNA,Up
ENSG00000245080,6.5138690237342285,1.6541462235788393,0.23645888855910546,6.995491832252978,2.6432998358571278e-12,9.177592715148447e-12,MIR3150BHG,lncRNA,Up
ENSG00000108688,48.666168122852966,1.8645738610446767,0.26656241791133356,6.9948865097137904,2.6547373753757865e-12,9.214877529111424e-12,CCL7,protein_coding,Up
ENSG00000272275,31.084895234839294,1.1912951322260632,0.17032139576994712,6.994395077851193,2.6640586403652404e-12,9.244798834903459e-12,AC092687.3,lncRNA,Up
ENSG00000138039,13.92942450084174,2.7286334716392457,0.3901490523658842,6.993823142956954,2.6749472709246763e-12,9.281363096616278e-12,LHCGR,protein_coding,Up
ENSG00000104755,9.304336675305514,4.858608966067191,0.6948056218121356,6.992760008756639,2.695303558278711e-12,9.348303936841983e-12,ADAM2,protein_coding,Up
ENSG00000225806,31.571658776874212,1.1103244409361062,0.1587840901734657,6.992668092395895,2.6970706385950275e-12,9.351972746844296e-12,AL121917.1,lncRNA,Up
ENSG00000244144,4.619376336130846,1.6786331821079272,0.24006527025188096,6.992403275770267,2.702168058880405e-12,9.368415949602456e-12,AC128688.1,processed_pseudogene,Up
ENSG00000111110,1337.0097412732841,1.0518419647155308,0.150563366206684,6.986041765774735,2.827499341514558e-12,9.797786811529422e-12,PPM1H,protein_coding,Up
ENSG00000271032,40.65637916263451,1.1766983864095597,0.1685335889011039,6.9819814203330735,2.9104562808892085e-12,1.0079949057925982e-11,AC020907.4,lncRNA,Up
ENSG00000188660,3.769216035329213,3.034646710079199,0.43476151036936533,6.980026146981179,2.951251318998183e-12,1.0211848482086614e-11,LINC00319,lncRNA,Up
ENSG00000187862,21.364428514939423,1.549502757949336,0.22200672478060338,6.979530730344413,2.9616764626262023e-12,1.0246576793420749e-11,TTC24,protein_coding,Up
ENSG00000100003,378.6182226999083,1.0510112369772162,0.15058530956838054,6.979507097934767,2.962174665159643e-12,1.0246956043586487e-11,SEC14L2,protein_coding,Up
ENSG00000270002,4.311386556009079,2.867131230875705,0.4108349742471149,6.978790537806408,2.9773197880286306e-12,1.029799617134247e-11,AC022028.2,lncRNA,Up
ENSG00000151846,46.18613703848096,1.2190632232478231,0.17469703198595968,6.978156465450419,2.9907847668174864e-12,1.0343212367341261e-11,PABPC3,protein_coding,Up
ENSG00000249942,5.916324097457984,3.756722983460619,0.5384330633853881,6.977140222110974,3.0124900661241665e-12,1.041281466033481e-11,AC239584.1,lncRNA,Up
ENSG00000244184,4.4110560887631465,1.7872043374044724,0.2561795253218576,6.976374615258862,3.028944128492015e-12,1.046420236713408e-11,AC091153.3,lncRNA,Up
ENSG00000204710,13.585704440268337,3.143447103968202,0.45062447502330466,6.975757594626067,3.0422689497245427e-12,1.0508859340350562e-11,SPDYC,protein_coding,Up
ENSG00000111886,50.15073835363393,1.0572629598645462,0.1515675376982137,6.975523756080696,3.0473337974705805e-12,1.0523597726466633e-11,GABRR2,protein_coding,Up
ENSG00000223945,5.1076795984657615,1.9264297750253798,0.27619544419336595,6.9748788965421005,3.061344073495621e-12,1.0569212256883939e-11,AC244033.1,processed_pseudogene,Up
ENSG00000264924,5.520015252730082,1.7604108872682935,0.2524040609393936,6.974574342094272,3.067982791300049e-12,1.0590745674379145e-11,AC090772.1,lncRNA,Up
ENSG00000086570,238.76276027596376,2.063741889781279,0.2959341850113782,6.973651556010441,3.0881841104610893e-12,1.0657690746349814e-11,FAT2,protein_coding,Up
ENSG00000252916,4.914193490696261,1.4731336910710378,0.21127543447033542,6.972574425248082,3.1119293122427222e-12,1.0735423333835766e-11,RNU6-762P,snRNA,Up
ENSG00000284738,14.19846568787593,1.1758172644843896,0.16864678012343975,6.972070641513338,3.1230965167218716e-12,1.0772538279392513e-11,AL358472.5,lncRNA,Up
ENSG00000231482,5.631357424238404,2.2173790949374172,0.31804060131463846,6.972000070971308,3.1246639646849447e-12,1.0776535279720375e-11,AC105450.1,lncRNA,Up
ENSG00000272599,19.454946649174246,1.077536038489487,0.15455294587894802,6.9719540598951495,3.125686335789209e-12,1.0778651585557923e-11,AC016394.1,lncRNA,Up
ENSG00000127129,310.4182256743289,1.8390760198199114,0.26389674022724025,6.968922837911115,3.1937679864601307e-12,1.1010545405014203e-11,EDN2,protein_coding,Up
ENSG00000163623,12.362996392865757,2.1146654067773127,0.30346710139011746,6.968351419611833,3.206764029503266e-12,1.1053904242875965e-11,NKX6-1,protein_coding,Up
ENSG00000181355,8.303981451799935,4.421937603015686,0.6346175990007824,6.967877364223924,3.217585043749876e-12,1.108975527430195e-11,OFCC1,transcribed_unitary_pseudogene,Up
ENSG00000121743,18.06515132988653,1.9735527909571968,0.28350046224467357,6.961374155552284,3.3696949282353033e-12,1.1601887355733772e-11,GJA3,protein_coding,Up
ENSG00000267523,56.563672402689996,1.0527541628283175,0.15131594743336949,6.957324595888267,3.4679531035680966e-12,1.1930844532431925e-11,AC008735.2,lncRNA,Up
ENSG00000248494,4.428058575887923,2.0858506247464748,0.2998264444235007,6.956860088699313,3.4794019046526286e-12,1.1968670522526718e-11,LNX1-AS2,lncRNA,Up
ENSG00000240399,19.20107460089091,1.2015188565952413,0.17271426261984008,6.956685790564352,3.4837074203877274e-12,1.1981917917780666e-11,AC004801.2,transcribed_processed_pseudogene,Up
ENSG00000242252,15.149597638493908,1.4378195260792503,0.20671269812712237,6.955642005093623,3.509600553643513e-12,1.2067827174283407e-11,BGLAP,protein_coding,Up
ENSG00000163515,4.51678769813316,3.907651793055542,0.5620637619671124,6.952328289907058,3.593060487930677e-12,1.2345147239965076e-11,RETNLB,protein_coding,Up
ENSG00000258404,8.067736953544948,1.8069132569280535,0.2599138342896128,6.9519703014910466,3.6021924945230868e-12,1.2374910901585955e-11,LINC02320,lncRNA,Up
ENSG00000064655,745.4879559185647,1.832482141377908,0.2636232735721541,6.951139467116718,3.6234742181097674e-12,1.2445432093556405e-11,EYA2,protein_coding,Up
ENSG00000287322,4.952426436055206,1.7854522682893257,0.25687289016241066,6.95072285425081,3.6341920644854886e-12,1.2478339158916971e-11,AC068189.2,lncRNA,Up
ENSG00000279716,47.443065454746815,1.2120580687579567,0.17441981086189387,6.949084870397366,3.676633253565552e-12,1.2620778299469358e-11,AC006128.1,TEC,Up
ENSG00000239605,10.865248661414464,2.1927374408245033,0.3155757913497095,6.948370251869518,3.695301368854988e-12,1.2683209305831841e-11,STPG4,protein_coding,Up
ENSG00000241081,8.636170176967196,1.5974602838376686,0.22999766568728452,6.945549986623123,3.76988707753418e-12,1.29324732970699e-11,RPL22P2,processed_pseudogene,Up
ENSG00000216775,342.8374780762946,1.1176911755613486,0.1609462132442759,6.944501228276644,3.797997727900925e-12,1.30204368284903e-11,AL109918.1,transcribed_unprocessed_pseudogene,Up
ENSG00000280033,19.307389948482967,1.0595661507225542,0.15258834300420504,6.943952138554612,3.812797248946559e-12,1.3066077122120957e-11,AC116407.4,TEC,Up
ENSG00000248587,6.8492950118756095,2.087155473179022,0.3006440688871277,6.942280554227775,3.858200096974186e-12,1.3218232630532584e-11,GDNF-AS1,lncRNA,Up
ENSG00000280202,161.71639604102154,1.2380674095992992,0.17853051842570344,6.934766226618719,4.068934545069916e-12,1.392031706713722e-11,AC005831.1,TEC,Up
ENSG00000276674,3.6837455390352196,2.7969487373671047,0.4033279901803959,6.9346755133858125,4.0715462440820456e-12,1.3927445123419838e-11,IGKV1OR1-1,IG_V_pseudogene,Up
ENSG00000270999,3.8521019527598193,2.5502914939235932,0.36786789386498536,6.9326286323307125,4.130916279548028e-12,1.412869809230629e-11,IGKV1OR2-118,IG_V_pseudogene,Up
ENSG00000174792,9.129869874335983,1.997941104302778,0.2882563435364069,6.931126232267764,4.175032860257239e-12,1.4272182593334636e-11,ODAPH,protein_coding,Up
ENSG00000251893,3.0995917990468476,3.4109706043809074,0.49252679258986926,6.9254518854596565,4.345860250698368e-12,1.4850373825439415e-11,SNORA70,snoRNA,Up
ENSG00000288234,4.676214739368925,2.5642601149106374,0.3703203189753404,6.924438070278805,4.377094677888514e-12,1.4949357163051433e-11,BX255925.4,lncRNA,Up
ENSG00000086548,72173.05376172933,1.4190947883959857,0.20509012086250794,6.919371749492235,4.536509701901644e-12,1.5481786053985553e-11,CEACAM6,protein_coding,Up
ENSG00000188175,73.59139405808486,2.585685875284913,0.37370796588569655,6.919001229092822,4.548389180429401e-12,1.5520318670797527e-11,HEPACAM2,protein_coding,Up
ENSG00000235489,6.268908533363482,1.4001991529189586,0.20241824213847923,6.917356549124897,4.6014894120883675e-12,1.5693387971646437e-11,DBF4P1,processed_pseudogene,Up
ENSG00000006747,2031.1079154385095,1.5182078791781277,0.21950359711628484,6.916551250747101,4.6277104742615524e-12,1.5778733541023682e-11,SCIN,protein_coding,Up
ENSG00000072041,39.16941485620082,3.132131660671689,0.4529082426955354,6.915598713837593,4.658914856173404e-12,1.5883074952461884e-11,SLC6A15,protein_coding,Up
ENSG00000277157,6.578819744743583,2.515142859229281,0.3637036537550859,6.915363189952859,4.666662188159229e-12,1.5907430442316298e-11,H4C4,protein_coding,Up
ENSG00000205359,7.950505373674456,4.418375258374182,0.6390759898296327,6.913693095483136,4.721961788356493e-12,1.608553576527073e-11,SLCO6A1,protein_coding,Up
ENSG00000081277,1744.0433945831724,2.2704446369899745,0.32845498579835253,6.912498622821523,4.761906255442599e-12,1.621741804933764e-11,PKP1,protein_coding,Up
ENSG00000261298,4.101916294929126,4.009511531759013,0.5801630006433022,6.9110086774115995,4.812196157936194e-12,1.63865718859475e-11,AC122134.1,lncRNA,Up
ENSG00000238062,4.2423062969844905,2.4129287279941645,0.3491581227318364,6.910704838012215,4.822515328361481e-12,1.6419590601535473e-11,SPATA3-AS1,lncRNA,Up
ENSG00000273367,7.547129133504086,1.6889575681900355,0.244406154359895,6.910454332107356,4.831039467168585e-12,1.6446489897913193e-11,AL355472.3,lncRNA,Up
ENSG00000154252,17.528657849216522,2.2732600331257427,0.3289925938502424,6.909760510172857,4.854725806565436e-12,1.6524992838405904e-11,GAL3ST2,protein_coding,Up
ENSG00000274373,12.084846092132368,1.9230125080679898,0.278342409795256,6.908801678775885,4.887646745647399e-12,1.6634905095859825e-11,AC148476.1,lncRNA,Up
ENSG00000124882,1440.7452147399645,2.5080380998606637,0.3631894700707248,6.905591451680214,4.999468855724003e-12,1.699574496911718e-11,EREG,protein_coding,Up
ENSG00000109625,11.35970333477611,1.3882350705186568,0.2011354924120088,6.901989568678293,5.127920181873045e-12,1.7425677215978377e-11,CPZ,protein_coding,Up
ENSG00000285697,7.866965825133352,1.2398861545981543,0.1797014945196675,6.899698624723761,5.211297747429157e-12,1.7699886862404286e-11,AC002059.3,transcribed_unprocessed_pseudogene,Up
ENSG00000164385,4.894872025843414,1.9510146885464503,0.28278027778732645,6.899401555909676,5.22220625221407e-12,1.77300861170188e-11,LINC01600,lncRNA,Up
ENSG00000164434,17.91276544369711,2.557083394092429,0.3706582387841965,6.89876313684533,5.245725086825687e-12,1.7807642963387407e-11,FABP7,protein_coding,Up
ENSG00000261821,7.89552486988126,2.3319437346336906,0.33807624231801925,6.897685914410081,5.285644674469882e-12,1.7936966059383217e-11,AC090826.1,lncRNA,Up
ENSG00000005421,88.27591215004574,1.70369254440299,0.24699500733868102,6.897680089812004,5.2858613290658696e-12,1.7936966059383217e-11,PON1,protein_coding,Up
ENSG00000286849,4.969014461509539,3.295406283333374,0.47792609912020084,6.895221435698499,5.3780962693936935e-12,1.8245259053635882e-11,AC009152.6,lncRNA,Up
ENSG00000267128,108.33902154165496,1.1439797595719217,0.165910994649773,6.895141349654291,5.3811270277992475e-12,1.825319265797095e-11,RNF157-AS1,lncRNA,Up
ENSG00000214584,3.4930381339502996,3.094586670064271,0.44883374815951915,6.894728132084287,5.396791363753883e-12,1.830161886087833e-11,PGGT1BP2,processed_pseudogene,Up
ENSG00000222000,10.799142255845155,2.4720037243706487,0.358569701071493,6.894067504821807,5.421927448985027e-12,1.8384496184870152e-11,AC092675.1,lncRNA,Up
ENSG00000009694,425.5989575721463,2.1872633795217684,0.3173309586622851,6.892688279587407,5.474775772232943e-12,1.8558919798660845e-11,TENM1,protein_coding,Up
ENSG00000154928,164.54269484346213,1.5646729836939925,0.227015756924638,6.892354103038822,5.4876563419997866e-12,1.860019251137974e-11,EPHB1,protein_coding,Up
ENSG00000196132,64.38889058938132,2.2280038030809064,0.3232628466651589,6.892235919052926,5.492218755976889e-12,1.861326418135337e-11,MYT1,protein_coding,Up
ENSG00000271966,16.84163548400251,1.1169603470657365,0.16207409450220192,6.891664892507308,5.514315286724627e-12,1.8685748407983605e-11,AC021321.1,lncRNA,Up
ENSG00000111716,719.7827562057624,1.003935716347924,0.1456780539565314,6.891468475049003,5.52193600909214e-12,1.8709167745054573e-11,LDHB,protein_coding,Up
ENSG00000146276,16.799584874086527,3.0521479874473987,0.4429110430110588,6.891108351460073,5.535935122691998e-12,1.8751780242182143e-11,GABRR1,protein_coding,Up
ENSG00000257588,128.31913720514524,2.1815284569484548,0.3165850565847363,6.8908131055912705,5.547438184393783e-12,1.878591818703789e-11,AC025154.2,lncRNA,Up
ENSG00000188993,43.84236648984527,1.8862384170217505,0.27382756876197445,6.8884167709985755,5.641672481088755e-12,1.909277506754498e-11,LRRC66,protein_coding,Up
ENSG00000285940,7.225618468794912,4.493752244980284,0.6525030339873815,6.886944597819581,5.700340867160146e-12,1.9288847512769545e-11,AC009899.1,lncRNA,Up
ENSG00000267026,8.710015662537245,1.5190208454804301,0.22058757766428821,6.886248362508541,5.7282947909404566e-12,1.9378464866850525e-11,AL136084.1,lncRNA,Up
ENSG00000260325,19.750416739298508,1.5277281601198862,0.2218932816684881,6.884968073987634,5.780049639770828e-12,1.954853264085632e-11,HSPB9,protein_coding,Up
ENSG00000091656,170.3295734022272,1.6960422749196162,0.2463714203089083,6.884086931808343,5.8159352186794096e-12,1.9661005601421224e-11,ZFHX4,protein_coding,Up
ENSG00000231704,4.144384299731751,1.5859778688820683,0.23046756516076178,6.881566470213608,5.91979403041293e-12,2.000319945950653e-11,AC004895.1,lncRNA,Up
ENSG00000130649,101.9534645068018,1.5044305455749305,0.21864476164466884,6.880707016525099,5.955622807932932e-12,2.0116533040244834e-11,CYP2E1,protein_coding,Up
ENSG00000272767,38.57834428166253,1.3598761348583683,0.19768572622957192,6.878979887901202,6.028266955706815e-12,2.0351478635512573e-11,JMJD1C-AS1,lncRNA,Up
ENSG00000273179,52.90489105651628,1.3181047308424625,0.19167532495645329,6.876757512433709,6.123020288525531e-12,2.0658142913052487e-11,AC092535.5,lncRNA,Up
ENSG00000204613,18.621420603966556,2.449401909205722,0.3562940845416924,6.8746634184410675,6.213639117287523e-12,2.0958514136975183e-11,TRIM10,protein_coding,Up
ENSG00000214207,14.446660043701481,1.1719796618024825,0.17049880944232973,6.873829005820115,6.250112157488271e-12,2.1076145472246253e-11,KRT18P10,processed_pseudogene,Up
ENSG00000260757,4.557854693086302,2.1348052747236093,0.3105739011697065,6.873743307738825,6.253869969478642e-12,2.1086120840704742e-11,AC093520.1,lncRNA,Up
ENSG00000283312,21.24427701017622,1.1675163243477669,0.1698728928164351,6.872881864732748,6.291766965838783e-12,2.1211185743948952e-11,AC017104.3,processed_pseudogene,Up
ENSG00000198363,19036.894397324806,1.1351535651917375,0.1652044172480574,6.871205892075416,6.366143115965451e-12,2.145369890964971e-11,ASPH,protein_coding,Up
ENSG00000225285,144.16745165066553,1.0463571331727948,0.15229718479012852,6.870495568350235,6.397925157365225e-12,2.1555329447336577e-11,LINC01770,lncRNA,Up
ENSG00000280208,13.462400358314929,2.2177080056488885,0.322833966750355,6.869500220104861,6.442721814953528e-12,2.1697902204383722e-11,GGT4P,unprocessed_pseudogene,Up
ENSG00000271580,11.207057091468581,1.4027590408388764,0.204261595970011,6.867463431769253,6.535349740723003e-12,2.2001426358083186e-11,AL583832.1,processed_pseudogene,Up
ENSG00000265943,8.546490107001802,1.2846657138020738,0.18706891582795834,6.867339280372707,6.5410378367913576e-12,2.2017764584655106e-11,AC090912.1,lncRNA,Up
ENSG00000256898,5.241226536466635,1.6335265707129543,0.2382240047928398,6.857103137584615,7.027089966244393e-12,2.3620696291888418e-11,ARPC3P4,processed_pseudogene,Up
ENSG00000286585,16.627922612072382,1.054052761358161,0.15373063423781744,6.856491333585262,7.057235989195554e-12,2.3712960376540105e-11,AC104472.4,lncRNA,Up
ENSG00000241634,10.46738392214013,1.1998002971869737,0.17499711475071977,6.856114735926175,7.075855434931634e-12,2.3763411591842486e-11,AC069499.1,processed_pseudogene,Up
ENSG00000279452,20.02838776550099,1.0703814624934465,0.1561362587847253,6.855431728828903,7.109747039213114e-12,2.387419195518271e-11,AC006277.1,TEC,Up
ENSG00000269720,10.078954396864447,1.800074585426111,0.2625932871665412,6.854990867624399,7.131707508401371e-12,2.394183666410492e-11,CCDC194,protein_coding,Up
ENSG00000280417,22.830396318829273,1.0957901064979785,0.15997269774338005,6.8498570190757695,7.392383666443471e-12,2.4804320814876492e-11,AC096887.2,TEC,Up
ENSG00000287851,3.6130328079267855,1.7450687568889753,0.2548097543070465,6.848516304388263,7.461983143859716e-12,2.5028300114930136e-11,AP001885.2,lncRNA,Up
ENSG00000269894,11.248732144868338,1.3452395420941081,0.19647930834713428,6.846723725825498,7.556043916697444e-12,2.532768248167174e-11,AC018809.1,lncRNA,Up
ENSG00000277268,6.679331028415094,4.5720843614510684,0.6680776392961825,6.843642254316046,7.72045831636678e-12,2.5859073517412927e-11,LHX1-DT,lncRNA,Up
ENSG00000253477,5.708810776595913,4.495204014533776,0.6568617874103118,6.843454895216527,7.730567285850387e-12,2.5889644313928715e-11,AC012213.1,lncRNA,Up
ENSG00000226942,14.509483662111073,1.3269510389241466,0.19390434304559892,6.8433280971540595,7.73741603953339e-12,2.590929028095181e-11,IL9RP3,unprocessed_pseudogene,Up
ENSG00000169435,679.97984033399,1.2232094307752284,0.1788530235192739,6.839187880116606,7.964337791708775e-12,2.663870973710812e-11,RASSF6,protein_coding,Up
ENSG00000255236,8.621529761715161,1.8567214598338815,0.27152572694468624,6.838105106011271,8.024751463554407e-12,2.6823766775754813e-11,AP002992.1,lncRNA,Up
ENSG00000231703,12.634580228229858,2.201329151284184,0.32192062836390967,6.83811150118572,8.024393328239017e-12,2.6823766775754813e-11,AL354993.1,lncRNA,Up
ENSG00000244128,36.55492805842253,3.405336323870314,0.49806167707086435,6.8371779653823905,8.076838208197235e-12,2.6994451654012813e-11,LINC01322,lncRNA,Up
ENSG00000286051,12.667886102988941,5.5965826246526795,0.8188035178870159,6.835073985875247,8.19627168967776e-12,2.7376274155389808e-11,AC244102.3,lncRNA,Up
ENSG00000228561,25.777938060483475,1.6417344627346966,0.24022106050001607,6.8342653192748966,8.242634972096034e-12,2.7527644910609475e-11,AC026355.2,lncRNA,Up
ENSG00000272787,17.318746903600164,1.0864055004572235,0.1590491797910325,6.830626237020539,8.4544744559761e-12,2.821724989293631e-11,AC253536.6,lncRNA,Up
ENSG00000286977,68.03656421437421,1.0007854097402775,0.14653957166115703,6.829454995640293,8.52378306711079e-12,2.8441371565191892e-11,Z83745.1,lncRNA,Up
ENSG00000282440,4.590751546754133,2.243862911258042,0.32881536987173543,6.824081587589199,8.848958336670432e-12,2.949652778890144e-11,AC074099.1,lncRNA,Up
ENSG00000083454,92.41490586342927,1.279133293823757,0.18745726137834606,6.823599600348769,8.87871319253372e-12,2.959197003123284e-11,P2RX5,protein_coding,Up
ENSG00000287584,9.64849233344685,1.4319432940677241,0.2099346837471277,6.820899093513012,9.047247611979168e-12,3.0147193115258896e-11,AC004837.4,lncRNA,Up
ENSG00000227777,5.746957400719686,3.1660694219290546,0.46417222779623385,6.820893694913005,9.047587649380316e-12,3.0147193115258896e-11,AL031736.1,processed_pseudogene,Up
ENSG00000255843,6.555055114664921,1.5995702931201006,0.23452140984129688,6.8205725618080955,9.067837150758978e-12,3.020703204465819e-11,AP000593.3,lncRNA,Up
ENSG00000207296,8.71803788195913,4.802674603901722,0.7041736379674791,6.820298779948824,9.08513591229502e-12,3.026083541836803e-11,RNU6-140P,snRNA,Up
ENSG00000225698,382.6748728175548,1.6812527649619295,0.24678210696201536,6.8127012353481025,9.57829314187659e-12,3.187928690537494e-11,IGHV3-72,IG_V_gene,Up
ENSG00000215089,15.598378899911845,1.1620469596531409,0.17059361282178415,6.811784687783763,9.639530838248372e-12,3.2075006713515405e-11,KRT18P11,processed_pseudogene,Up
ENSG00000070985,20.83970975635264,2.1553320241291,0.31643384101188304,6.811319602343546,9.670751331435078e-12,3.217077237415706e-11,TRPM5,protein_coding,Up
ENSG00000187714,8.16441694714378,5.011255723795384,0.7361996891268543,6.806924531221712,9.97072008908331e-12,3.314356343742933e-11,SLC18A3,protein_coding,Up
ENSG00000268119,163.2073949050217,1.5387821231297176,0.2261261314432501,6.804972575740982,1.010684879192066e-11,3.3587599576931045e-11,AC010615.2,lncRNA,Up
ENSG00000159337,50.87259601378677,1.4918617954572866,0.21924996504433134,6.8043878372142,1.0147981497369055e-11,3.371579590344236e-11,PLA2G4D,protein_coding,Up
ENSG00000184678,1461.8015309743832,1.0942200851838344,0.16081354404797643,6.8042781574255295,1.0155715030660049e-11,3.373723927418814e-11,H2BC21,protein_coding,Up
ENSG00000242375,29.66754428662225,1.417947960486015,0.2084072463109148,6.80373636514842,1.0194001643768035e-11,3.386016165085818e-11,AL590705.3,lncRNA,Up
ENSG00000236366,3.8808114023699796,3.425962849143736,0.5037320112169946,6.801161674968321,1.0377887485812054e-11,3.445793162942129e-11,AL359313.1,lncRNA,Up
ENSG00000249867,4.344357628999035,3.2710552702165807,0.48105741013597325,6.79971912144956,1.0482331763541584e-11,3.4800338487295925e-11,LINC02742,lncRNA,Up
ENSG00000236090,29.857267100261893,1.380292493532793,0.2029942842952317,6.799661864002619,1.0486498515408895e-11,3.4809789256210046e-11,LDHAP3,processed_pseudogene,Up
ENSG00000269191,7.534051379875892,1.1323105691292426,0.1665276601006744,6.799534494417945,1.0495773303782116e-11,3.483619156963303e-11,AC005387.2,lncRNA,Up
ENSG00000262503,10.50492508098396,1.917034415075522,0.28202651111762356,6.797355353149737,1.0655704372992363e-11,3.533588082442261e-11,AC027763.1,processed_pseudogene,Up
ENSG00000258388,10.029200953900306,1.090175581715754,0.16045286554599542,6.79436654500411,1.0878946790660745e-11,3.605351600725447e-11,PPT2-EGFL8,protein_coding,Up
ENSG00000214919,5.716237683903646,1.810671658080652,0.2665144067144602,6.793897862416797,1.091436706756631e-11,3.6166355814491525e-11,AC104472.1,lncRNA,Up
ENSG00000183625,45.331001382674,1.3962151158569693,0.20554936532321832,6.792602417728101,1.1012857874440325e-11,3.6478967736338576e-11,CCR3,protein_coding,Up
ENSG00000233080,5.1861033993944075,2.6577252948382823,0.39131557330166233,6.791769804646802,1.1076619322767409e-11,3.667635001775196e-11,LINC01399,transcribed_processed_pseudogene,Up
ENSG00000273388,3.8226886123348347,2.4773546616727757,0.3648279424327509,6.790474011264718,1.1176571085143127e-11,3.700265907284674e-11,AC005291.2,lncRNA,Up
ENSG00000266651,15.478516410086591,1.1563044670137992,0.17033558314309036,6.7883905739322,1.1339133429388837e-11,3.753143573904652e-11,AC093484.4,lncRNA,Up
ENSG00000284959,26.566036193992076,1.3255139971837773,0.1952727344213621,6.788013703559687,1.1368785498326313e-11,3.7624858633391674e-11,AC007262.2,lncRNA,Up
ENSG00000236618,14.011580327368051,1.0551406303052282,0.1554587474412841,6.787270884861265,1.1427452860733936e-11,3.7809527219266486e-11,PITPNA-AS1,lncRNA,Up
ENSG00000286802,9.291600092364341,2.4865830243040294,0.3665540191185644,6.7836741506296985,1.1715741348777904e-11,3.873421506610749e-11,AC104459.1,lncRNA,Up
ENSG00000197837,65.69882567351803,1.0364378294633227,0.15279498669744979,6.78319264175584,1.1754872359257997e-11,3.885871682507627e-11,H4-16,protein_coding,Up
ENSG00000157766,172.50442597294844,1.4658422935513475,0.2162448357366105,6.778623353284449,1.2132636394377974e-11,4.00773671200986e-11,ACAN,protein_coding,Up
ENSG00000238098,65.9150015717741,1.5220508021058363,0.22473617822767236,6.772611397546771,1.2647834807660593e-11,4.1726936554236184e-11,ABCA17P,transcribed_unitary_pseudogene,Up
ENSG00000275361,4.469754990109404,2.4348483366136193,0.35957595315725516,6.771443738755174,1.275035444162652e-11,4.205990075377675e-11,AC245517.5,unprocessed_pseudogene,Up
ENSG00000188624,4.244921643196967,3.6982941910012173,0.5462745202582805,6.770028719722551,1.2875683399446604e-11,4.246270275680427e-11,IGFL3,protein_coding,Up
ENSG00000240990,3.8623616951034,3.829932595642692,0.5657336448030599,6.769851202637854,1.2891491110467384e-11,4.2509518642369e-11,HOXA11-AS,lncRNA,Up
ENSG00000224903,29.09650826354305,1.047045293793758,0.1546857250582657,6.768855325204481,1.2980526036659417e-11,4.2787058948338606e-11,RNF32-AS1,lncRNA,Up
ENSG00000255847,38.14564258811169,1.7601012449457405,0.2600899279449297,6.7672795284806915,1.3122639681424599e-11,4.3250094788047326e-11,AP003717.1,lncRNA,Up
ENSG00000248973,6.369031766241777,4.701521466958662,0.6951159177011793,6.7636509929265936,1.3455699918560458e-11,4.4314575602902375e-11,AC106799.2,lncRNA,Up
ENSG00000211685,564.1147036739419,1.9519653123999727,0.2886086979502288,6.763362733913839,1.3482511167051073e-11,4.4397330104287817e-11,IGLC7,IG_C_gene,Up
ENSG00000164920,237.58874758500593,1.2672985125578264,0.18738666077755775,6.763013478649936,1.3515065845883751e-11,4.449897444824004e-11,OSR2,protein_coding,Up
ENSG00000133636,588.2947215807252,3.104761294362827,0.45917914576346996,6.761546823300498,1.3652617826705668e-11,4.4935038952849284e-11,NTS,protein_coding,Up
ENSG00000153404,817.7937935271949,1.7009853458148578,0.25158372641153254,6.761110386895378,1.3693813583394413e-11,4.506500239537136e-11,PLEKHG4B,protein_coding,Up
ENSG00000224969,6.8435786833881975,1.5660132747437032,0.2316325526624413,6.760765085665046,1.3726493226105163e-11,4.516691120194574e-11,AL645608.1,lncRNA,Up
ENSG00000257594,13.208712123253976,1.468947124525222,0.21727653947654732,6.760725884461074,1.3730208090554618e-11,4.517349810953528e-11,GALNT4,protein_coding,Up
ENSG00000159224,4.853143393660818,4.100213923765095,0.6065881626166472,6.759469070543594,1.3849832107765235e-11,4.555002153676344e-11,GIP,protein_coding,Up
ENSG00000136099,16.121990237409747,3.6437511115513677,0.5390706726640077,6.759319874599165,1.3864100235402065e-11,4.559126115569927e-11,PCDH8,protein_coding,Up
ENSG00000188162,4.407255434463265,3.6185249090636296,0.5353805186462055,6.758790772241103,1.3914816287993527e-11,4.5752332358402657e-11,OTOG,protein_coding,Up
ENSG00000236498,7.752118789846754,1.3203685871856496,0.19547736117346118,6.754585693501311,1.432439853999434e-11,4.708143954875368e-11,AC107081.1,lncRNA,Up
ENSG00000215795,16.45233933182095,1.3541191456942552,0.20050435388056953,6.753564795410062,1.442560354563592e-11,4.7396357525345034e-11,AL390728.2,processed_pseudogene,Up
ENSG00000204791,11.293688746741788,1.246457746120735,0.18457908045572125,6.752974080503929,1.4484482551531997e-11,4.758388001543525e-11,SMPD5,transcribed_unitary_pseudogene,Up
ENSG00000112041,10.274836817749573,1.5321326564631574,0.2268956052033989,6.752588509106152,1.4523040934636734e-11,4.769866601648657e-11,TULP1,protein_coding,Up
ENSG00000231133,12.583571124194386,2.1409178794327195,0.317108948525288,6.75136381167746,1.4646182586159523e-11,4.8073168383996345e-11,HAR1B,lncRNA,Up
ENSG00000275022,5.838348050200825,1.45964415236847,0.2162335438645809,6.750313232079252,1.475263131491397e-11,4.841653861534305e-11,MIR6753,miRNA,Up
ENSG00000264349,3.8262095742430335,1.3532352557927076,0.20047623867945463,6.750102978320647,1.4774025839100774e-11,4.847468724363412e-11,MIR4258,miRNA,Up
ENSG00000231852,18.062308821461457,1.71177004699614,0.2535944214535128,6.750030372059781,1.478142099805145e-11,4.849291760619765e-11,CYP21A2,protein_coding,Up
ENSG00000185168,163.92457067129027,1.2450687760731336,0.18449487997395025,6.748527526882757,1.4935306815649615e-11,4.897948522928496e-11,LINC00482,lncRNA,Up
ENSG00000138684,14.549322425830436,1.7850878320987573,0.26459573792750607,6.74647235847705,1.5148290945547676e-11,4.964708330028489e-11,IL21,protein_coding,Up
ENSG00000226450,15.681446757678511,1.2377350723627465,0.1834688356198111,6.746296002704315,1.516670525733134e-11,4.970125731773673e-11,CYP2D8P,unprocessed_pseudogene,Up
ENSG00000129194,112.3543050019878,1.4348359082058249,0.21268628300633868,6.7462550378157795,1.5170985771402238e-11,4.970910720575013e-11,SOX15,protein_coding,Up
ENSG00000183715,20.19084165941667,1.5937786070784465,0.2364141370365869,6.74146913148344,1.567930503545005e-11,5.134276341547471e-11,OPCML,protein_coding,Up
ENSG00000205358,42.086718085852155,1.8462263834579657,0.27395782642541056,6.73908976263772,1.5938192118445994e-11,5.216459304498211e-11,MT1H,protein_coding,Up
ENSG00000023909,2547.937052180208,1.0479268136053868,0.15553493717931244,6.737565415269095,1.6106243718921268e-11,5.268192097096922e-11,GCLM,protein_coding,Up
ENSG00000206013,9.270693779485143,2.738677928232375,0.40660224966762515,6.7355208449316075,1.6334374367542368e-11,5.340161815919815e-11,IFITM5,protein_coding,Up
ENSG00000272468,22.80973346806848,1.5515472263273573,0.23036701653165045,6.735110128555178,1.6380581785069825e-11,5.354604458563174e-11,AL021807.1,lncRNA,Up
ENSG00000287090,3.221789227230153,3.520373774820296,0.5227662832386594,6.7341255312235475,1.6491875231644644e-11,5.38964865359362e-11,AC116345.4,lncRNA,Up
ENSG00000250697,9.421634984297178,2.4568340226273606,0.3648637670174783,6.733565359778981,1.6555524046812703e-11,5.409779047267051e-11,AC010343.3,lncRNA,Up
ENSG00000104368,7160.233708254189,1.6118481821385615,0.2394283537888509,6.732068932654617,1.6726735761292264e-11,5.4641374881760144e-11,PLAT,protein_coding,Up
ENSG00000165643,4.72614933763525,4.0202425176872145,0.597178907035619,6.732057127810486,1.6728093265849436e-11,5.4641374881760144e-11,SOHLH1,protein_coding,Up
ENSG00000233673,4.341796150814097,1.868220821089819,0.2775216704213732,6.731801585992252,1.675750589779656e-11,5.4730670117029384e-11,ANAPC1P1,transcribed_unprocessed_pseudogene,Up
ENSG00000204603,34.38332929770398,2.478947306205733,0.3682606453654042,6.731502096147184,1.6792041367592634e-11,5.482988247442023e-11,LINC01257,lncRNA,Up
ENSG00000168209,2711.3691045423902,1.1654684455339406,0.17318625988295044,6.729566458226151,1.701693505676348e-11,5.5536705129561016e-11,DDIT4,protein_coding,Up
ENSG00000135625,22.87120520774913,2.013197108933423,0.2992493865629668,6.727489509856738,1.7261527417510425e-11,5.6300120964718596e-11,EGR4,protein_coding,Up
ENSG00000253844,4.64624060426514,2.2014855857990856,0.32724489445709,6.7273336363319665,1.728002215500735e-11,5.6353473191632926e-11,AC064807.2,lncRNA,Up
ENSG00000254862,5.030539910014607,1.6918580158097338,0.25151556466932723,6.726653350595042,1.736096696127713e-11,5.6610448716319766e-11,LGR4-AS1,lncRNA,Up
ENSG00000200033,44.152071196479234,1.7726856378897675,0.26354300551235327,6.7263619250432924,1.7395756151618153e-11,5.6716875583354436e-11,RNU6-403P,snRNA,Up
ENSG00000263990,19.346805214327347,1.0078164828633598,0.1498774428361882,6.724270602647488,1.7647420183269147e-11,5.7501849775461186e-11,AC004253.1,lncRNA,Up
ENSG00000214988,3.2006631854967114,2.1936733989580763,0.32632097790328546,6.722440625953977,1.787055670829496e-11,5.819295880436381e-11,RPL7AP26,processed_pseudogene,Up
ENSG00000286839,7.314632987665208,3.0553944725997084,0.45495658990601334,6.715793419391734,1.8704563008425195e-11,6.081865925180917e-11,AC093240.1,lncRNA,Up
ENSG00000170522,852.0510570614671,1.2301694621535326,0.1832319430105303,6.713728195759159,1.897135512460944e-11,6.165573510425819e-11,ELOVL6,protein_coding,Up
ENSG00000253661,5.188840587802839,3.754386942777902,0.5592880285784473,6.7127968970129706,1.909287880956704e-11,6.202774599091819e-11,ZFHX4-AS1,lncRNA,Up
ENSG00000230461,30.776550927580942,2.1469745178265676,0.31989229540472197,6.711554322089109,1.9256207988776854e-11,6.255065344469644e-11,PROX1-AS1,lncRNA,Up
ENSG00000234630,12.294803141750737,1.1703456184987275,0.1743867821296423,6.711205999710869,1.9302237894059583e-11,6.269245144307811e-11,AC245060.2,lncRNA,Up
ENSG00000180318,14.82181171225249,3.2139645376793897,0.47892575830380196,6.7107781988218775,1.9358918109544906e-11,6.285332067824417e-11,ALX1,protein_coding,Up
ENSG00000267886,24.274015128312517,1.9501625516912549,0.29062893985231764,6.710145771037892,1.944300841035237e-11,6.311555680331145e-11,AC074135.1,lncRNA,Up
ENSG00000180610,9.800745331701608,1.161759588049844,0.17317877973781082,6.708440778995697,1.967149726039742e-11,6.382888922808908e-11,ZBTB12BP,processed_pseudogene,Up
ENSG00000272070,48.7811897566346,1.2020158761190776,0.17918554930682304,6.708218831089116,1.970143359322069e-11,6.39181599228875e-11,AC005618.1,lncRNA,Up
ENSG00000254285,132.75694724854966,1.1940589047730974,0.17800278427326344,6.7080911663719895,1.9718673212829523e-11,6.396622125997226e-11,KRT8P3,processed_pseudogene,Up
ENSG00000286351,4.496744859995882,3.08554262431587,0.46002422047630304,6.707348193799751,1.9819296425370195e-11,6.428472899594244e-11,AC046129.1,lncRNA,Up
ENSG00000233332,5.3025120128217464,2.196810194132523,0.3275755421456059,6.706270497923958,1.996614638820273e-11,6.47451156243121e-11,AL122008.3,lncRNA,Up
ENSG00000165091,24.28199038811969,1.4986044781772747,0.2235025176577121,6.705089919713324,2.0128238232154065e-11,6.525468922816606e-11,TMC1,protein_coding,Up
ENSG00000236347,4.690226125601933,4.361545083540422,0.6505740805253045,6.7041482501404035,2.025845128961049e-11,6.565261896362647e-11,AL513123.1,lncRNA,Up
ENSG00000151322,168.89275876706634,2.0087041031945794,0.2996435328153092,6.703645776438904,2.0328269904796076e-11,6.587078857083712e-11,NPAS3,protein_coding,Up
ENSG00000204965,20.98747406478463,1.6159627666700975,0.24106858418737637,6.703332050160678,2.037198151469051e-11,6.600431902474368e-11,PCDHA5,protein_coding,Up
ENSG00000145908,258.3559267560329,1.1524541457008495,0.17197044731013622,6.701466232872455,2.0633854131349217e-11,6.68363509941873e-11,ZNF300,protein_coding,Up
ENSG00000282122,550.3346173087873,2.5796448677660475,0.38498913589464623,6.700565359516995,2.0761471222642968e-11,6.722495041025234e-11,IGHV7-4-1,IG_V_gene,Up
ENSG00000108187,600.5518714181196,1.0654272346258158,0.1590193051903736,6.699986730229484,2.0843846681820393e-11,6.746682668462057e-11,PBLD,protein_coding,Up
ENSG00000287513,4.735357535747491,1.593312704875041,0.23784123270033117,6.699060069548751,2.0976436013544335e-11,6.78626693261151e-11,AL133390.1,lncRNA,Up
ENSG00000272168,469.0473795659109,1.3360675525153052,0.19951111578780187,6.696707335025553,2.1316793029419303e-11,6.891306021647506e-11,CASC15,lncRNA,Up
ENSG00000283265,4.355561558958584,1.7485292031661455,0.26120412578713376,6.694110201732019,2.1698785558317332e-11,7.010499573301005e-11,AL356234.3,lncRNA,Up
ENSG00000250295,39.09181708538017,1.405650985942016,0.21002860594087835,6.6926644570392355,2.191432440461275e-11,7.078401942058283e-11,RDH10-AS1,lncRNA,Up
ENSG00000253842,4.71265050959963,1.9967237288029243,0.29836949864082335,6.6921174513437,2.199642012621182e-11,7.104048974013541e-11,AP003472.2,lncRNA,Up
ENSG00000231651,5.56140707573876,1.42786431018644,0.21337382297655527,6.691843874135059,2.2037592022971534e-11,7.116474426227766e-11,DLG3-AS1,lncRNA,Up
ENSG00000182791,39.35580604055363,1.0131202509701154,0.1514403821638894,6.689894970508676,2.2333082570484956e-11,7.210129620270425e-11,CCDC87,protein_coding,Up
ENSG00000119946,105.1168638189063,1.8014965094587954,0.26938435819091533,6.687457733466681,2.2708076544211588e-11,7.328502979694768e-11,CNNM1,protein_coding,Up
ENSG00000254244,5.114911028681994,1.8234613198404621,0.27267041015065707,6.687419140320195,2.2714063797586938e-11,7.329538207811645e-11,PAICSP4,processed_pseudogene,Up
ENSG00000259038,17.368988399713498,1.4584365089893658,0.21809059258751962,6.687296740706944,2.273306282159157e-11,7.334771401020062e-11,AL121820.2,lncRNA,Up
ENSG00000224853,9.181908904103848,4.738345851865276,0.7086421898484722,6.686513899036226,2.2854944983150976e-11,7.37319426481149e-11,LINC00393,lncRNA,Up
ENSG00000272662,4.875721090531751,1.7075406310296177,0.2553745375832108,6.68641692781621,2.2870087082072317e-11,7.377176713813419e-11,AC073352.1,lncRNA,Up
ENSG00000115457,9134.301931496564,1.5600581880156141,0.2333193873392011,6.686363297138237,2.287846575362508e-11,7.378976784773646e-11,IGFBP2,protein_coding,Up
ENSG00000203697,4254.460231992877,1.3663701938671156,0.20435392486726855,6.6862928850258045,2.288947073609992e-11,7.381623374232052e-11,CAPN8,protein_coding,Up
ENSG00000259518,3.8022975466234334,2.301535289325399,0.34422853221392086,6.686067754241561,2.2924692086349346e-11,7.391174108289916e-11,LINC01583,lncRNA,Up
ENSG00000236670,7.703429726137815,1.2022564945829397,0.17982469386775954,6.685714118145874,2.2980125043583612e-11,7.408140555003665e-11,KRT18P5,processed_pseudogene,Up
ENSG00000250644,46.25492550097144,1.258842504465689,0.18831097668241295,6.684913044600321,2.31061802014448e-11,7.447866665592218e-11,AC068580.4,protein_coding,Up
ENSG00000253209,6.037976346803745,2.48184139074437,0.37127649239164445,6.684617641039273,2.3152834880515793e-11,7.461992859926686e-11,IGHV3-65,IG_V_pseudogene,Up
ENSG00000162624,7.007001664352273,4.339267542377771,0.6493169103873359,6.68281924120731,2.3438862058923995e-11,7.548740770095643e-11,LHX8,protein_coding,Up
ENSG00000026751,2141.2678864148897,1.1340706843786117,0.16969948898758883,6.682817321044221,2.3439169292962884e-11,7.548740770095643e-11,SLAMF7,protein_coding,Up
ENSG00000256037,4.195415541697837,2.0282481430197685,0.3037006716536497,6.678444706677665,2.4149130431126148e-11,7.773590935898396e-11,MRPL40P1,processed_pseudogene,Up
ENSG00000272716,8.30233445742914,1.1941721317795722,0.17881748300320818,6.678162066279321,2.4195738886987257e-11,7.787643530451044e-11,AL121658.1,lncRNA,Up
ENSG00000224897,67.59204402293277,1.2535143221899563,0.18770767439221664,6.678013172603313,2.4220327411859298e-11,7.794606222244687e-11,POT1-AS1,lncRNA,Up
ENSG00000234928,18.753687461634954,2.0547357606208907,0.30772148172518676,6.6772581137377,2.43453960062888e-11,7.833899849735639e-11,LINC01659,lncRNA,Up
ENSG00000140873,37.04603091414468,1.6085092547432995,0.24093777960320398,6.6760358520458025,2.4549193739290186e-11,7.897550797914873e-11,ADAMTS18,protein_coding,Up
ENSG00000253102,6.304063535992544,1.4842874567349418,0.22234550325666164,6.675590173827684,2.4623920058380012e-11,7.919658152695218e-11,AC004707.1,lncRNA,Up
ENSG00000117322,563.4875305398845,1.7428530702680907,0.2611136628584752,6.674691209907024,2.4775326399566975e-11,7.966410890825278e-11,CR2,protein_coding,Up
ENSG00000224358,17.076751991076847,1.0549993920460843,0.158067622534057,6.674354780143388,2.4832222993867962e-11,7.98373226467079e-11,TMCO1-AS1,lncRNA,Up
ENSG00000286788,3.9151319951611745,2.8117002263290143,0.4213143681488207,6.673639540666789,2.4953608779266137e-11,8.020802821906972e-11,AC004687.3,lncRNA,Up
ENSG00000261723,4.348276061787788,1.4067848801027183,0.21083554383205227,6.6724274974400775,2.5160636314969697e-11,8.081437023456162e-11,AC008870.4,lncRNA,Up
ENSG00000171097,6.8694916803966635,1.3052463370676954,0.19564070732707803,6.671650061485135,2.529431327059955e-11,8.123383765019002e-11,KYAT1,protein_coding,Up
ENSG00000228126,6.346462901932995,1.2662471862419125,0.1898136761681689,6.671000803546197,2.5406483072715788e-11,8.15841401153818e-11,FALEC,lncRNA,Up
ENSG00000259663,21.035542726052352,2.7215597140579058,0.4079926855049202,6.670609083811835,2.547439434846517e-11,8.179225361853482e-11,AC010478.1,lncRNA,Up
ENSG00000145692,19.887947259549794,2.292917661139497,0.3437550074407589,6.670208757714308,2.5543981270538037e-11,8.20056958977463e-11,BHMT,protein_coding,Up
ENSG00000248727,98.49728132010301,1.0484803882135447,0.1571891390751223,6.670183413323901,2.55483930318298e-11,8.200987513686571e-11,LINC01948,lncRNA,Up
ENSG00000128262,42.23519461881093,1.0662791568897854,0.15985823269488136,6.670154792246289,2.555337607100871e-11,8.201588692703259e-11,POM121L9P,transcribed_unprocessed_pseudogene,Up
ENSG00000134121,1547.7131047453959,1.5160162459522222,0.22745654635076093,6.66508073860566,2.6451989626218774e-11,8.479685952387418e-11,CHL1,protein_coding,Up
ENSG00000233064,4.639246076244529,2.0843320148035906,0.31280172215682467,6.663428834188453,2.6751161304903562e-11,8.571423130137387e-11,AL136307.1,lncRNA,Up
ENSG00000248329,33.1485623413205,1.951430256375863,0.2928594311262068,6.6633683227189655,2.6762183016496634e-11,8.573912843457857e-11,APELA,protein_coding,Up
ENSG00000272100,6.573593100089022,1.3984554623562833,0.2098839459462505,6.662993951497443,2.6830470820179594e-11,8.591615246243302e-11,AL513218.1,lncRNA,Up
ENSG00000130270,228.5303778716592,1.34232438057215,0.20147576865192274,6.662460650001049,2.6928043192216737e-11,8.620766043204508e-11,ATP8B3,protein_coding,Up
ENSG00000273998,4.694010211602532,1.5899693917113957,0.23865382124797643,6.6622414985734375,2.69682395582256e-11,8.632586515542717e-11,AL049794.1,lncRNA,Up
ENSG00000161270,24.834238097139796,2.031670259697307,0.30506990784430105,6.659687525569429,2.7441037267929486e-11,8.780732347473615e-11,NPHS1,protein_coding,Up
ENSG00000186777,20.243063511013784,1.8249828811192976,0.2741292891147863,6.6573801253142335,2.787515878347859e-11,8.911460656171862e-11,ZNF732,protein_coding,Up
ENSG00000120149,102.43251972151266,1.3859794001564028,0.20818715098620122,6.657372434326009,2.7876616971088997e-11,8.911460656171862e-11,MSX2,protein_coding,Up
ENSG00000099840,132.5580154116403,1.0944110425687126,0.16446567015758376,6.654343374639194,2.845676096124957e-11,9.091407639303987e-11,IZUMO4,protein_coding,Up
ENSG00000277156,5.727643757065181,1.9854515446156458,0.2984382503407957,6.652805202913495,2.8755868491252202e-11,9.18362906763135e-11,TOMM40P1,processed_pseudogene,Up
ENSG00000287110,15.750396309893631,1.366613787938739,0.20552777135070616,6.649290161409827,2.9450989344104454e-11,9.403348940598553e-11,AC112484.5,lncRNA,Up
ENSG00000186197,140.82157297306497,1.5776214712975354,0.23727821562927473,6.6488255869321895,2.954408350378365e-11,9.431930774755144e-11,EDARADD,protein_coding,Up
ENSG00000279144,4.070843214616807,1.498547933732685,0.22539791383623892,6.64845520629549,2.9618508837750645e-11,9.454546399364295e-11,AC099667.1,TEC,Up
ENSG00000228278,268.84381264618776,2.006776690598767,0.3018419946667919,6.648434366510462,2.962270189175443e-11,9.454740364143841e-11,ORM2,protein_coding,Up
ENSG00000279467,9.077965133191517,1.2945757271571485,0.19472165366975713,6.64833983668152,2.9641728994231685e-11,9.458523639616282e-11,AP000350.8,lncRNA,Up
ENSG00000104899,52.19857268883763,1.8433618674859213,0.2773234422375357,6.646974567361052,2.991787001871418e-11,9.543559325860063e-11,AMH,protein_coding,Up
ENSG00000273284,46.20306903216137,1.0019002731652509,0.15075131759155294,6.646046543220332,3.010700907631284e-11,9.602344331668717e-11,AP001033.2,lncRNA,Up
ENSG00000257270,55.80419713899155,1.0224568973118664,0.15387232206828808,6.64483958887748,3.035474806463366e-11,9.679017006824543e-11,AL928654.2,lncRNA,Up
ENSG00000135914,91.03784480057955,1.6878385075045303,0.25402334270076216,6.64442286901481,3.04407463119559e-11,9.705265146249271e-11,HTR2B,protein_coding,Up
ENSG00000140548,2342.0275758228727,1.0258687038419925,0.15442229175978994,6.643268223462013,3.068027752992995e-11,9.776905359084628e-11,ZNF710,protein_coding,Up
ENSG00000168065,7.156825893998375,2.2289952293353354,0.3355377524256062,6.6430534663295076,3.0725031910733895e-11,9.789984189053321e-11,SLC22A11,protein_coding,Up
ENSG00000288611,36.318958952913825,2.1311718030581273,0.3208423034099712,6.642427698615925,3.0855803630068195e-11,9.828089645185388e-11,NPBWR1,protein_coding,Up
ENSG00000254228,3.7497197714368298,2.5179938918234437,0.3791942099988211,6.6403806424978695,3.1287410578623237e-11,9.963156828381775e-11,IGHV3-42,IG_V_pseudogene,Up
ENSG00000234647,6.61905576299183,3.5040849056678103,0.5277724577192139,6.639385694378273,3.1499316542782024e-11,1.0029424984703719e-10,AL606970.3,lncRNA,Up
ENSG00000232536,6.114651850766803,1.4960227004166895,0.22549118320912032,6.634506410076705,3.2559020185829574e-11,1.0360823618019373e-10,AL365436.2,lncRNA,Up
ENSG00000287460,10.004894092929751,3.242708395758115,0.48889079152924547,6.6327868144436835,3.294074140133531e-11,1.0475727819020889e-10,AL442636.1,lncRNA,Up
ENSG00000128965,252.49599441693712,1.0201148661075607,0.153808574091897,6.632366707320661,3.303466177076503e-11,1.0503062827285676e-10,CHAC1,protein_coding,Up
ENSG00000253998,150.18114531635763,2.440550212566283,0.3680470560511238,6.631082010956981,3.332350125868867e-11,1.0591065785122578e-10,IGKV2-29,IG_V_pseudogene,Up
ENSG00000178150,149.1951254246571,1.7767771604677667,0.267971235427764,6.63047717652041,3.346034105764055e-11,1.0630713176987727e-10,ZNF114,protein_coding,Up
ENSG00000227388,67.9475299061093,1.05727970299447,0.1594629131961557,6.6302545325627396,3.351085113073747e-11,1.0645478187176811e-10,AL133410.1,lncRNA,Up
ENSG00000196337,8.067450421382027,1.7271594676855986,0.26057777953076616,6.628191670048652,3.3982404602215836e-11,1.0792677458273294e-10,CGB7,protein_coding,Up
ENSG00000219951,4.142166850943418,1.726454913713931,0.2606833699831114,6.622804185114612,3.5244778036753746e-11,1.1186865633476122e-10,AL391416.1,processed_pseudogene,Up
ENSG00000260062,9.709106186177852,2.6300260914279,0.3974611497431121,6.617064568770416,3.664014865493938e-11,1.1617178309856336e-10,GOLGA2P11,transcribed_unprocessed_pseudogene,Up
ENSG00000226887,193.08378159459212,1.354206034563128,0.204691936475421,6.61582501920264,3.6948521537316646e-11,1.1710727318978844e-10,ERVMER34-1,protein_coding,Up
ENSG00000156150,5.361208892001465,4.156377949270678,0.6283236675731114,6.615026878303999,3.714842419255196e-11,1.1771256260004748e-10,ALX3,protein_coding,Up
ENSG00000239093,3.5539207033722753,2.505146629056524,0.37875488807949553,6.614163164359551,3.7365942669033385e-11,1.1837336715310073e-10,AC068299.1,snoRNA,Up
ENSG00000010932,145.6769981059187,1.2296326623408835,0.1860132148444505,6.610458635259528,3.8313116491364526e-11,1.213302368052459e-10,FMO1,protein_coding,Up
ENSG00000184995,10.731096916764491,2.7356520718773916,0.41386513452622337,6.610008535773518,3.842978649354309e-11,1.2168509484086592e-10,IFNE,protein_coding,Up
ENSG00000258700,6.933625857794793,4.0126413652578306,0.6071549867750887,6.6089243317773345,3.871225149606356e-11,1.2256478232095042e-10,LINC00871,lncRNA,Up
ENSG00000231851,11.690236800068858,1.0894831431372338,0.16485559427557708,6.608711993819417,3.876780879805885e-11,1.2272594453839277e-10,MRPS9-AS1,lncRNA,Up
ENSG00000277728,7.568428911820549,1.199031758135048,0.18155805885443882,6.604123032050877,3.998773397790802e-11,1.2640572344730694e-10,AC097641.2,lncRNA,Up
ENSG00000136010,607.6388130392556,1.1096143029753975,0.16805382578866376,6.602731581789718,4.036500116595433e-11,1.275830133940088e-10,ALDH1L2,protein_coding,Up
ENSG00000105261,7.02027584331414,1.4464826306370548,0.21909755264593225,6.6020026840491965,4.05640167227974e-11,1.2818132066868392e-10,OVOL3,protein_coding,Up
ENSG00000276058,5.273354505096993,1.3742015021001424,0.20815045980735852,6.601962365934498,4.057505301045303e-11,1.2820083248090657e-10,STMN1P1,processed_pseudogene,Up
ENSG00000286482,19.298345555564797,1.1400305576297767,0.17268329576901084,6.601857768308605,4.060369824485712e-11,1.2827597013500447e-10,AL117344.2,lncRNA,Up
ENSG00000179362,85.09464905767703,1.02175798732907,0.1548198540932912,6.599657345713426,4.121091609245808e-11,1.3016311622447235e-10,HMGN2P46,transcribed_processed_pseudogene,Up
ENSG00000237074,18.635408403014974,2.1763666406308424,0.3298190982784959,6.598667730251146,4.148689365435157e-11,1.3098771380091605e-10,AL596218.1,lncRNA,Up
ENSG00000146857,7.276107346546975,4.1178526140618406,0.6240782934198281,6.5982948894069136,4.159133739611778e-11,1.3128603868034785e-10,STRA8,protein_coding,Up
ENSG00000177354,14.782558881707015,3.1187254034096554,0.472759988883055,6.596847188312131,4.199932570410589e-11,1.3254215160570515e-10,C10orf71,protein_coding,Up
ENSG00000275395,3657.345607854269,1.5562420311160303,0.23593192432626967,6.596148594812066,4.2197600149778606e-11,1.33136003344061e-10,FCGBP,protein_coding,Up
ENSG00000128438,47.342652797315154,1.719012821120414,0.2606249431146716,6.595734086603026,4.231567827489382e-11,1.3349257520145352e-10,TBC1D27P,transcribed_unprocessed_pseudogene,Up
ENSG00000254550,3.604709542049883,2.0889557723429366,0.31677452314065846,6.5944563711500574,4.268169015635311e-11,1.3461501846944524e-10,OMP,protein_coding,Up
ENSG00000174514,1965.3023733105333,1.4801368891265945,0.2244962119913033,6.59314861483691,4.305951475481702e-11,1.3577417243626986e-10,MFSD4A,protein_coding,Up
ENSG00000077264,268.3620723518171,1.8343926705053697,0.2782689046415248,6.592158304099751,4.334780136829444e-11,1.3666684864681067e-10,PAK3,protein_coding,Up
ENSG00000219607,119.98007341771715,1.1115315935907637,0.16868366376291952,6.5894442223699405,4.414760466489427e-11,1.390554628539491e-10,PPP1R3G,protein_coding,Up
ENSG00000177688,7.378099782027151,1.5258218040859512,0.23161375759567626,6.587785716725642,4.4643432122290586e-11,1.4056684239579733e-10,SUMO4,protein_coding,Up
ENSG00000281386,3.3696383926939535,3.594986546427129,0.5457966332786586,6.586677760966866,4.497769829488839e-11,1.4158552035767062e-10,AP003500.1,lncRNA,Up
ENSG00000232624,5.991122860084932,2.851449274976232,0.43296093453004914,6.585927384121375,4.52054737348162e-11,1.4226856932654295e-10,LINC01517,lncRNA,Up
ENSG00000267838,27.697463264863384,1.1067452222492262,0.16806006279362617,6.5854147847623,4.5361720673429634e-11,1.4271145362444616e-10,AC245884.8,lncRNA,Up
ENSG00000235726,23.63530137750192,1.3791770711214841,0.20944975236352664,6.584763436376603,4.556102253941001e-11,1.433191177817299e-10,AC010148.1,lncRNA,Up
ENSG00000166391,9.209676077349407,2.168294365106463,0.32933817959883466,6.583792889569173,4.5859584150708174e-11,1.4424108230607996e-10,MOGAT2,protein_coding,Up
ENSG00000285865,10.072358110968867,1.3598700435567994,0.20659953636387937,6.582154381806982,4.636797446180295e-11,1.4578236720019137e-10,AC010285.3,lncRNA,Up
ENSG00000266995,5.074189392796514,1.768322985456517,0.26865509217076516,6.582130906837673,4.637529810792343e-11,1.4578236720019137e-10,AP001542.1,processed_pseudogene,Up
ENSG00000258469,86.65405825366592,1.0228140529074299,0.15539769914602317,6.581912464137054,4.6443501450480657e-11,1.4597319824185635e-10,CHMP4BP1,processed_pseudogene,Up
ENSG00000095596,12.442489515307695,2.494342174112365,0.37908383591817546,6.579922269887456,4.7069427540347564e-11,1.478700028876537e-10,CYP26A1,protein_coding,Up
ENSG00000179455,53.44023566378734,2.324272717579006,0.3533358669686777,6.578083163533033,4.765516819672178e-11,1.496744622853208e-10,MKRN3,protein_coding,Up
ENSG00000092054,4.311605988981909,2.6485828368025324,0.4027164431596242,6.57679337854282,4.807020247632193e-11,1.509060999167392e-10,MYH7,protein_coding,Up
ENSG00000273230,158.74568524667296,1.1263738820573388,0.17130763534297924,6.575152822594264,4.860322227450279e-11,1.5247049385898629e-10,AC102953.2,lncRNA,Up
ENSG00000254431,5.425108187681652,1.9208192835040565,0.2922470149686832,6.572588204912508,4.944807640207816e-11,1.5495493460758183e-10,AC084083.1,lncRNA,Up
ENSG00000273951,11.597217412081854,1.1339286401748592,0.17260641727985965,6.569446594423753,5.050260364879468e-11,1.5818430433765478e-10,AL031667.3,lncRNA,Up
ENSG00000233030,17.357610123946163,1.3708418333224455,0.20873925565866278,6.567245001410232,5.125467876635342e-11,1.604446675057858e-10,AC243772.2,lncRNA,Up
ENSG00000257137,5.104141619401706,2.134805639663225,0.32508928095864353,6.566828759680963,5.1398095449977494e-11,1.6087451359239248e-10,LINC02874,lncRNA,Up
ENSG00000240877,5.156323210505487,1.6037980954514282,0.24422913125623266,6.5667764005138505,5.1416163649490957e-11,1.609119671774361e-10,RN7SL521P,misc_RNA,Up
ENSG00000157542,42.50788927493434,1.9789422715327871,0.3014000789315641,6.565831961783015,5.174314121623006e-11,1.6185909737894683e-10,KCNJ6,protein_coding,Up
ENSG00000205890,78.01176790982936,1.2153845625311421,0.18510749009838515,6.565831354988185,5.1743351949356155e-11,1.6185909737894683e-10,AC108134.1,lncRNA,Up
ENSG00000224126,3.7093794803890834,1.95584418880575,0.2979227788365745,6.564936714284033,5.20549656610304e-11,1.6275663320860464e-10,UBE2SP2,processed_pseudogene,Up
ENSG00000250848,14.970892071316408,1.2318757090277024,0.1876689464117152,6.564089225103695,5.235184878874137e-11,1.636460707158736e-10,AC021087.2,processed_pseudogene,Up
ENSG00000286874,4.812271320552537,1.6221721774618665,0.24715367574990296,6.563415140559581,5.258916879355099e-11,1.6436842255374417e-10,AC072054.1,lncRNA,Up
ENSG00000262619,14.946121221685258,1.4504310116482944,0.22099230783713977,6.563264693887848,5.26422789282268e-11,1.6449806313164355e-10,LINC00621,lncRNA,Up
ENSG00000279837,12.031922962567565,1.1243442496230047,0.17131880582537554,6.562876995354752,5.27793847916452e-11,1.6490431006583935e-10,AC112694.2,TEC,Up
ENSG00000255031,55.46177000584785,1.0810827797993652,0.1647456527542262,6.562132364197588,5.304369689771984e-11,1.657104948694316e-10,AP002807.1,lncRNA,Up
ENSG00000101405,8.197250295336655,2.0912675168208805,0.3187062035561474,6.56174085564185,5.318318455032347e-11,1.6610690235603812e-10,OXT,protein_coding,Up
ENSG00000257660,15.87299880120688,1.4256804225008153,0.21739297151479353,6.558079649800445,5.450509665973475e-11,1.701147353434969e-10,ADCY6-DT,lncRNA,Up
ENSG00000234945,8.873128407111968,1.4381689027379496,0.2193400145806662,6.55680134556131,5.497416762505988e-11,1.7151784196318374e-10,GTF3C2-AS1,lncRNA,Up
ENSG00000258525,4.915171320611261,2.521677232188604,0.3846075214824199,6.556494845626331,5.508722269755162e-11,1.7185023808522848e-10,AL049830.3,lncRNA,Up
ENSG00000228742,181.22054262120778,2.1273359836002554,0.32452457916058536,6.555238401673052,5.555305439406168e-11,1.732419636200812e-10,LINC02577,lncRNA,Up
ENSG00000271620,4.492613553296672,2.4468808444691996,0.37330050056516273,6.554721573543875,5.57457870474348e-11,1.7380189222521348e-10,IGHV3OR16-7,IG_V_pseudogene,Up
ENSG00000255921,7.947851966820248,1.8382499617874872,0.2804749855091387,6.5540602790318765,5.599334738424843e-11,1.7449120426880537e-10,AC026310.1,lncRNA,Up
ENSG00000176136,4.955903684998031,2.371972219254352,0.3619157943684807,6.553933970727328,5.6040753968887e-11,1.746183010941215e-10,MC5R,protein_coding,Up
ENSG00000225328,7.853760168789866,2.3399589355418344,0.3572755572904671,6.549451502609886,5.774879059468478e-11,1.7983415304461947e-10,LINC01594,lncRNA,Up
ENSG00000228952,35.97643850059589,1.817453439890442,0.2775601821196606,6.547961692527314,5.832767524578876e-11,1.815510854852986e-10,LINC02041,lncRNA,Up
ENSG00000221716,6.549561481670562,1.5782038321392977,0.24113365340735207,6.544933939491247,5.95216904399112e-11,1.8513646814112507e-10,SNORA11,snoRNA,Up
ENSG00000198028,36.30352027322541,3.6391385012603106,0.5561099890803448,6.5439186001288325,5.992742407106644e-11,1.8637647986248638e-10,ZNF560,protein_coding,Up
ENSG00000274928,8.366039445697512,1.6587729575149668,0.2535670919737597,6.541751709983818,6.080239007806656e-11,1.89053062888647e-10,KRT89P,transcribed_unprocessed_pseudogene,Up
ENSG00000067715,444.5200596610824,1.6216200502639602,0.2479182929042766,6.540945531962346,6.113109462505991e-11,1.9003029179097368e-10,SYT1,protein_coding,Up
ENSG00000168671,18.514972493719288,2.0861631223282777,0.3190514312458542,6.538642106014328,6.207988222325749e-11,1.928887114678096e-10,UGT3A2,protein_coding,Up
ENSG00000163293,246.72021427306845,1.019490499983232,0.15593006070782167,6.538126743203998,6.22941251714593e-11,1.9353158350275468e-10,NIPAL1,protein_coding,Up
ENSG00000170178,4.695865388810841,4.412330756552159,0.6750766874949553,6.536043738860603,6.316744935516091e-11,1.9617543746267733e-10,HOXD12,protein_coding,Up
ENSG00000158553,4.88203306011919,2.544215396230906,0.3893071131573396,6.535239943593464,6.350764234126206e-11,1.9720872922033452e-10,POM121L2,protein_coding,Up
ENSG00000286546,5.941595822028378,2.070488998803588,0.31685948651761703,6.534407479980786,6.386185757342294e-11,1.982853154611048e-10,AL079338.1,lncRNA,Up
ENSG00000204936,198.31572640698576,2.1022644228504412,0.32180719130297286,6.532683170747466,6.460171255358558e-11,2.0051167137924337e-10,CD177,protein_coding,Up
ENSG00000228340,295.24742138438546,1.4000839473399913,0.2143641483092606,6.531334452998674,6.518624815460471e-11,2.022545433388547e-10,MIR646HG,lncRNA,Up
ENSG00000106278,462.9837349117982,2.009398072249734,0.3076904015727092,6.530584191053813,6.551364827531271e-11,2.032225508787197e-10,PTPRZ1,protein_coding,Up
ENSG00000235493,4.968050143702593,4.1926988385410295,0.6420846717760451,6.529822347173886,6.584774808379509e-11,2.0418686700019713e-10,LINC01967,lncRNA,Up
ENSG00000187730,88.10732486352896,1.0646725899556193,0.16309836765126726,6.527794270952331,6.67452862085952e-11,2.0682411249361404e-10,GABRD,protein_coding,Up
ENSG00000180525,115.64392146638258,1.7798689011011346,0.2726866323161271,6.527158614206371,6.702905492871963e-11,2.0765462623006775e-10,PRR26,lncRNA,Up
ENSG00000105290,567.3969010322567,1.498071601916639,0.2295180265876385,6.5270324261202175,6.708552778418121e-11,2.0778075730195662e-10,APLP1,protein_coding,Up
ENSG00000232878,30.255735914714844,2.27840650018247,0.3491414756329657,6.525740020007363,6.766660274946817e-11,2.094574849751703e-10,DPYD-AS1,lncRNA,Up
ENSG00000232621,8.622301814429246,3.248904469462539,0.49786875708860046,6.525624320074308,6.77188616734879e-11,2.0959464581336575e-10,C4BPAP2,unprocessed_pseudogene,Up
ENSG00000275191,7.641963691130298,1.4446584555201512,0.2214034832881218,6.525003283892131,6.800004430429923e-11,2.1044022630024303e-10,AC007497.1,lncRNA,Up
ENSG00000168505,7.775659563170263,2.6354040317944216,0.403904885978971,6.524813448113703,6.808622268383118e-11,2.1065747884226544e-10,GBX2,protein_coding,Up
ENSG00000212724,4.353552565951863,3.5700674271552244,0.5473763338124147,6.522144284700995,6.93092921497094e-11,2.1429077664296364e-10,KRTAP2-3,protein_coding,Up
ENSG00000128655,30.40647396585646,1.6317987039743183,0.25020921636216525,6.521736999537107,6.949779883843217e-11,2.1479804915253823e-10,PDE11A,protein_coding,Up
ENSG00000274026,10.040074088864335,1.4549007926809165,0.22310843710018502,6.521047843778338,6.98179083170375e-11,2.1573684583082714e-10,FAM27E3,lncRNA,Up
ENSG00000228021,5.063035316097251,1.6351934793213203,0.25075875518499285,6.520982599849744,6.984828841505632e-11,2.1580543239660635e-10,AL158835.1,lncRNA,Up
ENSG00000268949,4.3228476847922686,2.0222375041778458,0.3101640457188396,6.51989659049967,7.035587909641901e-11,2.1732277518713476e-10,MRPS17P1,processed_pseudogene,Up
ENSG00000240032,7.8412554488119435,1.7828414261560785,0.27349425129931154,6.518752835520995,7.089435963674331e-11,2.1893480075195235e-10,LNCSRLR,lncRNA,Up
ENSG00000162409,616.9999576365971,1.1745446949451728,0.18020055350445618,6.517986055554083,7.125761471110948e-11,2.2000506965600713e-10,PRKAA2,protein_coding,Up
ENSG00000253522,81.36625957286464,1.3215882369252452,0.2027695274153485,6.517686625654227,7.139996056551226e-11,2.2039294862607493e-10,MIR3142HG,lncRNA,Up
ENSG00000185986,1719.5892237682694,1.1781781142670473,0.1808180100606284,6.515822809199168,7.229227268847011e-11,2.2301675605930705e-10,SDHAP3,transcribed_unprocessed_pseudogene,Up
ENSG00000186765,97.02413480285571,1.0448882080548811,0.1604246494285403,6.513264711981291,7.35347525696903e-11,2.266906038417972e-10,FSCN2,protein_coding,Up
ENSG00000236617,8.638292700668652,1.2403233032178433,0.19045237902614975,6.512511471686803,7.39045680236531e-11,2.2780402791159931e-10,AC127070.1,lncRNA,Up
ENSG00000270748,9.405428996137434,2.31714398163733,0.3558062851172614,6.512375071940282,7.397172989656801e-11,2.279843989448923e-10,IGKV2OR2-1,IG_V_pseudogene,Up
ENSG00000284874,11.540759935256123,1.536426687653801,0.2359390608822602,6.511964072030102,7.417446323354709e-11,2.2858251670779907e-10,AC000093.1,protein_coding,Up
ENSG00000226539,9.967240463101653,2.639333778447698,0.405394665187288,6.510529133944951,7.488654222934273e-11,2.3074995543208318e-10,MLXP1,processed_pseudogene,Up
ENSG00000258072,6.46727492841754,2.2617894534534075,0.347408451799106,6.510461797173893,7.492012137976878e-11,2.3082645177993954e-10,AC126177.6,processed_pseudogene,Up
ENSG00000131435,982.7613801649835,1.231269041649563,0.18912666824017774,6.510287803970283,7.500695559713592e-11,2.3106698821220492e-10,PDLIM4,protein_coding,Up
ENSG00000235419,7.845282747339313,1.3152386321409268,0.20202636516224384,6.510232617830261,7.503451771580395e-11,2.3112489570911696e-10,AC010149.1,lncRNA,Up
ENSG00000178127,52.01829707494461,1.1726996850516378,0.18014549502244737,6.509736393383089,7.528279696463971e-11,2.3183549643320675e-10,NDUFV2,protein_coding,Up
ENSG00000169474,16.076987522520795,2.8666586769271083,0.44044030918560834,6.508620162917591,7.584422765813423e-11,2.3339919038941993e-10,SPRR1A,protein_coding,Up
ENSG00000268628,17.431950820638505,1.5889041705453655,0.24421238544646,6.506239098564103,7.70555488366978e-11,2.3701794270660455e-10,AL121761.1,lncRNA,Up
ENSG00000251129,11.11755246692372,3.7209135763911068,0.5720321617587177,6.50472792465222,7.783412172155395e-11,2.393290333252539e-10,LINC02506,lncRNA,Up
ENSG00000178462,28.425323534486388,1.7717573512980151,0.27241630768206326,6.50385935546058,7.828509367728275e-11,2.4054741555231255e-10,TUBAL3,protein_coding,Up
ENSG00000256092,32.751521792549646,1.009409682626212,0.1552477267382829,6.501928909579965,7.929657493508669e-11,2.4357025987632335e-10,SBNO1-AS1,lncRNA,Up
ENSG00000275632,15.501137173912456,1.0115974506598875,0.15563867455877864,6.499653466772788,8.050523821719097e-11,2.47167671648309e-10,AL035461.2,lncRNA,Up
ENSG00000211678,3.9360523044533204,2.3555313636246966,0.3626311114971502,6.495668156821144,8.266569319764501e-11,2.5365305208539665e-10,IGLJ3,IG_J_gene,Up
ENSG00000212237,4.559619941186715,2.1800007235210193,0.3357379255940171,6.493161949648583,8.405324700048508e-11,2.5779066334063636e-10,RNA5SP18,rRNA_pseudogene,Up
ENSG00000276566,154.18132110560262,2.1016144099622487,0.32373941172681087,6.4916853921255235,8.488137217586671e-11,2.603002423860455e-10,IGKV1D-13,IG_V_gene,Up
ENSG00000286483,4.222960333013045,3.2416265630541665,0.49943251309723374,6.49061980957387,8.548395330601053e-11,2.6208718156952654e-10,AL121762.1,lncRNA,Up
ENSG00000251791,13.894669856482889,1.8283335297118792,0.28173167498832524,6.489627159557561,8.60490534159739e-11,2.637584027175673e-10,SCARNA6,scaRNA,Up
ENSG00000196183,8.046029142724752,1.1476812855751495,0.17688329391254676,6.488353197123167,8.677965468124117e-11,2.658742295741059e-10,RPS2P4,processed_pseudogene,Up
ENSG00000162992,37.13803681959771,4.614734320123459,0.7112729173175415,6.48799385969486,8.698682447086868e-11,2.664470392957146e-10,NEUROD1,protein_coding,Up
ENSG00000287191,5.675910154445834,3.2818570007643597,0.5060231098224566,6.485587193667564,8.838686491938141e-11,2.7054690979966197e-10,AC055807.1,lncRNA,Up
ENSG00000226415,74.30851082584746,1.1084774811158626,0.17093074093675167,6.484951010222467,8.876062140292232e-11,2.7165942274780194e-10,TPI1P1,processed_pseudogene,Up
ENSG00000241294,717.1001439712777,1.5806067074255472,0.243805159846692,6.483073239382851,8.987284276936724e-11,2.749996360905331e-10,IGKV2-24,IG_V_gene,Up
ENSG00000232448,3.4893699279306007,3.488595369137797,0.5382426916617846,6.481454227213036,9.084272910109345e-11,2.7770957180568447e-10,AL354824.2,lncRNA,Up
ENSG00000287415,5.5955008221821325,2.2752416650518827,0.3510877624893298,6.480549617906525,9.138909345456562e-11,2.7934744342145537e-10,AC099541.2,lncRNA,Up
ENSG00000234842,8.456016991149973,1.8901210658645868,0.2917203686804254,6.479222120876934,9.219669400607626e-11,2.8171805572887956e-10,MTCO2P16,unprocessed_pseudogene,Up
ENSG00000273442,4.0803726674056415,2.325121843316689,0.35893883422576967,6.477766186353094,9.30904547468656e-11,2.843831431504687e-10,AC006946.3,lncRNA,Up
ENSG00000168993,231.8305388478823,1.1484112700286144,0.17729637260528955,6.477353445833285,9.334536290183117e-11,2.8512883351341226e-10,CPLX1,protein_coding,Up
ENSG00000213606,8.672009315781736,4.898330164485069,0.7562878753623735,6.4768064173156885,9.368425904920612e-11,2.8613086763117504e-10,AKR1B10P1,processed_pseudogene,Up
ENSG00000286677,4.999289379134688,1.7224613544090916,0.26594856445776427,6.476670998096846,9.376833980060735e-11,2.863213432772135e-10,AP006545.3,lncRNA,Up
ENSG00000136110,147.0756239971269,3.3690969379965847,0.5202283161819258,6.47618907544894,9.406816075852795e-11,2.8717034026422575e-10,CNMD,protein_coding,Up
ENSG00000080224,23.394590704767623,2.1517177250485076,0.33227396983515206,6.475733642680524,9.435236273846359e-11,2.8797127377468576e-10,EPHA6,protein_coding,Up
ENSG00000143502,740.1345714764514,1.2551913345910246,0.1938621520371809,6.47465903685156,9.502627628733817e-11,2.8996099348496963e-10,SUSD4,protein_coding,Up
ENSG00000081181,227.89275487439758,1.099928334554075,0.16989839705863713,6.474035974420972,9.541916800945169e-11,2.9112616688756695e-10,ARG2,protein_coding,Up
ENSG00000223486,13.718861127172952,2.3209820402410783,0.3585424276122653,6.473381841300615,9.583336122968611e-11,2.92356054561178e-10,AC092198.1,lncRNA,Up
ENSG00000187288,21.098211337409502,2.551322511653336,0.3943045588379748,6.470436251541566,9.772037387467533e-11,2.979059259046461e-10,CIDEC,protein_coding,Up
ENSG00000228956,38.63190600352359,1.186112917309649,0.18333876907492946,6.469515003806378,9.831796847786456e-11,2.996584406797606e-10,SATB1-AS1,lncRNA,Up
ENSG00000211642,390.72780892326404,1.9113342212273066,0.2954550512119164,6.469120136505616,9.857520335824624e-11,3.004077328737956e-10,IGLV10-54,IG_V_gene,Up
ENSG00000102302,259.10374887223406,1.0220204607627428,0.15801026428498904,6.468063738691149,9.926662903728222e-11,3.024100055121456e-10,FGD1,protein_coding,Up
ENSG00000170835,69.18232550347034,1.5936401105067797,0.24642628688407836,6.467005329088311,9.996412561156122e-11,3.0449971033578253e-10,CEL,protein_coding,Up
ENSG00000248245,4.6602118393257985,2.2447627146582056,0.3471188444177705,6.466841978641037,1.0007220020118497e-10,3.047937074734636e-10,AC010307.2,lncRNA,Up
ENSG00000206762,13.15319842228624,1.5725969514251168,0.24327706218678705,6.464222057308814,1.018212598634338e-10,3.100492635795323e-10,RNU6-418P,snRNA,Up
ENSG00000253448,3.8691086328390236,2.606100981018071,0.4031646836270159,6.464110292530189,1.0189653491873303e-10,3.1024265394376976e-10,IGLV3-6,IG_V_pseudogene,Up
ENSG00000231776,5.693007365733341,4.738792425974224,0.7331753674464193,6.463381936137587,1.0238842680506407e-10,3.1166833831808143e-10,LINC01611,lncRNA,Up
ENSG00000078328,19.01982438553913,2.8141610321853903,0.4354420014158327,6.462768917640444,1.0280422425651405e-10,3.1289789862006874e-10,RBFOX1,protein_coding,Up
ENSG00000002745,35.07817679188661,1.8876952013634385,0.2921164814811112,6.462131790004805,1.0323812373521311e-10,3.14146010027414e-10,WNT16,protein_coding,Up
ENSG00000182583,6.5714224848077025,3.3283143895644347,0.5151590110885073,6.460751569756802,1.0418423652782087e-10,3.169152517289926e-10,VCX,protein_coding,Up
ENSG00000276067,4.929120325456214,3.4928394177037596,0.5408068729301256,6.4585706886070735,1.0569648953387078e-10,3.2140410851109e-10,SLC23A4P,transcribed_unprocessed_pseudogene,Up
ENSG00000130038,364.29223841180897,1.034561934685508,0.16022404624359732,6.4569704669210966,1.0681973314712391e-10,3.247447962980929e-10,CRACR2A,protein_coding,Up
ENSG00000170858,9.037064893147784,2.071535668578681,0.3210068079151247,6.45324528172126,1.0947994491899873e-10,3.325254719550791e-10,LILRP2,transcribed_processed_pseudogene,Up
ENSG00000277586,59.66907998918761,2.3352898515295326,0.36196244992544163,6.451746174252507,1.1056865941590002e-10,3.356775902368505e-10,NEFL,protein_coding,Up
ENSG00000248599,8.990953152571553,1.9311950131332727,0.2993388808363184,6.451534153323939,1.1072348963382585e-10,3.3610894689121534e-10,FLJ42969,lncRNA,Up
ENSG00000066923,245.22583988292223,1.1967787497879223,0.1856832211390908,6.445271373720108,1.1539375464376672e-10,3.5000383137291564e-10,STAG3,protein_coding,Up
ENSG00000133454,21.385489386754664,2.3197496651472833,0.35995606682110853,6.444535539111098,1.1595496202180154e-10,3.5162515507301134e-10,MYO18B,protein_coding,Up
ENSG00000185839,16.550692016788155,1.0745161228244782,0.1667692895476181,6.443129461900529,1.17034780425331e-10,3.547772341436922e-10,AL035411.1,processed_pseudogene,Up
ENSG00000250746,8.061472717945238,1.491437464407278,0.23147811033560434,6.44310367941463,1.1705467196171974e-10,3.547967470839712e-10,AC105250.1,processed_pseudogene,Up
ENSG00000275216,168.61367415710004,2.7811732545591132,0.4318927433936268,6.439499845970678,1.1986783734706284e-10,3.6307315309465275e-10,AL161431.1,lncRNA,Up
ENSG00000204248,100.00623632527444,1.438962784980278,0.22347020318738564,6.439170701311216,1.201280378847013e-10,3.638194968438697e-10,COL11A2,protein_coding,Up
ENSG00000170801,3117.679732074341,1.083600814173947,0.16846373860795155,6.432249593461181,1.2572905637354263e-10,3.805205114851738e-10,HTRA3,protein_coding,Up
ENSG00000253553,6.66774582571724,2.4125375212662274,0.37535643333233465,6.427324289737708,1.2986957538918254e-10,3.925562474796817e-10,AC090578.1,lncRNA,Up
ENSG00000170927,139.28589893912684,1.7173737737808696,0.2672629058038353,6.425784261439489,1.311913554115706e-10,3.9646069702075595e-10,PKHD1,protein_coding,Up
ENSG00000253247,6.565974587277278,2.10961168074219,0.3283063380414883,6.425741559931739,1.312281920966261e-10,3.9652657563745047e-10,IGHV3-76,IG_V_pseudogene,Up
ENSG00000139209,121.496259541767,1.7096185894139928,0.26607586480232265,6.4253050184921126,1.3160535731671215e-10,3.976206774108272e-10,SLC38A4,protein_coding,Up
ENSG00000153132,260.36742641172583,1.5926587980296918,0.24789495294813127,6.424732650216297,1.3210148044889488e-10,3.990281832116103e-10,CLGN,protein_coding,Up
ENSG00000183566,6.568164135618011,4.405416756867944,0.6857658523687347,6.424083003915981,1.326668023411332e-10,4.006899069677795e-10,BPIFA4P,transcribed_unprocessed_pseudogene,Up
ENSG00000114638,206.55665801261839,3.051939708681809,0.47523036547048614,6.422021677129863,1.3447626652996336e-10,4.058760613935142e-10,UPK1B,protein_coding,Up
ENSG00000173212,34.40697829196659,1.5283214687113589,0.23804547247913738,6.420292109715731,1.3601309814065472e-10,4.1042057420403537e-10,MAB21L3,protein_coding,Up
ENSG00000156738,616.0692502909923,1.6515066912562633,0.2572595135736373,6.419613674592214,1.366206068697639e-10,4.1211226300110667e-10,MS4A1,protein_coding,Up
ENSG00000263968,17.322465591794156,1.3883531172632635,0.21627293112801818,6.4194493042749645,1.367681918536737e-10,4.125102618301927e-10,RN7SL381P,misc_RNA,Up
ENSG00000265121,9.16334845580816,1.9786976129484974,0.3084365214983695,6.415250708107075,1.4059129972646774e-10,4.2360518439064836e-10,AC068594.1,lncRNA,Up
ENSG00000263551,5.399487770627739,3.115039703429503,0.4857077221095833,6.413403702745128,1.423060184294069e-10,4.286247522539646e-10,AP000829.1,lncRNA,Up
ENSG00000184224,4.899475491547806,1.587683317639203,0.24771394936870525,6.4093415880913716,1.4614941364846074e-10,4.39949776017113e-10,C11orf72,lncRNA,Up
ENSG00000228933,5.104928283858428,3.29219102695728,0.5137781977553493,6.4078060169555,1.4762856974077568e-10,4.440982642099309e-10,AC107419.1,lncRNA,Up
ENSG00000136944,67.13740609577734,1.9970399558522485,0.311658931045284,6.407773873683982,1.4765968790287606e-10,4.4414120793872955e-10,LMX1B,protein_coding,Up
ENSG00000214300,5.294999632532397,1.4999760395278106,0.23411781882432134,6.406928131571955,1.484807647637091e-10,4.4650903943653884e-10,SPDYE3,protein_coding,Up
ENSG00000270426,16.536422041696355,1.080804586818946,0.16870199952738654,6.4065902588397705,1.488100295585815e-10,4.47448173256533e-10,AC099343.2,lncRNA,Up
ENSG00000287045,5.506172293915848,1.841942362460768,0.28754698540613804,6.405709174308213,1.496720269588349e-10,4.499374545034742e-10,AC072028.1,lncRNA,Up
ENSG00000238228,32.080669860215856,1.011003512036546,0.15788042799929153,6.403602554466615,1.5175283896657245e-10,4.5588087987565684e-10,OR7E7P,unprocessed_pseudogene,Up
ENSG00000239122,3.960091780025481,1.6592278691153926,0.2591178301920954,6.403372040763596,1.5198223733613908e-10,4.5651800872012615e-10,RNU2-11P,snRNA,Up
ENSG00000234768,5.7625290892808,4.363737467312574,0.681867437273587,6.399685963536784,1.556968453034216e-10,4.673031881005267e-10,AL611929.1,lncRNA,Up
ENSG00000039600,39.47666987099919,1.5967933963237249,0.2495336391420578,6.399110764439584,1.562844424342524e-10,4.689600303813422e-10,SOX30,protein_coding,Up
ENSG00000256268,9.796444413637541,2.4156121227608,0.3774973930423272,6.399016701262219,1.563807390164146e-10,4.691955953877406e-10,LINC02454,lncRNA,Up
ENSG00000228352,13.552492637530541,1.0835154098649682,0.16947129304323927,6.393504117470313,1.621266292018738e-10,4.857167930076587e-10,AL354989.1,lncRNA,Up
ENSG00000233806,18.01769678649546,1.1276961420284939,0.1763837265035911,6.393425087350869,1.6221048584589608e-10,4.858576228709995e-10,LINC01237,lncRNA,Up
ENSG00000158525,9.102557289265244,1.7136585189384834,0.26806735211136545,6.392641645621075,1.630440697640936e-10,4.881880458361699e-10,CPA5,protein_coding,Up
ENSG00000255501,8.646647186682024,4.844360139941381,0.7578068165287167,6.392605653947435,1.6308246539007903e-10,4.882475717911426e-10,CARD18,protein_coding,Up
ENSG00000198780,100.51570302610935,1.1968591073086525,0.18725051665934372,6.391753297461088,1.6399433892866805e-10,4.908104321358503e-10,FAM169A,protein_coding,Up
ENSG00000236017,123.88106184697396,1.267311520460859,0.19834550578239804,6.389413843594762,1.6652282793886428e-10,4.982081884215851e-10,ASMTL-AS1,lncRNA,Up
ENSG00000237685,4.76703567015803,1.8612008600950698,0.2913256239540628,6.388730365814132,1.672686956303611e-10,5.003261687582376e-10,AL139039.3,lncRNA,Up
ENSG00000116981,11.83111237106972,2.318320961203555,0.3629244026768266,6.387889445031204,1.6819085807480572e-10,5.030274387470372e-10,NT5C1A,protein_coding,Up
ENSG00000240668,14.816407899848208,1.1462901979735962,0.17945013931461604,6.387792187577489,1.6829783155736647e-10,5.032902946436554e-10,KRT8P36,processed_pseudogene,Up
ENSG00000231324,3.5587336869591675,3.76328755092295,0.5892580182411427,6.386485095537378,1.697419689122356e-10,5.074938458294391e-10,AP000696.1,lncRNA,Up
ENSG00000180176,13.306285298120182,2.3175959911437825,0.3629159566879319,6.386040482470882,1.7023595284767933e-10,5.088553702780893e-10,TH,protein_coding,Up
ENSG00000144847,35.052873113980176,1.6374828966546335,0.2565916732898355,6.381668101930181,1.7516929137809473e-10,5.231273175130644e-10,IGSF11,protein_coding,Up
ENSG00000273363,4.780813034068539,1.4360060623311994,0.22503786132901576,6.381175389112378,1.7573389821421267e-10,5.246946213664842e-10,AL353801.3,lncRNA,Up
ENSG00000242154,4.984682637246627,1.572706686711127,0.246512364531331,6.379828815893901,1.7728604182965504e-10,5.29089285089181e-10,AC004884.2,lncRNA,Up
ENSG00000280693,45.50318314410849,1.732530104200527,0.2715855862558127,6.379315368263385,1.778813938849661e-10,5.306858645487675e-10,SH3PXD2A-AS1,lncRNA,Up
ENSG00000073670,28.258483346807665,1.1664995205304338,0.1828858341985072,6.37829346183421,1.7907213185708384e-10,5.33875875304839e-10,ADAM11,protein_coding,Up
ENSG00000113296,328.19652505845795,1.7035804165081019,0.26712364662819127,6.377497604617951,1.800048654372469e-10,5.365353567966769e-10,THBS4,protein_coding,Up
ENSG00000272417,6.915833768709117,1.387492288766403,0.21757356697610492,6.377117901085772,1.8045154362841467e-10,5.378059680697666e-10,AC034229.4,lncRNA,Up
ENSG00000273654,33.56547716206093,1.0154965839292285,0.1593106112134711,6.374318547861797,1.8377825550147586e-10,5.471641185021925e-10,AC020904.2,transcribed_processed_pseudogene,Up
ENSG00000266850,7.302215256640614,1.5155858418029882,0.23780457104886657,6.373240998347125,1.8507470788523514e-10,5.50961847700796e-10,AC090912.2,lncRNA,Up
ENSG00000232775,3.1712992819547514,2.7400134075584224,0.43023812461743044,6.368597413339075,1.9076459829496586e-10,5.6751607141677e-10,BMS1P22,transcribed_unprocessed_pseudogene,Up
ENSG00000264057,15.967938420834527,1.2285906932499722,0.19291753502039904,6.368476007741138,1.9091562876139937e-10,5.679013119501523e-10,AC103810.1,transcribed_unprocessed_pseudogene,Up
ENSG00000282787,5.354366704653907,1.22646080684807,0.19265181068827275,6.366204410259032,1.937631692587578e-10,5.761766771936674e-10,AL157888.1,lncRNA,Up
ENSG00000279197,3.962147776565087,2.737939048580797,0.43014932482849605,6.3650897270905515,1.9517560464625785e-10,5.801804412717642e-10,AC010608.2,TEC,Up
ENSG00000211930,4.36016127271044,2.2803307694890695,0.3584401203786564,6.361817887685471,1.9937975516665746e-10,5.924106077458881e-10,IGHD3-3,IG_D_gene,Up
ENSG00000223662,3.3757914656708863,2.53531669356035,0.3985450013587731,6.361431419078419,1.9988215247409326e-10,5.938364534409463e-10,SAMSN1-AS1,lncRNA,Up
ENSG00000269421,3.8587238875785417,1.7967812625712134,0.2824593010711883,6.361204094739192,2.0017824457924454e-10,5.946491280336464e-10,AC011503.3,unprocessed_pseudogene,Up
ENSG00000215895,19.128690195251483,1.0708164974694778,0.16838988555681358,6.35914974304197,2.0287356347064505e-10,6.025879554765612e-10,HSPA5P1,processed_pseudogene,Up
ENSG00000278743,12.48342664375742,1.2344396354596252,0.19418083941452324,6.357164997234523,2.055112157489387e-10,6.100788876842861e-10,AC087239.1,lncRNA,Up
ENSG00000105409,18.227090408275313,1.6441113928955788,0.2586485706300461,6.356545442685657,2.0634141997090302e-10,6.124055424460003e-10,ATP1A3,protein_coding,Up
ENSG00000227630,72.4310438938041,1.004508360047076,0.15809009830159182,6.354024514114441,2.0975338592198658e-10,6.221818657775913e-10,LINC01132,lncRNA,Up
ENSG00000159164,407.7926453518811,1.3114778848884512,0.20644221734464857,6.352760117369702,2.1148538326222472e-10,6.268963080738384e-10,SV2A,protein_coding,Up
ENSG00000168992,13.265796223930247,1.5658095412621853,0.2464876198948976,6.35248756886795,2.1186055217040661e-10,6.279378173242242e-10,OR7E102P,unprocessed_pseudogene,Up
ENSG00000170516,21.325204616303957,6.4778292126097385,1.0198593286582773,6.351688934523886,2.1296363724934993e-10,6.311363356108516e-10,COX7B2,protein_coding,Up
ENSG00000279283,16.586996012534115,1.2650656438001777,0.1992661524512966,6.348622825491535,2.1725094674666116e-10,6.434082957894715e-10,AC131009.4,TEC,Up
ENSG00000269978,12.128385723520925,1.6789712710973668,0.2645426218744226,6.346694756410058,2.1999000328907258e-10,6.512277039439654e-10,AL359881.1,lncRNA,Up
ENSG00000234661,3.9337775437215003,2.498302804385221,0.39365146186796857,6.34648425419326,2.2029108195120672e-10,6.520457774220812e-10,CHL1-AS1,lncRNA,Up
ENSG00000271320,7.185463924986349,1.334652111345973,0.21034071605727744,6.345191441596769,2.2214902200394536e-10,6.571763193004307e-10,AC091488.1,lncRNA,Up
ENSG00000273143,6.58306387525112,1.788523503723862,0.2819021461835472,6.344483459729853,2.2317296142853515e-10,6.601313508547921e-10,AL355512.1,lncRNA,Up
ENSG00000186704,3.9935623335814574,1.73342230970582,0.27326907589529076,6.343280168188588,2.2492384291909314e-10,6.649374145489335e-10,DTX2P1,transcribed_unprocessed_pseudogene,Up
ENSG00000188133,15.685120132204538,2.2615403534042007,0.35655125747213023,6.342819737723049,2.2559734785500294e-10,6.667789803784384e-10,TMEM215,protein_coding,Up
ENSG00000197595,13.205482567442226,2.83606835914521,0.44717231606991126,6.342227050347672,2.2646721511465426e-10,6.691999621888652e-10,ATP11AUN,lncRNA,Up
ENSG00000196878,18439.597638729945,1.0276258404450973,0.16207598709832077,6.340395383936207,2.2917624921107977e-10,6.769774495010836e-10,LAMB3,protein_coding,Up
ENSG00000254098,13.966651749376457,2.0643720185047814,0.32566558166684917,6.3389321276713915,2.313631250832937e-10,6.831312964333731e-10,IGKV2-26,IG_V_pseudogene,Up
ENSG00000143194,26.158483417781785,1.9677171007189866,0.310465377570593,6.3379598592167365,2.3282746401095383e-10,6.873010439906921e-10,MAEL,protein_coding,Up
ENSG00000277396,3.6689001017114844,1.6217700566931088,0.25589065881781986,6.337746224053142,2.331504321530937e-10,6.88177400478742e-10,Metazoa_SRP,misc_RNA,Up
ENSG00000231952,19.802021535935776,1.0811359614257823,0.17060015944871623,6.33725059178963,2.3390140244842785e-10,6.903167300016836e-10,DPY19L1P2,unprocessed_pseudogene,Up
ENSG00000257951,9.407337826595555,2.0744994304417745,0.32737866408187244,6.336697097410641,2.3474283665717387e-10,6.927225383448607e-10,AC126177.5,unprocessed_pseudogene,Up
ENSG00000187621,18.766372627601942,2.1284376010650714,0.33597926517022864,6.335026657036911,2.3730024264860697e-10,7.001127096267359e-10,TCL6,lncRNA,Up
ENSG00000153976,91.79174137754262,1.2552283760834113,0.19816849077010146,6.334147125032215,2.3865770206916503e-10,7.039601346268325e-10,HS3ST3A1,protein_coding,Up
ENSG00000175329,14.237096339444403,4.061723885046654,0.641477368142094,6.33182725808487,2.422746469109599e-10,7.143093066907437e-10,ISX,protein_coding,Up
ENSG00000286263,4.371008248490875,1.8270635990683413,0.2885816647758552,6.331183931894785,2.4328711420708624e-10,7.172142204182072e-10,AL391832.4,lncRNA,Up
ENSG00000251493,30.19466438323362,2.228405720526057,0.3519817857019957,6.331025669642832,2.435368201520574e-10,7.178701036675334e-10,FOXD1,protein_coding,Up
ENSG00000285812,8.23303285981411,1.2879391945060612,0.2034828295384072,6.329473584713269,2.4599900074654795e-10,7.247227851286414e-10,AL390719.3,lncRNA,Up
ENSG00000101850,199.22946137349518,1.1649263476343183,0.18407600628134926,6.3285072898300365,2.475441643501507e-10,7.291119863636181e-10,GPR143,protein_coding,Up
ENSG00000231105,19.684181867345224,1.051330456778582,0.16616179469238393,6.327149142345958,2.4973195925950416e-10,7.353915986234645e-10,ECE1-AS1,lncRNA,Up
ENSG00000269404,203.4041479317122,1.4555657625222174,0.230138220099858,6.324745893535811,2.536496381821618e-10,7.466779369126598e-10,SPIB,protein_coding,Up
ENSG00000231431,7.199507412629941,4.291507865751633,0.6786212327575742,6.3238632371007775,2.5510352769872226e-10,7.506226317133793e-10,FAR2P4,transcribed_unprocessed_pseudogene,Up
ENSG00000278318,258.37080815825345,1.3312860197729475,0.21054075965474361,6.323174771270247,2.5624319840349424e-10,7.537237191188113e-10,ZNF229,protein_coding,Up
ENSG00000188163,8.112727931591943,1.91446261214035,0.30282098734161883,6.322093554171674,2.580430646501442e-10,7.588486243809861e-10,FAM166A,protein_coding,Up
ENSG00000237082,8.434854397804322,1.0596994243037623,0.167641695996177,6.321216317973354,2.59512438225438e-10,7.629995535739546e-10,COX5BP6,processed_pseudogene,Up
ENSG00000260288,4.899677337709827,1.2377686666014112,0.19585664606516157,6.319768521868822,2.619553926659713e-10,7.699246215561372e-10,AC019294.2,lncRNA,Up
ENSG00000147003,181.17172163367962,1.5689813387318503,0.24836643216826323,6.31720367778564,2.6633846334409636e-10,7.821968235197484e-10,CLTRN,protein_coding,Up
ENSG00000279873,15.573918220259811,1.0523690681147972,0.16669618996331445,6.3130961082337675,2.735075211335174e-10,8.029830029270602e-10,LINC01126,lncRNA,Up
ENSG00000227262,18.10486828991415,1.315424905995345,0.20839729692377024,6.312101574314157,2.752714487903195e-10,8.080717026161333e-10,HCG4B,unprocessed_pseudogene,Up
ENSG00000224299,5.619566461510797,1.9038579570566845,0.30165502275316364,6.31137495964906,2.7656720748345874e-10,8.11694742497363e-10,MTATP6P16,unprocessed_pseudogene,Up
ENSG00000258592,11.54441717008025,2.303560189696011,0.3650181212616139,6.310810492734456,2.7757792025192636e-10,8.143891585495436e-10,AL391152.1,lncRNA,Up
ENSG00000229951,51.14609567686165,1.1571426189564216,0.18336542374770987,6.3105824168275,2.7798732660661157e-10,8.154995886768658e-10,FLJ31356,lncRNA,Up
ENSG00000269246,6.70601934665254,1.4392405626720932,0.22809745165561943,6.309761692756886,2.794654474458972e-10,8.196534144309097e-10,AC011445.1,lncRNA,Up
ENSG00000224520,69.31121905803823,1.1313173630199174,0.17940967136057434,6.305776909574823,2.8675182320706734e-10,8.406498697020973e-10,KRT8P45,processed_pseudogene,Up
ENSG00000133083,952.8680856872311,1.1392257984183511,0.1806895031850489,6.304880905293318,2.884155820033786e-10,8.454334034492101e-10,DCLK1,protein_coding,Up
ENSG00000248515,7.010834692807102,4.352304049441901,0.6903109700436182,6.304845552674464,2.8848141997784406e-10,8.455324046699731e-10,AC024230.1,lncRNA,Up
ENSG00000235440,4.994855066130181,1.7868906106965328,0.2834983306539944,6.3030022313514324,2.919346870557747e-10,8.552736026731228e-10,RPS2P15,processed_pseudogene,Up
ENSG00000112541,682.9565451899416,1.6195353024816217,0.25696521052256016,6.302546944732953,2.927938153091505e-10,8.57695279904721e-10,PDE10A,protein_coding,Up
ENSG00000125398,1669.1829033426152,1.3770734900392994,0.21852798719733274,6.301588678413944,2.946101436530414e-10,8.627284273326709e-10,SOX9,protein_coding,Up
ENSG00000223646,9.207282267360148,1.6341636066982241,0.25946678741549145,6.298161020822261,3.0119754523168044e-10,8.816271803484753e-10,AC002463.1,lncRNA,Up
ENSG00000102098,84.5249280021405,1.1526671313623467,0.18313249422319203,6.294170437920963,3.090481140417887e-10,9.041045892258674e-10,SCML2,protein_coding,Up
ENSG00000243417,7.45668447222925,1.233126964975258,0.19593219860425945,6.293641237936124,3.101040850294786e-10,9.070931472243317e-10,RPS3AP18,processed_pseudogene,Up
ENSG00000213780,6.024372219218755,1.212148115386466,0.1926959044400736,6.290471605552111,3.1650294116167416e-10,9.253999953912127e-10,GTF2H4,protein_coding,Up
ENSG00000234509,4.31274973839367,1.4258595791785211,0.22680168610998508,6.2868120763752415,3.240512412998951e-10,9.46944950474095e-10,AP000253.1,lncRNA,Up
ENSG00000287313,11.928801242096153,1.846742263804159,0.29375327361198744,6.286712114206027,3.2425987445802763e-10,9.474496276407966e-10,AC016995.1,lncRNA,Up
ENSG00000081842,31.18853946013903,1.748666786543915,0.2783268060126998,6.282782501603976,3.3256618671447816e-10,9.708591103355242e-10,PCDHA6,protein_coding,Up
ENSG00000148965,4.8766922498028205,2.5493340687830086,0.40589772428125054,6.280730135398714,3.3698664504723727e-10,9.834371215023956e-10,SAA4,protein_coding,Up
ENSG00000169884,44.513921252170036,1.1945957055725116,0.19023633015599462,6.279535063533542,3.3958700625165533e-10,9.9091616187409e-10,WNT10B,protein_coding,Up
ENSG00000250033,23.915980260299502,1.9339061692902897,0.30806617320797625,6.277567410767636,3.439111718927353e-10,1.0033120481039306e-09,SLC7A11-AS1,lncRNA,Up
ENSG00000239494,6.073369800276193,1.2389234818523327,0.19738553158845534,6.276668162464217,3.4590523803496503e-10,1.0090178237811978e-09,RN7SL333P,misc_RNA,Up
ENSG00000275484,14.244915331894596,1.0705512678282323,0.17060021486391683,6.275204686478163,3.4917462771870783e-10,1.018216845398908e-09,AP003419.3,lncRNA,Up
ENSG00000267191,13.805803287926835,1.2823426259004471,0.20442311203062558,6.272982605354005,3.541964910098707e-10,1.0320620406552805e-09,AC006213.3,lncRNA,Up
ENSG00000143429,69.20089506958473,1.147072101575197,0.18289452808639048,6.271768289499486,3.5697054781350633e-10,1.0398004358601748e-09,LSP1P4,transcribed_unprocessed_pseudogene,Up
ENSG00000228137,9.261591429241154,1.049809809227651,0.16739914000812792,6.271297505929113,3.580517305770006e-10,1.0428345632113437e-09,AP001469.2,lncRNA,Up
ENSG00000259868,7.016609651043414,1.8665994806523263,0.2976488295510593,6.271146718324743,3.5839869886400874e-10,1.043653696805761e-09,AL163952.1,lncRNA,Up
ENSG00000228748,17.482006285085113,1.1054481318212586,0.17629069728644056,6.270598215543415,3.596635966128397e-10,1.047182184242087e-09,AL450306.1,lncRNA,Up
ENSG00000269821,401.68950626392973,1.081380736469084,0.1724755954793409,6.269760852042465,3.616030436464062e-10,1.0525965626399968e-09,KCNQ1OT1,lncRNA,Up
ENSG00000249631,10.127706101899086,1.7067304120295126,0.2722597316136507,6.26875815205549,3.639388685008408e-10,1.0592790245438378e-09,AC005699.1,lncRNA,Up
ENSG00000230457,10.830966755536954,1.1224411691869067,0.1790944932045426,6.2673125739548805,3.6733234011828486e-10,1.0686842242849925e-09,PA2G4P4,processed_pseudogene,Up
ENSG00000272128,4.825753308606764,1.611489119370787,0.2571339340887516,6.267119604737078,3.677876628515256e-10,1.0698908625918069e-09,AP006545.2,lncRNA,Up
ENSG00000236975,44.79617527719842,1.6418744389714597,0.2621975644774197,6.26197440942613,3.801333328870357e-10,1.1044640797962903e-09,LINC02814,lncRNA,Up
ENSG00000259353,17.020617025847162,2.1324416108058197,0.34059697106944387,6.260894229652556,3.8277609323444194e-10,1.1120200042516507e-09,AC090515.4,lncRNA,Up
ENSG00000288087,4.202798666532626,4.094583705864431,0.6541193531421893,6.259688979075918,3.85746024479628e-10,1.120277826599977e-09,AC112770.1,lncRNA,Up
ENSG00000225868,32.60163026191097,1.816402629659797,0.2902892967483635,6.257215302134755,3.9191219695728314e-10,1.1376843498198542e-09,AC016582.1,transcribed_unprocessed_pseudogene,Up
ENSG00000185038,50.960407721786,2.2742149737729602,0.363544446590954,6.255672435925883,3.9580673545130285e-10,1.1487369154579416e-09,MROH2A,protein_coding,Up
ENSG00000214043,5.497585078323269,3.070472417275027,0.49086072050598367,6.255282382566599,3.967972845808555e-10,1.1514850219431232e-09,LINC02347,lncRNA,Up
ENSG00000232591,4.040213504151949,1.5707932401448284,0.2512489384906955,6.251939807510866,4.053856449866014e-10,1.1757610490867442e-09,LINC02642,lncRNA,Up
ENSG00000250060,10.997697185714216,5.218029353668394,0.8348054023587212,6.250593658024955,4.0889544044465824e-10,1.1856798729410202e-09,AC122710.1,lncRNA,Up
ENSG00000287498,6.566662817433444,3.522246797510132,0.5636316960846778,6.2491992944643835,4.1256221595362656e-10,1.196180938394407e-09,AC007749.2,lncRNA,Up
ENSG00000231550,7.357220809582107,2.0468551543084383,0.32760497148371204,6.247936791185737,4.159099114485899e-10,1.2053571123089696e-09,PTCHD3P2,processed_pseudogene,Up
ENSG00000223476,5.816036807770665,1.142769539730508,0.1829447716760959,6.246527458864929,4.196782683842525e-10,1.2158773826953129e-09,VN1R42P,processed_pseudogene,Up
ENSG00000156564,10.916568580283613,2.3598217746713086,0.3780022775360583,6.242877133051668,4.2959435773419395e-10,1.2437860357323995e-09,LRFN2,protein_coding,Up
ENSG00000106038,3.8595781267893634,3.926408908942594,0.628978487338378,6.242517014465494,4.305849219496337e-10,1.2465171140423583e-09,EVX1,protein_coding,Up
ENSG00000258774,6.221369103870195,1.9531282008161461,0.31291927807208003,6.2416359031936945,4.330179706838304e-10,1.2534230391803082e-09,NANOGP7,transcribed_processed_pseudogene,Up
ENSG00000273711,7.162331259809984,1.2058452590649824,0.19330558641285003,6.238025922797768,4.4312723753853276e-10,1.281700696927839e-09,AC005520.5,lncRNA,Up
ENSG00000236047,8.37885541101794,1.1565255091996436,0.18543002988740911,6.236991440393295,4.4606638660824417e-10,1.2900603876792495e-09,RPL13AP12,processed_pseudogene,Up
ENSG00000089558,18.490272223344544,1.168183340202111,0.1873181341434569,6.236360112937395,4.4786944104939825e-10,1.2948489376683073e-09,KCNH4,protein_coding,Up
ENSG00000223511,21.26913472247028,1.2659841791015418,0.20302499437594348,6.23560750730674,4.500281588166807e-10,1.3009474400346273e-09,AL683807.1,lncRNA,Up
ENSG00000105737,107.73326387090962,1.5964432770897996,0.25612920755528573,6.23296066984163,4.577011153407043e-10,1.3225485877201811e-09,GRIK5,protein_coding,Up
ENSG00000158748,9.953200903625726,1.3367982429424123,0.2145542213766681,6.230584671627364,4.646975852560055e-10,1.342029933545161e-09,HTR6,protein_coding,Up
ENSG00000235052,8.730053787207027,1.4555873702206872,0.23370180698647974,6.228395873314307,4.712351202454505e-10,1.360463118116108e-09,AL021154.1,lncRNA,Up
ENSG00000249064,5.26884123276032,1.3542878533886262,0.21744970797616667,6.228050918040605,4.72273592686423e-10,1.3630135316997894e-09,KRT18P25,processed_pseudogene,Up
ENSG00000214691,12.03247822599953,2.044531932548109,0.3283874430130441,6.2259747625821875,4.785711048344572e-10,1.3805841849343218e-09,LINC01913,lncRNA,Up
ENSG00000264781,5.082256550439631,2.140254328031343,0.3439945174739414,6.221768718140903,4.915813251089915e-10,1.4174958494394865e-09,MIR4537,miRNA,Up
ENSG00000225447,10.775393225054948,1.139307933061053,0.18322680147476225,6.218020092535326,5.034671037245914e-10,1.451292908309737e-09,RPS15AP10,processed_pseudogene,Up
ENSG00000184524,13.415985045562813,1.2925290868944954,0.20787062448611657,6.217949698711863,5.036929629560126e-10,1.4517852697726585e-09,CEND1,protein_coding,Up
ENSG00000162009,5.196659565969688,3.617945618309541,0.5820591763476586,6.2157694016812055,5.107376359547581e-10,1.4712859362166232e-09,SSTR5,protein_coding,Up
ENSG00000185247,9.038789145577987,5.158736858129212,0.8299992018685045,6.215351588912134,5.120985502570975e-10,1.4750451960982698e-09,MAGEA11,protein_coding,Up
ENSG00000217236,6.621555757231907,4.7082834220554135,0.7576602132849914,6.214241343941875,5.157320981139899e-10,1.4851867890429087e-09,SP9,protein_coding,Up
ENSG00000169067,18.321104056364426,1.690933124529116,0.2721465660393887,6.213317879176846,5.187735185543539e-10,1.493456079069685e-09,ACTBL2,protein_coding,Up
ENSG00000164379,1736.7587027512027,1.4709551791744395,0.23693622271407672,6.2082325881826765,5.358380601904136e-10,1.5408996343752678e-09,FOXQ1,protein_coding,Up
ENSG00000287056,6.474277821826803,3.694493992134153,0.5951086040007532,6.208100449728126,5.362886957851968e-10,1.5420273588328034e-09,AL606970.5,lncRNA,Up
ENSG00000184735,7.591650556480952,4.551329611267242,0.7331325191744589,6.208058559988923,5.364316307631013e-10,1.5422701813370019e-09,DDX53,protein_coding,Up
ENSG00000286257,3.380562409344561,2.5099598612017675,0.40433299189571303,6.20765535217355,5.378093474662775e-10,1.5458941021022169e-09,AL137100.3,lncRNA,Up
ENSG00000257243,5.8860814272767215,1.2768510805998998,0.2058062988271069,6.204139950413047,5.499682885264246e-10,1.579982979457655e-09,AC020612.1,processed_pseudogene,Up
ENSG00000201785,3.5485665408126605,1.5262124913256838,0.24615905030356783,6.200107164223825,5.642472761814442e-10,1.6201220244887505e-09,SNORD117,snoRNA,Up
ENSG00000248126,9.484145206179786,1.2412666875158376,0.20024693546537667,6.198680067842819,5.693863811553735e-10,1.6339883416114048e-09,AC091849.1,unprocessed_pseudogene,Up
ENSG00000201684,7.258478643968374,1.5179132984551318,0.24490024062303073,6.198088228061892,5.715310232581171e-10,1.6397859953559511e-09,RN7SKP239,misc_RNA,Up
ENSG00000204709,11.34664181948633,1.6365574005105799,0.2641281315013926,6.196073819202221,5.788898461306019e-10,1.6605379356536465e-09,LINC01556,lncRNA,Up
ENSG00000276712,4.113933371697019,1.3596672172483395,0.2197015363249974,6.18870145376238,6.06618473191753e-10,1.7379975160871932e-09,MIR7111,miRNA,Up
ENSG00000258815,8.974587104748284,4.328563575053565,0.6995176703371312,6.18792599330253,6.096093415438867e-10,1.7459974298373294e-09,LINC02820,lncRNA,Up
ENSG00000233215,4.072465512086252,4.209383427976682,0.6805319121191802,6.185431355994223,6.193288105624416e-10,1.773257408743929e-09,LINC01687,lncRNA,Up
ENSG00000286271,12.298518781023489,1.5824726836625516,0.25605206563898664,6.18027696716071,6.398923886162464e-10,1.8299492774981475e-09,AC008945.2,lncRNA,Up
ENSG00000226145,15.678851639280895,2.3602563769846383,0.38190465157025055,6.180224219003716,6.401062342944921e-10,1.830362329033372e-09,KRT16P6,transcribed_unprocessed_pseudogene,Up
ENSG00000244682,219.24181898984983,1.0386598281193749,0.16810078896323155,6.178792107552568,6.459388583046352e-10,1.8462397239858258e-09,FCGR2C,polymorphic_pseudogene,Up
ENSG00000183734,152.80509395427543,1.337795619508869,0.21655474411853187,6.1776324732771615,6.506997152847165e-10,1.8594442449130879e-09,ASCL2,protein_coding,Up
ENSG00000286965,7.4030403333317265,1.6329975061748283,0.2643922322061461,6.1764201336353315,6.557135541579767e-10,1.8733658096582713e-09,AC108066.2,lncRNA,Up
ENSG00000183850,36.62948958273679,1.6451118141340042,0.26640661059630316,6.175191413049842,6.608335918425092e-10,1.887789168766869e-09,ZNF730,protein_coding,Up
ENSG00000237605,8.351700246171703,1.1827219350406601,0.19158119047896205,6.173476279606569,6.680457677682303e-10,1.907978652230936e-09,DYRK3-AS1,lncRNA,Up
ENSG00000054938,200.27624611085741,1.417868206494696,0.2299804986946183,6.16516711000538,7.040874347460015e-10,2.007654158115491e-09,CHRDL2,protein_coding,Up
ENSG00000135094,488.85087046872104,1.1548986223793787,0.18734447640135252,6.164572580753393,7.067377525646311e-10,2.014573675916694e-09,SDS,protein_coding,Up
ENSG00000168843,21.047055488375623,3.3666214511835046,0.5462458610993823,6.163198096197551,7.129023014210284e-10,2.031032161675942e-09,FSTL5,protein_coding,Up
ENSG00000235244,26.54488624232444,1.4268315470581148,0.2315118785319162,6.163102973834717,7.133308595270841e-10,2.0320335708900513e-09,DANT2,lncRNA,Up
ENSG00000279741,25.744062702870522,1.087516081260457,0.17648501536435107,6.162087353508704,7.179222645495062e-10,2.0448919978581202e-09,AC007342.8,TEC,Up
ENSG00000242593,4.358636528608803,3.2060582852579547,0.5203631446328011,6.161194001393658,7.219847433303403e-10,2.0560191880800294e-09,AC006148.1,lncRNA,Up
ENSG00000235481,9.761448883612875,1.2984276651185633,0.21074485285434477,6.161135835739556,7.222500252099868e-10,2.0565525499176495e-09,UBE2R2-AS1,lncRNA,Up
ENSG00000232774,64.34389796624039,1.6267794095763806,0.26419217014888197,6.157561023324917,7.387378186814038e-10,2.1021383704142247e-09,AL355916.1,lncRNA,Up
ENSG00000253326,11.82578780117327,1.7089129250675301,0.2775658295657782,6.15678424012401,7.423687675687857e-10,2.1122425982724297e-09,AL606534.4,processed_pseudogene,Up
ENSG00000235847,60.16093592923931,1.4112439961586738,0.22926137309255726,6.155611724391649,7.47882498084334e-10,2.127471572220484e-09,LDHAP7,processed_pseudogene,Up
ENSG00000228554,11.508543273774698,1.1252356871267495,0.18281773160785728,6.15495924399922,7.509680521851455e-10,2.136018502440113e-09,AC004837.2,lncRNA,Up
ENSG00000203930,80.67779937634138,1.3955000810389941,0.2267701407049255,6.153808771741365,7.564388681539299e-10,2.1511153837182286e-09,LINC00632,lncRNA,Up
ENSG00000286101,3.5448370804393528,3.853829926200947,0.6264929749134247,6.151433584284818,7.678568084757551e-10,2.1826435312607163e-09,AC093894.2,lncRNA,Up
ENSG00000145626,42.934566627426165,4.345268317353829,0.7063852554759447,6.151414237017301,7.679505009264012e-10,2.1826745752779907e-09,UGT3A1,protein_coding,Up
ENSG00000166863,7.50659849498763,2.481325003207652,0.40337676365526354,6.151383090891814,7.681013547902899e-10,2.182868059685305e-09,TAC3,protein_coding,Up
ENSG00000261448,5.622045061206325,1.9398440778171537,0.31538225601779973,6.150771138207825,7.710711705327048e-10,2.1908357684460108e-09,AC109446.2,lncRNA,Up
ENSG00000176855,8.383378387789465,1.1591294376974957,0.18853697193851715,6.148021927898013,7.845518960824847e-10,2.228418084844369e-09,KRT18P28,processed_pseudogene,Up
ENSG00000205847,8.490248816615527,1.9438695097506564,0.316219184391288,6.147221945096545,7.885175972499057e-10,2.239440930477115e-09,OR7E91P,transcribed_unprocessed_pseudogene,Up
ENSG00000151640,97.856534946386,1.249902850417466,0.20342347436621142,6.144339311437278,8.029703050982981e-10,2.2795055383186695e-09,DPYSL4,protein_coding,Up
ENSG00000232729,10.46944327296516,1.3528294813320407,0.2202053567788918,6.143490336115741,8.072758587927529e-10,2.2912350012232154e-09,AC211433.1,lncRNA,Up
ENSG00000232022,39.6897792066828,1.1056745998777984,0.18004852779101593,6.140981064622564,8.201336106843441e-10,2.326476260084569e-09,FAAHP1,transcribed_unprocessed_pseudogene,Up
ENSG00000241563,7.205379369976167,1.1531769124524065,0.18779337147068995,6.140668882087725,8.217471687866978e-10,2.330802714951621e-09,CORT,protein_coding,Up
ENSG00000261416,4.982098904221023,1.3658986028370026,0.22248236827082624,6.139356630608606,8.285636483244308e-10,2.3498842123376253e-09,AC012645.3,lncRNA,Up
ENSG00000121716,200.3657760355923,1.144938788175119,0.18650235902106052,6.139004322437704,8.304030810292927e-10,2.3548477520961874e-09,PILRB,protein_coding,Up
ENSG00000055118,521.3631310720158,1.5151699825059814,0.24681814182312864,6.138811236946113,8.314128867442948e-10,2.357457830478178e-09,KCNH2,protein_coding,Up
ENSG00000114455,1445.8880297475957,2.288024554563504,0.37289851069319646,6.135783568323189,8.474046161547069e-10,2.4002212382384125e-09,HHLA2,protein_coding,Up
ENSG00000257191,3.4168485291379476,2.9001314485510106,0.47276811176117184,6.134363499575601,8.550081963420219e-10,2.4207178588725705e-09,AC090709.1,lncRNA,Up
ENSG00000288021,4.5228584436603025,2.660354852322146,0.43370316116714575,6.1340453345159425,8.567208735217301e-10,2.4250460964757432e-09,AL450338.2,lncRNA,Up
ENSG00000286529,28.815911221645486,1.1919596376720287,0.19433883365206406,6.133409444074685,8.601538932653222e-10,2.4345023253629434e-09,AC090398.2,lncRNA,Up
ENSG00000235097,4.1834036700730195,2.2809722059807105,0.37190426576647206,6.133224100777026,8.611570399164222e-10,2.4370799680828564e-09,LINC00330,lncRNA,Up
ENSG00000236924,4.640317990733387,2.167699286685323,0.35358830211268016,6.130574099124265,8.756252259364413e-10,2.4761648480368855e-09,AL162411.1,lncRNA,Up
ENSG00000185002,12.341989772667748,3.452299544747224,0.5632379539233833,6.129380168185251,8.822209264569308e-10,2.49428174446974e-09,RFX6,protein_coding,Up
ENSG00000169618,5.6542803078238695,1.8901817268494623,0.3084252175051373,6.128492806584398,8.871543922329125e-10,2.5076922846159183e-09,PROKR1,protein_coding,Up
ENSG00000286563,5.699794538457878,1.6686703234859939,0.27231827657471197,6.127647194580365,8.918807740143273e-10,2.5205118433991866e-09,AC078983.1,lncRNA,Up
ENSG00000146555,1958.6606748893776,1.1617322030627948,0.18970892645007667,6.12376141071313,9.139171731501279e-10,2.581128398411575e-09,SDK1,protein_coding,Up
ENSG00000233622,237.62623483892503,1.3007624467755916,0.21241540516560556,6.12367283701235,9.144256164844318e-10,2.5822878032442134e-09,CYP2T1P,transcribed_unitary_pseudogene,Up
ENSG00000238097,15.90925189850991,3.1376453635300763,0.5124573244612629,6.122744692601723,9.197701008109566e-10,2.5965461469205572e-09,LINC02037,lncRNA,Up
ENSG00000185958,23.43609488370408,1.0489596470926241,0.17134279857032544,6.121994363609582,9.241129364523407e-10,2.607968550326223e-09,FAM186A,protein_coding,Up
ENSG00000235142,69.90057000335504,1.9746591550858756,0.3227442289286041,6.1183407109742625,9.455473300381442e-10,2.667032098952387e-09,LINC02532,lncRNA,Up
ENSG00000160224,4.623131068313264,1.6714070197612951,0.2732838295790579,6.116011409587541,9.594645877219265e-10,2.704262631276956e-09,AIRE,protein_coding,Up
ENSG00000169562,955.1446026555859,1.7608569935419165,0.2880042374618911,6.1139968253936345,9.7166238981108e-10,2.738056980051099e-09,GJB1,protein_coding,Up
ENSG00000224885,8.066956547081704,1.4399313621926693,0.23551603019561096,6.113942057348347,9.71996099103669e-10,2.7387046835520623e-09,EIPR1-IT1,lncRNA,Up
ENSG00000280916,18.685680240884547,1.6742189405120602,0.27393424429134783,6.111754829496285,9.854149245928033e-10,2.7738462384193233e-09,FOXCUT,lncRNA,Up
ENSG00000255397,4.961287834820878,1.394411195191301,0.228178374920323,6.11105761305475,9.89730250438984e-10,2.7853987944584854e-09,NASPP1,processed_pseudogene,Up
ENSG00000255733,26.86486812547701,1.5276828023975304,0.25006052632822073,6.109252127192388,1.0009908839394242e-09,2.8158875196802446e-09,IFNG-AS1,lncRNA,Up
ENSG00000251152,15.249508080980187,1.6730436503790804,0.2739600423267992,6.106889297320789,1.0159165012067548e-09,2.857265159643998e-09,AC025539.1,lncRNA,Up
ENSG00000254585,32.9265070592452,1.1246464379392656,0.18420378856671782,6.105446835214919,1.025134747868239e-09,2.8828840035496916e-09,MAGEL2,protein_coding,Up
ENSG00000249655,3.7319193066909913,1.5172898093463865,0.2485163007530414,6.105393508388675,1.0254770987779018e-09,2.8835392508822e-09,AC008434.1,lncRNA,Up
ENSG00000260015,7.406802969954531,2.2107244161453723,0.3621026175817641,6.105242847757605,1.0264449218772335e-09,2.8859529363367784e-09,AC010547.2,lncRNA,Up
ENSG00000267761,4.699922384378215,3.145405655373792,0.5152552251473247,6.104558482593631,1.0308524124126784e-09,2.89803604640963e-09,MIR4527HG,lncRNA,Up
ENSG00000234373,5.6152169015055815,2.2920565190021813,0.37550693716643424,6.10389926827446,1.0351153712437243e-09,2.909090092688587e-09,SNX18P7,processed_pseudogene,Up
ENSG00000285712,8.476368526147047,1.4650823122122698,0.24019983186360827,6.099431048079092,1.0644666447207724e-09,2.9899856648153778e-09,AC068707.1,lncRNA,Up
ENSG00000227243,4.452717855273028,3.7920783957042805,0.6217355500205267,6.099182193424656,1.0661249856803406e-09,2.99400595020134e-09,SLAMF6P1,unprocessed_pseudogene,Up
ENSG00000186912,8.08080025398757,1.712715951946371,0.2808249746245608,6.0988733435697,1.068186631780093e-09,2.9991568867164667e-09,P2RY4,protein_coding,Up
ENSG00000200502,5.670183971264176,1.4295359415922422,0.23444938475108296,6.097418183076034,1.0779525930631482e-09,3.0252884077346974e-09,Y_RNA,misc_RNA,Up
ENSG00000182196,14.548041341351848,1.0707340294310819,0.1756393423646242,6.096208372314768,1.0861381771620288e-09,3.047936972625593e-09,ARL6IP4,protein_coding,Up
ENSG00000278505,4.390661259439877,1.6665249015625883,0.27339010013254184,6.0957763311643065,1.0890760298896037e-09,3.0555308977751724e-09,C17orf78,protein_coding,Up
ENSG00000275393,6.773895870880367,1.754056266843091,0.2877566273955059,6.095624218003625,1.0901122328614618e-09,3.0581127213358247e-09,AC018695.6,lncRNA,Up
ENSG00000205634,4.483462026912554,4.055310848343749,0.6655498828896075,6.09317340833548,1.1069403904310467e-09,3.104000222848437e-09,LINC00898,lncRNA,Up
ENSG00000178055,4.88627225572662,1.5547583257915487,0.2553079598664958,6.089736985108314,1.1309633546155022e-09,3.1700152701116913e-09,PRSS42P,transcribed_unitary_pseudogene,Up
ENSG00000272360,12.919599875052864,1.2012868023034444,0.19731908366669088,6.088041663180659,1.143001312976791e-09,3.2017149589120435e-09,AC116036.2,lncRNA,Up
ENSG00000226087,10.54734576923673,1.6117767451532705,0.26483835397601363,6.085888697598721,1.1584690307167703e-09,3.2436640836696994e-09,AC073283.2,lncRNA,Up
ENSG00000213312,5.574353030527401,1.5039140379751115,0.2471278287855044,6.085571363476186,1.1607660666963924e-09,3.249750629449397e-09,RPL7AP34,processed_pseudogene,Up
ENSG00000214548,1114.4652739975159,1.5393388074899446,0.25298953014569103,6.0845949103248405,1.1678620508950528e-09,3.269269881327234e-09,MEG3,lncRNA,Up
ENSG00000269924,11.65840491448303,1.3403379371910604,0.22031172850141276,6.083824707418904,1.1734890123517715e-09,3.283975937144881e-09,AC024451.4,lncRNA,Up
ENSG00000168255,61.28102101240222,1.0372309330005065,0.17054007958256928,6.082036173193628,1.1866578641375666e-09,3.319771682294466e-09,POLR2J3,protein_coding,Up
ENSG00000283235,8.682392965468466,2.0068710886160304,0.33002711493956954,6.080927892799062,1.1948902353150385e-09,3.342093286514379e-09,AC139493.2,lncRNA,Up
ENSG00000254604,10.578588969801656,1.0332163037255313,0.16995135320349733,6.079482653417727,1.2057092424021518e-09,3.3705663863187474e-09,AP002336.2,lncRNA,Up
ENSG00000197635,6142.318452485068,1.2670000097834977,0.20840973198348328,6.079370659542468,1.2065515998545612e-09,3.3725636726907757e-09,DPP4,protein_coding,Up
ENSG00000166562,4962.375110964845,1.0591396859904338,0.17429169581135434,6.076822427253218,1.2258738118086245e-09,3.4247581753780512e-09,SEC11C,protein_coding,Up
ENSG00000255867,5.108557977434225,1.6718808297850678,0.27527334087163197,6.073529766780847,1.2512879157276067e-09,3.4939074902305156e-09,DENND5B-AS1,lncRNA,Up
ENSG00000167772,2604.330780983202,1.4311352015977634,0.2356500196132392,6.073138478607451,1.2543419702401338e-09,3.5016936010197256e-09,ANGPTL4,protein_coding,Up
ENSG00000183873,30.51798508638872,1.4663580774856695,0.24146830123768565,6.072673183062162,1.2579831207245385e-09,3.5114867040865973e-09,SCN5A,protein_coding,Up
ENSG00000126890,43.51549668046324,5.37001344834309,0.8844796880613589,6.071381311325893,1.2681467100354058e-09,3.5387332003845133e-09,CTAG2,protein_coding,Up
ENSG00000273243,12.156110989196444,1.0957544253175389,0.1804950366406756,6.0708285707541965,1.2725197168105602e-09,3.5498090481640187e-09,Z82243.1,lncRNA,Up
ENSG00000279602,24.779006662219814,1.099071800278281,0.18109657412007996,6.068981733191253,1.287237846590719e-09,3.5901070348595723e-09,AC109326.1,TEC,Up
ENSG00000242242,30.473174738420337,1.5080403317191036,0.248490426123189,6.068806574348637,1.2886423367495062e-09,3.5936440799581724e-09,NECTIN3-AS1,lncRNA,Up
ENSG00000235545,3.825313227103785,1.487048041886817,0.2450472839058533,6.068412667892038,1.2918062876495966e-09,3.600944165467216e-09,AC103923.1,lncRNA,Up
ENSG00000286835,10.884316694703429,1.0722976492937282,0.17672219418540747,6.067702216104961,1.2975319628789335e-09,3.6161401248274653e-09,AL133477.1,lncRNA,Up
ENSG00000214914,9.070113280223303,1.4475508848631113,0.2386754605096204,6.064933872013056,1.3200795475643848e-09,3.678201359813274e-09,RPL23AP3,processed_pseudogene,Up
ENSG00000164669,25.171873890862077,1.2400803017805928,0.20448360648617,6.064448505628563,1.3240719133596935e-09,3.6889356952239954e-09,INTS4P1,transcribed_unprocessed_pseudogene,Up
ENSG00000173267,1248.1553445882737,1.5045262932405739,0.2481489818593081,6.062996035557334,1.3360895987283152e-09,3.7204522405982757e-09,SNCG,protein_coding,Up
ENSG00000236230,4.000038161762327,1.9613906756308181,0.3235786746294054,6.061557294766716,1.3480984822021086e-09,3.7530993428705245e-09,AL356108.1,lncRNA,Up
ENSG00000116661,929.6961099633133,1.203684880758731,0.19858397048719217,6.061339582473318,1.3499248243221136e-09,3.757787144238798e-09,FBXO2,protein_coding,Up
ENSG00000287539,7.012148451166543,1.1789251825876952,0.19458603131673302,6.0586321361821005,1.3728394859220653e-09,3.8191557383442205e-09,AC022966.2,lncRNA,Up
ENSG00000282815,10.095130969736124,4.844131236769883,0.7996178112029235,6.058058198431701,1.3777455281534089e-09,3.831995525514755e-09,TEX13C,protein_coding,Up
ENSG00000286001,19.823098840900563,1.1025626150496852,0.18206073664859235,6.056015346009587,1.395346964990708e-09,3.879723689034687e-09,AC021087.5,protein_coding,Up
ENSG00000125337,47.526472963604235,1.2571056518805563,0.20767671919409394,6.05318524271211,1.4200940383533547e-09,3.944788769764876e-09,KIF25,protein_coding,Up
ENSG00000140479,692.8594695957602,1.0292277136334793,0.170063585642337,6.052017013201532,1.4304335813184978e-09,3.972673358543316e-09,PCSK6,protein_coding,Up
ENSG00000287185,17.233319916361175,1.5924473386048863,0.2631281524740736,6.051983885539546,1.430727848580621e-09,3.973072174291383e-09,AC041005.1,lncRNA,Up
ENSG00000285591,4.936662008178185,1.7462964625791044,0.2885611006937412,6.051738984848491,1.4329050899850766e-09,3.977861587841507e-09,AC092617.1,lncRNA,Up
ENSG00000214513,15.038178683975206,2.6706341583462696,0.4413891120938563,6.05052115054979,1.4437800538415783e-09,4.006364308092436e-09,NOTO,protein_coding,Up
ENSG00000162897,21.031033563880555,1.5868283228969757,0.2622670990273254,6.0504284707539515,1.4446109478806445e-09,4.008248179252167e-09,FCAMR,protein_coding,Up
ENSG00000165606,107.46009965623487,2.181075258369405,0.36059552071480294,6.048536748448491,1.4616728418992565e-09,4.053882292898969e-09,DRGX,protein_coding,Up
ENSG00000286407,18.574261652394952,1.4248648407191316,0.23567303008079193,6.045939326322865,1.4854199321134528e-09,4.117145639040546e-09,AC004863.1,lncRNA,Up
ENSG00000203414,12.37444601442235,1.6562982524935441,0.2739832728830676,6.045253183030739,1.491755562719185e-09,4.134271591056742e-09,BTBD7P1,processed_pseudogene,Up
ENSG00000154646,4.8260903519395235,3.2248420226913805,0.5335412832112671,6.044222113951086,1.5013256817600578e-09,4.159045932137065e-09,TMPRSS15,protein_coding,Up
ENSG00000276691,6.646378929919759,1.3818403899645604,0.2287218833279879,6.041574902489749,1.5261712767197477e-09,4.2274303116701414e-09,AC004466.3,lncRNA,Up
ENSG00000149527,322.3965141724179,1.2670405540552425,0.20977462019948281,6.040008809694731,1.5410581351443057e-09,4.26687348002471e-09,PLCH2,protein_coding,Up
ENSG00000251550,3.083475038826146,3.6018714612137637,0.5963502259321609,6.039859305131716,1.542486663001654e-09,4.270380399302216e-09,AC091133.5,processed_pseudogene,Up
ENSG00000204044,6.575812566004007,1.6886577513267982,0.2796021710215369,6.039501571669578,1.5459100749019509e-09,4.279408846857489e-09,SLC12A5-AS1,lncRNA,Up
ENSG00000057294,896.7907468135865,1.3946194598447903,0.23107373283405078,6.035387245188782,1.5858192856231936e-09,4.386202492330985e-09,PKP2,protein_coding,Up
ENSG00000182584,5.021591556527008,1.2301200141964153,0.20382297984277542,6.035237121669515,1.5872943196814646e-09,4.389361494337272e-09,ACTL10,protein_coding,Up
ENSG00000250286,3.846291775973999,1.561558426565594,0.2587697428149474,6.034547971407548,1.5940827192959858e-09,4.407671312554802e-09,AC021491.2,lncRNA,Up
ENSG00000280334,33.77023263584116,1.2087777787639788,0.20046061001298626,6.03000149847729,1.6395815886453622e-09,4.527779504930171e-09,AC009084.2,TEC,Up
ENSG00000074410,2584.4095790131723,1.6167605082986138,0.26825732157668236,6.0269017031710606,1.6713257991158822e-09,4.610614219341543e-09,CA12,protein_coding,Up
ENSG00000223466,6.327019364268344,1.6466759034749467,0.2732293739657573,6.026716233230903,1.6732440214846958e-09,4.615423101103706e-09,LINC01825,lncRNA,Up
ENSG00000286216,9.792727434285203,1.2343728675633832,0.20490071036223548,6.02424884414108,1.6989680128157313e-09,4.68343994333586e-09,AC104335.1,lncRNA,Up
ENSG00000284700,4.633313806151716,3.5952273485414143,0.5968275009932955,6.023896925925673,1.7026682285752493e-09,4.693149491745513e-09,AL049637.1,lncRNA,Up
ENSG00000231881,88.68906411945402,1.3262769952708346,0.2202126586952522,6.022710061850906,1.7152054089920717e-09,4.7272122319315355e-09,AL109615.2,lncRNA,Up
ENSG00000127585,521.24255538595,1.2794616802796752,0.2124706309217061,6.021828403903727,1.7245767964216587e-09,4.751550529896473e-09,FBXL16,protein_coding,Up
ENSG00000230912,10.42698339674641,1.1100600320899798,0.18438745427724496,6.020257920698302,1.741393641582049e-09,4.796380857376085e-09,AL021707.4,lncRNA,Up
ENSG00000285925,3.56874651304309,1.9730621694701527,0.3277540066235529,6.019948283153544,1.7447280693144244e-09,4.805063100555756e-09,AC007391.2,lncRNA,Up
ENSG00000263293,20.442813866443068,1.2750551701895383,0.21189396342568245,6.017420928731357,1.7721783045900313e-09,4.878624271013584e-09,THCAT158,lncRNA,Up
ENSG00000176165,8.097757243906337,3.9888152160612718,0.663257405500365,6.013977654802193,1.810254741062433e-09,4.978247734051138e-09,FOXG1,protein_coding,Up
ENSG00000113889,13.072788407063506,2.636109002988479,0.438453538505074,6.012288125160091,1.8292282788717954e-09,5.029376468965618e-09,KNG1,protein_coding,Up
ENSG00000213376,3.807942902226811,1.641818710796634,0.2731130841351685,6.011497823312153,1.8381698070481134e-09,5.05238042650185e-09,GAPDHP71,processed_pseudogene,Up
ENSG00000186919,7.838641965860835,1.3663177585831812,0.22744756857030393,6.007176806380557,1.887816167998886e-09,5.186135258894741e-09,ZACN,protein_coding,Up
ENSG00000173110,646.0263629467311,1.135039626766674,0.18899060073212662,6.005799348590187,1.903915332307961e-09,5.228183621051852e-09,HSPA6,protein_coding,Up
ENSG00000137869,29.820852940969832,1.1712711928505712,0.19511203107378464,6.0030700639246435,1.936210152139958e-09,5.315205258372964e-09,CYP19A1,protein_coding,Up
ENSG00000254157,6.159490357061531,2.0402539193697127,0.33988551271555306,6.002768117619599,1.939815613487607e-09,5.324548529995649e-09,IGKV2-18,IG_V_pseudogene,Up
ENSG00000283020,4.353526357525347,2.5828721314105767,0.4303038871909381,6.002437366466277,1.9437725329760702e-09,5.3348544644649225e-09,DUX4L37,unprocessed_pseudogene,Up
ENSG00000183324,4.036024954416501,1.9924556527869295,0.33195070391175424,6.0022636774302605,1.9458535982347603e-09,5.340010342954587e-09,REC114,protein_coding,Up
ENSG00000250742,297.38916364628614,1.1990319708103492,0.1997722201469652,6.001995522341718,1.9490707774164125e-09,5.347726188791052e-09,LINC02381,lncRNA,Up
ENSG00000248641,7.895180787499189,1.0070982282621246,0.16786128641980902,5.999586025710801,1.9782120611913423e-09,5.424859822547389e-09,HMGA1P2,processed_pseudogene,Up
ENSG00000256312,4.4686428438503425,1.7892725256389943,0.2982782532309995,5.998669048974564,1.989413440564596e-09,5.455010130777623e-09,AC138466.1,lncRNA,Up
ENSG00000259033,8.907089598394874,1.6650187874823283,0.2776380356064799,5.99708459918043,2.0089141755881667e-09,5.506763701690224e-09,AL356804.1,lncRNA,Up
ENSG00000224259,147.44748900006002,2.0416802709160664,0.3404892821820437,5.996312887829683,2.0184793873775163e-09,5.532408423775606e-09,LINC01133,lncRNA,Up
ENSG00000263280,12.985878609590792,1.0344886338351453,0.17252396458829858,5.996202535130644,2.0198508085345907e-09,5.535591958122756e-09,AC003965.1,lncRNA,Up
ENSG00000255815,37.178492947291865,1.3215901990001533,0.22042325469936855,5.9956931531686495,2.026192987913066e-09,5.55181931538524e-09,KRT8P11,processed_pseudogene,Up
ENSG00000164175,9.28272472682406,1.65414842382346,0.2759216746412575,5.994992694843995,2.034945899534693e-09,5.573486016901729e-09,SLC45A2,protein_coding,Up
ENSG00000146678,52.86281429934212,2.3888346808878986,0.3988055018509876,5.989974235060776,2.098742834576488e-09,5.742254466464203e-09,IGFBP1,protein_coding,Up
ENSG00000260611,6.0685564944470105,4.732814369633733,0.7901969938916538,5.989410749748641,2.106026635695402e-09,5.76098779909624e-09,AC106785.2,lncRNA,Up
ENSG00000185974,31.033162356465127,2.0308289038154212,0.3391132897239948,5.988644401015124,2.1159722506012705e-09,5.787593428934291e-09,GRK1,protein_coding,Up
ENSG00000258927,5.87835490693848,3.932223821076701,0.6568745246312434,5.986263241498328,2.147167588194162e-09,5.87109179807964e-09,AL133467.2,lncRNA,Up
ENSG00000268295,4.10528997519929,2.103437203277616,0.35139732998516837,5.985922554865164,2.1516673675853505e-09,5.88278574216959e-09,POLR3GP1,transcribed_processed_pseudogene,Up
ENSG00000184571,16.48762349748627,9.959544340883006,1.6639681755686353,5.985417562135457,2.1583542020190285e-09,5.899844543095447e-09,PIWIL3,protein_coding,Up
ENSG00000234156,24.70410899234318,1.6373793441602476,0.27358235370263384,5.984959636468266,2.1644352989574164e-09,5.915240836719564e-09,AL359636.2,lncRNA,Up
ENSG00000234352,7.080131769337069,3.617675907763256,0.6045492080406686,5.984088407770922,2.1760510372952636e-09,5.9451373656730315e-09,AC009264.1,lncRNA,Up
ENSG00000275601,9.405875976807465,1.0369708585764243,0.17330972511285092,5.98333912249413,2.186089506127455e-09,5.970707434135784e-09,AC011330.2,lncRNA,Up
ENSG00000254739,11.48549019248588,1.4332068655866719,0.2395964903296979,5.981752335414015,2.2074974637043165e-09,6.026680620963126e-09,AC137894.1,lncRNA,Up
ENSG00000237988,1050.0847906203282,1.3904105867012253,0.23252316549071964,5.979664794975959,2.2359725595608456e-09,6.100630770369323e-09,OR2I1P,protein_coding,Up
ENSG00000228414,5.4302074597177095,1.5179921872449433,0.25395549992554145,5.9773944163052635,2.2673478437838053e-09,6.182397129622474e-09,LINC01185,lncRNA,Up
ENSG00000144130,12.332088442133855,1.5169709643288933,0.25378736572843424,5.977330510424745,2.2682371617733096e-09,6.184182584363335e-09,NT5DC4,protein_coding,Up
ENSG00000234753,31.494883487539582,1.117610291280647,0.18714510021881495,5.971891810012166,2.3451804108828246e-09,6.3886784540268685e-09,FOXP4-AS1,lncRNA,Up
ENSG00000279613,5.105531948656518,1.4164324962667427,0.2372519561422493,5.9701615080361705,2.3701883933274036e-09,6.4548040826235295e-09,AC124283.5,TEC,Up
ENSG00000271555,5.881836391871598,1.2426322776093346,0.20814527463564814,5.9700239641977175,2.3721874157754885e-09,6.4589140066081185e-09,AC113139.1,lncRNA,Up
ENSG00000187172,13.01815823086871,5.526171704866104,0.9257674954873453,5.969286815321811,2.3829289413782822e-09,6.486665744418509e-09,BAGE2,transcribed_unprocessed_pseudogene,Up
ENSG00000255622,17.50039984901128,1.7027315799600067,0.28531778522859047,5.967842413314034,2.4041138933487675e-09,6.539090600062609e-09,PCDHB17P,transcribed_unprocessed_pseudogene,Up
ENSG00000233705,50.43341878069619,1.921893507851369,0.32231612031397877,5.9627594982813426,2.480133317631191e-09,6.741688030711732e-09,SLC26A4-AS1,lncRNA,Up
ENSG00000283023,22.975199133966164,1.6156387790291047,0.2710115574402069,5.961512469391871,2.4991384261323044e-09,6.791948912409447e-09,FRG1GP,unprocessed_pseudogene,Up
ENSG00000260807,78.45935115326571,1.2745663637663915,0.21391150144444623,5.958381644557817,2.547480419818048e-09,6.919762945055824e-09,CEROX1,lncRNA,Up
ENSG00000214776,14.430084112531095,1.88457042488731,0.3163355084036729,5.957505164050147,2.5611762301432458e-09,6.9562485517434744e-09,AC092821.1,transcribed_unprocessed_pseudogene,Up
ENSG00000169347,61.98761719150846,3.4071419275333477,0.5719118984312577,5.957459421423241,2.561892966071155e-09,6.957478631853383e-09,GP2,protein_coding,Up
ENSG00000128713,6.18567683761638,4.610487145106071,0.7740386902270071,5.956403992872663,2.578484711304737e-09,7.0003749446212194e-09,HOXD11,protein_coding,Up
ENSG00000235978,24.402667923243435,1.1181963665787995,0.1877520134920868,5.955709053559248,2.5894665158184452e-09,7.0280189401124334e-09,AC018816.1,lncRNA,Up
ENSG00000277693,5.42584950598709,4.621346868702009,0.7761432835486376,5.954244488946104,2.612759714061868e-09,7.090508764002414e-09,AP003900.1,lncRNA,Up
ENSG00000011332,33.90106694430386,1.1799482792740503,0.1982869381423537,5.950711077231645,2.6698001496429108e-09,7.2408340991549475e-09,DPF1,protein_coding,Up
ENSG00000263105,8.181599549054964,1.0215099475310527,0.1717051383377475,5.9492101251025,2.6943956077320037e-09,7.304535023737323e-09,AC009171.2,lncRNA,Up
ENSG00000136872,62.258074639831875,1.6762218172655314,0.28179315404850536,5.948412135580134,2.7075616196334422e-09,7.337210965957648e-09,ALDOB,protein_coding,Up
ENSG00000206838,5.948565087281021,1.4455174826469972,0.24310977713656298,5.945945488794559,2.7486561461086482e-09,7.445512334143303e-09,SNORA5A,snoRNA,Up
ENSG00000170075,33.12108902653458,1.2036859786437786,0.20247156137882946,5.944963186171372,2.7651899396175967e-09,7.48876026576112e-09,GPR37L1,protein_coding,Up
ENSG00000287446,6.260286413816029,3.138891184195992,0.5282467065417065,5.942093240382878,2.8140527016642405e-09,7.616398413515962e-09,AC007731.5,lncRNA,Up
ENSG00000227953,27.993169189053795,1.2052948816392095,0.2029342759388232,5.939336152373585,2.861785313348675e-09,7.740822516463694e-09,LINC01341,lncRNA,Up
ENSG00000132563,95.90425117748961,1.0082345831000237,0.1697597770176761,5.939184186104591,2.864439059121283e-09,7.746411443854809e-09,REEP2,protein_coding,Up
ENSG00000213889,101.3972095639663,1.0650760652156297,0.17934582302557128,5.938672265948287,2.8733962262716885e-09,7.769837826782653e-09,PPM1N,protein_coding,Up
ENSG00000277241,7.217155639712079,1.7197661463390093,0.2896559731094388,5.9372714737328804,2.8980458162483665e-09,7.83488498815557e-09,AC026355.4,processed_pseudogene,Up
ENSG00000226706,4.010393532038449,1.343872032555256,0.22638133021997464,5.936320063361304,2.914904973791224e-09,7.878848314767791e-09,AL161452.1,lncRNA,Up
ENSG00000118160,34.867319079245654,1.7493052569778722,0.2947073829296589,5.935736117596342,2.9252998504580457e-09,7.904514505234006e-09,SLC8A2,protein_coding,Up
ENSG00000124102,279.23504683894566,1.8628572607002274,0.3141567062187548,5.929707129673926,3.0347547404444132e-09,8.191042221649863e-09,PI3,protein_coding,Up
ENSG00000266289,8.089733051250422,1.1042208961686015,0.1862450748048044,5.928859580989666,3.050457994505243e-09,8.231741436256985e-09,AC012213.3,lncRNA,Up
ENSG00000230593,5.676735767891019,1.245344374748771,0.21011374711248443,5.927000930986566,3.0851722789590207e-09,8.32371526459478e-09,PPIAP40,processed_pseudogene,Up
ENSG00000223940,15.302578380991593,1.239551375806548,0.20925562902935535,5.923622611999881,3.1492572038117387e-09,8.493138930713393e-09,KRT8P8,processed_pseudogene,Up
ENSG00000266733,5.922806182579487,1.679924285860422,0.2835997829566944,5.923573947575784,3.1501897460528457e-09,8.494785111301109e-09,TBC1D29P,transcribed_unprocessed_pseudogene,Up
ENSG00000086619,1334.4547001771773,1.0967028478307441,0.18518193140715097,5.922299435464219,3.1747088045480244e-09,8.559152558627072e-09,ERO1B,protein_coding,Up
ENSG00000255462,27.85326500809611,1.7269059670901745,0.29160746647179325,5.922022463911142,3.180061707179196e-09,8.571831464613657e-09,AC104031.1,lncRNA,Up
ENSG00000225546,12.406586506197787,5.731822009622052,0.9687378138961429,5.916793922361075,3.2827757614651315e-09,8.840563401739737e-09,LINC02476,lncRNA,Up
ENSG00000288658,39.51831717394767,1.2837798232710176,0.2169813773419709,5.916543802041278,3.287769456695176e-09,8.852203448341003e-09,AC010980.1,protein_coding,Up
ENSG00000272735,5.058803152811627,1.3411710557531047,0.22676031985468822,5.914487405082817,3.32910709599075e-09,8.955274316155877e-09,AC007881.3,lncRNA,Up
ENSG00000223776,10.635813521666352,1.127151346004018,0.19079907439640337,5.907530471884013,3.4727410872960837e-09,9.328326624426783e-09,LGALS8-AS1,lncRNA,Up
ENSG00000267284,10.944752316532648,3.143653374642038,0.5322987566369931,5.905806345487834,3.5092601109873797e-09,9.424502406226419e-09,AC022031.2,lncRNA,Up
ENSG00000162975,57.57778258706092,1.6386846767909986,0.2774815318748986,5.905563032316662,3.5144437786585914e-09,9.437462570593386e-09,KCNF1,protein_coding,Up
ENSG00000159212,6931.029012814865,1.2441267588366884,0.21069655397740886,5.904827275770657,3.530164101908614e-09,9.476781774135208e-09,CLIC6,protein_coding,Up
ENSG00000259237,3.805830170109788,4.102541077203807,0.6953225585702435,5.9001984426330925,3.630646290341231e-09,9.73859654931322e-09,LINC02490,lncRNA,Up
ENSG00000213642,3.436068109799363,3.1434329300566057,0.5328016113192209,5.899818737922811,3.639011342737596e-09,9.759049029593247e-09,AC016769.1,processed_pseudogene,Up
ENSG00000223387,10.14330526040073,1.4838109896840217,0.2515524822888254,5.898613983782329,3.6656769656832703e-09,9.827276222799534e-09,LINC02068,lncRNA,Up
ENSG00000260976,4.045578341358395,4.195786550863482,0.7113380918593214,5.8984421035240535,3.669496776005756e-09,9.835803007041247e-09,LINC01633,lncRNA,Up
ENSG00000226386,8.050558741949866,1.3259158362473364,0.22479275780649058,5.898392142102419,3.6706078288474322e-09,9.837781120714177e-09,PARD3-AS1,lncRNA,Up
ENSG00000233017,5.509781037944662,1.5768221454861793,0.2673969045107873,5.896934926644102,3.703158151635833e-09,9.921995575963921e-09,AL121832.1,lncRNA,Up
ENSG00000283907,148.1104228190316,1.448895466465999,0.24576664187215033,5.895411417224496,3.7374897173895165e-09,1.0009913045659308e-08,AD000090.1,lncRNA,Up
ENSG00000249193,4.092395279631003,1.6283380841385187,0.276312739907739,5.893098105726944,3.790212225228961e-09,1.0150085953009819e-08,HSPD1P5,processed_pseudogene,Up
ENSG00000274114,27.988137102632077,1.0633458769607795,0.18044701941263544,5.892842566322384,3.79608041517455e-09,1.016476853657117e-08,ALOX15P1,transcribed_unprocessed_pseudogene,Up
ENSG00000105976,13146.904126697373,1.2278129004686258,0.20836116337950203,5.892714748536552,3.799018931424516e-09,1.0171604144752208e-08,MET,protein_coding,Up
ENSG00000217241,9.91848553825006,1.2502112481870307,0.21224337960544337,5.89046051995191,3.851208728595308e-09,1.0306106573275653e-08,CBX3P9,processed_pseudogene,Up
ENSG00000174992,10.170332919750715,2.215257671585006,0.3761425523753419,5.889409899506567,3.875770433932094e-09,1.0369730757182359e-08,ZG16,protein_coding,Up
ENSG00000214837,16.573331236486737,1.158986526561487,0.19694343551785845,5.884870056795533,3.983668526425976e-09,1.0649770786886961e-08,LINC01347,transcribed_unprocessed_pseudogene,Up
ENSG00000265735,21.220960875081417,1.6736961547901525,0.28444826618186914,5.884008987841863,4.0044607819132016e-09,1.0704270736852623e-08,RN7SL5P,misc_RNA,Up
ENSG00000057019,5937.014302922722,1.041333956905511,0.17702615015565218,5.882373626664233,4.044241086677135e-09,1.080951119558849e-08,DCBLD2,protein_coding,Up
ENSG00000287235,3.934141865641012,2.483428267229936,0.422270499527684,5.881131336448292,4.0747167104003825e-09,1.0886553156358469e-08,AL732437.2,lncRNA,Up
ENSG00000223559,8.820404338370711,1.0471705878707642,0.17805551891363985,5.8811464775695095,4.074343929307585e-09,1.0886553156358469e-08,AC073136.1,processed_pseudogene,Up
ENSG00000271524,10.114897920206191,1.639165845314994,0.2787436262567788,5.8805500499767245,4.08905336835416e-09,1.092375010875283e-08,BNIP3P17,processed_pseudogene,Up
ENSG00000213950,12.360649169776508,1.1934997311657882,0.2030233993225998,5.878631404793606,4.1367235164406204e-09,1.1046622696560927e-08,RPS10P2,processed_pseudogene,Up
ENSG00000272595,4.854118298208557,2.2024570799483136,0.3746972116077733,5.877964958687252,4.153408086524119e-09,1.1088930975158552e-08,OR10AH1P,transcribed_unprocessed_pseudogene,Up
ENSG00000241566,54.42785728876834,1.6773939204854145,0.285390442888336,5.877540619472406,4.164065584744118e-09,1.1114009055637894e-08,IGKV2D-24,IG_V_gene,Up
ENSG00000248015,4.441599401392853,1.7488647692938388,0.2976128763912096,5.876307471975679,4.19518800073598e-09,1.1193676776222583e-08,AC005329.1,lncRNA,Up
ENSG00000125726,54.32581775986125,1.1925986720363113,0.20295297712222315,5.876231474634146,4.1971134245598916e-09,1.1197681202513591e-08,CD70,protein_coding,Up
ENSG00000286750,30.789808053584256,1.3402849763425813,0.22809686943903174,5.875946389088114,4.2043438512282875e-09,1.1215836859574097e-08,AC015802.7,lncRNA,Up
ENSG00000091137,231.3973516837065,1.6655232622208704,0.2835899299704093,5.872998601870865,4.279820842592915e-09,1.140564685388329e-08,SLC26A4,protein_coding,Up
ENSG00000120322,96.47205564881796,1.4330597433808256,0.2441299893963448,5.870068429218069,4.356153044673642e-09,1.1605552211360268e-08,PCDHB8,protein_coding,Up
ENSG00000259172,4.165446222387915,1.2115594985748375,0.20646013193173787,5.868249173527684,4.4042103440038035e-09,1.1727297395835593e-08,AC023024.1,lncRNA,Up
ENSG00000237436,9.102851764303411,1.032383771907108,0.17601138356408294,5.865437513200579,4.479499435521229e-09,1.1922123548112114e-08,CAMTA1-DT,lncRNA,Up
ENSG00000184702,6.9272918435461435,1.4079137911432449,0.24018572313356396,5.861771352497597,4.5795534005912516e-09,1.2178582409599769e-08,SEPTIN5,protein_coding,Up
ENSG00000116544,43.73813716915603,1.206063016351119,0.20580198031758173,5.86030811992184,4.620091090083844e-09,1.228266983017552e-08,DLGAP3,protein_coding,Up
ENSG00000287352,11.082130954186242,3.2119301461758756,0.5482463418639995,5.85855280904481,4.669181419507587e-09,1.2409424917598776e-08,AC011029.1,lncRNA,Up
ENSG00000279712,3.1513611662560392,3.8372490937548958,0.655033372522308,5.858097090502382,4.682009150002852e-09,1.2442263557953764e-08,FP325330.3,lncRNA,Up
ENSG00000207340,3.8150144306313987,2.010925518261536,0.34336596589578483,5.856507976890968,4.727008942879993e-09,1.2559317463349662e-08,RNVU1-1,snRNA,Up
ENSG00000182111,6.709388058671655,4.373907285664128,0.7468820572449781,5.8562222016661485,4.735145920926919e-09,1.2578402129026177e-08,ZNF716,protein_coding,Up
ENSG00000118596,1090.7985357946814,1.0271938215827079,0.17542245614365382,5.855543492912542,4.754525695703203e-09,1.2628610253393782e-08,SLC16A7,protein_coding,Up
ENSG00000248719,4.153528591025695,1.7087123699637305,0.2918263036063503,5.855237683675846,4.763282940743238e-09,1.2650596348816514e-08,AC021127.1,lncRNA,Up
ENSG00000236993,3.2941262952167114,1.9102896300096472,0.32637248275086966,5.85309648015832,4.8250402780336495e-09,1.2808165102853567e-08,GAPDHP21,processed_pseudogene,Up
ENSG00000182327,91.720050207085,1.4099331817166876,0.2409870198210913,5.8506602669447565,4.896254128480416e-09,1.2991972365468764e-08,GLTPD2,protein_coding,Up
ENSG00000140564,18290.74760112332,1.0445672882305177,0.17855396101250467,5.850149065902624,4.911326526544575e-09,1.3030655046280355e-08,FURIN,protein_coding,Up
ENSG00000211633,29.2997679910051,1.6252078468015982,0.27784339002481157,5.849366604173906,4.934484327560485e-09,1.3088689746175665e-08,IGKV1D-42,IG_V_gene,Up
ENSG00000158296,286.7212116427593,1.1070539805384623,0.18926824882856116,5.849126767909338,4.941603790889092e-09,1.3105711753569885e-08,SLC13A3,protein_coding,Up
ENSG00000129673,13.11024240354494,1.139326330776219,0.19491588360019924,5.84522056249219,5.058975050580987e-09,1.3412947122845427e-08,AANAT,protein_coding,Up
ENSG00000251596,7.624945086242486,1.6751844793361288,0.286669547299724,5.843608067600774,5.108213328875982e-09,1.353668832101896e-08,HADHAP1,processed_pseudogene,Up
ENSG00000094755,296.94372097680207,1.8799003633598517,0.3217382108286606,5.842950262320502,5.1284333460701796e-09,1.358890547989054e-08,GABRP,protein_coding,Up
ENSG00000264188,5.68476041325286,1.2165555499985916,0.20826602319837717,5.84135391513094,5.1778271752456735e-09,1.3712895712687395e-08,AC106037.2,lncRNA,Up
ENSG00000231359,27.49425515492571,1.066647740407689,0.18266899330424247,5.839238072720667,5.244008945274612e-09,1.3883987538844529e-08,AC072052.1,processed_pseudogene,Up
ENSG00000261349,12.222848050054587,1.4950286625434974,0.2560937043458634,5.837818881031176,5.2888604595146256e-09,1.3999924745774008e-08,AL031432.2,unprocessed_pseudogene,Up
ENSG00000172640,9.225658354584278,1.3236356197889163,0.22676655405787471,5.836996665086253,5.3150159322172655e-09,1.4062101949690908e-08,OR10AD1,protein_coding,Up
ENSG00000223802,16.724147969133142,1.4496010129394972,0.24835313037823734,5.836854203253975,5.319560552106617e-09,1.4072713860257975e-08,CERS1,protein_coding,Up
ENSG00000258011,4.856259667092223,1.2469369267562123,0.2136346680124212,5.836772366382559,5.32217290797688e-09,1.4076800359413272e-08,HMGA1P3,processed_pseudogene,Up
ENSG00000239670,8.165954514712261,1.6358936619549367,0.2803079102846336,5.836059568543028,5.344979328035513e-09,1.4134286490202212e-08,AL355864.2,unprocessed_pseudogene,Up
ENSG00000166396,46.91651320834131,2.2959054874499767,0.3935761605959879,5.833446527790995,5.429401232636879e-09,1.4347776581160426e-08,SERPINB7,protein_coding,Up
ENSG00000115758,14470.703862272772,1.3015276871995798,0.22316071826114425,5.832243673263872,5.468697635963724e-09,1.4448407640553392e-08,ODC1,protein_coding,Up
ENSG00000279199,7.007922882122029,1.2831653033088035,0.22013092218838964,5.829100657701608,5.572688372609111e-09,1.4718729205298705e-08,AC068669.1,TEC,Up
ENSG00000074706,528.9218795491615,1.157519249657136,0.19859251004227607,5.828614832506649,5.5889332415484035e-09,1.4758679108715342e-08,IPCEF1,protein_coding,Up
ENSG00000261654,25.38333843993431,1.0503306035298179,0.18021710269741362,5.828140547200639,5.604836679648787e-09,1.4797711578127604e-08,AL360270.2,lncRNA,Up
ENSG00000262873,50.395649128494924,1.2952297595666933,0.22231690796892786,5.826051519876847,5.675410195671066e-09,1.4979538270427985e-08,AC127496.5,lncRNA,Up
ENSG00000229167,16.391755844177272,1.309260807374929,0.2247756759648243,5.824744166623343,5.720015442320012e-09,1.509424669408373e-08,AC114488.1,lncRNA,Up
ENSG00000285722,14.775923506728311,3.3551571861425096,0.5762660693512298,5.822236228344665,5.806539723557949e-09,1.5319505003524073e-08,AC207130.1,lncRNA,Up
ENSG00000228917,7.612826326141384,1.2356973791287764,0.2122596871066166,5.821630079517144,5.827642242835038e-09,1.5373642051176464e-08,NECTIN4-AS1,lncRNA,Up
ENSG00000178297,34.916980519087005,1.0386246576703029,0.17854583515647823,5.81713181245616,5.98659342434805e-09,1.5783490161973413e-08,TMPRSS9,protein_coding,Up
ENSG00000279082,3.9796603654199774,1.6906253985527975,0.29065921749823276,5.816520849069844,6.00850516219675e-09,1.5838092875562604e-08,LINC01727,lncRNA,Up
ENSG00000230825,11.740907000072285,1.2862567283718866,0.2211632952394324,5.815868889904987,6.031973221925427e-09,1.589518675548851e-08,AC005532.1,lncRNA,Up
ENSG00000224746,12.861817031084994,1.2240082337780873,0.21048161693848438,5.81527380671832,6.053471779455176e-09,1.5950244886514085e-08,AC015987.1,lncRNA,Up
ENSG00000272824,9.865275098355838,1.4606145813592233,0.251195671577862,5.814648684766381,6.076135815403485e-09,1.6008362618862014e-08,AC245100.6,lncRNA,Up
ENSG00000278952,10.156060386509807,1.3393678128615507,0.23042789413664558,5.8125246419484915,6.1537621680692074e-09,1.620802121174441e-08,AP003068.4,TEC,Up
ENSG00000263588,4.285056929857891,3.084211131252517,0.5306192930925594,5.81247453947084,6.1556048349679615e-09,1.6211255317897246e-08,AC091043.1,lncRNA,Up
ENSG00000224014,8.403022919819437,1.2885954300969065,0.22174854265185776,5.8110660601724184,6.2076260072643125e-09,1.6330317020307254e-08,AL390728.3,processed_pseudogene,Up
ENSG00000105697,82.85275599046629,1.2511191393903403,0.21531915082305217,5.810533501585753,6.22740688023499e-09,1.6379086318750917e-08,HAMP,protein_coding,Up
ENSG00000145423,5926.979639852001,1.251490944219523,0.21546692967011183,5.808273901408461,6.312019519253935e-09,1.6595010440949775e-08,SFRP2,protein_coding,Up
ENSG00000254480,6.517290372125075,1.5265426061788032,0.2629557901654482,5.805320374266425,6.424304484686214e-09,1.6875078121443914e-08,LINC02749,lncRNA,Up
ENSG00000235349,3.214626839765999,3.42027492380921,0.5893350725411927,5.803616793178627,6.4899509150497445e-09,1.7039028836107304e-08,AC016769.3,processed_pseudogene,Up
ENSG00000261305,34.3640544292966,1.2025309850769732,0.20724650080778287,5.80241876407987,6.536506480618563e-09,1.7154426342945012e-08,AC005586.1,lncRNA,Up
ENSG00000249092,5.540039423984464,1.415169138799005,0.24389795787410662,5.802300073088255,6.541136472987733e-09,1.716486902106543e-08,PPIAP77,processed_pseudogene,Up
ENSG00000276272,4.2658252262596115,1.4464544159002446,0.24934124420570475,5.801103706320363,6.587983769140905e-09,1.7280924300432276e-08,AC024884.2,lncRNA,Up
ENSG00000258932,4.954275668011467,4.189966318322523,0.7225189512426606,5.799109229060633,6.666809885437119e-09,1.748247580339865e-08,AL390334.1,transcribed_processed_pseudogene,Up
ENSG00000187546,35.191170705995006,1.7526753235494557,0.3022659821375483,5.798453769607089,6.692914779177255e-09,1.7545696662382365e-08,AGMO,protein_coding,Up
ENSG00000224318,11.856889228901704,1.8521922157344426,0.3195188416926828,5.796816882291731,6.758541759632692e-09,1.7712457384368325e-08,CHL1-AS2,lncRNA,Up
ENSG00000073146,34.77006616022966,1.227281822883827,0.21182376985788218,5.793881506816921,6.877799306638624e-09,1.8012470723613124e-08,MOV10L1,protein_coding,Up
ENSG00000226002,19.72518216483961,1.0126263455103088,0.17493217619635368,5.788679747364945,7.094180674535061e-09,1.855520178411918e-08,GTF2IP14,unprocessed_pseudogene,Up
ENSG00000288568,10.158756088363706,1.0007403785782711,0.17290960788516188,5.787650500271298,7.137772765175868e-09,1.8667367630436143e-08,AC092720.3,lncRNA,Up
ENSG00000278594,3.883353340628798,2.1161794633558886,0.3657554725257907,5.785776624864224,7.217807522452003e-09,1.8872938459797654e-08,AL589182.2,processed_pseudogene,Up
ENSG00000286751,6.979433156538111,3.7844514689052478,0.65420426447468,5.784816263685054,7.259162898283295e-09,1.8973547985700314e-08,AC140168.1,lncRNA,Up
ENSG00000285897,7.242193565488934,1.0058954723067073,0.1739008010303382,5.784306146647489,7.281223329783568e-09,1.902765786687725e-08,AC004687.2,protein_coding,Up
ENSG00000256229,1017.012319093877,1.285435439397465,0.22229460788612435,5.782575887112653,7.356536494628671e-09,1.9214725372757335e-08,ZNF486,protein_coding,Up
ENSG00000204659,4.167988189088433,1.373577921213231,0.23755940468633907,5.782039751391156,7.380026266250401e-09,1.9274169816878586e-08,CBY3,protein_coding,Up
ENSG00000243230,3.9399487614449122,1.7915812902058488,0.3098913852146472,5.781320087245745,7.411671678923802e-09,1.9354900195407075e-08,AC011005.4,lncRNA,Up
ENSG00000269392,5.519832215280703,1.1061303565079743,0.19133087253730885,5.781243464994301,7.415048711031728e-09,1.9361801615002146e-08,AC008655.2,lncRNA,Up
ENSG00000138755,4547.478529831349,1.3265077211911611,0.22946052478860943,5.78098443038604,7.426476428179737e-09,1.9386952011290262e-08,CXCL9,protein_coding,Up
ENSG00000237914,6.260797595261321,1.7505113302280515,0.302832513833995,5.780460321336687,7.449650724681365e-09,1.9444451114505352e-08,SIRPG-AS1,lncRNA,Up
ENSG00000213943,7.185006347534572,1.210224143754935,0.20937409869158155,5.780199897302747,7.461191915114363e-09,1.947264754568149e-08,KRT18P17,processed_pseudogene,Up
ENSG00000258450,6.404775224335784,1.0722841468600475,0.18552951790763553,5.779587846468054,7.488384612758933e-09,1.9537815596957855e-08,AL139099.2,lncRNA,Up
ENSG00000237934,5.328019825902926,1.2084686868590326,0.20913217207358992,5.778492495328714,7.537290532268451e-09,1.966152451636354e-08,AL590729.1,lncRNA,Up
ENSG00000224566,10.734535169653148,1.313822906386964,0.22737396089101405,5.778246995559495,7.548294290108907e-09,1.9688280952539256e-08,FAM96AP2,processed_pseudogene,Up
ENSG00000245857,6.533199069609422,1.914740209974318,0.3314532818206927,5.77680268982867,7.61334774973849e-09,1.9850106798556848e-08,GS1-24F4.2,lncRNA,Up
ENSG00000275426,17.172185500798577,1.193002655882997,0.20655153625717793,5.775811100226269,7.658325555956645e-09,1.996540236387313e-08,AC253576.2,lncRNA,Up
ENSG00000260955,4.404164646413194,1.3780286646197593,0.23861898007000784,5.775016992426432,7.694531944136008e-09,2.0057810139073402e-08,AC100821.2,lncRNA,Up
ENSG00000138944,208.81871471163083,1.3662010478701565,0.2365956880833685,5.774412285099433,7.722214423594645e-09,2.0124003789919044e-08,SHISAL1,protein_coding,Up
ENSG00000236358,4.82548508554881,1.5434879441199019,0.26733246656332954,5.773664396106032,7.75658549084082e-09,2.021157701516526e-08,AL355472.2,lncRNA,Up
ENSG00000088726,95.66569650024374,1.364235109902218,0.23628963633835678,5.773571499126991,7.760865170844606e-09,2.022073061507482e-08,TMEM40,protein_coding,Up
ENSG00000156103,126.99824923836051,1.1421442317978179,0.19791193020749698,5.770972121793561,7.881551467021656e-09,2.051490595058346e-08,MMP16,protein_coding,Up
ENSG00000244119,95.1351784499052,1.0284549834492145,0.17821488822085974,5.770870176540254,7.8863216740268e-09,2.0525296342685226e-08,PDCL3P4,processed_pseudogene,Up
ENSG00000162949,2077.7572902722013,1.3211945685662194,0.22899271334400478,5.769592181657991,7.946360118811491e-09,2.0671354082377333e-08,CAPN13,protein_coding,Up
ENSG00000168280,164.83418081217488,1.2943544553666189,0.22438246891660593,5.76851864415343,7.997136694022205e-09,2.0799338654834357e-08,KIF5C,protein_coding,Up
ENSG00000241984,5.933525299010532,1.4464487262879393,0.25080877052369144,5.767137741107452,8.062915236603002e-09,2.0964215617158466e-08,RPL7AP2,processed_pseudogene,Up
ENSG00000274191,5.605744244586323,1.2389150866338625,0.2148274160666649,5.767025034874527,8.068307094827097e-09,2.0976166626302923e-08,AC026333.4,lncRNA,Up
ENSG00000181449,979.2095121090003,1.6174709815315635,0.28053787674770836,5.765606413946656,8.136474320950954e-09,2.114713461891156e-08,SOX2,protein_coding,Up
ENSG00000276980,96.08829496230906,1.3634867607112497,0.23650631877781766,5.765117683778069,8.160088097260282e-09,2.1204328254311552e-08,AC008760.2,lncRNA,Up
ENSG00000265912,7.275268857927538,1.2922814120823727,0.224506355067218,5.756101700085323,8.607853950779177e-09,2.2328261723593043e-08,AC037487.1,lncRNA,Up
ENSG00000258344,5.786010794130615,1.4042358738613623,0.24400282513783342,5.754998422940928,8.664260362287672e-09,2.2472366062115267e-08,AC078778.1,lncRNA,Up
ENSG00000279357,7.091886776964829,1.1265318921938028,0.19576186408448457,5.754603418097958,8.684542703617027e-09,2.252275679527744e-08,AC007224.2,TEC,Up
ENSG00000261308,32.71524893992878,1.2594466573818912,0.21893277555201815,5.752663822062806,8.784806965748504e-09,2.2776065252854984e-08,FIGNL2,protein_coding,Up
ENSG00000278861,9.426866392429341,1.092598783559466,0.18993471448093455,5.752496517265884,8.79350804629508e-09,2.279638293165565e-08,AC117503.2,TEC,Up
ENSG00000279844,4.639806851565784,4.343176961231564,0.7550359818874364,5.7522781237186935,8.80487872529143e-09,2.282361663087929e-08,AC096656.1,TEC,Up
ENSG00000225678,3.265630946054825,2.9224879989816563,0.5080671084149597,5.752169252009004,8.810552478028963e-09,2.2836079108081754e-08,AP000619.1,transcribed_unprocessed_pseudogene,Up
ENSG00000286868,4.913046496955214,4.281599726460623,0.7443787587362671,5.751910134740413,8.824070445329406e-09,2.286886856445567e-08,AC074290.1,lncRNA,Up
ENSG00000109132,6.513473598996864,4.641886980144985,0.8071284278900762,5.751113230244405,8.865770881126181e-09,2.2965656005431964e-08,PHOX2B,protein_coding,Up
ENSG00000175928,593.4119329953274,1.3851444459211768,0.2409299433234069,5.749158559597797,8.968867840215353e-09,2.3223590430722588e-08,LRRN1,protein_coding,Up
ENSG00000253435,4.434996110655596,1.7965685193357706,0.31252684759995447,5.748525392722235,9.002512748179161e-09,2.330842034064649e-08,IGKV2-4,IG_V_pseudogene,Up
ENSG00000166840,16.020088843473847,2.0576540198285844,0.35806813581658514,5.746543224618529,9.108635415231084e-09,2.3562361771595417e-08,GLYATL1,protein_coding,Up
ENSG00000225521,8.236740950135292,1.619228887626344,0.28194759172302897,5.7430137201419775,9.300618781298185e-09,2.4042477920089517e-08,SNED1-AS1,lncRNA,Up
ENSG00000259887,6.8792286084528955,1.67301571930582,0.2913327097844274,5.742629176599406,9.321771688145105e-09,2.4092435500968972e-08,FIGNL2-DT,lncRNA,Up
ENSG00000139865,205.29967128433321,1.1572167049005897,0.20151545653535477,5.742570444950273,9.325006502906744e-09,2.409843409267452e-08,TTC6,protein_coding,Up
ENSG00000214872,43.46814314208163,1.2427984004731052,0.2164611778791829,5.741437853427783,9.387601086988637e-09,2.424831429756983e-08,SMTNL1,protein_coding,Up
ENSG00000253363,8.49727870813751,4.917862133397405,0.8569537699799054,5.7387718050563254,9.536561351058506e-09,2.462343315650767e-08,AC090809.1,lncRNA,Up
ENSG00000224082,3.238703021978726,2.620311571822028,0.456763741860843,5.736689083829093,9.654525440123466e-09,2.4915818737136015e-08,UBTFL8,unprocessed_pseudogene,Up
ENSG00000160307,471.7637779477308,1.2363220492081237,0.2155240248092201,5.736353755932801,9.673650302858967e-09,2.496273201745679e-08,S100B,protein_coding,Up
ENSG00000239219,4.74832192455266,1.3834676625066544,0.24134931930657352,5.732221107900898,9.912393710617218e-09,2.5556298606665626e-08,AC008040.1,lncRNA,Up
ENSG00000136881,193.6995424931642,1.6813507336293043,0.2934492752541931,5.729612834016632,1.0066011480320803e-08,2.593967778130163e-08,BAAT,protein_coding,Up
ENSG00000260115,7.634993072859059,3.1089789234136602,0.5426482994705439,5.729270554145397,1.0086341468315083e-08,2.5989527508253737e-08,AC012174.1,lncRNA,Up
ENSG00000203772,9.084680294814975,1.0488143436384585,0.18320631640228857,5.724771744962375,1.035728987247196e-08,2.6664232542915708e-08,SPRN,protein_coding,Up
ENSG00000187912,43.3032511402877,1.210647289201212,0.21166561343172632,5.719621952631014,1.0676132472048867e-08,2.7460945502138958e-08,CLEC17A,protein_coding,Up
ENSG00000118113,25.478065857995535,1.6982189815363107,0.2970069952952289,5.717774356958356,1.0792832859367051e-08,2.7747587257629828e-08,MMP8,protein_coding,Up
ENSG00000183889,5.454703607805303,1.4019243666528833,0.24529664110863647,5.715220397298477,1.0956192952587216e-08,2.8159338027263638e-08,AC138969.1,protein_coding,Up
ENSG00000255774,18.662483955427206,2.818602454208966,0.4934139067453764,5.712450370117944,1.1136089929941791e-08,2.8610550609174303e-08,LINC02747,lncRNA,Up
ENSG00000269662,6.142678435458445,1.6660329989832687,0.29166715132316945,5.7121036476860265,1.1158808657850879e-08,2.866612608938409e-08,BNIP3P39,processed_pseudogene,Up
ENSG00000229609,5.253687923062754,3.408629462887013,0.5967548307894063,5.711942806358131,1.1169362953044167e-08,2.8690444289087736e-08,LINC01079,lncRNA,Up
ENSG00000213253,5.025984637760317,1.153382194414943,0.20198212626662926,5.710318114447439,1.1276519476135095e-08,2.896005245283234e-08,RPL12P42,processed_pseudogene,Up
ENSG00000237223,10.113095026468754,1.6938982987236053,0.29665439603263627,5.710005721733016,1.1297237537816413e-08,2.900760991939813e-08,SULT1C2P1,transcribed_unprocessed_pseudogene,Up
ENSG00000234785,17.004026185527394,1.2671187378381243,0.22193879380103845,5.709316141341467,1.1343101934251675e-08,2.9119703855745392e-08,EEF1GP5,processed_pseudogene,Up
ENSG00000244094,13.482526661790015,3.071399030196493,0.5381556037985694,5.707269437532627,1.1480297488745443e-08,2.9466171381956136e-08,SPRR2F,protein_coding,Up
ENSG00000248027,12.254721532258454,1.05835456466828,0.18544203641582635,5.707198783640815,1.1485062270854994e-08,2.947213807560967e-08,ARHGAP42-AS1,lncRNA,Up
ENSG00000235649,40.67204700366685,1.5950261854083914,0.27954487651274273,5.705796526503979,1.1580026710845185e-08,2.970190685390405e-08,MXRA5Y,unprocessed_pseudogene,Up
ENSG00000232909,5.742995777510433,1.398210305625875,0.24510532266614526,5.70452852845778,1.1666555413415055e-08,2.991511729402519e-08,AL157823.2,lncRNA,Up
ENSG00000226674,53.059464136064385,1.2622376669509072,0.22133218260060086,5.702910675347402,1.177787100165078e-08,3.0191742812630605e-08,TEX41,lncRNA,Up
ENSG00000248180,8.251177554973678,1.2447636651490006,0.2182941651082709,5.702230586564761,1.1824971673469298e-08,3.030364460926972e-08,GAPDHP60,processed_pseudogene,Up
ENSG00000268510,5.442680615758156,1.6630712319820435,0.2917968172470667,5.699415256383375,1.2021906618185599e-08,3.079037271965368e-08,IFNL3P1,unprocessed_pseudogene,Up
ENSG00000280604,8.507892400786453,1.4405907826164568,0.25300886162233305,5.6938352806267725,1.242169285408478e-08,3.176185790383163e-08,AJ239328.1,lncRNA,Up
ENSG00000228918,7.150738729665782,1.7765945235588294,0.3122668167763577,5.689347788853301,1.2752550313822169e-08,3.2585731761190944e-08,LINC01344,lncRNA,Up
ENSG00000258593,9.252644116552151,1.1559081408150247,0.2032370764633306,5.687486559685784,1.2892274607282045e-08,3.293318622435605e-08,AL583810.1,lncRNA,Up
ENSG00000105855,1796.049993703679,1.2850207469252128,0.22596264407607825,5.686872501335069,1.2938698030798069e-08,3.304537211352494e-08,ITGB8,protein_coding,Up
ENSG00000254211,9.609501935819704,1.4696162258012633,0.25846961063093793,5.685837581500792,1.3017306781322813e-08,3.324291882853792e-08,LINC01485,lncRNA,Up
ENSG00000171722,15.177657034308961,1.157719984706882,0.20364584827625815,5.68496728269345,1.3083770512019587e-08,3.3402945919445884e-08,SPATA46,protein_coding,Up
ENSG00000174498,7.396709528753352,1.5960235758269907,0.28078166051012987,5.68421588834293,1.3141418757336259e-08,3.354362720268678e-08,IGDCC3,protein_coding,Up
ENSG00000230280,14.123488831680671,1.0522068821284047,0.1851386824857536,5.6833443341013945,1.3208595031495963e-08,3.370856972617329e-08,HNRNPA1P59,processed_pseudogene,Up
ENSG00000246334,18.51628604529102,1.0172096786679774,0.17906063763339736,5.6808112163130895,1.3405738119210099e-08,3.419513582932582e-08,PRR7-AS1,lncRNA,Up
ENSG00000204963,31.39069880163094,1.3542403765284872,0.23847362851364032,5.678784631110801,1.356551523486359e-08,3.459398699124141e-08,PCDHA7,protein_coding,Up
ENSG00000160200,53.40666541440397,1.3402082322982862,0.23602866232324052,5.678158826587236,1.3615226779231157e-08,3.471270716120329e-08,CBS,protein_coding,Up
ENSG00000274976,5.134852464192825,1.7808403619662945,0.31368728451666245,5.677120016867307,1.3698136867340149e-08,3.491396377264254e-08,AC087588.1,lncRNA,Up
ENSG00000171951,253.35723824370703,1.511423584212217,0.2662751593014714,5.676171927479776,1.3774234291524701e-08,3.5104528681502504e-08,SCG2,protein_coding,Up
ENSG00000181433,8.312077481714814,3.2167569841382875,0.5667707956385585,5.675587043108128,1.3821384095747941e-08,3.52178856512584e-08,SAGE1,protein_coding,Up
ENSG00000241057,5.0266650302164395,1.1014671163345355,0.19415110605757635,5.673246672145616,1.4011624339710093e-08,3.5681944359068586e-08,AC004951.3,transcribed_unprocessed_pseudogene,Up
ENSG00000227620,8.023053520459014,1.0238146451750478,0.18046557577040134,5.673185264305496,1.4016650051106811e-08,3.56878499418448e-08,ALG1L8P,unprocessed_pseudogene,Up
ENSG00000212327,4.935559412219404,1.1830931515161476,0.20855481132397072,5.672816388197926,1.4046876309523875e-08,3.57613562736189e-08,RNU6-882P,snRNA,Up
ENSG00000132517,153.6344996433556,1.0943532530027718,0.1929177005966143,5.672643047363677,1.4061101975772004e-08,3.5794117106005184e-08,SLC52A1,protein_coding,Up
ENSG00000113494,487.620684948748,1.4739083232530195,0.25991196223012103,5.670798337277179,1.4213362530363445e-08,3.617472926606351e-08,PRLR,protein_coding,Up
ENSG00000224577,13.737111667798215,1.6118129709049982,0.2842571545765858,5.670263509482702,1.4257805372434977e-08,3.627733767571501e-08,LINC01117,lncRNA,Up
ENSG00000278716,4.569341641483787,2.0698134755076834,0.3650951402650863,5.669244115396453,1.4342888615185846e-08,3.648678109033868e-08,AC133540.1,lncRNA,Up
ENSG00000215811,5.36027643855008,1.7465138515207554,0.3081692038222659,5.667386065377393,1.4499240406551186e-08,3.6870296000072786e-08,BTNL10,transcribed_unitary_pseudogene,Up
ENSG00000249212,4.364202525362957,1.3200450481451576,0.23303629734397344,5.6645469533731205,1.4741349401358815e-08,3.746789240615248e-08,ATP1B1P1,unprocessed_pseudogene,Up
ENSG00000225790,10.300082598067519,1.5841234084417182,0.27966642817102727,5.664331678284113,1.4759866592991821e-08,3.7511341755704925e-08,AC007953.1,lncRNA,Up
ENSG00000167612,4.819374099033327,2.1790051287896226,0.3846989751462721,5.664182307637058,1.477272819616109e-08,3.754041076734778e-08,ANKRD33,protein_coding,Up
ENSG00000278881,4.443489204075675,1.5959270678612498,0.28185912158251847,5.6621444745190495,1.4949287551354093e-08,3.798176247511393e-08,FP325331.1,TEC,Up
ENSG00000216921,4.877553294677612,1.6810140788359464,0.29702956432355665,5.659416707101939,1.51888344314014e-08,3.858666319422494e-08,FAM240C,protein_coding,Up
ENSG00000187773,6.796576994365657,2.1128547207336745,0.3734736645936998,5.657305778259463,1.5376766832049025e-08,3.9052811457298737e-08,DIPK1C,protein_coding,Up
ENSG00000138109,44.62682847967566,1.7955273225826203,0.31741185087504564,5.656774684475971,1.54244036573262e-08,3.917002354041717e-08,CYP2C9,protein_coding,Up
ENSG00000174123,193.07718462345647,1.1689298911749744,0.206683947994488,5.655639455881442,1.5526709928583503e-08,3.9418440436771637e-08,TLR10,protein_coding,Up
ENSG00000259144,6.071664079120934,2.1292774409708266,0.3765088094645212,5.655319045520156,1.5555704224368528e-08,3.948444704943672e-08,RANBP20P,processed_pseudogene,Up
ENSG00000183145,97.48789573486007,1.4351430292683482,0.2538137605601307,5.654315298355741,1.564687526611602e-08,3.970821872461548e-08,RIPPLY3,protein_coding,Up
ENSG00000228446,7.41094313185605,1.3061374181085115,0.23104415412661486,5.653193966520932,1.5749340391624552e-08,3.9952872162302973e-08,ANKRD49P1,processed_pseudogene,Up
ENSG00000256196,4.661603116727374,1.4383392565321216,0.2544525195291953,5.652682312572228,1.5796310586703695e-08,4.0068171428566415e-08,AP003721.1,lncRNA,Up
ENSG00000276476,41.7717589121967,1.7417921989829588,0.3082002687111068,5.651494744852534,1.5905855125877752e-08,4.033827655985731e-08,LINC00540,lncRNA,Up
ENSG00000167634,16.58624299427983,1.1565729099489244,0.20474472539186064,5.648853262204246,1.6152165077424278e-08,4.095505702804598e-08,NLRP7,protein_coding,Up
ENSG00000234446,6.085148908016718,1.966976061861041,0.34825510054524506,5.648089744504669,1.6224048171100687e-08,4.113336701008798e-08,AC068489.1,lncRNA,Up
ENSG00000237339,10.231991037273671,2.733477397345787,0.4841642013809472,5.645765196082824,1.6444816155171966e-08,4.1673054200642394e-08,LINC01502,lncRNA,Up
ENSG00000242082,24.088654725804126,1.306043784028005,0.23133111975352058,5.645776432585346,1.644374201253752e-08,4.1673054200642394e-08,SLC5A4-AS1,lncRNA,Up
ENSG00000151962,5.365076435003401,2.4744539745525453,0.43828850280827586,5.6457195630225465,1.644917910397519e-08,4.168010502275639e-08,RBM46,protein_coding,Up
ENSG00000251604,3.676128706478091,4.060988562575722,0.7193434370603645,5.645409902078441,1.647881530803853e-08,4.175118751661952e-08,LINC01385,lncRNA,Up
ENSG00000158865,14.734619546805224,1.4926801594818417,0.2645682170558521,5.641948137582706,1.68136750885287e-08,4.257914261831382e-08,SLC5A11,protein_coding,Up
ENSG00000259985,25.704756881993642,1.143901948161863,0.20277184661048317,5.641325298769184,1.6874620284442493e-08,4.2729377463102416e-08,AC017100.1,lncRNA,Up
ENSG00000253593,11.790703346233418,2.1210095079714963,0.37599289100299305,5.641089389518837,1.689776013643632e-08,4.277975564495255e-08,AC110741.1,lncRNA,Up
ENSG00000175746,8.436457712355454,1.4296637295857852,0.25345488219424,5.640703060082051,1.6935720963305346e-08,4.286762927647936e-08,C15orf54,lncRNA,Up
ENSG00000269289,19.908137662361796,1.3576548184489254,0.24071458951709912,5.640101919757068,1.699495391113527e-08,4.3009302748237726e-08,AC011503.1,lncRNA,Up
ENSG00000232369,3.919816197145173,1.3127772648773486,0.23289643935957427,5.636742530230447,1.732969107512245e-08,4.383118680711481e-08,PPIAP35,processed_pseudogene,Up
ENSG00000133048,8427.37252717612,1.3071632071666328,0.2319680407887794,5.635100433325995,1.7495634429546153e-08,4.423817047723963e-08,CHI3L1,protein_coding,Up
ENSG00000105707,2622.3375433478523,1.0680621400754986,0.18957261483792912,5.634052898350401,1.7602298946186426e-08,4.449934073539795e-08,HPN,protein_coding,Up
ENSG00000271133,56.83862445682403,1.0603256570272457,0.18822175060624252,5.6333853744960285,1.767059822780512e-08,4.466772193895907e-08,AC004130.2,lncRNA,Up
ENSG00000213352,4.374555332488205,1.3711925777540428,0.2434137457393381,5.6331764403412015,1.769202865028988e-08,4.471760716075378e-08,GAPDHP44,processed_pseudogene,Up
ENSG00000267769,9.958604622299383,1.0169366533816495,0.18058658862313032,5.631296660151848,1.7885976552572092e-08,4.519482576574608e-08,AC011498.6,lncRNA,Up
ENSG00000256278,4.205404273612884,1.1868603576522359,0.21085627099178755,5.628764807751256,1.8150468514121723e-08,4.583679895780405e-08,AC048382.1,lncRNA,Up
ENSG00000285706,4.419918567470852,1.2881169225511797,0.22898197198414416,5.62540758728541,1.8507046416847608e-08,4.671492428565822e-08,AL807776.1,lncRNA,Up
ENSG00000183067,10.93288612705377,1.476996388723229,0.26258772626216703,5.62477313676344,1.8575192810116794e-08,4.687347697634257e-08,IGSF5,protein_coding,Up
ENSG00000127325,5.7388764969720745,2.200719317054509,0.39127150945139344,5.624532489319666,1.8601104458681585e-08,4.693437226824546e-08,BEST3,protein_coding,Up
ENSG00000257636,7.150235598950433,4.7775230700862705,0.8494791021570053,5.624061919775471,1.8651874361898e-08,4.705797234244645e-08,G2E3-AS1,lncRNA,Up
ENSG00000215009,9.028597925689727,1.5884107777468535,0.2824878968854823,5.622933921274436,1.8774122940459053e-08,4.735733900324327e-08,ACSM4,protein_coding,Up
ENSG00000184949,387.99275505599604,1.0722482251814025,0.19089069887356847,5.617079467510245,1.9421211549041777e-08,4.895214572244616e-08,FAM227A,protein_coding,Up
ENSG00000269915,7.463752170262094,1.3755581821137794,0.24494218379134847,5.615848445629663,1.956000506707329e-08,4.9287848410771396e-08,AP006621.4,lncRNA,Up
ENSG00000023171,725.3284557089592,1.3143773488180595,0.23411270762012937,5.614293056448539,1.9736747516275232e-08,4.9718956056952413e-08,GRAMD1B,protein_coding,Up
ENSG00000163352,3.7261862360146805,1.7033289862213568,0.3035234326548594,5.611853329816005,2.001710701725751e-08,5.040595034807874e-08,LENEP,protein_coding,Up
ENSG00000226856,17.68345826277103,1.0287951235840875,0.18343579738912769,5.608475217090121,2.041169201541734e-08,5.137504232571874e-08,THORLNC,lncRNA,Up
ENSG00000130055,10.249708598021499,1.4126722401140615,0.2519333535852712,5.607325191405902,2.054773733848175e-08,5.169772289054134e-08,GDPD2,protein_coding,Up
ENSG00000285280,26.552016427161146,1.1182614830150366,0.19951524957985442,5.604892284524152,2.0838451693687852e-08,5.240915318669992e-08,AL390957.1,lncRNA,Up
ENSG00000250602,25.049875084323276,1.0502921827223013,0.18740730163769653,5.6043290391788965,2.090632240471998e-08,5.256982185681948e-08,AC093535.1,lncRNA,Up
ENSG00000280198,4.534040731249728,1.1502449774511971,0.20545505369928513,5.598523651478325,2.161849122411341e-08,5.431916279941597e-08,AC087163.2,TEC,Up
ENSG00000255142,18.637225113013123,1.0526573523649458,0.1880419325350385,5.597992629483323,2.168479692636499e-08,5.44753829616314e-08,AP006621.2,lncRNA,Up
ENSG00000267909,3.801085705303805,2.2847694778328282,0.40823184107020394,5.5967449080972465,2.1841370635114114e-08,5.485304225218659e-08,CCDC177,protein_coding,Up
ENSG00000213018,7.697193773081756,1.0717972180919646,0.19156544830285444,5.594940150154385,2.206978886084171e-08,5.5416142854732044e-08,PABPN1P1,processed_pseudogene,Up
ENSG00000274979,27.49868978112031,1.562531223788937,0.2794899018285673,5.590653592727504,2.2621648198035866e-08,5.675859780991492e-08,AC020656.2,lncRNA,Up
ENSG00000248415,6.176535701194007,1.28503229188758,0.22991248178672058,5.5892236989536155,2.2808697117959236e-08,5.7217022735976514e-08,GAPDHP61,processed_pseudogene,Up
ENSG00000288253,10.849705403491129,1.5155813647172796,0.27122559081385256,5.587899578979819,2.298324762958537e-08,5.762748312181859e-08,AC010332.3,lncRNA,Up
ENSG00000184599,5.137389960898366,1.6953195267873788,0.30341620426087845,5.587438979790732,2.3044268974000056e-08,5.7769500222871144e-08,TAFA3,protein_coding,Up
ENSG00000177984,15.651476487945539,3.0442758853620164,0.5450770560435219,5.585037659554222,2.3364957761749396e-08,5.855116755462621e-08,LCN15,protein_coding,Up
ENSG00000259807,23.83784358622019,1.0531830233051132,0.18859334494496277,5.5844124489783225,2.3449160820312494e-08,5.87454275918336e-08,AC009093.1,lncRNA,Up
ENSG00000248568,17.219201358872265,1.2503954397351604,0.22391266737875454,5.5842996931481395,2.346437803820847e-08,5.8777966074623094e-08,KRT8P48,processed_pseudogene,Up
ENSG00000248485,1002.5872217913934,1.471727337130094,0.26355860766676714,5.584060980436224,2.3496625684158558e-08,5.8853155327817365e-08,PCP4L1,protein_coding,Up
ENSG00000181617,179.95367746727138,1.6935979695751044,0.3032935137524114,5.584023042964397,2.3501754608407423e-08,5.885482136977244e-08,FDCSP,protein_coding,Up
ENSG00000100433,19.626439892264575,1.973943019896812,0.35352954291460303,5.5835305972537315,2.356842906662023e-08,5.901618787264035e-08,KCNK10,protein_coding,Up
ENSG00000197893,20.35749206102235,1.5089874882611831,0.2702681015643962,5.5832985081357815,2.3599916284013177e-08,5.908942199102046e-08,NRAP,protein_coding,Up
ENSG00000183598,5.725983335256483,1.4170854194530718,0.25388333510598254,5.581640161066559,2.382609316891687e-08,5.96387353454521e-08,H3C13,protein_coding,Up
ENSG00000124249,104.9263874583545,1.135056911320447,0.20340272986488264,5.580342565089701,2.4004534096027463e-08,6.007398349741333e-08,KCNK15,protein_coding,Up
ENSG00000181215,22.276759808185247,1.3604298453091817,0.2438070319733865,5.579945066792345,2.4059455742018024e-08,6.020000454663775e-08,C4orf50,protein_coding,Up
ENSG00000144893,43.89510579241274,1.1969195623279227,0.21458388560986025,5.577863216178632,2.4349099408351663e-08,6.08842927553796e-08,MED12L,protein_coding,Up
ENSG00000286828,5.839368784731336,1.5478327268147987,0.2774995297989222,5.577785043226443,2.4360041116359322e-08,6.09058769544321e-08,AC008883.3,lncRNA,Up
ENSG00000248693,7.616721827140465,1.2807228660287153,0.2298487380702024,5.5720247880479805,2.517955835695352e-08,6.288331791579358e-08,LINC02100,lncRNA,Up
ENSG00000137766,13.414292449605412,1.5808781658832571,0.2837841632725277,5.570706087517244,2.5370901245312462e-08,6.335517668928879e-08,UNC13C,protein_coding,Up
ENSG00000183628,44.165766956723445,2.0055965154430195,0.3601135829451409,5.569344258110222,2.556998299436808e-08,6.38281381637151e-08,DGCR6,protein_coding,Up
ENSG00000223505,6.901737483418357,1.3258779430931513,0.23816313126967528,5.567099895037247,2.5901392241088494e-08,6.46370505723009e-08,RPL35AP5,processed_pseudogene,Up
ENSG00000114248,305.86260305418,1.590934928792549,0.2859304320616793,5.564062969167835,2.6356476889226895e-08,6.572917491667422e-08,LRRC31,protein_coding,Up
ENSG00000204767,39.678030058462824,1.3825583485674688,0.24851077786676973,5.563373791814691,2.6460825501421692e-08,6.598316486737494e-08,INSYN2B,protein_coding,Up
ENSG00000257829,35.12304395118147,1.1140936737005411,0.20025965133920406,5.563245847329802,2.648024169832199e-08,6.60253378956837e-08,AC121757.1,lncRNA,Up
ENSG00000204832,59.62109413415034,2.2599734414656227,0.4063148975051106,5.562123011837628,2.6651231548855237e-08,6.64328363685899e-08,ST8SIA6-AS1,lncRNA,Up
ENSG00000272905,7.503673818710666,1.1656103273397855,0.20957405495811457,5.561806434354406,2.6699634537669522e-08,6.654090943751491e-08,AC018648.1,lncRNA,Up
ENSG00000172000,10.627129736870055,1.72632400447318,0.31042726623315897,5.561122337676854,2.680452074046737e-08,6.678560869546054e-08,ZNF556,protein_coding,Up
ENSG00000223872,5.6237696430539845,3.581475805866043,0.6440210000158223,5.56111649430384,2.6805418370601222e-08,6.678560869546054e-08,AC006372.1,lncRNA,Up
ENSG00000260988,5.6969443253945435,1.0907010950396736,0.1961665533954801,5.560076762121492,2.6965602115859834e-08,6.71656680641564e-08,AC090260.1,lncRNA,Up
ENSG00000285844,6.504833559557674,1.839446473428456,0.3309746858545485,5.557665138888679,2.7340726877893638e-08,6.808073350047735e-08,FO393414.3,lncRNA,Up
ENSG00000285704,5.524042998315575,1.367451175497952,0.24619916149141483,5.554247899197806,2.788095727709863e-08,6.938009279957449e-08,AC004765.1,lncRNA,Up
ENSG00000229876,6.370055577292762,3.443314539716078,0.6199656204156625,5.554041105388185,2.7913979504435147e-08,6.945571235440224e-08,CASC20,lncRNA,Up
ENSG00000285091,5.776112929020623,1.2002140079831924,0.21633751657386385,5.547877349204039,2.891585985926254e-08,7.184690704690032e-08,AL109840.2,lncRNA,Up
ENSG00000286084,9.616446182045163,1.0235254142274017,0.18459541532818932,5.544695746683045,2.944657467572237e-08,7.313111454123176e-08,AL096794.1,lncRNA,Up
ENSG00000075290,10.40657103766476,1.1615071529022427,0.20949505903960913,5.54431764752331,2.9510269201028573e-08,7.328239936256932e-08,WNT8B,protein_coding,Up
ENSG00000247381,4.0631752834741235,4.003607390224087,0.7222224903879346,5.543454328144212,2.9656205308865188e-08,7.363786572455508e-08,PLUT,lncRNA,Up
ENSG00000275833,5.017976350288462,1.1922936898116043,0.21510477586246102,5.542850850387267,2.9758633146294664e-08,7.387828620483811e-08,AC073107.2,unprocessed_pseudogene,Up
ENSG00000273139,5.731582133637468,1.2534786521790104,0.22617934548311253,5.541967810993601,2.990912958027866e-08,7.421697064382688e-08,AC007663.3,lncRNA,Up
ENSG00000249642,6.4406139255550645,4.868557023964345,0.8791695354053994,5.537677123581601,3.065096523576038e-08,7.599341418456198e-08,AC097521.1,lncRNA,Up
ENSG00000186281,217.27797622180344,1.4627194894114524,0.264332925163685,5.533625780843158,3.1367785135659746e-08,7.770488436142297e-08,GPAT2,protein_coding,Up
ENSG00000203688,10.879988752719694,1.6331413089608964,0.29532146234274503,5.530046126703452,3.201465941715543e-08,7.924777704218423e-08,LINC02487,lncRNA,Up
ENSG00000162592,4.525272625853816,1.4960402305316163,0.2706869921780785,5.526827198062798,3.260738401344259e-08,8.067711732355799e-08,CCDC27,protein_coding,Up
ENSG00000233797,5.7197771751713,1.3488416717819278,0.2441154215915871,5.52542589479899,3.286872925656232e-08,8.13008526869476e-08,UFL1-AS1,lncRNA,Up
ENSG00000212901,7.0605986474955476,2.602834734190985,0.47130122571668787,5.522656407763346,3.3391232250424377e-08,8.256228733649234e-08,KRTAP3-1,protein_coding,Up
ENSG00000108602,1924.9044473410618,1.8972575380357948,0.34363489286576804,5.521143450286664,3.3680066852498555e-08,8.325303364270594e-08,ALDH3A1,protein_coding,Up
ENSG00000260493,4.885075781363158,1.3473994666650917,0.24405447163908017,5.520896452402203,3.372745008400133e-08,8.336234499157513e-08,AC011773.4,lncRNA,Up
ENSG00000265443,4.787751703113241,1.6603101144406631,0.30074469116992886,5.520663084631288,3.3772277964172414e-08,8.346532051689096e-08,AC127024.3,lncRNA,Up
ENSG00000226272,4.482631033835898,2.1132700367283292,0.38293646772613443,5.51859176347676,3.4172701547151935e-08,8.440746907066284e-08,ARHGAP26-AS1,lncRNA,Up
ENSG00000227300,750.6803520147655,1.6832576898520095,0.3050233978186861,5.518454328059718,3.4199432576478097e-08,8.446558368846375e-08,KRT16P2,transcribed_unprocessed_pseudogene,Up
ENSG00000287420,4.027970869853492,2.161535345217285,0.39193065304295704,5.51509642952161,3.485887744070877e-08,8.605397847888881e-08,AL590068.4,lncRNA,Up
ENSG00000235330,9.70102942653871,1.0051457931701315,0.182279688510885,5.514304974852469,3.5016095013698086e-08,8.643400032867346e-08,RPL12P25,transcribed_processed_pseudogene,Up
ENSG00000108759,8.66039389949985,1.9187798537433294,0.3480539110650875,5.512881173699869,3.530065749189229e-08,8.712010651017311e-08,KRT32,protein_coding,Up
ENSG00000004948,41.7505051555071,1.479425396244699,0.26844082734516206,5.511178798232689,3.564384101558483e-08,8.795060237493889e-08,CALCR,protein_coding,Up
ENSG00000236871,74.70027904418191,1.0568628142971146,0.19179548233093358,5.510363442625569,3.580935326286798e-08,8.834246847617446e-08,LINC00106,lncRNA,Up
ENSG00000142661,47.303760195224285,1.4412518288311746,0.26155977839339045,5.5102196434174475,3.583862085181687e-08,8.84064014838551e-08,MYOM3,protein_coding,Up
ENSG00000142677,176.56599507172263,1.3032147794381599,0.23653615159790506,5.509579701176225,3.5969150505350435e-08,8.870349750547937e-08,IL22RA1,protein_coding,Up
ENSG00000232457,6.7563747853983465,1.1498098651095074,0.2088656061008205,5.5050225193825755,3.691210828541156e-08,9.096087239382326e-08,SLC16A6P1,transcribed_unprocessed_pseudogene,Up
ENSG00000204962,6.970830510856745,1.4807515941330809,0.2690538183914723,5.503551679681397,3.7221535332168875e-08,9.168910665196574e-08,PCDHA8,protein_coding,Up
ENSG00000246876,4.208969900349524,4.3036942640748155,0.7826349369929034,5.498980508857401,3.819933519778792e-08,9.40099364596983e-08,LINC02466,lncRNA,Up
ENSG00000279187,12.006364311614671,1.1039995527899598,0.20080331289317663,5.497915033788639,3.843080112817357e-08,9.454428824983086e-08,AC027601.4,TEC,Up
ENSG00000287051,77.00116865066886,1.1003999157314508,0.20017237896929393,5.497261517285809,3.857344471046186e-08,9.485980947634797e-08,AC121757.2,lncRNA,Up
ENSG00000144648,275.25882814129375,1.3337548847606964,0.2427995907769921,5.49323366028953,3.9464009327023686e-08,9.700465379880822e-08,ACKR2,protein_coding,Up
ENSG00000226025,29.493726280745793,1.4919038846404058,0.27167882586863296,5.491424956915112,3.9870372820671044e-08,9.798524988640218e-08,LGALS17A,transcribed_unprocessed_pseudogene,Up
ENSG00000287975,5.148460832854484,1.1613805121110057,0.21165561506982478,5.487123560260231,4.085313855341184e-08,1.0032569041287673e-07,AC113143.2,lncRNA,Up
ENSG00000082482,32.62891734142252,1.7149063903937174,0.31255615344945264,5.48671453582838,4.0947804465461586e-08,1.0053944169033725e-07,KCNK2,protein_coding,Up
ENSG00000247151,3.968993733608193,1.3128309233488,0.23931601787716583,5.485762862821155,4.116888659656066e-08,1.010634462438377e-07,CSTF3-DT,lncRNA,Up
ENSG00000136535,4.2537813537784395,2.4798369740479016,0.45209040063577977,5.485267925530999,4.1284321988968724e-08,1.0131852683565429e-07,TBR1,protein_coding,Up
ENSG00000204338,29.27283502604194,1.2443152852975297,0.22685027249594267,5.485183119274344,4.130413302226328e-08,1.0135771336284036e-07,CYP21A1P,transcribed_unprocessed_pseudogene,Up
ENSG00000152969,8.69451228511065,1.2361973372627777,0.22540440251295943,5.4843531159144225,4.1498511881457464e-08,1.0180628507898719e-07,JAKMIP1,protein_coding,Up
ENSG00000240922,3.8695366729678224,3.180012488504617,0.5799797577252058,5.482971510897636,4.182403923437826e-08,1.0255718008281149e-07,LSAMP-AS1,lncRNA,Up
ENSG00000106483,3068.8888922787237,1.1069860417218185,0.2019176571602,5.482363738221982,4.196802269485945e-08,1.0289110807581292e-07,SFRP4,protein_coding,Up
ENSG00000231749,4.1068639076773,2.6198021342649183,0.47786678299904484,5.482285497693098,4.1986593029391583e-08,1.0291749936652315e-07,ABCA9-AS1,lncRNA,Up
ENSG00000260293,47.92130868970269,1.1258926205993296,0.20545235855560404,5.480066661267438,4.251656163009881e-08,1.0419718682023285e-07,AC106820.4,lncRNA,Up
ENSG00000213695,7.592724738266138,1.0027789218790464,0.18298777255192125,5.480032397216684,4.252479622777288e-08,1.0420768297801047e-07,RPS7P14,processed_pseudogene,Up
ENSG00000250590,5.363137733459453,4.6037200134696175,0.8402341240936667,5.479091935757193,4.275141975627433e-08,1.0473382933602322e-07,LINC02492,lncRNA,Up
ENSG00000288585,7.783492276260919,1.4131748758179088,0.25792223238477424,5.479073528293995,4.275586707599388e-08,1.0473499440724186e-07,AC010184.1,lncRNA,Up
ENSG00000286099,11.06998476149685,4.238995144639144,0.7737968244642783,5.478175937945883,4.2973273707491053e-08,1.0525777704500641e-07,AL390800.1,lncRNA,Up
ENSG00000254433,10.696456111953102,1.008691398331328,0.18425826562982603,5.4743345970583706,4.391586042722468e-08,1.0748665671671755e-07,AP001001.1,lncRNA,Up
ENSG00000112852,183.55242730454424,1.0081877610753462,0.1841947295859895,5.473488646181289,4.412611670169568e-08,1.0798122656122077e-07,PCDHB2,protein_coding,Up
ENSG00000254143,77.95013106318801,1.889565142978081,0.34542078357359435,5.470328459768246,4.4920229836826754e-08,1.098633334072641e-07,AC022733.1,lncRNA,Up
ENSG00000248103,5.197102369790786,2.4297762570986463,0.4442239367210441,5.469710333561909,4.507716868380545e-08,1.102267190459894e-07,AC008443.2,lncRNA,Up
ENSG00000263603,7.243940215829402,1.193158064128035,0.2182260817381183,5.467531903724879,4.56345090308436e-08,1.1156888588386295e-07,AC127024.2,lncRNA,Up
ENSG00000118271,25.79841220189557,2.5696663339358046,0.470001746671864,5.467354860129574,4.568009712909387e-08,1.1165963675326337e-07,TTR,protein_coding,Up
ENSG00000256564,29.73567896406885,1.218225639099064,0.22294341851274568,5.464281687370906,4.6478498662905614e-08,1.1352704795672667e-07,AC007552.2,lncRNA,Up
ENSG00000233214,5.309066864920542,2.5416673149894224,0.46516898571598797,5.463965554533454,4.656139230370456e-08,1.1368739954154531e-07,AC002511.2,lncRNA,Up
ENSG00000213413,7.738122335196654,1.1538343176549806,0.21124410927226164,5.462089909299497,4.705616350576716e-08,1.148422981626173e-07,PVRIG,protein_coding,Up
ENSG00000232237,46.12105798107265,1.1328211386470257,0.2073966435092842,5.462099672776597,4.7053574877653455e-08,1.148422981626173e-07,ASCL5,protein_coding,Up
ENSG00000233922,87.61790950479194,1.3352750222014316,0.24449717258423126,5.46131068955989,4.726320680356242e-08,1.153369205450621e-07,LINC01694,lncRNA,Up
ENSG00000226318,9.103758982036105,1.2158561164669968,0.22267065076923936,5.460333960792287,4.752397688713994e-08,1.1595181999573281e-07,RPS3AP38,processed_pseudogene,Up
ENSG00000261159,15.031823174624943,1.2161876593321013,0.22282054767395446,5.458148595486383,4.811249373342803e-08,1.1733343750582605e-07,AC112484.3,lncRNA,Up
ENSG00000026559,21.806011917825494,1.4564257815204158,0.266906826529658,5.456682395339863,4.8511293414135757e-08,1.1827318854759245e-07,KCNG1,protein_coding,Up
ENSG00000228060,16.039152428482268,1.1103374577236316,0.2035446976508615,5.45500556161961,4.897131270282529e-08,1.1936163378995314e-07,PABPC4-AS1,lncRNA,Up
ENSG00000286489,2.8760016871686718,2.3841208170986077,0.4371013412356024,5.454389159180229,4.9141475919520147e-08,1.197653160811226e-07,AC010789.2,lncRNA,Up
ENSG00000253767,31.54868202435367,1.4778476869771286,0.27114458673377595,5.450404541648318,5.025537197995005e-08,1.2242347890173513e-07,PCDHGA8,protein_coding,Up
ENSG00000253364,12.345233318128173,1.4630270407503823,0.2684398388754592,5.450111454690388,5.033826348084293e-08,1.2261407795952597e-07,COPDA1,lncRNA,Up
ENSG00000274209,5.222825973171428,2.240113093946464,0.41112451453599375,5.4487460969694705,5.072616682002778e-08,1.2353611184375068e-07,ANTXRL,protein_coding,Up
ENSG00000253414,20.50234888765948,1.3879729737239042,0.25474125928697755,5.448559756707058,5.0779330967981225e-08,1.236541654470094e-07,AC124067.2,lncRNA,Up
ENSG00000164588,36.10445445385793,2.072058289592295,0.3803043527988175,5.448421177257526,5.08189036427057e-08,1.2373910332946903e-07,HCN1,protein_coding,Up
ENSG00000226453,109.26001102803791,1.2483126331337737,0.22919977643245923,5.446395509472182,5.1400775341050235e-08,1.2510969593349592e-07,LINC02542,lncRNA,Up
ENSG00000261916,4.579781576574345,1.3769871892636643,0.25289811227147985,5.444829844303079,5.1854930754375e-08,1.2615688938028127e-07,AC027796.1,lncRNA,Up
ENSG00000272461,4.077213291269526,3.0148631123383542,0.5539444621017207,5.442536785907493,5.25271087705486e-08,1.2774507592726798e-07,AP005328.1,lncRNA,Up
ENSG00000181408,5.883190620717929,1.7696775208086952,0.32542560981050883,5.4380401156478,5.386984737728293e-08,1.3091400565283852e-07,UTS2R,protein_coding,Up
ENSG00000215834,3.9000195197554004,2.9686058572627365,0.5460153300470787,5.436854413971814,5.422941221272543e-08,1.3173925380465865e-07,FMO9P,transcribed_unprocessed_pseudogene,Up
ENSG00000241112,7.946205806475961,1.2910459423430103,0.23749346196233576,5.436132564136684,5.4449451526574815e-08,1.3224942771997586e-07,RPL29P14,processed_pseudogene,Up
ENSG00000279140,8.32338514663292,1.1447422886216925,0.21058209769356095,5.436085503752182,5.4463826806322805e-08,1.3225997908488188e-07,AL590326.1,TEC,Up
ENSG00000270116,4.620840914045146,1.3097022309195028,0.24104844813107654,5.433356825459906,5.5303660273391584e-08,1.342252665816232e-07,AP001429.1,lncRNA,Up
ENSG00000248545,14.16835909285207,1.8372167312535743,0.3383295768283752,5.430257527220392,5.627278856967874e-08,1.3653969769805194e-07,AC105290.1,lncRNA,Up
ENSG00000277215,12.90572642335941,1.3263620386429702,0.244338194605164,5.42838601548273,5.686594473485102e-08,1.3791547527435128e-07,SPANXA2-OT1,lncRNA,Up
ENSG00000270372,6.406305214884297,3.2954576207080506,0.6071197204586598,5.428019399894367,5.6982847310692204e-08,1.381862868845828e-07,AL162413.1,lncRNA,Up
ENSG00000261744,8.489735431862941,1.2556481329562759,0.23141259180402993,5.426014734840411,5.7626203882912903e-08,1.396565569701694e-07,AC116552.1,lncRNA,Up
ENSG00000285518,4.624087834531686,1.1675035836596421,0.21521084392013334,5.424929164317171,5.797752779325043e-08,1.4046925835244522e-07,AC004900.1,lncRNA,Up
ENSG00000269954,22.872791043200568,1.434227020530688,0.26439204918612086,5.4246223551187525,5.807719626004664e-08,1.4068488566759412e-07,AC022239.1,lncRNA,Up
ENSG00000147246,20.498877724066617,3.255899259959401,0.600323699718899,5.423572751640445,5.841942218140829e-08,1.4147489787158937e-07,HTR2C,protein_coding,Up
ENSG00000205057,7.842731051925272,1.9505318615132996,0.35964341777268655,5.423516085997542,5.843795364939778e-08,1.415067803245748e-07,CLLU1-AS1,lncRNA,Up
ENSG00000223813,19.827954304486106,1.5120377947660677,0.2788607678851281,5.4221961957335125,5.887121485135426e-08,1.4247741699983588e-07,AC007255.1,lncRNA,Up
ENSG00000261546,5.770980434398906,1.170491293804898,0.2160013047386356,5.418908442341159,5.996401433652463e-08,1.450457881477886e-07,AC135782.3,lncRNA,Up
ENSG00000254034,7.671129116158864,1.2493126375941142,0.23054710091248076,5.418904131301016,5.996546008294241e-08,1.450457881477886e-07,INTS9-AS1,lncRNA,Up
ENSG00000257298,20.653811598876626,1.0827600881892425,0.199817597247501,5.41874240859827,6.001971966354994e-08,1.4516371709876292e-07,AC008147.2,lncRNA,Up
ENSG00000255566,6.986933402841242,1.0728912042958116,0.19803890218733847,5.417578023538481,6.041178916538964e-08,1.4607475693028906e-07,AC135279.2,processed_pseudogene,Up
ENSG00000231646,4.939181478415317,1.4997237185008807,0.27688151377616615,5.416481938600179,6.078312752936597e-08,1.468888446617834e-07,FSIP2-AS1,lncRNA,Up
ENSG00000214822,33.57531498517293,1.7301695507785193,0.31963140574497245,5.413014865501005,6.19723432259352e-08,1.4968311687651427e-07,KRT16P3,transcribed_unprocessed_pseudogene,Up
ENSG00000229901,8.679876261613835,1.2690825212640438,0.23447343727483275,5.412478854807409,6.215819684500677e-08,1.500880551966696e-07,FOXO6-AS1,lncRNA,Up
ENSG00000243554,7.746901063131405,1.001257894934355,0.18505404105910905,5.4106243192740555,6.280540471544164e-08,1.5160916535574842e-07,AC004967.1,transcribed_unprocessed_pseudogene,Up
ENSG00000136573,133.81017853058918,1.239739539224058,0.22913720629116793,5.410468074087904,6.286022940546635e-08,1.5172762008440712e-07,BLK,protein_coding,Up
ENSG00000275910,9.094995041806657,1.0796142622398783,0.1995602069325619,5.409967642520617,6.303613750973895e-08,1.5213571697779666e-07,AC138932.4,lncRNA,Up
ENSG00000287221,4.934040965628764,1.2512833206718947,0.23133643607122711,5.408933162118188,6.340128384470158e-08,1.5292160019983358e-07,AL589794.2,lncRNA,Up
ENSG00000124194,6.955230994757138,1.608444945535907,0.29751737884429735,5.406221820667726,6.436807208464646e-08,1.551683024839681e-07,GDAP1L1,protein_coding,Up
ENSG00000270948,8.225951166105379,1.1637597474414139,0.21527829790195616,5.405838669216082,6.450583968628718e-08,1.5548619675753136e-07,MTDHP1,processed_pseudogene,Up
ENSG00000198976,11.970465048268162,1.2918399839920407,0.2390115238001668,5.404927609566326,6.483457243666149e-08,1.5624576819381857e-07,MIR429,miRNA,Up
ENSG00000105278,71.90703709901715,1.911785979026364,0.35371889595931033,5.404817217472838,6.48745146934455e-08,1.5631770398996326e-07,ZFR2,protein_coding,Up
ENSG00000263639,1640.9577274161259,2.220610312704236,0.4110028257321407,5.402907653368434,6.556922098701887e-08,1.5791947734292514e-07,MSMB,protein_coding,Up
ENSG00000244122,3.5675734552890024,3.243200041352126,0.6003369668737972,5.4022994090149234,6.579201193542118e-08,1.5842711667766018e-07,UGT1A7,protein_coding,Up
ENSG00000226659,9.227246629015387,1.0334743751906426,0.1913295352511454,5.401541240530744,6.607074481943843e-08,1.5905473259892199e-07,AC021028.1,lncRNA,Up
ENSG00000139151,5.461822235786442,2.451520846468855,0.4541604752041174,5.397917653153428,6.741879614051036e-08,1.621893106218328e-07,PLCZ1,protein_coding,Up
ENSG00000248783,8.252406967383342,4.933702155526115,0.9141796587130101,5.396862759418452,6.781622077046484e-08,1.6312266183682915e-07,AC106771.1,lncRNA,Up
ENSG00000222033,104.3619352388302,1.017295336774359,0.18856659564686365,5.394886264370437,6.856697120448305e-08,1.6488336956613334e-07,LINC01124,lncRNA,Up
ENSG00000003987,220.79660583759699,1.3019802527254056,0.2413600953056367,5.39434760777955,6.87729661942079e-08,1.6533349608362313e-07,MTMR7,protein_coding,Up
ENSG00000110169,78.63015864265248,1.2178111862737313,0.22578514549221484,5.393672748572035,6.903189442574646e-08,1.6594084375632946e-07,HPX,protein_coding,Up
ENSG00000236234,6.621863060241008,1.016111625181989,0.18846818968635734,5.391422429816772,6.990213311834763e-08,1.6798680856017743e-07,AC091132.2,lncRNA,Up
ENSG00000170627,95.9165213544678,1.5093174520199968,0.2800665344148997,5.389138888632957,7.079607894449565e-08,1.7008861167696342e-07,GTSF1,protein_coding,Up
ENSG00000270773,3.7456138959324345,1.8202722475087012,0.33789241592852465,5.387135554690131,7.158944170967962e-08,1.719007082393236e-07,AC137695.2,processed_pseudogene,Up
ENSG00000105647,4.680627085497466,1.0502941251096365,0.19497996432570305,5.386677183688367,7.177217327853382e-08,1.7229345033721645e-07,PIK3R2,protein_coding,Up
ENSG00000227733,12.503127570317124,1.271452824166851,0.23633008379976225,5.379987193014867,7.449113785694007e-08,1.7860804739839148e-07,AC239809.3,lncRNA,Up
ENSG00000232712,8.499105692936006,1.2261436474652174,0.22796038396806154,5.378757598675596,7.500161040787789e-08,1.798156620107046e-07,KIZ-AS1,lncRNA,Up
ENSG00000272702,6.599612587646671,1.0731383836868,0.19955852544488778,5.377562202839434,7.550113236837017e-08,1.8096390297708794e-07,AC010913.1,lncRNA,Up
ENSG00000251127,4.5843922839890565,2.722341367765486,0.5064383398530959,5.375464599609824,7.638545927433985e-08,1.8300032352724102e-07,AC091173.1,lncRNA,Up
ENSG00000147059,8.998386356456539,1.1584616033285482,0.21553783118518935,5.374748353727296,7.668971194300332e-08,1.8369585829203358e-07,SPIN2A,protein_coding,Up
ENSG00000253641,35.049556940349966,1.430883380285863,0.26625808919085553,5.374046605059937,7.698894447209814e-08,1.8439586428058383e-07,LINCR-0001,lncRNA,Up
ENSG00000227627,8.331512301462478,1.0621759696198292,0.19768325771251463,5.373120525788393,7.738556495917611e-08,1.852953189842435e-07,AL080276.2,lncRNA,Up
ENSG00000112212,10.127041716471483,1.1146964132371158,0.20753460315355124,5.371135204919882,7.824251592981447e-08,1.8727921803296791e-07,TSPO2,protein_coding,Up
ENSG00000287726,4.063538558601967,1.2977291733891312,0.24178872312861074,5.367203054787841,7.996701212034356e-08,1.9130274059815475e-07,AC005740.5,lncRNA,Up
ENSG00000217555,9.007434796519354,1.2665523484310948,0.23607774978381374,5.364979755995344,8.095829878342546e-08,1.9358635644894172e-07,CKLF,protein_coding,Up
ENSG00000204188,4.207579952572448,1.2304614264409337,0.22940176866172052,5.363783521021547,8.149656865869679e-08,1.9478514597388148e-07,GGNBP1,transcribed_unitary_pseudogene,Up
ENSG00000287809,15.040118337289243,1.166656427670362,0.21751556573147052,5.36355374727818,8.160035597380951e-08,1.9499786017483976e-07,AC005632.6,lncRNA,Up
ENSG00000241439,3.6000492382029643,2.795297966591714,0.5212125979492649,5.363066774651923,8.182074161241509e-08,1.9548907822047532e-07,AC092903.1,processed_pseudogene,Up
ENSG00000269210,7.085691118488599,2.1329909188890515,0.3977350472537402,5.362843766514452,8.192185908212162e-08,1.9571293930019453e-07,AC019171.1,lncRNA,Up
ENSG00000223823,9.312830015902115,1.5792563085446167,0.29450400385146114,5.362427294337042,8.211102209555863e-08,1.9614708331007166e-07,LINC01342,lncRNA,Up
ENSG00000258643,6.010925622980507,1.0302010130044328,0.19219487312827035,5.360189875184024,8.313452724722913e-08,1.985021263590576e-07,BCL2L2-PABPN1,protein_coding,Up
ENSG00000234338,32.13445502681865,1.0246843293669123,0.1911723049076796,5.360004054257494,8.322008425907886e-08,1.986884220834685e-07,AC073349.2,processed_pseudogene,Up
ENSG00000178458,28.596003110718495,1.1473664201784606,0.2141023551317714,5.3589621630845805,8.370138082414974e-08,1.9980134084663965e-07,H3P16,processed_pseudogene,Up
ENSG00000158477,431.975087029831,1.519349382469842,0.28360387034703755,5.35729424499976,8.447748360710518e-08,2.015809648646605e-07,CD1A,protein_coding,Up
ENSG00000273890,5.640957348604084,1.2091843065997299,0.22578360745064557,5.355500872064185,8.531973535780144e-08,2.034434778357197e-07,AC034102.8,lncRNA,Up
ENSG00000197408,18.860330481187063,2.096049173402746,0.3914533660542684,5.354530973970894,8.577862673439094e-08,2.0450071304456098e-07,CYP2B6,protein_coding,Up
ENSG00000250039,3.8201253985644885,1.452195592777255,0.2712593621218566,5.353531695340682,8.625391820540638e-08,2.0557807511538018e-07,AC096719.1,lncRNA,Up
ENSG00000131126,6.373232816540333,2.1052267532731044,0.39337238534216035,5.351740060355154,8.711247373882295e-08,2.075305748028513e-07,TEX101,protein_coding,Up
ENSG00000229023,4.22060045687711,1.5284538517397344,0.28560168757872006,5.351697550170982,8.713294487283555e-08,2.0756059225805543e-07,RAB1AP1,processed_pseudogene,Up
ENSG00000237054,4.817162329465543,1.1253870866674927,0.21029421072040175,5.35148867299899,8.723359910756086e-08,2.077628259091745e-07,PRMT5-AS1,lncRNA,Up
ENSG00000150594,748.2277939192795,1.3180710699208606,0.24639352028316489,5.349455084720097,8.821945130217816e-08,2.099212173649556e-07,ADRA2A,protein_coding,Up
ENSG00000251199,5.815041607413393,2.34823663900045,0.4391090101502132,5.347730483137092,8.906395708081355e-08,2.1189250705711415e-07,AC015631.1,lncRNA,Up
ENSG00000253270,4.788225201992002,2.925397518769624,0.5476262783285984,5.341959716940874,9.194709064658071e-08,2.184758317129513e-07,AC090541.1,lncRNA,Up
ENSG00000229660,10.297599143444996,1.0441596394517794,0.1955124008522281,5.34063125868407,9.262348537877824e-08,2.2002353927019026e-07,AC004975.2,lncRNA,Up
ENSG00000265612,8.273347142428582,1.6051720402109229,0.30067049438563953,5.33864170307357,9.364550038141895e-08,2.2235114758310982e-07,MIR4539,miRNA,Up
ENSG00000204805,4.856027605173665,1.3359763121514023,0.25028152022431843,5.337894347748944,9.403222305505908e-08,2.2320908470266522e-07,AL391987.2,protein_coding,Up
ENSG00000286024,9.510995518692376,1.1047899750763621,0.20703727662580912,5.336188695493302,9.492062058025613e-08,2.252570882560614e-07,AC026803.3,lncRNA,Up
ENSG00000256673,27.09553860580184,1.272336524058374,0.23849146266351892,5.334935304805769,9.55786290364544e-08,2.267777980647204e-07,AC141557.1,unprocessed_pseudogene,Up
ENSG00000268438,6.232161458320444,1.5706755628287035,0.29445613508447444,5.334158048288257,9.598889113023963e-08,2.277307295640503e-07,BNIP3P27,processed_pseudogene,Up
ENSG00000183128,8.36063724764954,1.8468119026565795,0.34652470496361326,5.329524493356119,9.84702403460392e-08,2.3347062020545346e-07,CALHM3,protein_coding,Up
ENSG00000143199,11.222134630181142,1.0584664704867297,0.19863991715226129,5.328568827761819,9.898968441828039e-08,2.3463891938067898e-07,ADCY10,protein_coding,Up
ENSG00000162951,39.32834724187518,2.2201991643448356,0.41681128183968424,5.326629247043217,1.0005209405588309e-07,2.3704668072842334e-07,LRRTM1,protein_coding,Up
ENSG00000144407,29.02780795188518,1.5894875478621397,0.29846833641021053,5.325481312287582,1.0068606810975198e-07,2.384670034178336e-07,PTH2R,protein_coding,Up
ENSG00000249574,35.76359427484017,1.2366882382828588,0.23223731385960247,5.32510567630183,1.0089436502051306e-07,2.3889596889565675e-07,AC226118.1,lncRNA,Up
ENSG00000256084,5.181476869493646,1.6996879666874696,0.3192942592519321,5.32326503667693,1.0192107689820033e-07,2.4126201057500383e-07,AC092112.1,lncRNA,Up
ENSG00000105668,8.782876965607283,1.882414356377177,0.35373206078474595,5.3215825339695995,1.0286842122449896e-07,2.4335159842917713e-07,UPK1A,protein_coding,Up
ENSG00000184478,7.72175388039859,4.697235152492955,0.8830928475516359,5.319072808160527,1.0429739509792408e-07,2.465772197177925e-07,OR56A3,protein_coding,Up
ENSG00000260949,5.2089762930804575,1.2789502842612714,0.2404862775243998,5.318184045372439,1.0480802563142944e-07,2.4774001756012857e-07,AP006545.1,lncRNA,Up
ENSG00000234332,6.854620457618939,1.4107788881391943,0.26528880685792794,5.317898274142863,1.0497272635062228e-07,2.4810708916966117e-07,BCAS2P2,processed_pseudogene,Up
ENSG00000144488,82.15703531922152,1.1907350205266187,0.2240619310074031,5.314312052801493,1.0706101699159957e-07,2.528615331901908e-07,ESPNL,protein_coding,Up
ENSG00000287824,3.4389147693730844,3.558270430044225,0.6696838872498864,5.313358284095148,1.0762313923142896e-07,2.541208973435514e-07,AL627443.3,lncRNA,Up
ENSG00000197358,11.637457607389134,1.1195725520048923,0.21072194791881185,5.313032472707814,1.0781581626936983e-07,2.5453026634049084e-07,BNIP3P1,transcribed_processed_pseudogene,Up
ENSG00000162366,3694.9075865285517,1.0568333415657611,0.19902695170015047,5.31000114576423,1.0962454578823835e-07,2.586150717870679e-07,PDZK1IP1,protein_coding,Up
ENSG00000163083,1374.5545236108974,1.0639104876563257,0.2003656471542729,5.3098447900959815,1.0971863200929884e-07,2.5881387656187587e-07,INHBB,protein_coding,Up
ENSG00000265293,7.394646871781153,1.382584601321715,0.2604153425311979,5.309151864414749,1.1013653789656232e-07,2.597764315145213e-07,ARGFXP2,processed_pseudogene,Up
ENSG00000112245,32.66232970229041,1.059469610307216,0.1995809512766349,5.30847059065626,1.105489180499961e-07,2.607024654783042e-07,PTP4A1,protein_coding,Up
ENSG00000136457,98.5406792443832,1.2408278649573816,0.23374639914812836,5.308436277433525,1.1056972758006733e-07,2.607282228638447e-07,CHAD,protein_coding,Up
ENSG00000151224,137.91828495861355,1.4380933075549416,0.2710134867482842,5.306353291895893,1.1184009559751602e-07,2.636059457370841e-07,MAT1A,protein_coding,Up
ENSG00000253671,470.78892945098676,1.1532419905388176,0.2174213186457946,5.304180830664481,1.131800773289716e-07,2.665736548021598e-07,AC027117.1,lncRNA,Up
ENSG00000261649,6.601453012921601,1.8284158158361365,0.34476159438217996,5.303420814933566,1.1365251574687423e-07,2.676385819115086e-07,GOLGA6L7,protein_coding,Up
ENSG00000176177,16.322244287779476,1.2831998129752404,0.24222492545166563,5.297554785423164,1.173636983781779e-07,2.7622998270551155e-07,ENTHD1,protein_coding,Up
ENSG00000213996,11.55770052299696,1.029444852471572,0.1943489540445762,5.2968890804293025,1.1779219644302003e-07,2.771890255401069e-07,TM6SF2,protein_coding,Up
ENSG00000275056,9.700119233929207,1.0745311166213587,0.20287507598829035,5.29651615106914,1.1803290311922402e-07,2.777058935808295e-07,AC020663.3,lncRNA,Up
ENSG00000279640,6.220620912578719,1.1707222893034004,0.2210617610388687,5.29590592150198,1.1842780178141062e-07,2.7861014657648303e-07,AC138466.5,TEC,Up
ENSG00000259605,18.82649575116415,1.0823006718798498,0.20437662923939381,5.295618564156431,1.1861420216866325e-07,2.7897400206811005e-07,AC074212.1,lncRNA,Up
ENSG00000082556,61.81887259639594,2.097141078216577,0.39608111569932547,5.294726244430614,1.1919483535703094e-07,2.802896208636442e-07,OPRK1,protein_coding,Up
ENSG00000285711,8.051158824978122,5.239930395380425,0.9898166533611832,5.293839397010406,1.197746321863614e-07,2.815776990955113e-07,LINC02835,lncRNA,Up
ENSG00000259207,653.1946652958809,1.0986067283217413,0.20762665384132215,5.2912605775622,1.2147614155663755e-07,2.85374240788288e-07,ITGB3,protein_coding,Up
ENSG00000261175,30.64792283441309,1.8991101780796797,0.3590524158995464,5.289228240734083,1.2283353621937024e-07,2.883575491947648e-07,LINC02188,lncRNA,Up
ENSG00000128645,89.27319392205487,1.445651225981725,0.27336221909006786,5.288409022994538,1.233848304210083e-07,2.8957440176237e-07,HOXD1,protein_coding,Up
ENSG00000260145,5.236585391026202,1.3270897517787936,0.25101895715087735,5.2868108721411575,1.2446720773614602e-07,2.920107000001931e-07,AC023825.2,lncRNA,Up
ENSG00000197251,8.795287695992812,1.3885615188572522,0.26273133158246376,5.285100602557647,1.256356944088665e-07,2.9464721287458286e-07,LINC00336,lncRNA,Up
ENSG00000268785,4.003969457441845,1.2002388901045,0.22715596978921818,5.283765560809262,1.2655518751815832e-07,2.967508709633501e-07,RPL7P50,processed_pseudogene,Up
ENSG00000011083,9.575231182041316,1.0431757266660733,0.19748331114509785,5.282348774776294,1.2753810106227228e-07,2.9900246488372335e-07,SLC6A7,protein_coding,Up
ENSG00000281566,8.404515212045496,5.1538380327904205,0.9757600113502911,5.281870514101472,1.2787156483849089e-07,2.997575931008094e-07,AL157778.1,lncRNA,Up
ENSG00000274808,5.373019999962159,1.287249742938208,0.24385469013773461,5.27875737067489,1.300628875938628e-07,3.045966559369593e-07,TBC1D3B,protein_coding,Up
ENSG00000149506,9.391292963224364,1.2932602830965332,0.24511571037119956,5.276121555562632,1.3194658360355918e-07,3.0881103128914217e-07,ZP1,protein_coding,Up
ENSG00000203914,4.218187627952203,1.3531086739146436,0.25652883453734737,5.27468452564013,1.3298465163475815e-07,3.111076351675455e-07,HSP90B3P,processed_pseudogene,Up
ENSG00000278973,9.433098454050883,1.3773699024237709,0.26114877738413034,5.274272834897337,1.332834978657909e-07,3.1175144923903723e-07,AC073592.2,TEC,Up
ENSG00000238231,4.461796044296651,1.0390998302175294,0.19702328903619842,5.273994943951113,1.3348558599930542e-07,3.1219644370746645e-07,AL512288.2,processed_pseudogene,Up
ENSG00000236740,13.902348224733581,1.6869341399370794,0.3199633569329447,5.272272913084273,1.3474450842103053e-07,3.1497320158342124e-07,AL033384.1,lncRNA,Up
ENSG00000287338,31.88157804521562,1.4482863191624689,0.27470230604257023,5.272202989581128,1.3479586918506477e-07,3.1506533153786193e-07,AL929091.1,lncRNA,Up
ENSG00000267134,4.230675811127046,3.957976830226294,0.7507810184046362,5.271812596749919,1.3508297182479806e-07,3.156804295480259e-07,LINC01924,lncRNA,Up
ENSG00000279266,5.771744912234389,1.0639596600473302,0.20192750204611032,5.2690180845419174,1.3715545306275894e-07,3.20324975402086e-07,AC068860.1,TEC,Up
ENSG00000270427,11.9291384944339,1.0386693326522842,0.19715667648713817,5.2682432629667675,1.3773550524199328e-07,3.215942335072926e-07,NRBF2P5,processed_pseudogene,Up
ENSG00000251363,30.802767079212433,2.147700491690818,0.4078207923922233,5.2662849265058025,1.3921216604644868e-07,3.248982050309631e-07,LINC02315,lncRNA,Up
ENSG00000253369,7.485067997056587,2.122757768625362,0.403126898799922,5.265730902464335,1.3963269273728057e-07,3.2582197216901944e-07,AC022034.3,lncRNA,Up
ENSG00000278638,7.92029303113841,1.0297035862244053,0.19559511648070185,5.264464700098991,1.4059840989893132e-07,3.280173466367176e-07,AC244093.5,lncRNA,Up
ENSG00000006283,54.57179186006057,1.2245097133741483,0.23269156315636702,5.262372630808651,1.4220817733418965e-07,3.3165557940236855e-07,CACNA1G,protein_coding,Up
ENSG00000255151,3.587947887235094,1.8925242651630279,0.35989880131956276,5.258490048380601,1.4524304410287255e-07,3.384939525402341e-07,GLYATL1B,protein_coding,Up
ENSG00000227857,8.66607134769109,1.2062733713606708,0.22952743662015798,5.25546483297732,1.476510663182948e-07,3.438324460273255e-07,AL358075.2,lncRNA,Up
ENSG00000223812,7.883758965435608,3.764323251848983,0.7163175968105439,5.255103697870758,1.479410907421076e-07,3.444774006948678e-07,AC073365.1,lncRNA,Up
ENSG00000181240,13.65374218493333,1.2149960296216398,0.23124574795809222,5.254133493697056,1.487229842038965e-07,3.46206311216168e-07,SLC25A41,protein_coding,Up
ENSG00000225096,40.414715950854166,1.3991610359036537,0.2663817327873277,5.252466155480367,1.5007604764227344e-07,3.491988313007819e-07,AL445250.1,lncRNA,Up
ENSG00000108244,163.44122781406932,1.8618259497374883,0.3544679919540103,5.252451538640044,1.5008796184918704e-07,3.491988313007819e-07,KRT23,protein_coding,Up
ENSG00000287012,4.893804669499616,1.587254517801381,0.3023297319564107,5.250077481728552,1.520352471264707e-07,3.535111071973399e-07,AC108667.2,lncRNA,Up
ENSG00000212493,4.841027132969227,1.1160666857887345,0.2125884114239512,5.249894283103868,1.521865243853565e-07,3.5380046266788774e-07,SNORD19,snoRNA,Up
ENSG00000214376,37.6681877020843,1.1193758150789486,0.21323871249221438,5.249402427900226,1.5259339690484877e-07,3.546838145774228e-07,VSTM5,protein_coding,Up
ENSG00000255491,39.183897830347775,1.0530328272284235,0.2006295575931322,5.248642522374131,1.5322407494176625e-07,3.559928507677864e-07,AC100858.2,lncRNA,Up
ENSG00000274184,12.359609803404162,1.0404987928587117,0.19834831232412709,5.2458162142484,1.5559194614607287e-07,3.6133506119523925e-07,AC011815.2,lncRNA,Up
ENSG00000184144,11.737143334967094,1.422065249820169,0.271180567220477,5.2439791847768795,1.5714993663536675e-07,3.648889521065969e-07,CNTN2,protein_coding,Up
ENSG00000254812,6.600875324311414,1.0995418148699634,0.2097074762916525,5.2432170484030145,1.5780072516516087e-07,3.66335515679663e-07,AC067930.2,lncRNA,Up
ENSG00000287260,17.92256834145762,1.0353659236103911,0.1974728942967422,5.243078688331516,1.5791915005783077e-07,3.665781678719188e-07,AL357075.3,lncRNA,Up
ENSG00000183196,534.9713508831226,1.1354309719194777,0.21657859364659215,5.242581701182561,1.583452395590297e-07,3.67534897207254e-07,CHST6,protein_coding,Up
ENSG00000186715,429.6224220960693,1.3329557859327374,0.25428892062037145,5.24189485991295,1.5893592985593507e-07,3.6880855951258426e-07,MST1L,transcribed_unprocessed_pseudogene,Up
ENSG00000267605,12.598663152666857,1.3285986107968897,0.25349028797958967,5.24122096111179,1.59517560139715e-07,3.70093089995098e-07,AC016590.1,lncRNA,Up
ENSG00000258811,10.128509779878847,1.130986312102561,0.2159771743740786,5.23660111481809,1.635606520616016e-07,3.7917313361445576e-07,AL583810.2,lncRNA,Up
ENSG00000253590,5.048142487837,1.7124860757707159,0.3270794405343096,5.235688531731732,1.6437094266399083e-07,3.809845968224873e-07,IGLV3-13,IG_V_pseudogene,Up
ENSG00000254054,45.235829659750905,1.715167230664221,0.3276482399353726,5.234782372102872,1.6517936973460943e-07,3.8269021085061067e-07,AC087273.2,lncRNA,Up
ENSG00000286797,22.278535768088926,1.710912526572684,0.3269097405282254,5.233592990555029,1.6624630882296493e-07,3.85094445156499e-07,AC009315.1,lncRNA,Up
ENSG00000272843,6.781238364364794,1.1816308092488381,0.2257892574544806,5.23333493617187,1.6647867560975398e-07,3.8553110352412505e-07,AC211476.2,lncRNA,Up
ENSG00000287823,6.9051752146313925,1.4052255437335306,0.26853010647231346,5.2330279170332625,1.6675554211886672e-07,3.861383601751418e-07,AL603783.1,lncRNA,Up
ENSG00000286123,4.65222790327882,3.799511645113257,0.7261041810775841,5.232736216274837,1.6701900708781942e-07,3.8671448036752987e-07,AL049828.2,lncRNA,Up
ENSG00000280081,25.61600644821623,11.453345613553559,2.1902235219775337,5.229304451635344,1.7014896599579915e-07,3.9371957119245556e-07,LINC01667,transcribed_processed_pseudogene,Up
ENSG00000237487,3.5550833834993996,1.693283103742592,0.32407035260737316,5.2250478642027645,1.7411006515374568e-07,4.026381143650157e-07,VN1R48P,processed_pseudogene,Up
ENSG00000261420,5.489080026726476,1.063531336802027,0.20358240620678691,5.224082751638936,1.7502050118365366e-07,4.046016144659373e-07,AL022069.1,lncRNA,Up
ENSG00000286010,8.166803104699396,1.7440674768473963,0.3339242463408889,5.222943514760389,1.7610112073344142e-07,4.0702835951799896e-07,AC108925.1,lncRNA,Up
ENSG00000270640,20.850005573994153,1.2699955851365312,0.2433814105292092,5.218128953953588,1.8073961639396018e-07,4.174933150235398e-07,AC104695.3,lncRNA,Up
ENSG00000215156,11.01247498011149,1.2496390794746444,0.2394965508330018,5.217774849484172,1.810853955517393e-07,4.1821876692059603e-07,AC138409.1,processed_pseudogene,Up
ENSG00000218502,5.8437705189846305,1.1789580098076737,0.22612516552022632,5.213740837271908,1.8506998187940534e-07,4.2704720179908285e-07,H2AZP3,processed_pseudogene,Up
ENSG00000100867,113.07181598695031,1.4267728445823502,0.2736610747108143,5.2136492049154715,1.8516146877765555e-07,4.272209232362216e-07,DHRS2,protein_coding,Up
ENSG00000064218,21.229303787821927,1.911686348868449,0.366685502405564,5.213422227841646,1.8538827385184185e-07,4.2770680502826503e-07,DMRT3,protein_coding,Up
ENSG00000260088,10.453666971440066,1.2336282761427448,0.23691549393281058,5.207039251272451,1.918775172667782e-07,4.423684324466638e-07,DDX59-AS1,lncRNA,Up
ENSG00000173809,28.037606419488096,1.365519406684169,0.2623199649414685,5.2055489066143235,1.9342399514785297e-07,4.457779017696979e-07,TDRD12,protein_coding,Up
ENSG00000212452,5.143778407734276,1.0567740510983976,0.20306495084958248,5.204118419634062,1.9491968812808942e-07,4.4906798671481024e-07,SNORD69,snoRNA,Up
ENSG00000109991,10.01493618710374,1.1803610632861796,0.22687776996217687,5.202629871948051,1.9648795530268844e-07,4.525624405041396e-07,P2RX3,protein_coding,Up
ENSG00000204961,8.743858478445746,1.4631803891122472,0.28130379499070457,5.201424279258646,1.9776704575393813e-07,4.553494277945821e-07,PCDHA9,protein_coding,Up
ENSG00000251441,5.958960478595478,1.2440814494183126,0.2392502423409874,5.19991719651095,1.993773279415033e-07,4.5893681370613144e-07,RTEL1P1,transcribed_processed_pseudogene,Up
ENSG00000108702,4.3627673601766315,1.7436220679755738,0.33539435645529375,5.198722144294606,2.006632141242496e-07,4.617758056075105e-07,CCL1,protein_coding,Up
ENSG00000227634,13.545389025769754,1.3483139868591927,0.2593855871227232,5.198106810079869,2.0132844132419477e-07,4.6322580906718574e-07,LINC01714,lncRNA,Up
ENSG00000265417,4.316829409954078,2.9426149696498114,0.5661876555223642,5.197243247797336,2.0226561927853698e-07,4.6521974534452854e-07,AP005119.2,processed_pseudogene,Up
ENSG00000197506,256.9799244292653,1.132775045771503,0.2179680440197702,5.196977615988321,2.0255474222977036e-07,4.6584410889578273e-07,SLC28A3,protein_coding,Up
ENSG00000286659,4.32845104955295,1.060158112842395,0.20406671286293987,5.195154554944214,2.0454983071747694e-07,4.7039147431933954e-07,Z99716.2,lncRNA,Up
ENSG00000276093,14.279880704484206,1.7736426502422427,0.3414562527152695,5.194348137245071,2.0543838965663468e-07,4.7231127595862747e-07,AL132822.1,lncRNA,Up
ENSG00000270951,5.4745200494700015,1.2092612136337952,0.23283832074794147,5.19356611810853,2.0630362691522435e-07,4.7413514395628955e-07,AL121917.2,lncRNA,Up
ENSG00000006606,25.54702245641207,1.240692106422133,0.23895226813642373,5.192217324816483,2.0780423331534038e-07,4.774590600788992e-07,CCL26,protein_coding,Up
ENSG00000173805,49.402117049534986,1.269674577728601,0.244580010778642,5.1912442627117406,2.0889336258417536e-07,4.797942662960286e-07,HAP1,protein_coding,Up
ENSG00000283234,8.142758238317368,1.663417876370557,0.3204425769289255,5.191001434055702,2.0916601482254288e-07,4.803786632007016e-07,AL590556.2,transcribed_unitary_pseudogene,Up
ENSG00000004848,174.3913802369162,1.6065514858313314,0.30955286855468434,5.18990986364426,2.1039590265938615e-07,4.830770529497617e-07,ARX,protein_coding,Up
ENSG00000104435,49.26660633643394,1.5431778505740885,0.2974894436715121,5.187336503536796,2.1332306528561309e-07,4.896274028707126e-07,STMN2,protein_coding,Up
ENSG00000233309,4.168172790485398,2.535900211603152,0.4888905954283402,5.187050508470775,2.1365080037188558e-07,4.903369543782961e-07,RPS6P12,processed_pseudogene,Up
ENSG00000272163,7.824527322539437,2.1383288276901116,0.41228389055037495,5.186544700632293,2.1423162078966233e-07,4.915843926403929e-07,AF106564.1,lncRNA,Up
ENSG00000174473,90.44963724631641,1.5024924128295272,0.2899206332709591,5.182426638207917,2.1901752239531168e-07,5.022603761687425e-07,GALNTL6,protein_coding,Up
ENSG00000236039,747.6610107723445,1.2891122284279493,0.24883978220423633,5.1804909046653345,2.213027190573903e-07,5.073244111573835e-07,AC019117.1,lncRNA,Up
ENSG00000286326,4.0081350810278,1.0561570870127979,0.20407831007141763,5.175253982861743,2.27601153245357e-07,5.213100330999795e-07,Z95115.2,lncRNA,Up
ENSG00000254287,7.715917473973097,1.6093603394504516,0.310992025858802,5.174924775020247,2.280028243355408e-07,5.221846862713402e-07,AC007991.4,lncRNA,Up
ENSG00000235837,7.660571383830874,1.1088021795694707,0.21435416984213318,5.17275768596467,2.3066406525865798e-07,5.281419988600165e-07,AC073333.1,lncRNA,Up
ENSG00000115194,45.08094656182489,1.3212132895545354,0.2554359175250609,5.172386492690131,2.311229005146036e-07,5.291006933388399e-07,SLC30A3,protein_coding,Up
ENSG00000188124,4.0037141223163735,1.4868848268926549,0.2874863558489594,5.172018764166463,2.315783224383281e-07,5.299592434868274e-07,OR2AG2,protein_coding,Up
ENSG00000188580,27.759439508687258,1.9543515022114148,0.3779865590141848,5.170425920192769,2.3356104860908064e-07,5.344006956112669e-07,NKAIN2,protein_coding,Up
ENSG00000215018,390.0084270299711,1.1853193735142509,0.22927283152168637,5.1699076844267715,2.342096623614617e-07,5.357020380320709e-07,COL28A1,protein_coding,Up
ENSG00000057149,144.58985440100366,2.315591493099634,0.44798913672829144,5.16885634774679,2.3553084537676757e-07,5.385684892211608e-07,SERPINB3,protein_coding,Up
ENSG00000284730,9.501625976906938,1.1202755827118684,0.21676671692039298,5.1681162063421695,2.364652745654781e-07,5.405330522097483e-07,TMDD1,protein_coding,Up
ENSG00000129159,11.405352486275266,1.3716346630799578,0.2654312582040822,5.16757021143813,2.3715688818835062e-07,5.420200330669791e-07,KCNC1,protein_coding,Up
ENSG00000253167,5.822043764270571,1.1409512933436554,0.22096029681449764,5.163603189316477,2.42240941221497e-07,5.529949534422167e-07,WASHC5-AS1,lncRNA,Up
ENSG00000186076,15.492222166137395,1.2083866451764234,0.2341315152017969,5.161144770002109,2.454442738043237e-07,5.597963587804892e-07,AC012085.1,processed_pseudogene,Up
ENSG00000235354,5.8859578580422305,1.0185010753254715,0.1973826213721783,5.160034192701386,2.469047442339605e-07,5.629812456073962e-07,RPS29P16,processed_pseudogene,Up
ENSG00000120440,17.71492609776709,1.276903536783968,0.2474799278595783,5.159624652503096,2.4744542802165206e-07,5.641653066687675e-07,TTLL2,protein_coding,Up
ENSG00000138829,147.55924136699315,1.2820411768456867,0.2484969644230843,5.159182446441952,2.480305222427848e-07,5.653526555054228e-07,FBN2,protein_coding,Up
ENSG00000234184,21.407548321793403,1.3011832598807676,0.252227223626803,5.158774065586222,2.4857204834522064e-07,5.665380220279576e-07,LINC01781,lncRNA,Up
ENSG00000177459,237.29503806535234,1.2531717688932154,0.24293354575260354,5.158496184670227,2.4894118014926933e-07,5.67281275538907e-07,ERICH5,protein_coding,Up
ENSG00000232079,9.087203375859817,2.361122668921017,0.45806837814725054,5.154520114379105,2.5428126680707926e-07,5.787999141737316e-07,LINC01697,lncRNA,Up
ENSG00000150656,9.493798991638275,1.368750766344194,0.26561898356701824,5.1530607788763145,2.5626886045862096e-07,5.830724633558098e-07,CNDP1,protein_coding,Up
ENSG00000274554,7.490183920849442,1.1660457964611572,0.2264070415300431,5.150218776682477,2.601827842654514e-07,5.917222959103023e-07,AC083806.2,lncRNA,Up
ENSG00000250290,6.149450487785086,1.3953056320364239,0.27099235868705185,5.14887445091304,2.620542062542124e-07,5.957728613607707e-07,NCAPGP1,processed_pseudogene,Up
ENSG00000271947,6.488395101141931,1.3118232930475917,0.25484375068539206,5.14755919860501,2.6389773461486245e-07,5.998089348210586e-07,AC017076.1,lncRNA,Up
ENSG00000147488,35.4502827598417,1.2377112098079763,0.24049262223711754,5.146566236812185,2.65297815276472e-07,6.02732752016713e-07,ST18,protein_coding,Up
ENSG00000263154,11.401323362999939,1.318663795626809,0.25627231837215025,5.1455568982362285,2.667283391175914e-07,6.059292128300211e-07,AC110285.3,lncRNA,Up
ENSG00000271590,8.424888478845,1.1848227807325116,0.2304457530699217,5.141438993553565,2.726421834128404e-07,6.189070521024156e-07,AC108463.3,lncRNA,Up
ENSG00000162188,5.556587028623647,1.1191350220086533,0.21766990766486777,5.141431969235329,2.726523786224407e-07,6.189070521024156e-07,GNG3,protein_coding,Up
ENSG00000176635,9.071429841275265,1.5273440144450041,0.2971244291456311,5.1404188435020925,2.741267085691843e-07,6.22146596520302e-07,HORMAD2,protein_coding,Up
ENSG00000144158,4.302500068620201,1.2833828954458895,0.2498418746650002,5.136780602397856,2.7948491882849617e-07,6.34198202349836e-07,SNRPA1P1,processed_pseudogene,Up
ENSG00000227195,126.99148290254395,1.5509812026022054,0.3020653607830059,5.134588085776511,2.827626369089047e-07,6.413047850079829e-07,MIR663AHG,lncRNA,Up
ENSG00000138435,90.56382462199296,1.235853968895089,0.24070867808086335,5.13423104953415,2.832998935150452e-07,6.424127777101851e-07,CHRNA1,protein_coding,Up
ENSG00000150750,41.27049664915934,2.203574403372002,0.42946161831242685,5.131015926477824,2.881825225864242e-07,6.530915366624276e-07,C11orf53,protein_coding,Up
ENSG00000225465,28.324838566265143,1.2807572984907296,0.2496894038594086,5.129401883677368,2.9066421893161976e-07,6.585458762116001e-07,RFPL1S,lncRNA,Up
ENSG00000276545,10.52260031235189,1.1252973924456178,0.21939954770396058,5.128986838040341,2.9130570692933757e-07,6.599425680177519e-07,PCDHGB9P,unprocessed_pseudogene,Up
ENSG00000151025,95.74535998631261,1.5975042837204512,0.31149641394216104,5.128483707093582,2.920851714655664e-07,6.615379173363382e-07,GPR158,protein_coding,Up
ENSG00000179292,29.925122087111717,1.6248715780240846,0.31685950609190666,5.128050592721628,2.927577771523768e-07,6.629474094897532e-07,TMEM151A,protein_coding,Up
ENSG00000175189,8.79938845209738,1.1519810609381458,0.22474736741621879,5.125670988638301,2.964799533988803e-07,6.711805082037878e-07,INHBC,protein_coding,Up
ENSG00000108242,125.29733297927876,1.4833859687909792,0.28944047190929273,5.125012265927534,2.975183768579177e-07,6.733230001496129e-07,CYP2C18,protein_coding,Up
ENSG00000197549,5.085591609420446,1.7072610995432158,0.33328530449729,5.122521384848811,3.014768919888409e-07,6.819889887403049e-07,PRAMENP,transcribed_unprocessed_pseudogene,Up
ENSG00000185915,10.279976647811983,1.4639285142132499,0.28580182038458957,5.1221805104086195,3.0202255081016905e-07,6.831061553189946e-07,KLHL34,protein_coding,Up
ENSG00000078053,121.84293372650703,1.236273727477437,0.24135947937096375,5.1221262603790825,3.021094801057306e-07,6.83244167271708e-07,AMPH,protein_coding,Up
ENSG00000164220,124.96810351326187,1.2519509102258422,0.24444217628425918,5.12166488310905,3.0284976002702524e-07,6.847421908524955e-07,F2RL2,protein_coding,Up
ENSG00000213169,11.131110137993424,1.0430540476171006,0.2036582399718937,5.12159020799281,3.0296974083233267e-07,6.849547381471719e-07,AC069218.1,processed_pseudogene,Up
ENSG00000141579,673.874113706272,1.1177197421897511,0.21834897952722437,5.1189602287579765,3.0722473447356806e-07,6.942768230412194e-07,ZNF750,protein_coding,Up
ENSG00000069764,261.93677133533566,1.3181632620977504,0.257569904588714,5.117691308705438,3.0929827541325836e-07,6.987830296990767e-07,PLA2G10,protein_coding,Up
ENSG00000248874,28.996783938172445,2.289463483233731,0.44739119450639886,5.117363755358815,3.098357203060117e-07,6.999372864276132e-07,C5orf17,lncRNA,Up
ENSG00000279516,8.162533707901742,4.910915767356832,0.9605885222008224,5.112403129807695,3.180861108738068e-07,7.177760348915184e-07,FAM230C,lncRNA,Up
ENSG00000280217,16.33754796054527,2.057998528878368,0.4032500339288578,5.103529710406533,3.333761452913669e-07,7.509934180192505e-07,AC126564.1,TEC,Up
ENSG00000228044,13.76253083278246,1.8158029279349759,0.3558484920054607,5.10274166879738,3.347678348697681e-07,7.540640476224297e-07,AL160408.1,lncRNA,Up
ENSG00000205755,43.019014745214164,1.2817093912030444,0.2512517860926319,5.101294646042842,3.3733790946181953e-07,7.59593601956125e-07,CRLF2,protein_coding,Up
ENSG00000029534,122.08649319924416,1.1160121060015622,0.21878088448403726,5.101049429585741,3.3777532450817416e-07,7.604486730368438e-07,ANK1,protein_coding,Up
ENSG00000254634,5.614720605306566,1.2050063789072678,0.23622863254462467,5.101017458921439,3.378323938383997e-07,7.605122268668773e-07,SMG1P6,unprocessed_pseudogene,Up
ENSG00000282849,7.405097354039139,1.3760492868360392,0.2698193861323865,5.099890362069398,3.398502802891105e-07,7.648589136488728e-07,AL359834.1,lncRNA,Up
ENSG00000187066,4.07101570837634,1.0195379253533647,0.19993134838444063,5.099440050756487,3.406597391552367e-07,7.664844130992826e-07,TMEM262,protein_coding,Up
ENSG00000175877,20.442890504793187,1.3091805262530682,0.25673409151338006,5.099363775709696,3.4079703185193924e-07,7.667279011974779e-07,TMEM270,protein_coding,Up
ENSG00000215529,9.55213175629519,1.1218945002697183,0.22002051761851513,5.099044909143096,3.413715602787869e-07,7.679549602927496e-07,EFCAB8,protein_coding,Up
ENSG00000239142,4.100317268166988,4.16318180673466,0.8165823151714547,5.098300231815005,3.427169510691795e-07,7.709158065080837e-07,U8,snoRNA,Up
ENSG00000172548,38.81171015778241,1.2453730348482293,0.24430984375000095,5.09751476130697,3.441415880892176e-07,7.739223672106999e-07,NIPAL4,protein_coding,Up
ENSG00000279149,11.838628735582247,1.0890309409108239,0.21369721993360544,5.096139955630587,3.466488944309242e-07,7.792950849227171e-07,AL356750.1,TEC,Up
ENSG00000151631,4.522203215368237,1.4833399510682206,0.2911512933166004,5.0947393507032235,3.4922138069838637e-07,7.848106194832494e-07,AKR1C6P,unprocessed_pseudogene,Up
ENSG00000161798,3368.8401470085787,1.7192737449011943,0.3374888619091016,5.094312550570215,3.500089393884075e-07,7.865134837385858e-07,AQP5,protein_coding,Up
ENSG00000265845,5.265585173096245,1.4444083514360222,0.2836475797351982,5.092263973429503,3.5381302778107723e-07,7.947908290814385e-07,AC024267.4,lncRNA,Up
ENSG00000237751,3.3919301899953043,2.6241165838463645,0.5158064488154365,5.087405537237309,3.6299508610442563e-07,8.14931076159859e-07,LINC01143,lncRNA,Up
ENSG00000124253,62.88983212364438,2.5059074344500076,0.4927404531616972,5.085653955080631,3.663615046215318e-07,8.221858940456538e-07,PCK1,protein_coding,Up
ENSG00000239148,7.705075374354332,4.249423399803152,0.8358071729319431,5.084215040768941,3.691495222186259e-07,8.282543096150059e-07,U8,snoRNA,Up
ENSG00000248429,74.05848434685626,1.0060139523537404,0.19797912648888463,5.081414238941105,3.746351455732795e-07,8.403478044204985e-07,FAM198B-AS1,lncRNA,Up
ENSG00000261126,19.52847927063347,1.098387685516888,0.21616913237715585,5.08114953063929,3.7515765078233983e-07,8.414482649596241e-07,RBFADN,lncRNA,Up
ENSG00000202058,11.327137347262656,1.2011835421707708,0.2364343547794362,5.080410345997837,3.766204470317601e-07,8.446573556920832e-07,RN7SKP80,misc_RNA,Up
ENSG00000248238,3.6093824005883244,3.6888932386691486,0.7263900484925059,5.078391762558965,3.8064318146348875e-07,8.533889385472027e-07,LINC02438,lncRNA,Up
ENSG00000249375,4.164296567849274,1.1268799105052734,0.22219596551983764,5.071558828122221,3.9457025190158767e-07,8.830363695701321e-07,CASC11,lncRNA,Up
ENSG00000285904,6.456287351239286,1.2528331220024183,0.24708952329539663,5.0703611601721,3.97061488822224e-07,8.882347692774048e-07,AC006452.1,lncRNA,Up
ENSG00000080854,712.3168652635263,1.2000363569163464,0.2366843905103129,5.070196451607813,3.974052796053161e-07,8.887991318063983e-07,IGSF9B,protein_coding,Up
ENSG00000273216,8.565764486704161,1.073239289983865,0.21168355914903653,5.070017219562372,3.977797111091155e-07,8.894641721315505e-07,AC002059.1,lncRNA,Up
ENSG00000155380,1249.287829099669,1.0473852041679863,0.2065920604780697,5.069823117811293,3.981855906820985e-07,8.90296254560534e-07,SLC16A1,protein_coding,Up
ENSG00000268649,4.3350752191570585,1.7618459610052812,0.3476087746044867,5.068473783522669,4.0101820315939876e-07,8.965536258849806e-07,AL132655.2,lncRNA,Up
ENSG00000250102,6.891264644436628,4.867322067024527,0.9604451030639198,5.0677774830620335,4.0248751913695755e-07,8.996860116675061e-07,LINC02377,lncRNA,Up
ENSG00000258735,4.8506006856576676,1.2732157350097428,0.2512582903877146,5.067358108045129,4.0337497896216134e-07,9.015933374497538e-07,LINC00637,lncRNA,Up
ENSG00000118194,52.00828357967815,1.2525984356640163,0.24732412348153252,5.064602748941095,4.092528576936384e-07,9.141112872591263e-07,TNNT2,protein_coding,Up
ENSG00000273980,3.6745871088020374,1.1552380788687386,0.2284457958537548,5.056946110788981,4.2602355928331324e-07,9.500415440423654e-07,AL592071.1,lncRNA,Up
ENSG00000284727,9.63407648456708,1.6591356006151385,0.3281836580870214,5.055509498206645,4.292432634490583e-07,9.568978660200918e-07,AC116562.3,transcribed_unprocessed_pseudogene,Up
ENSG00000224401,4.8423273197537355,1.1800038881154118,0.23342643451094156,5.055142493127104,4.3006954416911354e-07,9.585777939091813e-07,RPL7P57,processed_pseudogene,Up
ENSG00000285730,4.631110202189392,1.3336284073726814,0.2639530146179177,5.052521977455573,4.360141677762785e-07,9.7133510215937e-07,Z94721.3,lncRNA,Up
ENSG00000254815,62.734192135694734,1.1061229131575885,0.21896807761329448,5.051525890047961,4.382945134412684e-07,9.761677634667439e-07,LMNTD2-AS1,lncRNA,Up
ENSG00000177138,15.593274909313202,2.2645483514033184,0.44858956584502385,5.048152083380516,4.4610397181680346e-07,9.93057718791922e-07,FAM9B,protein_coding,Up
ENSG00000261842,4.9895932118404245,1.0679405609280366,0.211644916047701,5.045906988322563,4.513749641296809e-07,1.0046216917707363e-06,AC073314.1,lncRNA,Up
ENSG00000239899,8.576102448154629,1.3980307184173868,0.2772506384906101,5.042479707273011,4.5953750215972933e-07,1.0221850638508699e-06,RN7SL674P,misc_RNA,Up
ENSG00000250891,7.118374239476405,1.6961425059932553,0.3366141614034957,5.038832884871138,4.6837921834864446e-07,1.0412375643107194e-06,LINC02208,lncRNA,Up
ENSG00000269927,8.345445848891924,1.4704303169847257,0.292247879398839,5.031449056223903,4.867864667319317e-07,1.0806094054820304e-06,AC004817.3,lncRNA,Up
ENSG00000165841,10.296906041470422,1.6190211392102751,0.3221212005134637,5.02612413162978,5.004919932661772e-07,1.1098195309812558e-06,CYP2C19,protein_coding,Up
ENSG00000257743,12.31646284101282,1.76381320057738,0.35094515028109374,5.025894214992378,5.010920666480137e-07,1.1108699283319143e-06,MGAM2,protein_coding,Up
ENSG00000274501,5.5571023151044,1.005916508816866,0.20017698598529407,5.025135651162044,5.030768133207763e-07,1.1150824213893309e-06,AL121845.4,lncRNA,Up
ENSG00000237463,35.36152672979982,1.5787137795465775,0.3142743110607673,5.023362470250778,5.077458750081812e-07,1.124796067403325e-06,LRRC52-AS1,lncRNA,Up
ENSG00000235677,9.371514445662818,1.007336658895758,0.20061453739182566,5.0212545511011575,5.133507322011982e-07,1.1367082717394908e-06,NPM1P26,processed_pseudogene,Up
ENSG00000126231,8.385910253465132,1.1047639210577338,0.22016360980934616,5.017922453281085,5.223325125065915e-07,1.1562082057247392e-06,PROZ,protein_coding,Up
ENSG00000102287,1229.1303504227392,1.0926242154067292,0.21783493783393304,5.015835504953268,5.280349237726017e-07,1.1686345732172477e-06,GABRE,protein_coding,Up
ENSG00000270115,7.179721263230808,1.2177083112900824,0.24282306583344299,5.014796708502692,5.30895677840153e-07,1.1747687358097537e-06,AL513327.2,lncRNA,Up
ENSG00000204531,146.6411084066167,1.1883802672818298,0.23702160366198236,5.013805699233158,5.336387554922593e-07,1.1803433972765371e-06,POU5F1,protein_coding,Up
ENSG00000276934,6.749778716375831,1.097420503848759,0.2191304308955768,5.008069848462616,5.497858423829029e-07,1.2152433079327034e-06,AC009704.2,lncRNA,Up
ENSG00000273338,7.201214011662551,1.1889634437869692,0.23744423528466257,5.007337585440083,5.518808474576941e-07,1.2196696234880483e-06,AC103591.3,lncRNA,Up
ENSG00000227028,13.230451251871573,1.3853522292146079,0.27669925500742504,5.006707478043022,5.536897444884038e-07,1.2235647835547815e-06,SLC8A1-AS1,lncRNA,Up
ENSG00000258754,53.3641707353808,1.4357372961239994,0.2867648745530407,5.006670703173731,5.537954932485869e-07,1.2236959239957463e-06,LINC01579,lncRNA,Up
ENSG00000240160,5.124815942219128,1.1425654934579559,0.22826444060571974,5.0054467109553205,5.573263009117409e-07,1.2312914339010227e-06,RN7SL263P,misc_RNA,Up
ENSG00000172551,26.939154241406346,1.8043862907900803,0.36054487400203117,5.004609469998775,5.597539502673009e-07,1.236240508253662e-06,MUCL1,protein_coding,Up
ENSG00000227201,19.321286190907202,1.0689785651368333,0.21367530749637853,5.002817488188011,5.649842589365589e-07,1.247165152197979e-06,CNN2P1,processed_pseudogene,Up
ENSG00000187726,96.61372308000176,1.0431638574627045,0.20856337530531152,5.001663671465035,5.683768381606984e-07,1.254234077179717e-06,DNAJB13,protein_coding,Up
ENSG00000267649,5.716011871963262,1.2131081710482967,0.2425467941531169,5.001542796242758,5.687333831960205e-07,1.254810852985196e-06,AC010327.5,lncRNA,Up
ENSG00000091010,7.7633361198105355,1.1929734173972497,0.23863317677311918,4.999193463076053,5.75706173941306e-07,1.2690271509514535e-06,POU4F3,protein_coding,Up
ENSG00000262837,3.8024166491224722,1.3012341163159395,0.2603422974371259,4.998166372216927,5.787803908272056e-07,1.2754837795515133e-06,AC027801.5,lncRNA,Up
ENSG00000279136,3.962303077746268,2.324824155191846,0.465252642013539,4.996906938841613,5.825716431620407e-07,1.2835169379382582e-06,AL031258.1,TEC,Up
ENSG00000250735,3.9775753808399017,3.9710352089313723,0.7949720923299197,4.995188192447089,5.877842063015797e-07,1.2940281783413472e-06,AC096759.2,lncRNA,Up
ENSG00000133519,117.73558854153379,1.095527709469257,0.21976306953825944,4.985040078713189,6.194897031890142e-07,1.361442076264214e-06,ZDHHC8P1,transcribed_unprocessed_pseudogene,Up
ENSG00000153253,120.41654026768236,1.5475526318964183,0.3105455817144324,4.9833348887233475,6.249764537275692e-07,1.3730424964422226e-06,SCN3A,protein_coding,Up
ENSG00000205143,4.8420439751304425,1.2893690300575087,0.2588543923773743,4.9810591128690795,6.323721770064423e-07,1.3884807916452856e-06,ARID3C,protein_coding,Up
ENSG00000287408,5.770071713581122,1.3695169444761033,0.27526900138622035,4.975194945959722,6.518200819220605e-07,1.4297534154287752e-06,AC027811.1,lncRNA,Up
ENSG00000184709,16.618710470819135,1.7351483372699719,0.3491446086012163,4.969712533215176,6.705223743796823e-07,1.4691877866549418e-06,LRRC26,protein_coding,Up
ENSG00000284505,4.17322318436958,1.5288068297647677,0.3077697378294008,4.967372167734689,6.786626592213819e-07,1.4865299712324812e-06,LYNX1-SLURP2,protein_coding,Up
ENSG00000231690,6.395772564716529,1.1064630323023343,0.2229297662450018,4.9632808168215705,6.931225306919451e-07,1.5171944163979906e-06,LINC00574,lncRNA,Up
ENSG00000179799,20.38688675847472,1.78352100846461,0.35952105724742034,4.960824887753935,7.019445078815767e-07,1.5358676296745088e-06,OR7E22P,transcribed_unprocessed_pseudogene,Up
ENSG00000254990,5.348099960296052,1.5526156974575764,0.3130691915168975,4.959337231283507,7.073408501501468e-07,1.5470331109280396e-06,AP001781.1,lncRNA,Up
ENSG00000257964,4.540320693506378,1.1779789190093073,0.23756267285288568,4.958602733598593,7.100198931923462e-07,1.5525061843683392e-06,AC020612.3,lncRNA,Up
ENSG00000229996,4.517862424397062,1.47571699909843,0.2980729985311696,4.950857697176196,7.388711768627172e-07,1.6137181492355353e-06,AC093585.1,lncRNA,Up
ENSG00000248449,8.80096569996971,1.304441318785966,0.26362003295847863,4.948187374634846,7.490778199066316e-07,1.635144041921475e-06,PCDHGB8P,transcribed_unitary_pseudogene,Up
ENSG00000273108,22.95634514150744,1.3146879481341158,0.2656939579544685,4.948128885789009,7.493028920154452e-07,1.6354177505750116e-06,AL121929.2,lncRNA,Up
ENSG00000263413,4.116858321311317,1.7044389991905289,0.3444994499586403,4.947581191770145,7.514136481664675e-07,1.6397532193106377e-06,MIR4538,miRNA,Up
ENSG00000235295,5.208950733427521,1.901109494434731,0.38456119080142376,4.943581255489738,7.670035978452503e-07,1.67225174660432e-06,LINC01634,lncRNA,Up
ENSG00000249210,5.298397334251636,1.0162377336227624,0.20560364314604646,4.942702950554714,7.704683170577113e-07,1.6795279425321856e-06,GAPDHP38,processed_pseudogene,Up
ENSG00000178248,5.50611187487858,1.9792287646053557,0.4004377408659523,4.942662897671047,7.706266757453979e-07,1.6796705565139285e-06,FAM230I,lncRNA,Up
ENSG00000164304,6.214567464670213,1.134259615762076,0.2298598523180936,4.9345703667834115,8.03273821493213e-07,1.748871422785339e-06,CAGE1,protein_coding,Up
ENSG00000133710,1292.6508344305435,1.4374178767637336,0.29131581242669863,4.934225385123642,8.046947550621987e-07,1.7518204153380813e-06,SPINK5,protein_coding,Up
ENSG00000288600,5.548129410156748,1.118405706656287,0.22682335319138974,4.930734383917669,8.192105987322248e-07,1.782832672160499e-06,AL354833.2,lncRNA,Up
ENSG00000271216,6.295037262778394,1.4119129763888332,0.2864378588825012,4.929212157559136,8.256187909319818e-07,1.7955931972681537e-06,LINC01050,lncRNA,Up
ENSG00000186510,44.03306116320574,1.2071978567481028,0.24502111129260776,4.926913645846825,8.353865217760729e-07,1.8160875992774148e-06,CLCNKA,protein_coding,Up
ENSG00000274363,5.8243038775070675,1.0946915392151808,0.22219505685753296,4.9267141884127295,8.36239362160611e-07,1.8177917715089695e-06,AC087742.1,lncRNA,Up
ENSG00000247402,2.4082241497544166,3.298167926368742,0.6694640996442901,4.9265792267593955,8.36816906964e-07,1.8188817939205662e-06,AC099487.1,lncRNA,Up
ENSG00000009765,605.6462324167553,1.339279973206192,0.2719022690531454,4.925593220939319,8.410480170221461e-07,1.8277926659695066e-06,IYD,protein_coding,Up
ENSG00000214842,4.9574344510728245,1.5173226478961137,0.30811818834923005,4.92448256957923,8.458386757328717e-07,1.8377495162788024e-06,RAD51AP2,protein_coding,Up
ENSG00000286667,5.9667595635111175,1.6962821495994709,0.34455924892847073,4.923049242981177,8.520600067891776e-07,1.8511140533061963e-06,AC010641.2,lncRNA,Up
ENSG00000254528,24.035986716182087,1.2852150488089427,0.2612643644665227,4.919212964359802,8.689288877356671e-07,1.8853645150400705e-06,AP000757.1,lncRNA,Up
ENSG00000269043,5.251244350902407,1.682483602948978,0.3420246769421933,4.919187755664016,8.690407918207074e-07,1.8853645150400705e-06,AC008554.1,lncRNA,Up
ENSG00000223519,14.940481881073639,1.1557883775705637,0.23506857120174163,4.916813726572736,8.796417835462467e-07,1.907578440140997e-06,KIF28P,transcribed_unitary_pseudogene,Up
ENSG00000260302,28.006261062748827,1.3554493308684266,0.27571032469020423,4.916208097725201,8.823660299518149e-07,1.9131715350953263e-06,LINC01882,lncRNA,Up
ENSG00000262152,53.06571888050659,1.1186862273909781,0.2276522585548933,4.91401330473175,8.923069043525946e-07,1.9332949690064845e-06,LINC00514,protein_coding,Up
ENSG00000086696,203.09628438762,1.5557878720775817,0.31689967251683965,4.909401955897916,9.135455870471196e-07,1.9778486970798475e-06,HSD17B2,protein_coding,Up
ENSG00000225087,5.063763269609483,3.209344244155033,0.6537469466585636,4.909153703215988,9.14702675259883e-07,1.9801912442823344e-06,AL583808.1,lncRNA,Up
ENSG00000206633,6.4035606117149655,1.8382220724223763,0.3747691940084994,4.904944434628976,9.345379094587787e-07,2.0213061575154194e-06,SNORA80B,snoRNA,Up
ENSG00000266717,5.183097974667202,1.1936102246993885,0.24341994861304153,4.9035020814865105,9.414294470826977e-07,2.0358778513671266e-06,AC134407.1,lncRNA,Up
ENSG00000233041,9.609056270419037,2.2347317688955983,0.45575701791179674,4.903340335020555,9.422053128632343e-07,2.037388610102787e-06,PHGR1,protein_coding,Up
ENSG00000261404,10.120651891526396,1.4095681621057392,0.2875073432330877,4.902720557516249,9.451839655096076e-07,2.043661952319478e-06,AC138627.1,lncRNA,Up
ENSG00000229409,10.049028795809155,1.0627871287020694,0.2168557781119694,4.900893755080482,9.540164190859936e-07,2.0615760854951774e-06,AL117328.1,processed_pseudogene,Up
ENSG00000172724,1059.2761453647843,1.0996049991849874,0.2245549865985131,4.8968184400687385,9.740075283002835e-07,2.1035690844617915e-06,CCL19,protein_coding,Up
ENSG00000095739,1189.3268106309986,1.1245329805927888,0.2296537729856717,4.896644918883825,9.748676108381713e-07,2.105254188666168e-06,BAMBI,protein_coding,Up
ENSG00000215196,14.216489722181754,1.3140555427141425,0.26840192397424695,4.895849937499798,9.788174062785255e-07,2.1130916908362437e-06,BASP1-AS1,lncRNA,Up
ENSG00000141314,51.296580964822525,1.144569524093811,0.23420656621326952,4.8870086889517905,1.023795772153629e-06,2.2067594009883277e-06,RHBDL3,protein_coding,Up
ENSG00000236268,4.052895551122742,1.9253732074636487,0.3939868674571598,4.886896915854701,1.0243769380594508e-06,2.207651181483141e-06,LINC01361,lncRNA,Up
ENSG00000139910,212.86847440253948,1.2139812691481917,0.24844920832904288,4.88623520804466,1.0278240076938376e-06,2.214718016251552e-06,NOVA1,protein_coding,Up
ENSG00000183778,121.42143790179034,1.6266408960360084,0.3329416475370917,4.885663623247347,1.0308105796913382e-06,2.2207904400703093e-06,B3GALT5,protein_coding,Up
ENSG00000235272,14.449034276383928,1.0295200508703517,0.21074470651453825,4.885152599547406,1.0334877862882844e-06,2.2261944881900067e-06,RAMACL,protein_coding,Up
ENSG00000227589,4.886065009513924,1.2432052184222577,0.2545503358040789,4.883926844940885,1.0399367093321456e-06,2.238257511025847e-06,TP73-AS3,lncRNA,Up
ENSG00000187682,3.7969015787436686,1.3040174294237719,0.2670118710167094,4.883743275002807,1.0409058332827605e-06,2.239880333536884e-06,ERAS,protein_coding,Up
ENSG00000279845,5.791176789957406,1.0761614891420201,0.22042667548129385,4.882174477259885,1.0492235469046197e-06,2.256772017281796e-06,AC097372.2,TEC,Up
ENSG00000152578,12.471434359812374,1.2064177224079293,0.24710837463360388,4.882140171075653,1.0494061499733379e-06,2.2568974975108795e-06,GRIA4,protein_coding,Up
ENSG00000254416,20.309021848764004,1.3923016910662394,0.2851943550793211,4.881939864058664,1.050472943955621e-06,2.2589065915444613e-06,LINC02732,lncRNA,Up
ENSG00000073734,14.226838914873472,1.3002202816537707,0.2665458325970735,4.878036429927084,1.0714713859481336e-06,2.302934260938323e-06,ABCB11,protein_coding,Up
ENSG00000174255,9.822840329422016,1.1315181010756465,0.23203642432257449,4.876467582100914,1.080024277837588e-06,2.3207496908879723e-06,ZNF80,protein_coding,Up
ENSG00000188365,5.060377985382047,1.1679920996803062,0.23955302729134056,4.875714211951131,1.0841547425455545e-06,2.3294353915852907e-06,AC092171.1,lncRNA,Up
ENSG00000265465,4.872002805964639,1.5830113025560086,0.32476254833232615,4.874365319168914,1.0915882563490197e-06,2.3450250362463263e-06,MIR4768,miRNA,Up
ENSG00000232306,7.928856474712142,2.0624434946823826,0.4232335157070538,4.873062784824271,1.0988128308957495e-06,2.3595842305147326e-06,AC012485.2,lncRNA,Up
ENSG00000111432,262.72190238478004,1.551554639085512,0.3184058349231361,4.872883813388849,1.0998090936808422e-06,2.3615312922696692e-06,FZD10,protein_coding,Up
ENSG00000244490,5.106701924186693,1.0467358901230954,0.21504271046524692,4.867572064444651,1.129776399295562e-06,2.4241011919791675e-06,RWDD4P1,processed_pseudogene,Up
ENSG00000233765,4.706734292724003,1.4052761639519584,0.28887073559912785,4.864723181589742,1.1461710887239716e-06,2.4584782503376552e-06,CDRT15P12,unprocessed_pseudogene,Up
ENSG00000092345,4.28639249102328,1.6607408121603264,0.3417734050029494,4.859186782382891,1.1786889436708643e-06,2.526172581648301e-06,DAZL,protein_coding,Up
ENSG00000249158,95.2366168651861,1.0115216997104972,0.20818127604687114,4.858850512006456,1.1806923491139527e-06,2.5302606457647246e-06,PCDHA11,protein_coding,Up
ENSG00000276168,4844.299209416237,1.0199953777790305,0.2100242456794435,4.856560129423497,1.1944252231551068e-06,2.558235309827824e-06,RN7SL1,misc_RNA,Up
ENSG00000233380,5.441944111662096,1.0016422430502558,0.2065195404208501,4.85010881299216,1.233937632432103e-06,2.639861704302657e-06,RPS2P48,processed_pseudogene,Up
ENSG00000218350,5.1629373904956095,1.1804327028365154,0.24344347366935476,4.848898535024112,1.2414889925597966e-06,2.655370649184998e-06,LYPLA1P3,processed_pseudogene,Up
ENSG00000230010,6.081539127634863,1.2960415518917705,0.2673469759185777,4.8477883373795425,1.2484549940169083e-06,2.669620352921332e-06,AL049646.1,lncRNA,Up
ENSG00000211898,4519.822068246435,1.5171111248474425,0.3130178276862482,4.846724341746155,1.255166373679098e-06,2.683536344569305e-06,IGHD,IG_C_gene,Up
ENSG00000229298,6.1185710658065435,1.1330887138834083,0.2337857927011735,4.846696203356247,1.2553443327892881e-06,2.6836992343456443e-06,TUBB8P1,processed_pseudogene,Up
ENSG00000288029,2.868749817755916,2.4216224221693405,0.4997666451148466,4.8455062894660585,1.2628921078803322e-06,2.6987410765643726e-06,AC115282.2,lncRNA,Up
ENSG00000165899,32.54406267580334,1.2451622083340448,0.257231716783162,4.840624725074926,1.2943159053698923e-06,2.7629814963655844e-06,OTOGL,protein_coding,Up
ENSG00000228318,8.056044036343163,1.1786803264147045,0.2435998718448498,4.8385917344218194,1.3076233961723633e-06,2.790033898945321e-06,AP001610.2,lncRNA,Up
ENSG00000256812,24.471109568561946,1.6913045226826922,0.34989117537473013,4.83380159808638,1.3395008947256842e-06,2.8559701321083676e-06,CAPNS2,protein_coding,Up
ENSG00000241280,4.528300933825024,1.6532142162735304,0.34228080468169086,4.829993951343434,1.3653719813331222e-06,2.909248476709311e-06,AC106712.1,lncRNA,Up
ENSG00000274840,4.54517082936717,3.357787033748,0.6952865133373696,4.829357350296714,1.369743996399204e-06,2.9183282851294343e-06,AC132807.2,lncRNA,Up
ENSG00000263740,41.37583991862916,1.2178403471247228,0.25221748422839185,4.828532608873084,1.3754281353862115e-06,2.9290188104768153e-06,RN7SL4P,misc_RNA,Up
ENSG00000282977,4.120959456353486,1.1573114349924662,0.23980025927368184,4.8261475550434545,1.3919939308001247e-06,2.963578229872379e-06,PCBP2-OT1,lncRNA,Up
ENSG00000258732,12.117662551829572,1.3088342088876384,0.27139920945592505,4.822542451436992,1.4173985095207679e-06,3.013771867123258e-06,AC025884.1,unprocessed_pseudogene,Up
ENSG00000211672,28.081484996695476,1.5440478691061088,0.32032236194710684,4.820293718242092,1.433470125787232e-06,3.046470600983987e-06,IGLV4-3,IG_V_gene,Up
ENSG00000266602,28.004886761589407,2.228676211612395,0.4624339914306175,4.819447213898809,1.4395653421924842e-06,3.0584384525955374e-06,AP005262.1,lncRNA,Up
ENSG00000081138,15.620063211119954,1.9059364910405574,0.39564836929075203,4.81724844325071,1.455514151740007e-06,3.09057961038602e-06,CDH7,protein_coding,Up
ENSG00000230897,41.26284921721898,1.0380854185900583,0.21570129044555864,4.812606435713759,1.4897448527007831e-06,3.160718623036419e-06,RPS18P12,processed_pseudogene,Up
ENSG00000196859,10.887105809509384,1.2787932184682562,0.265752582789733,4.811969106919478,1.4945045933787676e-06,3.170306984747655e-06,KRT39,protein_coding,Up
ENSG00000207445,6.357548350724945,1.0851702139545765,0.2255259798584526,4.811730403014608,1.496291058435841e-06,3.1735860380401455e-06,SNORD15B,snoRNA,Up
ENSG00000259424,3.987007628503556,1.2725373801115596,0.2646028185692905,4.809235921945877,1.5150830638700945e-06,3.2124097768155015e-06,IRAIN,lncRNA,Up
ENSG00000115009,1717.3545866947532,1.292716969855272,0.26881444413012306,4.808956505438062,1.517202106358431e-06,3.216644118401015e-06,CCL20,protein_coding,Up
ENSG00000204528,44.81503210287538,1.5715086679611734,0.3268097038728057,4.808635267980917,1.5196418322000268e-06,3.221557610347673e-06,PSORS1C3,lncRNA,Up
ENSG00000232879,7.013205052952041,1.1095096943483853,0.2310056543367657,4.802954704870189,1.5634126158433615e-06,3.312219063211171e-06,GLRX5P2,processed_pseudogene,Up
ENSG00000127588,4.546766612835175,1.4559381571135221,0.30339612880665223,4.798802683607608,1.5961694688145027e-06,3.3789025361353807e-06,GNG13,protein_coding,Up
ENSG00000211749,4.010937986019879,1.4260330086115578,0.2975084522628487,4.793252083311091,1.640992146122398e-06,3.470122934948579e-06,TRBV23-1,TR_V_gene,Up
ENSG00000109472,7482.190375780932,1.0174137157436167,0.21232048062299622,4.791877414549436,1.6522785104480519e-06,3.4929120026066316e-06,CPE,protein_coding,Up
ENSG00000215808,82.09499005296078,1.580303992970734,0.3300406906086501,4.78820956911825,1.6827587196095313e-06,3.556491739689296e-06,LINC01139,lncRNA,Up
ENSG00000107954,145.489674444441,1.3156576660311015,0.2748184001485498,4.7873710978593085,1.6898020190698998e-06,3.57080529232096e-06,NEURL1,protein_coding,Up
ENSG00000163485,448.91104576939847,1.0939274523801346,0.22858184644839474,4.785714479855261,1.7038012718205686e-06,3.5992341214378273e-06,ADORA1,protein_coding,Up
ENSG00000111537,41.48105374307528,1.2002085005919252,0.2508077468565921,4.785372523912451,1.7067048174917504e-06,3.604790231258106e-06,IFNG,protein_coding,Up
ENSG00000129151,55.2790827369443,1.309572478292138,0.27368470202052986,4.784967769933678,1.7101477267584135e-06,3.6117728299390803e-06,BBOX1,protein_coding,Up
ENSG00000241135,20.996782150447782,1.0039190061115024,0.20982891407667642,4.7844645745278305,1.7144373045378575e-06,3.6202523799378044e-06,LINC00881,lncRNA,Up
ENSG00000280057,4.959473545495072,1.0229676994791788,0.21393765353486516,4.781615964169052,1.7389164310446947e-06,3.6690051437548885e-06,AL022069.2,TEC,Up
ENSG00000272046,4.181810470551938,4.24408949118629,0.8876048726328895,4.7815076528333025,1.7398537863174247e-06,3.670395547615239e-06,AL445647.1,lncRNA,Up
ENSG00000115919,1995.8828979186776,1.1957046710153907,0.25023976966088357,4.778235979979398,1.7683976816231721e-06,3.727927641250544e-06,KYNU,protein_coding,Up
ENSG00000275491,16.507888101046024,1.0623427440278195,0.22246798236962115,4.775261287994161,1.7947407186987192e-06,3.781042801956158e-06,LINC01730,lncRNA,Up
ENSG00000230832,5.57255896207804,1.2745973081917374,0.2669982085943627,4.773804719147651,1.8077768130116926e-06,3.807897959830524e-06,SSBL4P,processed_pseudogene,Up
ENSG00000120251,6.803677809494115,1.5579028836893472,0.3264502063848279,4.772252714868408,1.8217671517842376e-06,3.835528925552922e-06,GRIA2,protein_coding,Up
ENSG00000116299,5247.897338060143,1.1876117816115443,0.24890306151212876,4.77138278009358,1.8296545044055883e-06,3.8512124266583145e-06,ELAPOR1,protein_coding,Up
ENSG00000261670,5.20103760816878,1.1807450047777734,0.24781933829701133,4.764539413637895,1.8928551733458466e-06,3.979795161946258e-06,AC012213.2,lncRNA,Up
ENSG00000286071,5.147392221202712,1.16325073990508,0.24427242591376544,4.762104177553541,1.915847280892536e-06,4.02749464262884e-06,AL136171.2,lncRNA,Up
ENSG00000160716,17.07888169784798,1.2536138148456455,0.2633130158293664,4.760926120180931,1.9270658907020436e-06,4.050404346786532e-06,CHRNB2,protein_coding,Up
ENSG00000271754,3.511672520737742,1.099897290146013,0.2310458455629639,4.760515331777616,1.9309926379520626e-06,4.057069226579229e-06,AL355802.3,lncRNA,Up
ENSG00000254656,6.471907662415711,2.7147860576943166,0.5703582053604219,4.759791359499744,1.9379318453747468e-06,4.069703174526724e-06,RTL1,protein_coding,Up
ENSG00000164393,22.548938342982026,1.504331899737355,0.3162477651241237,4.7568143260930915,1.9667190650891436e-06,4.128513114663327e-06,ADGRF2,protein_coding,Up
ENSG00000101542,25.95093508224973,1.39071048335374,0.29236738493371367,4.756722380880637,1.967614661172431e-06,4.130064364810714e-06,CDH20,protein_coding,Up
ENSG00000233377,11.294663207815217,1.9471171300750554,0.4094310195429967,4.755665880539317,1.9779337017405765e-06,4.150402778300231e-06,MTND4P20,processed_pseudogene,Up
ENSG00000228824,15.622309321109924,1.4130172773520355,0.29734987959483666,4.75203581476941,2.0137869041150923e-06,4.221604313658874e-06,MIR4500HG,lncRNA,Up
ENSG00000218631,5.737828973231073,1.08495990924989,0.22831850765188513,4.751957782170323,2.014564423908008e-06,4.222779061648813e-06,AL117344.1,processed_pseudogene,Up
ENSG00000276030,8.851788381018038,1.0513089384533032,0.22130558265565073,4.750485395974531,2.0292895045644914e-06,4.251399399012127e-06,AC073534.2,lncRNA,Up
ENSG00000261192,36.11648409951436,1.2542067505537642,0.2640601548660582,4.749700882323377,2.037177452660269e-06,4.26690781784363e-06,RNF126P1,transcribed_processed_pseudogene,Up
ENSG00000287925,7.788196487247742,1.1865533245167665,0.24985429507179424,4.748981097866727,2.044440476674533e-06,4.28076031204601e-06,AL353576.1,lncRNA,Up
ENSG00000140839,8.231681494385368,1.1003666327378838,0.23171269213829376,4.748840568824554,2.0458613917249937e-06,4.283395387041531e-06,CLEC18B,protein_coding,Up
ENSG00000225689,10.478897663033012,1.4155624573392853,0.2981880504539142,4.747213898023269,2.0623781538047772e-06,4.316605438196046e-06,AL008633.1,lncRNA,Up
ENSG00000144908,214.0566934468077,1.2414783303154717,0.26176953821638815,4.74263865373526,2.1095235037626305e-06,4.412479955121803e-06,ALDH1L1,protein_coding,Up
ENSG00000172717,10.363069132022256,1.0850253311664835,0.22897703086640564,4.738577171085473,2.1522406489518397e-06,4.498976291150219e-06,FAM71D,protein_coding,Up
ENSG00000255692,10.836913016379295,1.544193341803026,0.3259998526651379,4.73679153281458,2.1712831136830934e-06,4.536264911093581e-06,AC002563.1,lncRNA,Up
ENSG00000240498,88.94733736104662,1.0012445554362257,0.21141597262017278,4.735898347827526,2.180868854413834e-06,4.555569684006085e-06,CDKN2B-AS1,lncRNA,Up
ENSG00000147041,275.0789575630546,1.182487284619369,0.2498475903913265,4.73283445626706,2.2140605870081023e-06,4.623438207111471e-06,SYTL5,protein_coding,Up
ENSG00000180438,16.396404298141793,1.5319091191312322,0.3237049932064111,4.732423506839165,2.218549208776543e-06,4.632077801697343e-06,TPRXL,transcribed_processed_pseudogene,Up
ENSG00000188822,49.21379332808969,1.0744170785249916,0.22706588079053078,4.7317416195881306,2.2260164526476413e-06,4.646564858411961e-06,CNR2,protein_coding,Up
ENSG00000238151,4.361269399039342,1.0382417543841551,0.21946213246989443,4.730846924248218,2.235850741622622e-06,4.665984809796497e-06,MLLT10P1,processed_pseudogene,Up
ENSG00000250056,145.10481710466559,1.1605300913188685,0.24536428359593998,4.729824872270333,2.2471359585193674e-06,4.688051837512319e-06,LINC01018,lncRNA,Up
ENSG00000117215,473.84130546338696,1.158939842268982,0.24514579142545787,4.727553491863164,2.27241209838269e-06,4.73703612919775e-06,PLA2G2D,protein_coding,Up
ENSG00000286225,4.418437760384492,1.7711772632484049,0.37508670569353497,4.722047559572926,2.3348206458864487e-06,4.861367582473403e-06,AC079163.2,lncRNA,Up
ENSG00000163121,50.97546640214414,1.060220611801956,0.2246609518056309,4.719202884528075,2.3677058876859888e-06,4.9271152350283715e-06,NEURL3,protein_coding,Up
ENSG00000152595,8.735948207170006,1.6612471137367812,0.3525296172209739,4.71236183453906,2.448620968190732e-06,5.090676043140145e-06,MEPE,protein_coding,Up
ENSG00000144671,5.666627725842045,1.1946814101631937,0.2535557837042735,4.711710349137889,2.4564636216160083e-06,5.1061757608398345e-06,SLC22A14,protein_coding,Up
ENSG00000248409,12.574321684762168,1.3719703330465078,0.2912807107707458,4.710131094558902,2.4755750659256517e-06,5.145090990578455e-06,AP000344.2,unprocessed_pseudogene,Up
ENSG00000182968,6.875472618589152,3.3407480306055453,0.710810643994536,4.699912781034868,2.602726274728767e-06,5.399141902501384e-06,SOX1,protein_coding,Up
ENSG00000161509,83.45406776852944,1.0877221712745269,0.23144904925422805,4.699618230359427,2.60648288549669e-06,5.406084134855098e-06,GRIN2C,protein_coding,Up
ENSG00000152931,39.10884429964066,1.9043126157835966,0.4053123598171606,4.698382789616004,2.6222960918051203e-06,5.437171563209704e-06,PART1,lncRNA,Up
ENSG00000196436,137.39717951758269,1.3074639353194424,0.2783480721590462,4.697226480420408,2.6371798325124008e-06,5.467172341458492e-06,NPIPB15,protein_coding,Up
ENSG00000242512,5.518121777249947,1.8145166463225384,0.3863146994794225,4.696990947452132,2.64022148131021e-06,5.472187413514913e-06,LINC01206,lncRNA,Up
ENSG00000112818,21.55012886394954,1.0882497492947067,0.23169899544106187,4.6968254964727665,2.6423601114048175e-06,5.4754920173233435e-06,MEP1A,protein_coding,Up
ENSG00000173262,35.08552871965651,1.1376941132096667,0.24234322462512875,4.694557130571821,2.671849337134301e-06,5.533825559239044e-06,SLC2A14,protein_coding,Up
ENSG00000178715,43.01736265550627,1.0060720841951614,0.21451485941755796,4.689987849451583,2.732212728447155e-06,5.656182261669923e-06,AL450998.1,processed_pseudogene,Up
ENSG00000234036,4.640363812747339,1.3168017858235266,0.28104501572691354,4.685376762216055,2.7944540279600723e-06,5.779135182911702e-06,TXNP6,processed_pseudogene,Up
ENSG00000278071,8.81748656561499,1.2559549831487213,0.2682043220458639,4.682829022173432,2.8294251146319546e-06,5.847789033062516e-06,AL161669.3,lncRNA,Up
ENSG00000215146,133.833727877794,1.0385239271979727,0.22178201628252445,4.682633626502043,2.832124446317403e-06,5.851991980049359e-06,BX322639.1,transcribed_unprocessed_pseudogene,Up
ENSG00000285966,5.710989775815164,1.194560643832313,0.2553126930629008,4.67881416118239,2.8853881050542426e-06,5.958315139411149e-06,AC007686.4,lncRNA,Up
ENSG00000107147,44.07252736734046,1.2310783800162932,0.2634804146842908,4.672371498623167,2.9774179590453884e-06,6.141142868989198e-06,KCNT1,protein_coding,Up
ENSG00000163273,6.414245774473793,1.4579971815561674,0.31214753800023637,4.670859142112033,2.999425724732861e-06,6.185567870587749e-06,NPPC,protein_coding,Up
ENSG00000230212,9.054518932904477,1.0328618311473203,0.22114032514112245,4.6706173127320465,3.0029592591404258e-06,6.191886438621709e-06,AP000688.1,lncRNA,Up
ENSG00000263338,3.7212767267879627,1.2311630867856589,0.2639024861183023,4.665219736633147,3.082874193414097e-06,6.352195068005136e-06,AC027796.5,lncRNA,Up
ENSG00000116031,564.0790940601722,1.3887158025819861,0.29810515662164555,4.658476285079971,3.185584959730665e-06,6.555632541602748e-06,CD207,protein_coding,Up
ENSG00000233338,30.357079662894453,1.7054893705952674,0.3661784544894962,4.657536099367062,3.2001632181273066e-06,6.5851193181441335e-06,TLR8-AS1,lncRNA,Up
ENSG00000224810,4.70627071029086,1.7959374707404514,0.3856003010417315,4.65751055144038,3.2005602488275954e-06,6.585422422096105e-06,AL355482.1,lncRNA,Up
ENSG00000253347,4.192860868245919,1.1337175952893508,0.24345125160781886,4.656856712799663,3.2107374007235078e-06,6.605847332221182e-06,AC040934.1,lncRNA,Up
ENSG00000279039,11.112017915546605,1.3088954850218,0.2810812530024118,4.656644550430295,3.214046422524742e-06,6.612139503977021e-06,AC011447.6,TEC,Up
ENSG00000125787,9.327955570736751,1.3860731482337931,0.2976913230376402,4.656075071622217,3.2229445639977676e-06,6.628893857937846e-06,GNRH2,protein_coding,Up
ENSG00000236283,36.11090171116429,1.0955277968855013,0.2353595853546219,4.654698024024998,3.2445587675161843e-06,6.672308718661919e-06,AC019197.1,lncRNA,Up
ENSG00000224067,6.369243608035834,1.0671438153178787,0.2292755551460863,4.654416013246298,3.249002340449298e-06,6.680925742174672e-06,AL354877.1,processed_pseudogene,Up
ENSG00000056487,8.780664880755126,1.3945456414554604,0.2998263574519941,4.6511776126244815,3.300449163366826e-06,6.7835420450493535e-06,PHF21B,protein_coding,Up
ENSG00000266936,8.350296316267466,1.010443458637342,0.21729278948751837,4.650147209304354,3.316981859203662e-06,6.814832312357544e-06,AC011442.1,lncRNA,Up
ENSG00000187783,17.794974798958755,1.2525223090189546,0.26970808600997154,4.6439924273262125,3.4174009263786727e-06,7.012985403004326e-06,TMEM72,protein_coding,Up
ENSG00000261272,45.489024951209075,1.4161829137768456,0.3054280999995036,4.63671454518804,3.5399074382338047e-06,7.2542243663526135e-06,MUC22,protein_coding,Up
ENSG00000235621,22.031122394550582,1.1611174718153536,0.25042838226858327,4.636525066755654,3.5431524453697494e-06,7.260310046188537e-06,LINC00494,lncRNA,Up
ENSG00000269919,9.081976593448577,1.0582588850770696,0.22829296059109558,4.635530076516719,3.5602395126193755e-06,7.29248997574747e-06,AL022067.1,lncRNA,Up
ENSG00000240322,7.264635886287674,1.0221278587502276,0.22049826154144714,4.635537040540783,3.5601196446362447e-06,7.29248997574747e-06,RN7SL481P,misc_RNA,Up
ENSG00000007062,1477.0843039902577,1.4130944947078503,0.3049379124267249,4.634040036092299,3.5859759578839623e-06,7.343495069457179e-06,PROM1,protein_coding,Up
ENSG00000239917,4.695594344803137,1.003759056707598,0.2170176555851308,4.625241453287415,3.7416227156608096e-06,7.643832585371517e-06,RPS10P16,unprocessed_pseudogene,Up
ENSG00000279565,3.7229728389303265,1.5982966330620574,0.3455667205432774,4.625146283037092,3.743341164714955e-06,7.64615852157501e-06,AL121835.2,TEC,Up
ENSG00000284928,16.32502446358466,1.7799317111960702,0.384858283468371,4.6249016525127,3.747761827492434e-06,7.65459525915696e-06,AL445205.1,lncRNA,Up
ENSG00000167759,263.7157413224229,1.5696222477550041,0.339432425086279,4.62425546809804,3.75946296178823e-06,7.677899496774754e-06,KLK13,protein_coding,Up
ENSG00000285534,14.949394710943343,2.082857774894528,0.4505031615423408,4.623403235980995,3.774948778160913e-06,7.70833198699886e-06,AL163541.1,lncRNA,Up
ENSG00000282935,14.652371274466077,2.3722236195187607,0.5131188663272607,4.623146360800125,3.779628409536869e-06,7.717290062678067e-06,DUX4L34,unprocessed_pseudogene,Up
ENSG00000253649,30.33667421852945,1.2093903546869131,0.26184562280016815,4.6187151870393475,3.861234161919497e-06,7.877813914879468e-06,PRSS51,protein_coding,Up
ENSG00000179165,4.415974002184396,1.026557460375542,0.22227957627302034,4.618316615444002,3.868656592982856e-06,7.891736238644538e-06,PXT1,protein_coding,Up
ENSG00000203811,4.011322057719178,1.6099023603677005,0.34861955658559646,4.617934737038832,3.8757809816112475e-06,7.905657834552025e-06,H3C14,protein_coding,Up
ENSG00000229314,452.01710520005093,1.346273158901022,0.2919492114612487,4.611326580273079,4.001073710778619e-06,8.150507049303374e-06,ORM1,protein_coding,Up
ENSG00000159904,4.761540147205893,1.1118042795877054,0.24115243785183285,4.610379598446407,4.01934373105332e-06,8.185195319165654e-06,ZNF890P,transcribed_unprocessed_pseudogene,Up
ENSG00000260592,13.344374646545935,1.0199207320977233,0.22124685073344272,4.609876835383838,4.0290759513598634e-06,8.203114023885083e-06,AC130456.3,lncRNA,Up
ENSG00000230716,7.616083835951212,1.0079563352248773,0.2187898903231085,4.606960283842773,4.085980057748436e-06,8.315117620221196e-06,KRT8P7,processed_pseudogene,Up
ENSG00000283635,6.755621321002057,1.2244753602046117,0.2659291556936893,4.604517158002128,4.13423932859599e-06,8.408784504055246e-06,AC012485.3,lncRNA,Up
ENSG00000254290,23.478579721393018,1.5840869650437015,0.3442344145119261,4.6017681506066275,4.189193759556543e-06,8.513991478960005e-06,AC124067.4,lncRNA,Up
ENSG00000275132,4.867608065596705,1.0193407178390574,0.22163687737591806,4.599147623390103,4.242230989309539e-06,8.617133815135768e-06,RN7SL663P,misc_RNA,Up
ENSG00000254872,116.66139969027174,1.435588573340578,0.3122520297925503,4.5975315974545765,4.275258068950491e-06,8.681545917004809e-06,LINC02688,lncRNA,Up
ENSG00000235366,10.347857724541228,1.1278352482817038,0.2454520691185412,4.594930702079416,4.32893107785159e-06,8.787153608109186e-06,LINC01055,lncRNA,Up
ENSG00000204001,3.878779250772796,2.612065341285331,0.5687072078428136,4.592987929928411,4.3694434399859495e-06,8.865293799525235e-06,LCN8,protein_coding,Up
ENSG00000250107,4.59919721337494,1.2140034236026136,0.26431785634548804,4.592967877341583,4.369863481839776e-06,8.86546391876557e-06,CACNA1G-AS1,lncRNA,Up
ENSG00000203837,6.562648222959587,2.9744773806598146,0.6481870162308467,4.588918485217665,4.4554835804543825e-06,9.032218789712644e-06,PNLIPRP3,protein_coding,Up
ENSG00000271303,3.574184416299829,1.4706255610789747,0.32054864802110933,4.5878389135558875,4.478579939490934e-06,9.075551602580185e-06,SRXN1,protein_coding,Up
ENSG00000280444,5.602972477011633,1.3644051951768232,0.29739555966270237,4.587846559391448,4.478415961888755e-06,9.075551602580185e-06,AC073592.10,TEC,Up
ENSG00000248510,5.716363654467788,4.546334184222443,0.9923534648609774,4.581365758479371,4.619490941907375e-06,9.355347218961485e-06,LINC02267,lncRNA,Up
ENSG00000012223,5644.297839132692,1.2961460255473944,0.2830106552036966,4.579848856271841,4.653120645192669e-06,9.420559801438057e-06,LTF,protein_coding,Up
ENSG00000287887,19.461865615890304,1.187601063355694,0.2594794715168881,4.576859419410369,4.720084189832608e-06,9.550266253808477e-06,AL391560.2,lncRNA,Up
ENSG00000120210,14.01314589543345,1.3222399967800949,0.28894901224009967,4.576032243645087,4.738775402012511e-06,9.58661352904257e-06,INSL6,protein_coding,Up
ENSG00000259470,5.59009729319538,1.1127264606960077,0.243182423641331,4.575686203116243,4.746615694284859e-06,9.600265060461093e-06,KRT8P9,processed_pseudogene,Up
ENSG00000172828,345.67992630654703,1.1067688704132987,0.24200683177164434,4.573295978097167,4.8011116826729926e-06,9.705275206752535e-06,CES3,protein_coding,Up
ENSG00000271824,5.324456824056591,2.1836957749361794,0.4775654259617921,4.572558347452245,4.818049963158639e-06,9.738022344484809e-06,SMIM32,protein_coding,Up
ENSG00000227802,2.9554663764072093,3.062135907365252,0.6697445433546831,4.572095342542577,4.828711209968941e-06,9.758822394764022e-06,DNAJB3,transcribed_processed_pseudogene,Up
ENSG00000230937,168.53236284632808,1.5681634703912477,0.34314841656874945,4.5699277475088325,4.8789239159156736e-06,9.857280390951296e-06,MIR205HG,lncRNA,Up
ENSG00000204967,85.45008294313487,1.1087347492921196,0.2426610338746828,4.569067936406726,4.898979788168115e-06,9.895526389428815e-06,PCDHA4,protein_coding,Up
ENSG00000162068,7.156960430332384,1.161558350721988,0.2545286715821787,4.563565839170932,5.029202821363264e-06,1.0150790539559837e-05,NTN3,protein_coding,Up
ENSG00000132437,401.55074703939454,1.5795167490151651,0.3463186367259385,4.560877127340756,5.0940384286618045e-06,1.0276933162253217e-05,DDC,protein_coding,Up
ENSG00000215866,4.984900131187749,1.4323365332094375,0.31413739847149946,4.559586156181236,5.125452597834913e-06,1.033872753039904e-05,LINC01356,lncRNA,Up
ENSG00000225746,14.284277014734572,1.4454999359975427,0.3171257406112959,4.5581286880439835,5.161141195209752e-06,1.0407531797635632e-05,MEG8,lncRNA,Up
ENSG00000132975,15.77279506137976,2.0236467136358725,0.444276120283719,4.554930191484414,5.240297800503199e-06,1.0561499006364212e-05,GPR12,protein_coding,Up
ENSG00000273325,4.713825109315637,1.2971370854423223,0.28492654147535357,4.552531605956148,5.3004194852700175e-06,1.0678589794985894e-05,AL008723.2,lncRNA,Up
ENSG00000212766,9.137761321020182,1.0916464890519897,0.23983949415867745,4.551571011610615,5.324681970227201e-06,1.0725831758833647e-05,EWSAT1,lncRNA,Up
ENSG00000267313,22.524144780132826,1.8117051826678991,0.3981469425070822,4.550343074995917,5.355851800557562e-06,1.0785323557136534e-05,KC6,lncRNA,Up
ENSG00000250284,4.49676957816045,3.019218007964305,0.6637655217381984,4.548621326485743,5.3998508416819535e-06,1.0871435844797153e-05,AC109439.1,lncRNA,Up
ENSG00000274512,80.11966194947551,1.0200460701955305,0.22470764931450227,4.539436344545029,5.640480483172216e-06,1.1341171966546042e-05,TBC1D3L,protein_coding,Up
ENSG00000254780,4.016067963955451,1.5055694524429604,0.33199699930454096,4.5348887357319185,5.763385972890374e-06,1.158123051932631e-05,AC023232.1,processed_pseudogene,Up
ENSG00000230628,31.046872213447298,1.3109530676968233,0.2892390935871089,4.532420052346794,5.831174845081117e-06,1.1707635196039979e-05,AL160408.3,lncRNA,Up
ENSG00000223714,4.8213369413933425,1.0426498552652463,0.23006721322443405,4.531935866272807,5.844559580007649e-06,1.1731828889761873e-05,LINC02601,lncRNA,Up
ENSG00000283486,36.829543631965464,1.0219479520376318,0.2255193346505857,4.531531425547231,5.855762386527053e-06,1.1753421687678368e-05,FAM95C,protein_coding,Up
ENSG00000276851,35.272709524931486,1.2072405991992778,0.26647159228171863,4.5304664143071625,5.88536106976933e-06,1.1808336864476698e-05,AC002401.4,lncRNA,Up
ENSG00000226125,6.099920265702741,1.0288809662665974,0.22720549465089582,4.528415863566532,5.9427535059017524e-06,1.1918047756531235e-05,LINC01907,lncRNA,Up
ENSG00000271889,10.638214583905976,1.028964326272519,0.22740477744529095,4.5248140247188395,6.044863726155207e-06,1.2115456141879822e-05,AC016747.2,lncRNA,Up
ENSG00000210112,3.4776135549733644,1.5564808827061771,0.3442671879366878,4.521142116490116,6.150687616740199e-06,1.2325680709281786e-05,MT-TM,Mt_tRNA,Up
ENSG00000254554,4.690292329402748,1.1681920329603839,0.25847214971331256,4.519605049349022,6.195510043013471e-06,1.2412672833480112e-05,AC080023.1,lncRNA,Up
ENSG00000230118,17.76357010166627,1.1456767860582338,0.2535335414194472,4.518837151265995,6.218019639904804e-06,1.2454931857522954e-05,AC092569.1,processed_pseudogene,Up
ENSG00000284713,14.498440080200684,1.1405399051451874,0.2524464217240941,4.517948392200687,6.244169768985448e-06,1.2501316176482076e-05,SMIM38,protein_coding,Up
ENSG00000218073,8.121297457404552,1.0165118845629197,0.2250524728801645,4.51677722778985,6.278789902721175e-06,1.2569019185816243e-05,AL021407.2,processed_pseudogene,Up
ENSG00000269235,50.455733392750645,1.043382463370275,0.23109568060407923,4.51493710589006,6.3335559696232134e-06,1.2673840561463358e-05,ZNF350-AS1,lncRNA,Up
ENSG00000251348,7.820629610334011,1.1867696133991024,0.26292449159927467,4.513727900281984,6.369793126791793e-06,1.2742485567705931e-05,HSPD1P11,processed_pseudogene,Up
ENSG00000154898,5.55865971453397,1.1792024530886482,0.26134374427295576,4.512074533749128,6.419661961171445e-06,1.2837376652467658e-05,CCDC144CP,transcribed_processed_pseudogene,Up
ENSG00000229021,6.255780881677492,1.095459589321667,0.24299121681962688,4.508227102442266,6.53715824032846e-06,1.3061438308642332e-05,AL450992.1,lncRNA,Up
ENSG00000108511,157.6051792444465,1.03463937908874,0.22998982946771354,4.498631011133407,6.839244440484282e-06,1.364537155902024e-05,HOXB6,protein_coding,Up
ENSG00000196604,7.0489012525151535,1.211883495285893,0.26944561578897086,4.497692388637851,6.869499053324219e-06,1.3702624057198157e-05,POTEF,protein_coding,Up
ENSG00000236182,4.185840549662476,1.2678803803587664,0.2819917197793798,4.4961617360634225,6.919111351171726e-06,1.3796367964491374e-05,AC009319.1,processed_pseudogene,Up
ENSG00000284708,5.038648826808989,1.2273377833186434,0.27307057676951757,4.4945808436716534,6.970711738622583e-06,1.389295355963098e-05,AL031731.1,lncRNA,Up
ENSG00000222012,9.711319045342849,1.2238873223368751,0.27255826915842435,4.490369439591251,7.109974571927278e-06,1.4155532613191568e-05,AC005481.1,lncRNA,Up
ENSG00000258654,3.797659504696526,1.5161463631701262,0.33802514130188577,4.485306499187514,7.280919637475872e-06,1.4489310304146007e-05,AC026495.1,lncRNA,Up
ENSG00000139144,141.948066386809,1.725715998732225,0.38506861689014177,4.481580484718035,7.409228024192981e-06,1.4735752545287649e-05,PIK3C2G,protein_coding,Up
ENSG00000234667,5.695193581924563,1.4115267019943363,0.3150607297681743,4.480173403498925,7.458242181771268e-06,1.4828760184973862e-05,ACTBP13,unitary_pseudogene,Up
ENSG00000266846,7.148337155451328,1.0337196610151214,0.2307393649163473,4.480031664254117,7.463196668870361e-06,1.4837492171148328e-05,AP001021.3,lncRNA,Up
ENSG00000278266,67.64945913530384,1.3935838336531912,0.3112326250395925,4.47762773416158,7.547706763816068e-06,1.4999851334827771e-05,AC079949.2,lncRNA,Up
ENSG00000285683,3.401678990432217,2.3988959708889706,0.5359350402678614,4.47609465820708,7.602079025600738e-06,1.5103354471867058e-05,AC023781.1,lncRNA,Up
ENSG00000269560,5.768957767782245,1.0151513223228876,0.22697987694208113,4.472428728040617,7.733617988845134e-06,1.53508096624649e-05,AC010422.4,lncRNA,Up
ENSG00000287762,5.824996636987194,1.3849813613686206,0.30982657691818455,4.470182561950942,7.815285879968795e-06,1.5507079657996774e-05,AC108050.1,lncRNA,Up
ENSG00000205056,15.747471881797658,1.1389787706307075,0.2551331462897947,4.464252439144033,8.034878873679302e-06,1.593320468483405e-05,LINC02397,lncRNA,Up
ENSG00000276757,6.423613412435266,1.0381878692529507,0.23270081579527704,4.461470690185789,8.139908081740541e-06,1.6131773344017593e-05,RN7SL192P,misc_RNA,Up
ENSG00000185433,4.334589238992542,1.1699974935796777,0.26233183540640526,4.459990499312118,8.196328620760037e-06,1.62374867199641e-05,LINC00158,lncRNA,Up
ENSG00000286135,4.074332813721213,1.837301456976405,0.412000627227375,4.459462766697281,8.216534488999247e-06,1.6276293154665725e-05,AL603764.2,protein_coding,Up
ENSG00000269994,39.540345829070475,1.4446292308417217,0.3243893620510528,4.453380412069012,8.452879696708935e-06,1.672813790635757e-05,AL513318.1,lncRNA,Up
ENSG00000217078,6.727007341812319,1.1164611807385103,0.25133298463151915,4.442159402099016,8.906054114720984e-06,1.7607785800359297e-05,AL021407.1,processed_pseudogene,Up
ENSG00000182508,9.297567461865476,1.153249182008682,0.25968808438314184,4.440901417360324,8.95828297790757e-06,1.770732707673122e-05,LHFPL1,protein_coding,Up
ENSG00000277987,18.434476783821733,1.5697906272989353,0.353884995628237,4.435877888838301,9.169781939905251e-06,1.8089859336822132e-05,LINC02351,lncRNA,Up
ENSG00000243870,5.182103954533306,1.1898645423665941,0.26863825787695267,4.429244560213016,9.456374232307716e-06,1.8625977629664958e-05,RN7SL236P,misc_RNA,Up
ENSG00000160862,4812.822540104315,1.4548778249352545,0.3284858271187324,4.429042913956173,9.465218962246507e-06,1.86420064257555e-05,AZGP1,protein_coding,Up
ENSG00000266124,3.425344815034222,1.1123572191830209,0.25123867221002794,4.427492031374548,9.533509337774829e-06,1.8770898322789685e-05,MIR5587,miRNA,Up
ENSG00000228634,5.789436068097163,1.1889118008649862,0.2689454288988909,4.420643272252653,9.840751332836628e-06,1.9357050025876614e-05,AL136115.1,lncRNA,Up
ENSG00000188037,11.015884158235359,1.2007682431088238,0.27246286682613297,4.407089513137478,1.0476889852201474e-05,2.058378672348032e-05,CLCN1,protein_coding,Up
ENSG00000273399,8.353411295743934,1.0357487470171014,0.23506260404955082,4.40626764603853,1.051670052729264e-05,2.066046285515212e-05,AL159169.3,lncRNA,Up
ENSG00000176289,4.686313411105475,1.146302574121549,0.26025950584925517,4.40445996537586,1.0604772222669807e-05,2.0825725611543254e-05,IDSP1,unprocessed_pseudogene,Up
ENSG00000196188,15373.884622159596,1.2797958392965145,0.29101604854169116,4.397681315891999,1.0941347177904586e-05,2.1465912140565728e-05,CTSE,protein_coding,Up
ENSG00000225606,6.422881347803852,1.307926126511097,0.2976617396876428,4.394001485994119,1.112830541487794e-05,2.1816475636780263e-05,AC005281.1,lncRNA,Up
ENSG00000253973,11.001561948028488,1.28202371194027,0.2922054731178102,4.387404856798794,1.147111459532949e-05,2.2468490817710665e-05,AC079296.1,lncRNA,Up
ENSG00000226747,4.8511077274274435,1.2906980420086895,0.29453116044545813,4.382212191255409,1.1748030521331663e-05,2.2981866828450736e-05,FSIP2-AS2,lncRNA,Up
ENSG00000185186,6.111757457828262,1.175172740431877,0.2681903685882427,4.381860342778156,1.1767023012855e-05,2.3017313021955815e-05,LINC00313,lncRNA,Up
ENSG00000249378,7.751359155054495,1.7294520064777406,0.3948437343715652,4.380092314825111,1.1862904177152201e-05,2.3197981694586843e-05,LINC01060,lncRNA,Up
ENSG00000141316,8.298758859908398,1.3577820846560016,0.31015569514718444,4.377743520110653,1.1991434471253399e-05,2.3425003852652206e-05,SPACA3,protein_coding,Up
ENSG00000189013,35.09726034914744,1.132450954183094,0.25936521989898764,4.3662406032086265,1.2640323960674682e-05,2.4656065007988117e-05,KIR2DL4,protein_coding,Up
ENSG00000278630,4.4636568792779725,4.339770408297098,0.9941022297273344,4.365517226017514,1.268223066242694e-05,2.4735978000606392e-05,LINC02335,lncRNA,Up
ENSG00000241794,16.350920187014548,2.1742672564168903,0.49952996777686315,4.3526262620306335,1.3451635447335815e-05,2.6194035352698674e-05,SPRR2A,protein_coding,Up
ENSG00000105251,7.285504885166712,1.1501342083035109,0.26434681595532805,4.3508532688279935,1.3560878064586043e-05,2.639117007846007e-05,SHD,protein_coding,Up
ENSG00000022556,1245.5342744900615,1.204394358189139,0.2768178006211107,4.350855889638512,1.3560715961081436e-05,2.639117007846007e-05,NLRP2,protein_coding,Up
ENSG00000198156,5.686024315847293,1.0571888587381197,0.243436856190137,4.342764178290241,1.4070113910034929e-05,2.7333792825078908e-05,NPIPB6,protein_coding,Up
ENSG00000254605,8.044248156169827,1.1341673466892312,0.26139186762571703,4.338954218396832,1.4316233946420485e-05,2.7793498429441817e-05,AP003555.1,lncRNA,Up
ENSG00000078399,17.54685752816681,1.0752388268774766,0.24796864619957104,4.3361886406078085,1.4497453900234829e-05,2.812075962006755e-05,HOXA9,protein_coding,Up
ENSG00000284624,10.695252605406003,1.0159215050580939,0.23440632808775125,4.334019108382511,1.4641145807338582e-05,2.8388751098494002e-05,AC092902.4,lncRNA,Up
ENSG00000272626,10.066367224468685,1.6924063553788784,0.39073776325977244,4.331309933444348,1.4822486556340866e-05,2.8725580252128217e-05,AC021146.12,lncRNA,Up
ENSG00000180432,19.612106315216447,1.1691826015480244,0.27019820579343884,4.3271294052997575,1.5106521775390605e-05,2.9250237111171913e-05,CYP8B1,protein_coding,Up
ENSG00000281903,5.029457396888265,1.010795922844834,0.23466466543496523,4.307405722848228,1.6518046204729933e-05,3.1875658867085865e-05,LINC02246,lncRNA,Up
ENSG00000287457,7.526216365387634,1.2917235168175525,0.2999579317504387,4.306348924596035,1.659711890623717e-05,3.20235622709793e-05,AC005821.2,lncRNA,Up
ENSG00000287848,4.826225761965706,1.6780913548662386,0.389804952725265,4.304951343316973,1.670224412290723e-05,3.221791221421448e-05,AL355303.2,lncRNA,Up
ENSG00000259162,4.410406642883229,1.2965755661780929,0.3012648159059827,4.303773616175352,1.679132444602562e-05,3.238168975001431e-05,AL355075.5,transcribed_unprocessed_pseudogene,Up
ENSG00000278090,7.063128124086937,1.0702624989577876,0.24894580997756785,4.299178600572661,1.7143228441863636e-05,3.304582850964504e-05,LUNAR1,lncRNA,Up
ENSG00000259810,5.586328264406456,1.1338890247176898,0.2639393829599022,4.296020593826844,1.7389143545098634e-05,3.350027142637719e-05,AC002519.1,lncRNA,Up
ENSG00000269376,9.18989637335977,1.3243000979772794,0.3087242949451527,4.289588217255632,1.7900470129980618e-05,3.44400552551867e-05,AL356740.3,lncRNA,Up
ENSG00000183242,6.845742302630551,1.4226089013268775,0.33177672306506617,4.28785023911362,1.80410657090424e-05,3.470296175851252e-05,WT1-AS,lncRNA,Up
ENSG00000286230,4.4993188336316505,1.0444808696493268,0.24370821910463647,4.285784342795913,1.8209557197822022e-05,3.5011740671277194e-05,AC010327.7,lncRNA,Up
ENSG00000261115,211.7323880529617,1.1674938539077397,0.2724407509100072,4.28531286163349,1.8248220072348764e-05,3.508352021783588e-05,TMEM178B,protein_coding,Up
ENSG00000170091,13.581907550195176,1.4991629201732424,0.3500444770389828,4.282778385348694,1.845739846048989e-05,3.5472749610314e-05,NSG2,protein_coding,Up
ENSG00000280182,5.891321743870192,1.01356723672223,0.2366785787597148,4.282462916727425,1.848359437326846e-05,3.5517917629023486e-05,AC131888.1,TEC,Up
ENSG00000227113,4.435102536005578,1.0326053974016474,0.2412630255712393,4.279998540832122,1.868945387440644e-05,3.5903030426757324e-05,AC073210.1,unprocessed_pseudogene,Up
ENSG00000256039,67.44489428933731,1.051411542892306,0.24566126482247042,4.279923998812427,1.869571457868849e-05,3.5912441247087375e-05,LINC02446,lncRNA,Up
ENSG00000258806,4.94529787618646,1.31902355232662,0.30840643493365366,4.276900229433853,1.895136855635124e-05,3.6384971884308853e-05,OR11H7,polymorphic_pseudogene,Up
ENSG00000259594,3.902789342576941,1.44333015551927,0.33752699737961217,4.276191731993442,1.9011750370647702e-05,3.6490272747214494e-05,AC023034.1,lncRNA,Up
ENSG00000279954,5.431466637125744,1.2233877805459001,0.2861329571855221,4.27559199254591,1.9063006432098534e-05,3.65780018638171e-05,BX324167.2,lncRNA,Up
ENSG00000251652,3.764753521710833,1.2736384891287658,0.29816309238222516,4.271616848862187,1.9406079720720094e-05,3.7222746743918305e-05,AC092535.4,lncRNA,Up
ENSG00000188991,4.367730612528037,1.6581423235629855,0.38884221401325436,4.264306353081471,2.0052416385235153e-05,3.840940074661517e-05,SLC15A5,protein_coding,Up
ENSG00000232756,31.602904577640327,1.4418579271715517,0.3383308484771281,4.261680345323358,2.0289552125807827e-05,3.8843871755303646e-05,AC004990.1,lncRNA,Up
ENSG00000236384,5.470201616279623,1.3318695289899511,0.31285850953641103,4.257098619319945,2.0709701626518174e-05,3.9616600064656094e-05,LINC00479,lncRNA,Up
ENSG00000232680,5.199305196909543,1.944125530033341,0.4571701358163291,4.25252084010668,2.1137753853584087e-05,4.042403459461353e-05,AC002511.1,lncRNA,Up
ENSG00000254842,7.1031311583543015,1.2212554472412387,0.2872218600056093,4.25195856338159,2.119090751724036e-05,4.051948598576088e-05,LINC02551,lncRNA,Up
ENSG00000211452,82.41982468568881,1.2245660725832714,0.28803863867201573,4.251395153889969,2.1244295880162366e-05,4.060979212467427e-05,DIO1,protein_coding,Up
ENSG00000229676,18.783139534097852,1.2830282338947037,0.30180463142932956,4.251188021265131,2.1263955822138736e-05,4.0641481121243634e-05,ZNF492,protein_coding,Up
ENSG00000252840,3.6141730189345145,1.2152517351441794,0.2863792231508496,4.2435052437587215,2.200552284108589e-05,4.2016192695636444e-05,AL365436.3,snoRNA,Up
ENSG00000237972,5.038293237300989,1.0991837427236841,0.25937814890633865,4.237765391411591,2.2575548888287608e-05,4.3076499579171074e-05,TUBG1P,processed_pseudogene,Up
ENSG00000279720,5.033307074422517,1.2463367890938464,0.29426719836333276,4.235391494620444,2.2815385415258483e-05,4.3508946586662296e-05,SOWAHCP2,processed_pseudogene,Up
ENSG00000049247,19.921871334788175,1.145114557241333,0.27038881013243066,4.2350663723120805,2.2848420936587197e-05,4.3568794569224415e-05,UTS2,protein_coding,Up
ENSG00000240023,4.853013374394185,1.1259576663862312,0.2661098519784736,4.231176177863993,2.3247249297938883e-05,4.430687799845681e-05,AL133163.1,processed_pseudogene,Up
ENSG00000128710,36.69046377134188,1.4625791980442822,0.3459049272865724,4.228269338391288,2.3549577819475495e-05,4.486687140376915e-05,HOXD10,protein_coding,Up
ENSG00000167332,4.353749416554314,1.620942744945826,0.3838195770441359,4.223189336586215,2.408693054898472e-05,4.5844269835924e-05,OR51E2,protein_coding,Up
ENSG00000242599,3.5478691423683433,4.008620475519255,0.949990449841508,4.21964291976623,2.4468956562147712e-05,4.654449863260731e-05,CSAG4,transcribed_unprocessed_pseudogene,Up
ENSG00000226496,13.512694939336566,1.0090357077279688,0.23989518798173515,4.206152346018685,2.5975516547318754e-05,4.92929167640181e-05,LINC00323,lncRNA,Up
ENSG00000257859,11.422020725424957,1.0999762904133414,0.2615417898426744,4.205738176965951,2.602313643606179e-05,4.937617699085835e-05,CASC18,lncRNA,Up
ENSG00000257513,3.3210164283330843,1.2467288296640364,0.2964607450044947,4.2053757560554414,2.606487458657479e-05,4.9451812565506666e-05,NPIPB1P,transcribed_unprocessed_pseudogene,Up
ENSG00000139445,16.357961129941454,1.6354995289119938,0.3890751896384972,4.203556465349516,2.6275356677420958e-05,4.9836809004070395e-05,FOXN4,protein_coding,Up
ENSG00000231707,5.754020414862599,1.0551250587241778,0.25102417224076384,4.20328070123932,2.6307401829573515e-05,4.989041253116531e-05,PABPC1P1,processed_pseudogene,Up
ENSG00000251598,4.519924099020865,1.667765731829372,0.3971772092845616,4.199046906124174,2.6804079750240994e-05,5.0773908700082963e-05,AC093916.1,lncRNA,Up
ENSG00000268058,5.352794838711156,1.2124526280686418,0.2890923383450925,4.193997789804186,2.740806524546429e-05,5.1869576612809916e-05,BNIP3P40,processed_pseudogene,Up
ENSG00000226562,24.698122102554542,1.3385368109311313,0.3197091930468022,4.186732318126314,2.829992527530519e-05,5.348065282426529e-05,CYP4F26P,lncRNA,Up
ENSG00000268764,4.562586072904498,1.0942839998742802,0.2618144877081375,4.179615916038052,2.9200185127269083e-05,5.5114800787780814e-05,AC011465.1,lncRNA,Up
ENSG00000254101,19.85108139054619,1.3019669033075545,0.3115482772444324,4.179021353682743,2.9276619892934397e-05,5.525116056513848e-05,LINC02055,lncRNA,Up
ENSG00000279993,5.960207228798528,1.3846435030989714,0.3317454904967649,4.173812584537526,2.9954419732400822e-05,5.6506048239746024e-05,AC078925.3,TEC,Up
ENSG00000286299,26.92814029088041,1.0338904224536354,0.24801768752863812,4.1686156852593585,3.064552084080435e-05,5.7743650201644213e-05,AL121938.1,lncRNA,Up
ENSG00000261678,3.8393755431768506,1.0176582563520615,0.24420943357737238,4.167153747685341,3.0842648556106085e-05,5.809433160175125e-05,SCRT1,protein_coding,Up
ENSG00000284797,4.059663975683193,1.6581353414251347,0.3979544937632823,4.16664560247799,3.091144863552349e-05,5.8215604950632364e-05,AC008397.1,protein_coding,Up
ENSG00000188573,15.140849460992992,1.3789844150541908,0.3310488977096535,4.165500699729347,3.10669970524742e-05,5.8498432735971176e-05,FBLL1,protein_coding,Up
ENSG00000178343,836.6084761862003,1.397470595523855,0.3356917139328505,4.162958266534382,3.141508027124502e-05,5.912609141051539e-05,SHISA3,protein_coding,Up
ENSG00000138083,34.23961160780243,1.628769611793127,0.39191747636588686,4.15589941764306,3.2401035447414755e-05,6.0925221388214995e-05,SIX3,protein_coding,Up
ENSG00000187242,6.190543770200048,1.2868239736702285,0.3097671057771988,4.154165983639921,3.264761317874864e-05,6.137136865722852e-05,KRT12,protein_coding,Up
ENSG00000102924,14.141607518976429,1.2944514748742602,0.3120247206028366,4.148554231130661,3.345815926160187e-05,6.283233583025504e-05,CBLN1,protein_coding,Up
ENSG00000254266,5.301387671667253,1.2954015193119501,0.31225936011377914,4.148479388543997,3.346909739469447e-05,6.284840121755274e-05,PKIA-AS1,lncRNA,Up
ENSG00000262519,4.274263302680939,1.0588591777244472,0.25527800484552965,4.147866865244303,3.355874450947394e-05,6.300328155452284e-05,TXNP4,processed_pseudogene,Up
ENSG00000250568,4.764889981520558,1.0250045953971234,0.24731180086485538,4.144584252804182,3.404307759473645e-05,6.386709989849176e-05,AC098591.3,processed_pseudogene,Up
ENSG00000245651,31.269264666977367,1.0336110896127828,0.24950988755288703,4.142565650404114,3.4344201146519324e-05,6.440453592900829e-05,AC083805.1,lncRNA,Up
ENSG00000250748,10.301931775043732,1.722688139249732,0.4162034904840489,4.139052599597923,3.4874299328752985e-05,6.535678155775824e-05,AC025419.1,lncRNA,Up
ENSG00000260473,8.639875530750057,1.1131989753794582,0.2690286207197529,4.137845900563411,3.5058169082521315e-05,6.566869716622298e-05,AC068987.2,lncRNA,Up
ENSG00000063438,9.186645653468958,1.0941160579246538,0.2644841602928385,4.1367923761984144,3.52194513761106e-05,6.596611497890735e-05,AHRR,protein_coding,Up
ENSG00000286790,4.533567179985775,1.5049032869427448,0.36413461130873287,4.132821325426841,3.583372880980323e-05,6.70833046084418e-05,AC010494.1,lncRNA,Up
ENSG00000286048,9.433802051986598,1.2159966015543544,0.2942786284318885,4.13212678077912,3.594220707123136e-05,6.727205624731144e-05,AC008966.3,lncRNA,Up
ENSG00000198910,142.81663854754632,1.0748033364704028,0.26145163178256764,4.110906974045,3.9410797109846076e-05,7.336835296764144e-05,L1CAM,protein_coding,Up
ENSG00000102854,22854.029702395674,1.3132492982751287,0.31950187416923165,4.110302331370788,3.951414145048755e-05,7.354516587022562e-05,MSLN,protein_coding,Up
ENSG00000234215,5.084395331744346,1.1327484989561767,0.27580528605840215,4.10705869762161,4.007294200021313e-05,7.454839368928537e-05,CT66,lncRNA,Up
ENSG00000180988,5.831327279276682,1.561146150035856,0.38032173649358686,4.104803907420582,4.046579817037113e-05,7.524738013910773e-05,OR52N2,protein_coding,Up
ENSG00000227687,9.55203081508328,1.1877038853599047,0.2895974018191935,4.101224244067744,4.109700536468963e-05,7.63565159914652e-05,AL713965.1,lncRNA,Up
ENSG00000154162,13.90353111028576,1.7551269858105245,0.42837405198610773,4.097183238977892,4.182078555839853e-05,7.766843546552359e-05,CDH12,protein_coding,Up
ENSG00000258175,12.590907183817434,1.7421616192527623,0.42556451326062616,4.093766197525544,4.244222930794689e-05,7.876709035474414e-05,LINC02300,lncRNA,Up
ENSG00000229989,5.5485273666159,1.0649507741365702,0.26016071075658587,4.093434289288093,4.250305675140186e-05,7.887442692008917e-05,MIR181A1HG,lncRNA,Up
ENSG00000227117,28.005724994023087,1.2388268920390098,0.30274063757392333,4.0920403087164425,4.275943004394383e-05,7.932227719020744e-05,HORMAD2-AS1,lncRNA,Up
ENSG00000257464,4.834844687215366,1.1806244179025815,0.28853022857804045,4.091856938945484,4.279326339043968e-05,7.937387322261339e-05,AC125611.1,processed_pseudogene,Up
ENSG00000234427,6.472854706603824,1.2083682730816074,0.2954106811459761,4.0904691340002595,4.3050150389439816e-05,7.981666777540097e-05,AL022724.2,lncRNA,Up
ENSG00000265763,36.37116833122944,1.200393329380481,0.2935365434517547,4.089416994779651,4.324587883961792e-05,8.015652288028708e-05,ZNF488,protein_coding,Up
ENSG00000273415,5.785726431977557,1.4257285249885876,0.34879653684423295,4.087565025409916,4.359245121711371e-05,8.075398233897354e-05,LINC02725,lncRNA,Up
ENSG00000248144,549.4737591487533,1.2822757368464677,0.3138010577660336,4.086269644771297,4.383642925990556e-05,8.119453814593731e-05,ADH1C,protein_coding,Up
ENSG00000287048,4.910217183980404,1.416981197345222,0.3468009186912352,4.085863447803588,4.3913200670118825e-05,8.13138895913934e-05,AC096589.2,lncRNA,Up
ENSG00000211661,7.355613854488529,1.527533379151508,0.37400224780414104,4.084289300719531,4.4211921639509916e-05,8.18382966189721e-05,IGLV3-22,IG_V_gene,Up
ENSG00000237380,8.334778845439844,1.4109757610311795,0.34561119481387753,4.082552250053804,4.4543792930783964e-05,8.242946102349284e-05,HOXD-AS2,lncRNA,Up
ENSG00000274525,3.464546221028008,1.1864245486703286,0.2907354392534605,4.08077031034395,4.488669482024301e-05,8.302905039350506e-05,AC008443.5,unprocessed_pseudogene,Up
ENSG00000236532,4.115391838441839,1.4088153827848295,0.3452763611071802,4.080254374400995,4.498644374017993e-05,8.320188816303442e-05,LINC01695,lncRNA,Up
ENSG00000271709,5.877496741827945,1.149986530244416,0.2826138410068328,4.069109022217396,4.719326200212084e-05,8.70818220555543e-05,AC017033.1,lncRNA,Up
ENSG00000136574,20.962147624014488,1.8545264652711748,0.4560515266890115,4.066484501730009,4.772765772943119e-05,8.8006316643948e-05,GATA4,protein_coding,Up
ENSG00000185275,7.198904568460232,1.12370266150449,0.2765777408477788,4.062881770818088,4.847058283907603e-05,8.93012834113348e-05,CD24P4,processed_pseudogene,Up
ENSG00000237510,11.19070692692194,1.4823631325178432,0.36499962630422983,4.061273014242165,4.8805856156777036e-05,8.990014157964588e-05,GPAT2P1,transcribed_unprocessed_pseudogene,Up
ENSG00000256166,3.9202220971295674,1.502014557422769,0.37115947733027704,4.046817201669347,5.1918753882750754e-05,9.539419871015449e-05,LINC02571,lncRNA,Up
ENSG00000131183,5.374832315744882,1.1052453917716933,0.2735140058633507,4.040909672186517,5.324426511889809e-05,9.772071764931394e-05,SLC34A1,protein_coding,Up
ENSG00000174482,12.998930446105618,1.364235239010343,0.33807747631338664,4.03527396704104,5.4538621652913356e-05,0.00010000885200689102,LINGO2,protein_coding,Up
ENSG00000104537,39.939771651809714,1.3656221366845678,0.33844426262301974,4.034998631977646,5.460261571282361e-05,0.00010010922452528393,ANXA13,protein_coding,Up
ENSG00000223403,10.430610973422272,1.284055515424131,0.31823628035228796,4.034912405344482,5.462267134481539e-05,0.00010013903249185079,MEG9,lncRNA,Up
ENSG00000185662,3.758650969456672,1.3706900306988148,0.34006560270928365,4.03066355367495,5.5619610752566e-05,0.0001019029483460825,SMIM23,protein_coding,Up
ENSG00000036828,43.19687642810989,1.5315949160144877,0.380345625910538,4.026850347885262,5.652898561469409e-05,0.00010353308450197828,CASR,protein_coding,Up
ENSG00000197585,4.33612536003116,1.2870538813890706,0.3197550935442199,4.025123938208916,5.694531584844256e-05,0.00010428110964746044,AC068051.1,lncRNA,Up
ENSG00000286791,9.458253138585548,1.4776174008703857,0.3671442282139624,4.024623805359858,5.706646627935551e-05,0.00010448845408877967,AC079949.5,lncRNA,Up
ENSG00000198099,13.19857750531887,1.4289226499535634,0.35528041866636195,4.021957233999551,5.7716538791894795e-05,0.00010564205788451903,ADH4,protein_coding,Up
ENSG00000259420,4.657698880299717,1.2387733393032812,0.3080136862345317,4.021812648805608,5.7751986323133495e-05,0.00010569960295259788,AC046168.2,lncRNA,Up
ENSG00000232177,16.27464954330102,1.2479340080928985,0.3103611838439492,4.020908776789447,5.797405378697745e-05,0.0001060839496469777,MTND4P24,processed_pseudogene,Up
ENSG00000272727,4.947386343095545,1.9502435647407925,0.4851153349984032,4.020164740302864,5.815745871640192e-05,0.00010639740435351177,LINC02266,lncRNA,Up
ENSG00000271749,5.469499679311899,1.0378711958400415,0.25835822413314496,4.0171788582397685,5.889902052902609e-05,0.00010770923518380153,AC005828.6,unprocessed_pseudogene,Up
ENSG00000103316,1245.189860302324,1.0615213290020682,0.26432418936016894,4.0159825386076795,5.919863894700768e-05,0.00010821962627608961,CRYM,protein_coding,Up
ENSG00000203952,72.7924625110434,1.0534759580509354,0.2630303412843228,4.005149949268324,6.197815269803421e-05,0.00011313608518947544,CCDC160,protein_coding,Up
ENSG00000272021,4.4197547670955215,1.1652691793325722,0.2911009086726146,4.002973349159439,6.255135081090545e-05,0.00011411921411952239,AC008592.4,lncRNA,Up
ENSG00000003989,5665.771120337126,1.0482468647929655,0.261878262300555,4.002802124866337,6.259665426050674e-05,0.00011418606619047889,SLC7A2,protein_coding,Up
ENSG00000119919,9.375773156098303,1.4917445607033248,0.372931100253933,4.000054057405186,6.332801620096982e-05,0.00011544830882955923,NKX2-3,protein_coding,Up
ENSG00000132429,97.3939425306649,1.3551424163615118,0.33902377878665674,3.997189876213035,6.409888487306055e-05,0.00011682938858878951,POPDC3,protein_coding,Up
ENSG00000105143,4.060270631266395,1.5490346658432714,0.3877916352116387,3.994502524526812,6.48302307369606e-05,0.0001181133884574859,SLC1A6,protein_coding,Up
ENSG00000167618,48.17546675858408,1.0263428916175894,0.2576919967568882,3.9828279672413034,6.810005177746647e-05,0.00012376280946738738,LAIR2,protein_coding,Up
ENSG00000215399,4.184011803888205,1.0610413603402205,0.26642908864368137,3.9824531388133924,6.820757636274989e-05,0.00012394967877373816,HMGB3P7,processed_pseudogene,Up
ENSG00000103723,103.4183821077672,1.027918575245618,0.2582717453691854,3.9799884953588878,6.89186034457881e-05,0.00012519002361820156,AP3B2,protein_coding,Up
ENSG00000263096,7.021760507031655,1.179248763170483,0.29629868473444365,3.9799324935491343,6.893484065002175e-05,0.00012521089323192406,AC007638.2,lncRNA,Up
ENSG00000273720,4.51486230147781,1.3774294766753212,0.3461919414971243,3.978802830356359,6.926314990950975e-05,0.00012578123153458935,AC091812.2,processed_pseudogene,Up
ENSG00000263316,12.487472248661375,1.0974954768822462,0.27605739102393867,3.9756062056932056,7.02002059469803e-05,0.00012737765298437146,AC027763.2,lncRNA,Up
ENSG00000286696,4.2914235384545805,1.162955800477221,0.293001952004408,3.9691059821325867,7.214279189436713e-05,0.00013074052795371185,AC090826.3,lncRNA,Up
ENSG00000220378,6.49629615168651,1.0585741595587328,0.2668831574454403,3.9664329877210034,7.295627535727658e-05,0.0001321875072949968,KRT8P42,processed_pseudogene,Up
ENSG00000177414,6.242252078542322,1.9130129779878502,0.4825294430710451,3.9645518122428607,7.353397450366205e-05,0.00013318846814077673,UBE2U,protein_coding,Up
ENSG00000267641,5.0546403192542,1.2318795141315408,0.31072890258651936,3.9644832002344432,7.355512645091221e-05,0.00013321762943066997,BNIP3P16,processed_pseudogene,Up
ENSG00000164825,270.08567878342393,1.2373072207922433,0.3123970985865252,3.9606872995638405,7.473434684267241e-05,0.00013529759208027404,DEFB1,protein_coding,Up
ENSG00000284196,4.956921209013597,1.1204761342577572,0.28323007491542446,3.9560634039034994,7.619494616705552e-05,0.0001378944980046156,AL158064.1,lncRNA,Up
ENSG00000286970,5.76185208516507,1.0464577474095067,0.2645449506435512,3.955689741436447,7.631415027037613e-05,0.000138100750935343,AC010491.2,lncRNA,Up
ENSG00000279128,6.4376252450401275,1.2478266357066665,0.3155594706435775,3.9543311223134836,7.674905865832628e-05,0.0001388401369842947,AC078925.2,TEC,Up
ENSG00000287684,12.9699603180347,1.1013398980965539,0.2787394749432147,3.9511443376325532,7.777839555473495e-05,0.00014058648918900273,AL392172.1,lncRNA,Up
ENSG00000214856,86.80348019783735,1.2748689652940453,0.3229170211353149,3.947976978147043,7.881438152813154e-05,0.00014238098519537087,KRT16P1,transcribed_unprocessed_pseudogene,Up
ENSG00000271680,4.155132391064131,1.1760414542843667,0.2980876344557902,3.9452876213111994,7.970424888449126e-05,0.00014388013712240104,AC098935.2,processed_pseudogene,Up
ENSG00000074317,4.895587655638463,1.1644350452396914,0.29526364986676984,3.9437128334798848,8.022972263662114e-05,0.0001447692477027302,SNCB,protein_coding,Up
ENSG00000161652,17.55207603763357,1.5736000178464933,0.39922222058577017,3.941664408202489,8.091814070327343e-05,0.00014595153011937894,IZUMO2,protein_coding,Up
ENSG00000234378,3.2537450947344806,1.6086698353143793,0.4081361597781015,3.941502845984028,8.097267411208417e-05,0.00014603990262879827,AC098828.1,lncRNA,Up
ENSG00000240535,4.560564574010393,1.089872885699942,0.27666979583929413,3.939255032858749,8.17350097814729e-05,0.00014737450994444036,AC034238.1,lncRNA,Up
ENSG00000151704,29.93310688232346,1.0971062634832995,0.2786267522670018,3.937548187878123,8.231840448004605e-05,0.0001483959752624292,KCNJ1,protein_coding,Up
ENSG00000137261,361.6328572641313,1.0604521275622132,0.26951599347636573,3.934653798774305,8.331670346990059e-05,0.00015010326368116955,KIAA0319,protein_coding,Up
ENSG00000233828,6.9433980565491895,1.004649767545415,0.2554632722823624,3.9326583370269375,8.401160632034954e-05,0.00015131384868981746,MIR4280HG,lncRNA,Up
ENSG00000286081,4.3485317933897365,1.7471711837237587,0.44461920191725224,3.9295900316264873,8.509081313688991e-05,0.00015312165568580504,AC016682.1,lncRNA,Up
ENSG00000227331,4.410079484258658,1.116696178031296,0.2842479532792,3.9285988347449288,8.544223457060704e-05,0.00015372257116919613,RPL7AP22,processed_pseudogene,Up
ENSG00000149927,126.70528224528582,1.015733235725056,0.25868660851442826,3.9265010336567276,8.619052210093143e-05,0.00015496311909739973,DOC2A,protein_coding,Up
ENSG00000101746,27.650756527609857,1.2669990961832307,0.32283820991950585,3.9245636273944626,8.688709295743623e-05,0.0001561303333075021,NOL4,protein_coding,Up
ENSG00000267490,5.267767874196647,1.4379266726014779,0.36651712594371744,3.923218236798808,8.73739373960819e-05,0.0001569837656969871,AC008759.1,unprocessed_pseudogene,Up
ENSG00000253266,9.075117583288518,1.05348090411199,0.26900755145963834,3.9161759526667166,8.996459959659677e-05,0.00016152832378036746,AC100860.1,lncRNA,Up
ENSG00000244503,12.35027799606839,1.1848275853214003,0.3025873699627533,3.915654461940184,9.015929954071385e-05,0.00016185586009181185,AC108751.5,processed_pseudogene,Up
ENSG00000222017,5.710703269721069,1.1300096478087618,0.2888145417806161,3.912578780978136,9.131573389123958e-05,0.00016384268236456338,AC011997.1,lncRNA,Up
ENSG00000259098,3.5111074903090946,2.0458186418237796,0.5238323857879297,3.9054833136109623,9.403724750092456e-05,0.0001684964474145125,AC025884.2,processed_pseudogene,Up
ENSG00000168454,7.661411636768095,1.0352590500884296,0.2651309714130146,3.9047080941582193,9.433918625900718e-05,0.00016901449430328279,TXNDC2,protein_coding,Up
ENSG00000232803,29.260942350857793,1.180862399477493,0.3024513836526476,3.9043048347686273,9.449661275525891e-05,0.00016928503249702292,SLCO4A1-AS1,lncRNA,Up
ENSG00000106113,36.121488995017366,1.0079026743906838,0.2582805138315777,3.9023566255096105,9.526066539288705e-05,0.000170561090875233,CRHR2,protein_coding,Up
ENSG00000243415,6.073288686882228,1.092722657075009,0.2800450525271608,3.9019530865271363,9.541965373135764e-05,0.00017082255729096408,AC107021.1,lncRNA,Up
ENSG00000129437,128.76596979181107,1.386279130844524,0.3556005825031278,3.898416366717651,9.682382961678777e-05,0.00017320699999964003,KLK14,protein_coding,Up
ENSG00000232721,4.810794830003433,1.528202991350085,0.39272910291516877,3.8912394829068306,9.973343461825632e-05,0.00017817022362193747,AC239800.2,lncRNA,Up
ENSG00000255960,4.435573026877809,2.146185784870119,0.5515624364046431,3.891102154925597,9.978990582283603e-05,0.00017825903106274122,AC092851.1,processed_pseudogene,Up
ENSG00000268883,3.7261133411553877,1.9381540314346937,0.498814345362925,3.8855218368359887,0.0001021103136017225,0.00018221891924459784,PNMA6B,unprocessed_pseudogene,Up
ENSG00000163220,14603.766820466824,1.0136083144402228,0.2609140011501032,3.884836804357986,0.00010239864810492698,0.00018269637013037377,S100A9,protein_coding,Up
ENSG00000226981,8.734945623156896,1.2756690678832174,0.32852718426456196,3.8829939468751085,0.0001031781376084347,0.00018402485551129004,ABHD17AP6,unprocessed_pseudogene,Up
ENSG00000171916,30.524756976657677,1.084979002602867,0.2794843683579443,3.882074009997227,0.00010356934366984784,0.0001846601482470512,LGALS9C,protein_coding,Up
ENSG00000268660,6.244008966738982,1.434603107541024,0.3696461954488795,3.881016835027654,0.00010402063931361688,0.0001854359610544669,LETM1P2,processed_pseudogene,Up
ENSG00000249267,9.41070666396949,1.6619989152033507,0.42864398937365594,3.8773410018694072,0.00010560429691810265,0.00018814845684280568,LINC00939,lncRNA,Up
ENSG00000233928,12.751232658286689,1.9412468434129146,0.5009884954647372,3.8748331767821043,0.00010669776887741357,0.00019000676426913802,AL591501.1,lncRNA,Up
ENSG00000251533,10.81712152331452,1.1711079912365256,0.30234705065306966,3.8733898303520156,0.00010733193743166304,0.00019103710965838932,LINC00605,lncRNA,Up
ENSG00000259692,27.78211757532012,1.229681706294479,0.31759664531118587,3.871834682288973,0.00010801920832668576,0.00019220421886468984,AC104041.1,lncRNA,Up
ENSG00000235903,38.273750925618884,1.000139234392904,0.258483263131316,3.8692610975156567,0.0001091656891319676,0.00019419179859754356,CPB2-AS1,lncRNA,Up
ENSG00000139915,7.28297221219867,2.033864997341037,0.525691876874036,3.8689298557078207,0.00010931408192017522,0.00019442953866417244,MDGA2,protein_coding,Up
ENSG00000204889,33.07695783924447,1.3911570782209979,0.359662355467176,3.8679529761016638,0.00010975282254376982,0.0001951967309961024,KRT40,protein_coding,Up
ENSG00000205809,13.608736011005341,1.1525004919724655,0.2979759528317595,3.8677634252693545,0.00010983814670375506,0.0001953353067560036,KLRC2,protein_coding,Up
ENSG00000165799,7.139211966396164,1.3976578014415566,0.3616481149821782,3.86468985607856,0.0001112304434055369,0.00019767804236447015,RNASE7,protein_coding,Up
ENSG00000124678,43.39383702484136,1.2636264430776873,0.3270130204222704,3.8641471873076263,0.00011147798979025101,0.00019806458636092975,TCP11,protein_coding,Up
ENSG00000259702,6.249543593286892,1.3139213706927404,0.3400318458545273,3.8641126903591942,0.00011149374363905323,0.00019807923059771165,AC024337.1,lncRNA,Up
ENSG00000287430,20.19771696441076,1.0327713627806268,0.2678901287311597,3.855204996437406,0.00011563269336393001,0.0002051698374382206,AL136090.2,lncRNA,Up
ENSG00000183454,94.29563681164258,1.3184370848435005,0.3421228549494803,3.8536948519215066,0.00011634858854791401,0.00020634287981764022,GRIN2A,protein_coding,Up
ENSG00000173662,39.76777866205097,1.0339883092648658,0.2684520946989721,3.8516678755080136,0.00011731606391214169,0.00020796078282893092,TAS1R1,protein_coding,Up
ENSG00000183760,16.550702511600257,1.361316660708338,0.3539365837730548,3.8462163085724375,0.00011995587273068,0.00021236900731171746,ACP7,protein_coding,Up
ENSG00000274312,10.88717336063413,1.3774795695249296,0.3582937687833482,3.8445535187575617,0.00012077212628055904,0.00021371366058370298,AC015722.2,lncRNA,Up
ENSG00000187689,5.689116676615484,1.455316663898034,0.3800205005237881,3.8295740937453338,0.00012836523045217164,0.00022652687726853817,AMTN,protein_coding,Up
ENSG00000251629,13.895182023376996,1.84124879651531,0.4818629435626883,3.82110477909321,0.00013285518851003386,0.00023409002545834513,LINC02241,lncRNA,Up
ENSG00000178772,5.010562974587508,1.0453944273585147,0.27364816017136606,3.8202136155560478,0.00013333614363922696,0.00023490607347450662,CPN2,protein_coding,Up
ENSG00000233393,10.466644014933257,1.5071179791428828,0.39553502920044087,3.810327449858145,0.0001387828489082109,0.00024401278341842388,AP000688.2,lncRNA,Up
ENSG00000205212,4.741172422272216,1.6752542078956794,0.4418459334455807,3.791489478768756,0.00014974649323982688,0.0002624494900129094,CCDC144NL,transcribed_unprocessed_pseudogene,Up
ENSG00000218027,4.804479984980639,1.0483048219844284,0.27649643453052053,3.7913864016525434,0.00014980866746416876,0.00026254100890743206,AL512329.1,processed_pseudogene,Up
ENSG00000124875,240.17279156197867,1.1650016465251838,0.3074974258862534,3.788654955947925,0.00015146510749393618,0.00026531398449918295,CXCL6,protein_coding,Up
ENSG00000283288,10.172422171126703,1.2315808754917865,0.3252076100913207,3.787060441623582,0.00015244002887919474,0.0002669396083102706,SMIM33,protein_coding,Up
ENSG00000166407,8.670051060816986,1.218638409727425,0.3220019701557132,3.784568178691943,0.00015397569384083907,0.00026950345457207793,LMO1,protein_coding,Up
ENSG00000285699,9.303183483071809,1.5317781806304482,0.40762276112032103,3.757832797217872,0.0001713913388505401,0.0002983227462368807,AL360267.2,lncRNA,Up
ENSG00000073067,16.494404731520863,1.2145655743044437,0.32384286195708145,3.7504781391952022,0.00017649769288749848,0.00030682603740809117,CYP2W1,protein_coding,Up
ENSG00000224034,13.700144660263433,1.0065272798242793,0.26876921492113903,3.7449500312735204,0.0001804296831036319,0.0003132278303780627,LINC02561,lncRNA,Up
ENSG00000278840,7.230112722284042,1.3262606781735449,0.35493628119363335,3.736616256059806,0.00018651323563453746,0.00032332066945061483,AC009878.1,lncRNA,Up
ENSG00000260075,5.23436121413194,1.263667940839929,0.33856293109293756,3.7324462449583544,0.00018962917345927578,0.000328527777683536,NSFP1,unprocessed_pseudogene,Up
ENSG00000287275,6.178094175004489,1.0058785620309905,0.26950060329924863,3.7323796300154513,0.0001896793445852318,0.0003285931097564421,AC011451.4,lncRNA,Up
ENSG00000250634,3.280523895227345,1.2631407235640995,0.3387394168914824,3.7289452026445313,0.0001922829559045946,0.0003329722581563015,LINC01182,lncRNA,Up
ENSG00000182632,8.079189900039195,1.5911412754372016,0.42804436364943005,3.717234498479116,0.00020141547626407368,0.00034807825605109264,CCNYL2,transcribed_unprocessed_pseudogene,Up
ENSG00000284395,15.768438478768537,1.3672510379681015,0.3687708577452377,3.707589711203957,0.00020924130187403736,0.0003609166097866539,PERCC1,protein_coding,Up
ENSG00000164532,4.568175775526672,1.8107264013264122,0.49008608166437195,3.694710927470209,0.00022013708805317402,0.00037881852074929514,TBX20,protein_coding,Up
ENSG00000253838,8.514938968148511,1.149287283060654,0.31166657810779813,3.687553827677803,0.0002264202075892854,0.0003890721278593416,AC007991.2,lncRNA,Up
ENSG00000227932,10.651758658539773,1.989481079799794,0.5399090247585125,3.684845017527976,0.00022884184556995807,0.00039308737736822036,SELENOOLP,transcribed_unitary_pseudogene,Up
ENSG00000186152,14.270759568399065,1.596717165865453,0.4334386371518458,3.6838367164440813,0.00022974944465545822,0.0003945358723342298,LILRP1,unprocessed_pseudogene,Up
ENSG00000256916,4.517752330975556,1.527572061073906,0.41516894564027573,3.6793986571372206,0.00023378456861125951,0.00040112558229415794,AP000851.1,lncRNA,Up
ENSG00000164287,72.33944372987384,1.2713982023175008,0.34594515846345625,3.6751437943647485,0.0002377154907882613,0.0004074990243831795,CDC20B,protein_coding,Up
ENSG00000224265,5.4601821155048675,1.1140869447332415,0.3037394619954884,3.6679032003743712,0.00024454772705296174,0.00041858519812972873,LINC02633,lncRNA,Up
ENSG00000258414,4.851068495878592,1.061865883434822,0.2901440028015741,3.659789184617471,0.00025242283153901476,0.0004313368369416679,AL121790.1,lncRNA,Up
ENSG00000260653,18.132207762784144,1.5109132330997448,0.41303113360049887,3.6581097892759913,0.00025408221067997177,0.00043403173515779334,AC237221.1,lncRNA,Up
ENSG00000253696,3.878205134056411,1.0413231840073474,0.284984649344287,3.65396236745838,0.0002582241320485718,0.0004408786249349847,KBTBD11-OT1,lncRNA,Up
ENSG00000277200,25.49250842885128,1.038792619226107,0.2845031543121318,3.6512516767615,0.00026096534950245865,0.0004453858175121244,AC005696.4,lncRNA,Up
ENSG00000278530,46.96509691821494,1.0352018789662427,0.2843004355984673,3.6412250891810576,0.0002713437687492016,0.0004619623721296692,CHMP1B2P,transcribed_unitary_pseudogene,Up
ENSG00000233288,4.139397265575635,2.1608957163264364,0.5943242330194614,3.635886938932334,0.000277025822379141,0.0004711493670517864,AC092447.5,lncRNA,Up
ENSG00000167355,6.93093026860538,1.4056443523224313,0.38711759005884533,3.6310526527837723,0.0002822675854469547,0.0004795693723494746,OR51B5,protein_coding,Up
ENSG00000269097,7.267868654260727,1.1619080070139038,0.32019014565401976,3.628806266478292,0.0002847348137701699,0.0004834496838013895,TPRG1LP1,processed_pseudogene,Up
ENSG00000233974,4.666844238041345,1.1067545985436293,0.30533321682338227,3.624743518108032,0.0002892483634301665,0.0004907656249937903,AC138951.1,processed_pseudogene,Up
ENSG00000198889,5.086629024121715,2.3111086750518504,0.6378596051127667,3.6232246979227836,0.0002909528578256628,0.0004934671250876466,DCAF12L1,protein_coding,Up
ENSG00000238117,9.021798102176852,1.8049734283763679,0.49958746725276454,3.6129277587805215,0.00030275907441071814,0.0005125020408403285,AP000844.2,lncRNA,Up
ENSG00000196109,33.26050166123408,1.2016232328904368,0.3331192177003106,3.6071867639034636,0.00030953486636919235,0.0005235350154676161,ZNF676,protein_coding,Up
ENSG00000134760,7.247484983539615,1.4819629154767533,0.41133833019864374,3.6027834186059997,0.000314827835763566,0.0005322483670396997,DSG1,protein_coding,Up
ENSG00000214814,55.94867046204789,1.3271387448524654,0.3683962771332897,3.6024759945451144,0.0003152005163337124,0.000532741803340597,FER1L6,protein_coding,Up
ENSG00000168702,24.66363647267481,1.3051449279783944,0.3633803264755014,3.5916774599144006,0.0003285563315230885,0.0005542851041049098,LRP1B,protein_coding,Up
ENSG00000251095,19.153570367135234,1.2824939395903472,0.3582518559811925,3.5798668399855416,0.0003437693419148739,0.0005790978373767233,AC093866.1,lncRNA,Up
ENSG00000224715,6.726499402935037,1.0540714562155107,0.294943901305573,3.5738031929110914,0.00035183341740973657,0.0005919259421395147,Z82186.1,lncRNA,Up
ENSG00000242173,7.377663533135477,1.081035888064262,0.3039296041561613,3.556862751378499,0.00037531010974172293,0.0006299762949643051,ARHGDIG,protein_coding,Up
ENSG00000269356,5.01447114076585,1.1748305938693437,0.330377432250621,3.556025561026,0.00037650746232191,0.0006319056632783075,AL356740.2,lncRNA,Up
ENSG00000185352,36.323077332744404,1.130277229305387,0.3183501863910336,3.55042113252308,0.0003846153563146406,0.0006449387603978808,HS6ST3,protein_coding,Up
ENSG00000186150,3.84860762872097,1.0160621399881224,0.2873867915836337,3.5355213591729515,0.0004069713433911251,0.0006809971651262116,UBL4B,protein_coding,Up
ENSG00000213973,8.524597843817437,1.2516781597566853,0.3544864063103012,3.5309623654821434,0.00041405065561848616,0.0006922282247295682,ZNF99,protein_coding,Up
ENSG00000204614,4.6343557724445805,1.613138845631624,0.45713558169492224,3.528797385779044,0.00041745261373566034,0.0006974735743654161,TRIM40,protein_coding,Up
ENSG00000286358,17.12819329864542,1.5081813350219806,0.4289431112999652,3.516040461522392,0.00043803422339891505,0.0007305649529460116,AC096647.1,lncRNA,Up
ENSG00000253394,7.34773179663614,1.1931326823252233,0.33940276565006483,3.515388803741751,0.000439110603558092,0.0007320823554294041,LINC00534,lncRNA,Up
ENSG00000150201,115.49700466810633,1.2612677561373067,0.3588032901504994,3.515206774186129,0.00043941171298309196,0.0007324917422949702,FXYD4,protein_coding,Up
ENSG00000261829,3.5233379424189897,1.1970798923590158,0.34180210715944204,3.5022601303057748,0.0004613289695358473,0.0007666043812880643,AC009407.1,lncRNA,Up
ENSG00000135333,90.9087426263434,1.0804575813318398,0.3104015647743038,3.4808380625189557,0.0004998475965701578,0.0008271717051493607,EPHA7,protein_coding,Up
ENSG00000215869,9.569037049757778,1.207523485617931,0.34740799623307594,3.4758079799861714,0.0005093168161967201,0.0008420491813860508,AC092506.1,transcribed_processed_pseudogene,Up
ENSG00000249853,92.58208744543172,1.124336040942947,0.32358058146142815,3.474670933172087,0.0005114803745889923,0.0008454671521288616,HS3ST5,protein_coding,Up
ENSG00000229836,4.886418762281779,1.0159156439651642,0.29246253592949323,3.4736607912409023,0.000513409643299862,0.0008484966341073803,AL671883.1,unprocessed_pseudogene,Up
ENSG00000234042,4.74282720976768,1.133030608580971,0.326927552112961,3.4656932438336763,0.000528866311956944,0.0008725648905902905,AL591438.2,processed_pseudogene,Up
ENSG00000232527,8.196988799945727,1.0335259791987823,0.29883333806399015,3.4585364065955386,0.0005431188642385252,0.0008943452260503254,LINC02802,lncRNA,Up
ENSG00000095777,41.061376213272496,1.120064333425141,0.32402930832040194,3.456676000177167,0.000546881953174672,0.0009002607594241901,MYO3A,protein_coding,Up
ENSG00000099869,3.1779023220901177,1.4840490470447585,0.42949709386472806,3.4553180178494203,0.0005496440969811632,0.0009044689446111246,IGF2-AS,lncRNA,Up
ENSG00000235559,6.328619896780225,1.1869061387884072,0.3437111922331676,3.453207709288766,0.0005539622776134124,0.0009112904092742161,NOP56P1,processed_pseudogene,Up
ENSG00000204538,8.62593928227033,1.0458183469539526,0.30337906694071703,3.447233052365853,0.0005663597979986018,0.0009305818352061267,PSORS1C2,protein_coding,Up
ENSG00000283413,28.47029402288835,1.0679087968766992,0.31116197658529837,3.432002870646231,0.0005991412163596701,0.000981631182069245,AC008703.1,lncRNA,Up
ENSG00000276412,4.852788286617064,1.0249731605528,0.2996985118713063,3.4200141807608784,0.0006261787143119736,0.0010238301523069657,AL591926.2,lncRNA,Up
ENSG00000224204,4.977125157169772,1.694747049717119,0.4987561613212404,3.3979470954857263,0.0006789354820105226,0.0011065905594052465,PHEX-AS1,lncRNA,Up
ENSG00000165023,26.379786978418323,1.048785946020712,0.3091154408873843,3.392861718618584,0.0006916654496188315,0.001126294794766493,DIRAS2,protein_coding,Up
ENSG00000106302,5.815477448012435,1.0982930097769907,0.32509408095911624,3.3783851325029564,0.0007291288657551863,0.0011843010896189876,HYAL4,protein_coding,Up
ENSG00000197641,12.920860120218382,1.6146545769963438,0.4799095192388406,3.3644979152679926,0.0007668306358484176,0.001243088699042403,SERPINB13,protein_coding,Up
ENSG00000206069,5.886023599355739,1.0640276058946623,0.31682347971031927,3.358424087973319,0.0007838824850920493,0.0012696382981314009,TMEM211,protein_coding,Up
ENSG00000137699,1850.9784600258822,1.0641349613340076,0.31755201130704763,3.3510572235206957,0.0008050366508482919,0.0013023813793171446,TRIM29,protein_coding,Up
ENSG00000237125,6.754998960638112,1.1699534996319936,0.3498462748319278,3.3441931036540535,0.0008252227593660393,0.0013334022159609347,HAND2-AS1,lncRNA,Up
ENSG00000084674,40.883909097228106,1.0481137217659688,0.313992380140935,3.338022793086649,0.0008437682758129736,0.001361449515583927,APOB,protein_coding,Up
ENSG00000078725,376.1221248849904,1.2085818033590556,0.36271026182663374,3.3320860492685123,0.0008619759943546111,0.001389298146270466,BRINP1,protein_coding,Up
ENSG00000229205,6.154245658183816,1.3048656282532014,0.3916399781014108,3.3317988489809407,0.000862865996218858,0.001390562630342314,LINC00200,lncRNA,Up
ENSG00000136267,13.505613690290351,1.0236151174098753,0.30813682840117546,3.3219499360757703,0.0008939073121913319,0.0014380390326064801,DGKB,protein_coding,Up
ENSG00000104112,67.27845923625075,1.0724337565928892,0.3240879797812824,3.3090821736635947,0.0009360236044831141,0.0015023093396360145,SCG3,protein_coding,Up
ENSG00000286378,4.131526113835533,1.0776322886114469,0.326598064617937,3.2995672827151914,0.0009683401203219226,0.0015522874755555683,AL713852.2,lncRNA,Up
ENSG00000228476,8.945713330797625,1.1562023228053497,0.3505594252423202,3.29816356244348,0.0009731942714843179,0.0015598792207051704,CSTP1,transcribed_unprocessed_pseudogene,Up
ENSG00000176769,11.560380697852029,1.2157307669214512,0.3689921389239416,3.2947335151008277,0.0009851505476459446,0.0015780840688509026,TCERG1L,protein_coding,Up
ENSG00000250271,5.719914873829598,1.5811312713313768,0.48070090080332306,3.289220529208641,0.0010046527306292153,0.0016083470438739925,AC068647.2,transcribed_unprocessed_pseudogene,Up
ENSG00000180532,19.9798833942207,1.063128598981366,0.32340083742362,3.287340278555874,0.0010113854320196942,0.0016185358564364202,ZSCAN4,protein_coding,Up
ENSG00000179059,80.76176322237558,1.6383274986144414,0.49877179500914176,3.284723625128829,0.001020824525167523,0.0016329476935800777,ZFP42,protein_coding,Up
ENSG00000279726,3.4762230152879887,1.0272744319317644,0.31473110663339504,3.2639748988280135,0.0010986089809557997,0.001751001440181592,AC005609.5,lncRNA,Up
ENSG00000214797,15.56797795714585,1.157926925729102,0.3563036315202014,3.2498319503191784,0.0011547322327996492,0.001835681756626884,AP002358.1,lncRNA,Up
ENSG00000171557,20255.453393165782,1.2285781507347744,0.37867757943367686,3.2443910531279623,0.001177020337575948,0.001868972499661453,FGG,protein_coding,Up
ENSG00000224060,14.140899437044267,1.0512145433415614,0.3243428488735194,3.2410597211948784,0.001190862325304962,0.0018901552617245606,ARSLP1,transcribed_unprocessed_pseudogene,Up
ENSG00000225937,4.623657349491388,1.0599748054521052,0.3291422482659721,3.2204155225784463,0.0012800491263231966,0.002025131717131191,PCA3,lncRNA,Up
ENSG00000279479,6.845568426192454,1.3376777309509515,0.41803398306265366,3.1999258078271224,0.0013746296791968104,0.0021673533417291414,AP005205.3,TEC,Up
ENSG00000271079,9.563379635242768,1.037742792414515,0.32500934661639125,3.192962920046,0.0014082102805403264,0.0022184422664345785,CTAGE15,protein_coding,Up
ENSG00000182747,7.5934866164118695,1.130469079682887,0.3555340520700592,3.1796365864278004,0.0014745985675314207,0.0023165235449662553,SLC35D3,protein_coding,Up
ENSG00000197360,11.430759766525949,1.3030641811535715,0.41108317572165826,3.1698309687961244,0.00152527639405372,0.002391150259270947,ZNF98,protein_coding,Up
ENSG00000066032,10.605604406274104,1.1666609854340446,0.36833256210289184,3.1674120223672855,0.0015380223893087719,0.002409551573184022,CTNNA2,protein_coding,Up
ENSG00000052850,9.22046753638718,1.0210659485308955,0.3228720409340553,3.1624477163677427,0.0015644882639923696,0.002448982281935105,ALX4,protein_coding,Up
ENSG00000274276,25.608927915597786,1.0485026744105177,0.33187327994553834,3.1593464667676194,0.0015812338959369373,0.002474167082172731,CBSL,protein_coding,Up
ENSG00000235994,15.144792863341287,1.1421081134996716,0.36735400085582415,3.1090123173802477,0.0018771389248788634,0.0029136590410886822,HGC6.3,lncRNA,Up
ENSG00000234711,6.523192200096246,1.2824318089426694,0.4170425526891883,3.075062246462017,0.0021045862477911763,0.0032513878583545213,TUBB8P11,unprocessed_pseudogene,Up
ENSG00000267327,12.585031919696743,1.07776798657347,0.35048538257829637,3.0750725712011766,0.0021045133916361976,0.0032513878583545213,AC009271.1,lncRNA,Up
ENSG00000225760,6.904892028867384,1.0331912685931703,0.33762456853831063,3.0601779753949776,0.002212054987145809,0.003407698305894115,LINC00431,transcribed_unprocessed_pseudogene,Up
ENSG00000125851,1042.9498626898194,1.3605531355760865,0.44625880527118883,3.0487984091412748,0.00229758600784171,0.003532377741766901,PCSK2,protein_coding,Up
ENSG00000100604,71.5077604806182,1.212694504844913,0.3995766721529217,3.0349482073387994,0.0024057699645537124,0.003689239007052884,CHGA,protein_coding,Up
ENSG00000165863,9.007251143888343,1.3577917972215714,0.4474109507096379,3.034775512463385,0.0024071478385303507,0.0036911373205818078,C10orf82,protein_coding,Up
ENSG00000287406,4.255386969737375,1.382108084319863,0.4579231331115733,3.0182097919545625,0.002542728108998779,0.0038888609345956266,AC098656.1,lncRNA,Up
ENSG00000228262,5.9859239040135925,1.0401833016183646,0.3474129012652587,2.9940836907036963,0.0027527042709368254,0.004192492296673449,LINC01320,lncRNA,Up
ENSG00000288546,3.1229417600736693,1.3114674948902822,0.4411916089092555,2.972557656145326,0.0029532973632625534,0.00447989251433695,AC004470.2,lncRNA,Up
ENSG00000178473,185.7686133132082,1.0807318061405644,0.36652076311035364,2.94862369315534,0.0031919237698054257,0.004821344358447077,UCN3,protein_coding,Up
ENSG00000205076,5.404882388074823,1.3199914832499047,0.4526877139018192,2.915898626610816,0.003546657169258811,0.005325438421213691,LGALS7,protein_coding,Up
ENSG00000280409,4.327717638042535,1.2767199650256658,0.4425692931198043,2.884791116043506,0.003916734447926375,0.005848818584960558,LINC01101,TEC,Up
ENSG00000167916,6.062802694230361,1.1467647735869193,0.4064425519756091,2.8214682936439623,0.004780436278054612,0.007069715924642484,KRT24,protein_coding,Up
ENSG00000154438,10.633111603586917,1.06455690412054,0.3791144260151461,2.8080094849200217,0.004984875858690599,0.007355969579948019,ASZ1,protein_coding,Up
ENSG00000204894,6.8382290510058406,1.3920113575637867,0.49749767102709097,2.7980258775683504,0.005141599314664474,0.007572440877611831,AC104692.1,processed_pseudogene,Up
ENSG00000287923,11.152065399474976,1.1221484945752342,0.40139036040814735,2.7956538204709136,0.005179484740954531,0.007626075523113958,AL138701.2,lncRNA,Up
ENSG00000125813,4.830862538087621,1.293940503543414,0.4651828798322733,2.7815737845080584,0.005409603227504698,0.007947144128651749,PAX1,protein_coding,Up
ENSG00000140015,10.654509254548023,1.471705672695698,0.5308972292448958,2.7721102910801214,0.005569416280882465,0.00816827070783485,KCNH5,protein_coding,Up
ENSG00000110148,4.9701601096108,1.0458230680656169,0.38185584947777923,2.7387902254106358,0.006166570605729255,0.008989080534719758,CCKBR,protein_coding,Up
ENSG00000141668,8.465151514453158,1.0789251958728534,0.3987869567463097,2.7055177648631497,0.006819800045957456,0.009887735166697718,CBLN2,protein_coding,Up
ENSG00000269964,7.112782858289178,1.014169650265403,0.3768941673029778,2.690860560466387,0.007126797589292525,0.010313557920625832,MEI4,protein_coding,Up
ENSG00000157131,22.7097838700766,1.0251871467176135,0.3809924703442379,2.690833091245417,0.0071273843996793,0.010313841113951772,C8A,protein_coding,Up
ENSG00000012504,22.191850204539556,1.0922500326408289,0.4151850362332293,2.630754813685674,0.00851954755694273,0.012217776216912106,NR1H4,protein_coding,Up
ENSG00000223564,4.8073661664715495,1.0463951746865299,0.40189408953826605,2.603659028399068,0.0092234466556078,0.013164941180426399,CYP4F32P,unprocessed_pseudogene,Up
ENSG00000287770,20.813498996303256,1.051724130881226,0.4089091203008426,2.572024145872441,0.01011058399385631,0.014360449203812934,AC107385.2,unprocessed_pseudogene,Up
ENSG00000257703,18.809259491608778,1.230646858925969,0.505199470268623,2.4359622908385345,0.014852232752806003,0.020655734280443767,AC068643.1,lncRNA,Up
ENSG00000237515,11.64362965816249,1.0293394466582426,0.4240788997598709,2.4272357036416867,0.015214367741021913,0.021133737743928984,SHISA9,protein_coding,Up
ENSG00000171711,9.083624015133267,1.1063688777731933,0.46879097304810385,2.360047316140761,0.018272604278072094,0.02510804933629103,DEFB4A,protein_coding,Up
ENSG00000229035,8.423493578705758,1.483432547115853,0.6352849310432372,2.335066479036146,0.019539948131718058,0.02676302042452632,SPRR2C,unprocessed_pseudogene,Up
ENSG00000008196,12.868737352262421,1.0017535449195185,0.4643238815440492,2.1574456639798845,0.030970956494032798,0.04134582710209309,TFAP2B,protein_coding,Up
ENSG00000142484,51.49114890138812,16.183221451869713,7.5042939976765,2.1565281766519817,0.031042446041986124,0.04143706920410904,TM4SF5,protein_coding,Up
ENSG00000226278,211.80899344704528,1.2570935837534523,0.5854054586279035,2.147389583110274,0.031762279260885776,0.04232723388465524,PSPHP1,unprocessed_pseudogene,Up
ENSG00000242515,21.577078280956666,14.65844371658028,6.8416818374580615,2.1425205183213305,0.0321516193715335,0.04280497818081175,UGT1A10,protein_coding,Up
ENSG00000006128,16.949458187701456,1.334397287936871,0.630586490945747,2.116120955803471,0.034334521631720384,0.04555020050452616,TAC1,protein_coding,Up
