,B cells,CD8+ T cells,CD4+ T cells,Tregs,NK cells,Monocytes,Macrophages M1,Macrophages M2,Dendritic cells,Neutrophils,Mast cells,Eosinophils,T helper cells,Cytotoxic cells,Immune checkpoint
TCGA-97-A4M3-01A,-0.5879831978899194,-1.3481130099859868,-0.8411644472463429,-0.9947565694537417,-0.7832652081482733,-1.18595740329381,-0.2916318436545154,-0.8020100092246016,-0.6544974941500677,-0.6830496862331324,-0.6520503036284571,0.03194522455121618,0.16820965917501,-1.2541830035052581,-1.180818248177855
TCGA-49-AAQV-01A,1.0575590148239267,-0.4024285860585282,0.07984717763233787,0.25290182717386406,-0.43757406864585696,-0.4358525440873886,-0.13573165846172985,-0.6697188761733052,0.22928744409150573,0.08804457673638459,0.4296672320818431,-0.2865484248772924,0.2645980510641743,-0.43113050401887343,0.31391857225919195
TCGA-50-6595-01A,-0.691848515796498,0.45876946410187086,0.01101783091206665,-0.1308727470697154,0.46985229255169414,0.4558627504912171,0.07506478710921749,0.34340028038485304,-0.2235130389644878,-0.2799865595170442,-0.8060790554286301,-0.4871384647466794,-0.8702030303739842,0.6145439714462573,1.1380144101903562
TCGA-49-4486-01A,-0.8728201933967791,-1.174406853740352,-1.1043560410253392,-1.1894684267857196,-0.7373424404353445,-2.1540223960000557,-0.9010469650919646,-1.4227795272936405,-1.6380943412676736,-1.1646157216802133,-1.4034276669040822,-0.6939555369865598,-0.7914578300044998,-1.1065097529353887,-1.5515201071283427
TCGA-44-6148-01A,0.3771029721019866,-0.40878889951320463,0.015306804065430604,-0.586701161895708,-0.4241698187317545,0.2993833040531562,-0.27127060004220555,-0.18098689271700066,0.0763065619382824,0.41718655674074107,2.6166891800801713,1.09347900985841,0.007128649043895319,-0.8763958788137811,-0.35125736453364936
TCGA-69-7761-01A,0.9958735500169041,0.9182938161559513,0.713565689927694,1.1418296803338943,0.38183557352501885,0.3072274702656623,0.49000673614965545,-0.02398984784070795,0.3482169519346686,0.43788651848865534,0.24123994317431507,-0.32462970902257837,0.1562330578602513,0.6822582450714197,0.8553538121622213
TCGA-86-8281-01A,0.34544597301574737,-0.8745721894570065,-0.5029268441472389,-0.5628637777079932,-0.6825068167582684,-1.2155043195870825,-0.07828510600500585,-0.6713170937199688,-0.35345203803730557,-0.8719183251430793,-0.28888104545617604,0.10594006357267649,-0.1267789827358113,-0.7173889176146405,-1.015119267859704
TCGA-73-4666-01A,-0.8480520168908479,1.8670745458007927,0.38400345303121736,1.1363522216446975,2.04391112232155,0.9795783820249171,-0.09909113373716018,0.6156080056296903,0.09467149607497559,-0.4185536785129628,-0.3142646667744437,-0.14860228580499918,0.6694834264029623,1.7779809552420136,1.6363020170278797
TCGA-62-8399-01A,-0.5005979232400317,-0.32110556989076117,-0.49990819198205505,-0.378569226730749,-0.33942734578751754,-0.3540252589331024,-0.4617770611200915,0.055695885812380955,-0.45703209492071306,0.4830440010609478,0.48260370392557705,0.140209084165252,-0.734361562400923,-0.15478963210269778,-0.6120432864140146
TCGA-49-AARN-01A,1.0627456340387154,-0.39972589503921263,-0.6018537997075256,-0.2068223482088131,-0.4559680754230759,-0.7741488696168105,0.03655453149469368,-0.6765948714246331,0.17432025804471277,-0.7957317331400352,-0.3421072435333549,0.14598708497286703,0.027125016665854696,-0.46872803999401597,-0.2810223535856292
TCGA-78-7158-01A,-0.9526690958035156,-1.1189645178285197,-0.8007758287358084,-0.7547100335539124,-0.9302147837413364,-0.69647218221784,-0.6108953578846598,-0.6857040098413856,-0.6946326187334917,-0.3749192698779705,-0.24216654688418893,0.43474155762694144,-0.20711622630357904,-1.2398341902197798,-1.1282571771721845
TCGA-55-6978-11A,-0.8195528769316891,0.4582411670653183,0.9972967150058516,-0.7102539011681416,0.918566377803612,0.7584087334604659,0.4794354490937035,0.6567996315564998,0.4998219201531658,1.9955910838422406,1.0811382405070218,0.04410394733672276,0.7363856817303018,1.3970392532915408,0.07004995466105145
TCGA-44-2655-11A,-0.9421292534894791,-0.21507267648714773,0.7928491206768367,-1.3451110839317388,-0.1258371775948484,0.48883689739583236,0.3852763326886179,0.14180558728653425,0.2553266224580401,1.1472242653612752,1.641577168532698,-0.13771025526117658,0.10447935407163222,-0.2724857378962328,-0.4114204252210555
TCGA-55-A490-01A,-0.5463490825693776,-0.8926056508022202,-0.6415432419671221,0.18784202447900453,-0.836682233908743,0.012287216390551081,0.0776652212403367,0.3207324860540105,-0.10189063021634408,-0.6894912655062914,-1.0742379197915046,-0.038543692414800955,0.28603836268709676,-1.1184309872434495,-0.7404663351210273
TCGA-05-4389-01A,-0.23288422173316561,1.201896068168208,0.4888170152316086,0.7421866085984069,0.2947479120844577,0.40515072801115365,0.4294133124455655,0.8725672773890777,0.4611201010462414,-0.11142309674139149,0.68567291576218,0.5269165469297779,0.2835710776385601,0.8859046537044563,0.6677395012177009
TCGA-62-A46Y-01A,-0.07251059203491347,0.2854272675881748,-0.18228406903084743,0.1584561184256722,-0.37335171722179533,0.7438871579186391,0.5073625441005533,0.354210078178543,0.5252385851477047,0.3186133745197987,0.031281548870279396,0.3641481374345078,0.14693948448108676,0.16455463455593988,0.2944001315086025
TCGA-97-8174-01A,0.020727177887112147,-0.35185756879780883,0.7246751088796003,0.23666572993041068,-0.21781020814613172,-0.031690683967164734,0.24422030933214742,0.05660332488466181,0.2722228095352392,-0.05192037284038883,0.5585802893523085,1.156043394624593,0.27697250061326395,-0.2595013022401393,0.05515562869498187
TCGA-55-6983-11A,-0.7029644495210258,0.34509005784650937,0.44996235197912043,-0.387589998294227,-0.061965681117193534,1.0520677724761271,-0.22239441648156238,1.144058405828504,0.24452374322827788,0.427672749394918,0.14728668730831843,-0.08275333090693324,0.36612713478940856,0.39734310415564567,0.44805708455899423
TCGA-69-A59K-01A,0.5856202930003984,-0.14064559308348107,-0.375732590831236,1.0851197069165477,0.09096206410942591,-0.005001456175040682,0.3480300226855558,0.1977840650977356,0.38797746931014576,-0.34529624941185666,-0.5886571945681314,-0.3897329198513247,0.4862147323954635,-0.20758048881420768,0.4181466095770855
TCGA-44-3918-01B,0.010410035779988613,0.5833701789621684,0.43255275191479187,0.8447605976197439,0.7977758781295713,0.09925008124401884,0.12266761952352521,1.253581730632617,0.6126806904129168,0.22674518218085624,0.4935139248253915,0.7098175054704744,0.6285255289023807,0.3586255422524795,1.078277034045476
TCGA-49-AAR3-01A,0.7870682679791642,1.995668401965036,0.4692488024261806,0.9596779221679076,0.7270594369793953,0.8948715415131304,0.7959432435066096,0.6043816502330973,0.2827750571390175,-0.5027982458177565,-0.6102785010012286,0.12857619231058998,0.07317654697030078,1.7115103731904309,1.646068020928595
TCGA-49-4490-11A,-0.6591605635794359,1.0927473406381958,0.8199489830812297,-1.432238240861249,1.0112894889045556,0.5996527994353905,-0.5680370126451962,0.2665475295348453,0.5928024191186463,0.3319785401310374,0.9225032835537492,-0.7231477554609095,-0.2522356126501155,1.42876085308248,-0.1854306588022354
TCGA-44-6145-01A,1.2294960124432248,1.5099747721730625,0.6011080143999342,0.670829525000259,1.5064010257993168,0.780740816827802,-0.1591189523991414,0.16375317205705767,-0.12465122836968098,1.0005826154030888,0.25847867387645085,0.24244640512756446,0.7112437632612495,1.269440521202925,1.0503040335277132
TCGA-99-8025-01A,0.030425065606624252,-1.061910636935933,-0.9396165515437256,-0.5184489357381257,-0.7600717361153728,-0.9693218382692491,-0.13471263455528878,-0.6667320219003011,-0.4354321806641423,-0.3769230300447161,-0.4991018121053877,-0.07266922551914759,-0.34641160612844657,-1.0622288106886415,-0.7112869967767088
TCGA-49-AAR4-01A,0.9020403842703775,2.288786421457715,0.23525858463281962,0.887394843439567,0.3502287527764443,-0.3296223354676125,0.7702015231368495,-0.038666551967452924,0.2974734297522167,-0.8639677630994146,0.4261531211027542,-0.02609532092970629,0.7744458131031315,2.3204037245786995,1.0541869909943316
TCGA-MP-A4TF-01A,-0.1551668127499116,-0.033355891723147374,-1.3220987142733054,-0.45213354005877116,0.08277966944610143,-1.1494944565263163,-0.16763795062490164,-0.5069071645454789,-0.9879637808161045,-0.13083860751451332,-0.7768412407946782,-0.4723030783411198,0.3274140763350999,0.20196350804706995,-0.033450041267296414
TCGA-86-8358-01A,-0.2490701178860129,0.13083360814250222,-0.6381255572060921,-0.2266682105621309,-0.03219285308478622,-0.6852638001570804,-0.3856577873348912,-0.47837909518806077,-0.6599955777153311,-0.9215837072696041,-1.0327405287869496,-0.3011629702552684,-0.7534967587073571,0.15206399723758493,-0.21401600670660073
TCGA-86-7714-01A,-1.1281166771736628,-1.3655088359923284,-0.21684349128404126,-0.6735291223259184,-0.8194691806047866,-0.1747636322382756,-0.10463324713455971,-0.257862384457258,0.48450036246553985,-0.5257165634647591,-0.11649784689039856,0.12604140431309332,0.044355448929382445,-1.2149444009021189,-1.0484161463373411
TCGA-73-4662-01A,0.9694118658833363,0.05662719960215412,0.8760018534006144,0.9840156009081152,-0.5039281892356802,0.02557080329185805,-0.10133900817084897,0.26698776951485137,1.0401692199313448,0.12535930639950157,0.001967426329613627,-0.07455116891091915,0.34973582098528794,-0.4308028592357508,0.16817223915754395
TCGA-44-8117-01A,-0.5077690785114474,-0.41087541405311423,-0.8480669243279986,-0.21448154768983088,-0.4152929581127034,-0.1481466578585636,0.38501970655981804,-0.020429480432658614,-0.5086552008463749,-0.39285220940273496,-0.18766690909404624,-0.13283288681185762,-0.8544705530196314,-0.5015812712525275,-0.29117835562678895
TCGA-35-5375-01A,0.07896144974988528,0.7074758435327005,-0.8021911847084165,-0.36483853009210326,-0.02359144302873349,-0.2293997005516426,0.4803546541991249,-0.769813523121485,-0.4560991528556113,-0.3356010868054167,-0.43444337331123534,-0.06894104479591116,-1.895577406275993,0.22517646299800656,0.3713556306547568
TCGA-97-7547-01A,0.3004222245377743,-1.0064978195767444,-0.2052487400526059,-0.19599851717396113,-0.782150233897405,-0.4290268431090263,-0.554924361989333,-0.40240227265504386,-0.2109551434484531,-0.7763850370188295,0.21728486463588806,-0.5252969541605145,-0.17720405009074322,-1.3063298415770015,-0.5492331727645773
TCGA-91-8499-01A,0.12105326711508871,0.36449960067654485,-0.33005904834378275,-0.12747833382112417,-0.26730475053113534,0.030250382286142175,0.17377530140396244,-0.22145550630453711,-0.5263171981707312,-0.4980753706688838,-1.3412156239985078,0.7710103527042242,-1.0850193527925511,0.4108607374885775,0.1528990721382465
TCGA-91-6849-01A,1.058760527661162,-0.07288570562455021,-0.12947999864399665,-0.15019066770127176,-0.17238817115250324,-0.020253929934734488,-0.7918055321530898,-0.08185656594937774,0.17176634857547418,-0.34254793029289876,-0.8848619456094596,0.05324959672037917,0.23126799929880895,0.0713647897274046,0.07900764889091873
TCGA-55-7227-01A,-0.24788531345593126,0.0915796303796107,0.4946377344917627,0.877644643366215,-0.05689655574089985,0.3544199922291898,0.08448286987131223,0.41124530487590993,0.8662759106254143,-0.24119428676515894,0.042244847223372295,0.5257397363843812,-0.032793704943544555,0.11754151650429527,0.4543245415867282
TCGA-86-A4D0-01A,-0.49022995046482976,-0.22777349032876618,-1.2480925479826699,-0.23723040048640645,-0.28150527724305696,-0.9451994140269843,-0.4563300178095592,-1.027338024165834,-0.8205042929415874,-0.8104913213813756,-1.44148544546668,0.03299114014371683,-1.3615458830943423,0.044047557218698956,-0.6014500979421291
TCGA-97-A4M5-01A,0.28206320771913773,-0.10495364680879618,0.35087930998752165,0.07901253980774599,0.2626897289524625,0.45586482853684024,0.3823585931478296,0.5739381146519397,0.13979401033146427,0.1190370189892653,1.4254051433973174,0.00497609896731901,0.4095709520687911,0.41757224078761485,-0.0712021794190483
TCGA-75-5122-01A,-0.1449737342540091,2.705049864241687,1.1572356187478166,1.5304435437120365,1.0391597358100682,2.4440404261529602,0.8351568162237759,2.0807503747532192,1.4064838458313729,0.63749144014556,0.04418191389363008,0.5817492455367388,0.2729486471654204,2.2622688439118903,2.0025689567426004
TCGA-86-7701-01A,1.5517211539790112,0.959481862213188,0.7511811056520186,0.9401773219406282,0.5383897704736744,-0.18332509896428428,-0.19187257921963188,-0.6517954775191749,0.4759661689834453,0.02190092752471681,-0.39712548519837915,-0.06320388917304745,-0.0751099243200935,0.7406714794675272,0.7108589808065305
TCGA-80-5611-01A,-0.5818331753692911,-0.09016319738791767,-0.0249725475295832,0.3252943052038102,0.04410168043003785,1.4624514508730633,-0.3162057183151405,-0.10066463543351108,-0.23194721746738534,-0.471523588731149,-0.054057814763969904,0.426137661441801,0.4229397945744012,-0.023388894377260976,1.0110528093476558
TCGA-MP-A4T9-01A,-0.08405078301451706,-0.20375428668034515,0.4062021369222494,0.13429260985478977,-0.22562826503221733,0.17817970787076684,0.8434726799411596,0.8459112746007659,0.3007909532058015,0.070851440103498,0.7084988971294611,-0.0598238058042043,0.5140788802714228,-0.019184438594022402,0.3622456995137902
TCGA-69-7760-01A,-1.2435717499940777,-1.8358431985935677,-1.8566329460511457,-0.9669915720944702,-0.9483223825353124,-1.7516708638470686,-0.2716225384435732,-1.1307144349169909,-1.0292165535710887,-1.020629032872084,-0.9666206842904925,-0.015856232379435432,-1.1155250064166264,-1.8560357294114749,-1.1881749506090387
TCGA-MP-A4SY-01A,-1.017567355426068,-1.4179591104708216,-0.7210161183089802,-0.052797637693648,-0.6520530331566783,0.09839227692298887,-0.292731200854155,0.028273469844125244,-0.10837654885412763,-0.541523904167106,-0.19769008115915732,0.5366534539217139,-0.27768228426070474,-1.2629373936684594,-0.3807937120017871
TCGA-L9-A7SV-01A,-0.553028233513809,-0.7730505473418168,-1.4405733035721342,-0.2687565456099462,-0.45015328735948934,-1.0385499530573203,0.1838567021607726,-1.1164924778233671,-1.0041621629478406,-1.1196371560670701,-1.2119807844866768,0.7976657432492799,0.07915455510039944,-0.7386783307001641,-0.851965392590988
TCGA-67-3772-01A,0.7794113866672409,-0.18479753097167678,0.13154895987608498,-0.19320812703277024,-0.5170702307806873,-0.2793366115630585,-0.20282916605088092,0.04935621860742926,0.5602795044415879,-0.08299310261776496,0.8255896519758111,-0.6038997745946713,-0.6318890462508163,-0.19813066729425483,-0.3746391914538429
TCGA-NJ-A4YQ-01A,2.055781960849539,1.5197422039228532,0.7547595901338913,0.7013128890397393,0.5841413700918758,0.4817912903055053,0.3568880139373546,0.3284069348314272,0.20552612986035415,0.01705643497845804,0.23431370269754134,-0.034102165483388805,0.6914058992654998,1.3348766295503631,0.8139927812912381
TCGA-44-4112-01A,-0.30306235409210436,-0.5366476331779285,-0.8016060525784997,0.1316428139395171,-0.33316674040107813,-0.2259092245614616,-0.19979531037013532,-0.3246761331782708,-0.06649823094909477,-0.17043217163770552,0.1153511372656935,-0.2873203104988441,-0.16939237767948975,-0.4874737223425804,-0.3407611044971933
TCGA-95-A4VP-01A,1.2318964718770407,0.31131923195118927,-0.19269360066361313,-0.09852962773178335,-0.17788844593087572,-0.8275384108328674,-0.43544232351648576,-0.532006560019736,0.30064312183411224,0.07856231687428053,0.4309805681097527,-0.34002239534265016,0.1927471382585276,0.544079114264834,0.23269541041156158
TCGA-75-5126-01A,-0.4782293745215938,0.9191564894159936,0.16943558597027353,-0.012961229420929865,0.3017511092803361,1.684332350086633,0.18867172871704305,1.1952201196611638,0.4472554231818136,1.8417479934870629,0.8665295438852413,0.7213623730176181,0.0020757658335776585,0.7375032324989927,1.437666349864389
TCGA-55-8208-01A,1.859408824904603,1.301916586450621,0.8700054932666305,0.9555637212437246,0.6275338076124704,1.3871583002181527,0.7099893550814224,0.9411500303150395,0.62037347391424,1.083082290037727,-0.05359525799002344,0.6802258659522817,0.38499417088313526,0.9869393977619508,1.3750515434964339
TCGA-55-7914-01A,0.9712324164711246,0.2607982693879675,0.19764733732868928,-1.0473755561024296,-0.48227902178899007,-0.47936952762464274,-0.29308205891492783,-0.6062990547948595,-0.7022527373777462,-0.7277138102420082,0.0034847746496171985,-0.12409964479080834,-0.5440047281793535,0.18028166114039132,-0.20812925529581594
TCGA-44-6776-01A,-0.726488407536364,-1.1213978601273298,-0.3954970480460721,-0.6804040293495389,-0.5936505039449794,-1.6543489079813094,-1.0014108945078817,-1.0881584393885062,-0.6136924619223941,-0.583384986353031,0.5084119684522005,-0.2406232696253642,-0.3256943472875227,-0.874856352258279,-1.1673243602484438
TCGA-49-AARE-01A,0.3807841367228308,-0.31501619597372593,-0.5213290875422735,-0.2597654338401653,-0.055567988858547065,-0.9389916092206803,0.03169598199314918,-1.058890553897273,-0.7409164744656264,-0.7960337710072175,-0.41918795191383523,0.051964261273919975,0.028425355319798413,-0.22304078966307697,-0.24448135568014825
TCGA-44-2668-01A,-0.28871279517793813,0.8513944728818796,0.4751898419420935,1.0246046082633165,1.0729579645898815,0.7653453762205227,1.5946982407917898,0.5608780797324631,0.17963954545699404,1.4947712312381192,-0.5749786174960573,-0.4601761802545271,0.24576257081385988,0.8387923783014213,1.3070073011998646
TCGA-44-2662-01A,-0.3311761541639294,-0.6468685860308339,-0.17044711026506257,0.365189969463454,-0.42913558383632033,1.5230616186887793,0.048195620661980625,0.5159081909385403,-0.043313079776936894,0.914404815741176,-0.6096011988779425,0.6225612995163253,-0.19462487810329068,-0.4517993993944513,0.32767760538426427
TCGA-95-7948-01A,-0.5531430096280046,-0.9004561908015061,-1.399257805667975,-0.5959150393542161,-0.7461692189579838,-0.8875510926207273,-0.06234491030527652,-0.8086214039684423,-0.8961871852639555,-0.866497901222057,-0.4455598350256078,0.30947986810046585,-0.6555793379040992,-1.1062946596635006,-1.2673231420209037
TCGA-44-7661-01A,-0.17763005823907058,0.187848044442197,0.5700247758641154,1.4134081787456718,-0.26320237495954235,0.6872855086674634,0.26813435017331877,0.8134351715633245,1.2949980687697622,0.19275901065817896,0.12327380652549795,0.11248554190120645,-0.21292828863841465,0.09038825611259176,1.095934972393531
TCGA-67-3770-01A,-1.0921671083026736,0.01335115363803692,0.10874059504331272,0.01152711858573957,-0.36536628913022495,0.002141071624649419,-0.38759072600168903,0.2500060365528903,-0.13289381347794624,-0.10583054007193395,-0.006152178582039665,0.1879378204490103,0.075039705842718,-0.10430539387837619,-0.2627471709089948
TCGA-55-7725-01A,0.36374618779559753,0.14544234191778185,0.8238377467290992,-0.19722717292410788,-0.0358233035561985,-0.26865029953502345,-0.10355563450484472,0.16666854999019862,0.2934015395767386,-0.4306019935715774,0.9810786443199557,0.47448302215211696,0.585569033815735,0.007264561972538893,-0.03859199267066755
TCGA-78-7536-01A,-0.6680991689225552,0.034228169949884195,-0.5993589930467442,0.012954590231239071,-0.37711979928685724,0.9463367787614622,-0.5943002975501958,-0.5368581850602028,-0.3631452816526264,-0.17980789392416666,-1.5039365147677675,0.20850225040385037,-0.22228140885879907,-0.18082595439453467,-0.17153552176661183
TCGA-50-8457-01A,1.4333424502148868,0.3343709034867365,0.7619806142459121,0.2616943052442422,-0.17995853148859103,0.06399861798219396,-0.36634129653656505,0.13934462725363375,0.6826003511580684,-0.35348172649603365,1.187501827453246,0.2915190859584509,0.3827256335648786,0.004697802620170126,-0.0505828124157339
TCGA-55-8090-01A,-0.20766473284843623,-0.9566932391153167,-0.36914363648938797,-0.10222396940938845,-0.6792301867861672,0.0879131712923551,0.18649239704261583,0.11983746532497348,-0.22311455345209547,-0.1234946810350297,-0.005026447555698292,0.7308986004417344,-0.45576962764174533,-1.0263140768015602,-0.16754453504403072
TCGA-97-A4M7-01A,0.7809424706510304,-0.027651188243031602,0.5532072109850781,1.3102831339984509,-0.41196918601686167,0.01108482436389401,0.6230891217796888,-0.13862149040974223,0.7663680746279352,0.1659464490272283,1.6581352788414725,1.142487001982146,0.48167919591082636,-0.0682791767268441,0.6763290033972164
TCGA-05-5420-01A,1.7692416188002063,1.5253206609176186,0.9528038322929436,0.9291982162692619,0.4716997565787757,1.2530675196675596,0.07272048323188465,0.9215405915718906,0.6995602935756552,0.2384266432815764,0.011950716040640593,0.15677454271934022,-0.4608830786731539,1.1725933014907728,1.1388041234622786
TCGA-55-8511-01A,1.0857734105239594,0.4791883285659127,0.2811626687656741,0.7759931944334131,0.02467008124049852,0.21839724595993204,-0.21379103117967385,-0.0739274131816272,0.20548431612133614,-0.07914477570646906,-0.3372083427407561,-0.09631302978425582,0.061256197527835156,0.41782411861074426,0.5745528091478621
TCGA-38-4628-01A,-1.0391055763648636,-1.1893978275170967,-0.43854762872755054,-0.7516748582207667,-0.9483433070877477,0.32691118000850866,-0.2678567596934714,0.050053694634630844,-0.4604017569981555,0.1982763581918789,-0.22975771415456844,-0.37842275597417263,-0.14152999643926686,-1.6868766018643793,-1.1060711520523576
TCGA-44-6147-11A,-1.031876557476338,0.11532474288477465,0.18607161887696388,-1.1221324739950926,1.244403420814388,0.34027469555012096,0.5104701886443724,1.9200337854661842,0.7066108887468345,2.8796959221908014,0.8605401771512038,-0.2030423676698402,0.11040828704527601,0.568189992359464,0.09806433203202718
TCGA-95-7562-01A,-0.4930653183683312,-0.25873453971642235,-0.3214396266723096,0.0159200889158277,-0.4299506048954877,0.31583303272967694,-0.5060493774246424,-0.5552556916470078,-0.682432398624985,-0.713890099813285,-0.4863210428972112,-0.7292450711763541,-0.8871604385023947,-0.5202981883739934,0.17544259112367885
TCGA-69-7980-01A,-0.41214990308195104,0.5770547030905098,0.08396439445520856,0.48308912374881735,0.21504446378044254,0.2965001905063382,0.5397597112756797,0.018952770758500753,-0.015623376942670877,-0.4872854944335417,-0.6716073088363596,0.5320636493037394,0.5717549962026832,0.502836590923685,0.36520370485221776
TCGA-05-4390-01A,-0.14474296559642508,-0.8053891941319457,-0.48392135583334583,-0.017968391998985922,-0.48418919940884525,-0.24345291484699727,-0.23665691861868693,-0.1914242353467746,-0.14022743166945498,0.02185755794241844,-0.9378324588194054,-0.6447904031900636,-0.7366961823915177,-1.1612170384870468,-0.6986834004823348
TCGA-44-6147-01A,0.9300684669755255,-0.38713793432311483,-0.08571177149727374,0.4079341422682166,-0.5271516284029846,-0.26864314397124256,-0.09179337327967207,0.363860671635921,0.5859117323398816,-0.09980113169352935,0.9532805623044549,-0.06819282899741677,0.05506222029752945,-0.7355007533422733,0.24666932198023636
TCGA-69-7765-01A,0.41285064427322926,-0.11432588331196955,0.009504284755565195,0.008055791097162071,-0.33739498187869843,-0.0023277478220016163,0.20023432762048357,0.0946005192083437,0.4720112157923216,-0.34497802643338027,-0.2492520018128049,-0.2662136187128603,0.07570750243114625,0.0660417951009986,-0.08514219100220163
TCGA-95-7944-01A,-0.361553894671666,2.2548098128166045,0.3221304339824179,0.43403530654152417,2.391368997604695,0.6226173293538323,0.10674706282053295,0.08716579650452817,-0.36872740620574873,-0.40502032195602944,-0.8506898433889809,-0.29376617809832517,0.21457401676922674,2.5440775022556528,1.4745682582914936
TCGA-73-4676-01A,-1.2015093521275035,-0.6337060223167039,-0.9868493628652708,0.012517827408546345,-0.5998901831206572,0.14362627436212505,-0.18012769466274267,0.15708524763748571,0.0510582354459053,0.5450866422611292,0.38569224358843907,0.16858385699503675,-0.14216857568796556,-0.7992833502884107,-0.6635450266425773
TCGA-53-7626-01A,0.9330506060281275,0.8044894920498353,1.1392491829529425,0.7972458862912407,0.831895163315976,0.698348362502014,0.3778939795385269,0.6819219146347848,0.5654016371725252,0.7954068211078871,0.44887419235876463,0.42050868125774404,0.29463228172751654,0.5573096093692412,0.5247586094355527
TCGA-05-4384-01A,-0.9400733925362952,-0.7705331768194977,0.057479084890490875,-0.288455811391408,-0.4196099414392762,0.39863391938976456,0.18873502673183934,0.39432570649685605,-0.10704322144897158,0.30224673627104265,-0.24655788528651543,0.5605135907222975,0.36629650101870004,-0.41023132308275334,-0.6111056552516653
TCGA-86-7713-01A,-0.6444148453270929,-1.069709525145061,-0.8175794115643893,-0.027728698824868763,-0.3681173145751965,-1.1087276231936654,-0.40848360751958473,-0.6703564424916154,-0.7806139073036581,-0.3542348647009596,-1.387109743277179,-0.7779665574004397,-0.45565898979342484,-1.0804430931653044,-0.9568874173371282
TCGA-80-5607-01A,-0.23139374404435503,0.5228880005888945,0.19236255397438257,0.6273578547279056,0.3153956111342598,-0.23419249457429567,-0.19023500245275812,-0.019760101333544812,0.13857311463091287,-0.3805859613641358,0.7756534011874066,0.29379510506102363,0.3425566203664065,0.4630724918752899,0.3296729676606429
TCGA-55-1596-01A,-0.5105629241085048,-0.2785876959410256,-0.6929010439958587,0.2501160144010595,-0.4195196683585854,-0.5198855865662185,-0.37796902275210814,-0.6915273208962309,-0.7212441378955187,-0.8543469418633143,-0.32485225160063075,-0.8889576886518403,-0.39937848448715013,-0.39713817960865233,-0.033692373854984387
TCGA-44-6146-01A,-1.156411609626851,-1.0590837835529303,-0.8399236228391734,-1.241174729369589,-0.6127579808601799,-1.0869462196038258,-0.850946366786674,-1.3512381152265989,-1.0078036975178308,-0.2232054127719413,-0.8486191835437166,-0.8612268476205557,-0.6483684919986477,-1.034596992528603,-1.4731915860208722
TCGA-55-7728-01A,1.0216555729719408,-0.028302198065271414,0.8584212571592518,0.42869041591651486,-0.056314994839320266,1.285994276587333,0.4248219247278054,0.4842075791644765,0.6595479574809338,-0.28665429486935956,-0.09464818604344612,0.45004407974943045,0.9008935616063498,0.32309605747195896,0.640840417414274
TCGA-86-8073-01A,-0.7250010115046295,-0.685331000579501,-0.3846475154766308,-0.407239690238597,-0.5486154900899406,0.3398977499001313,0.5551828399190519,-0.0209016878195043,-0.029977241650719546,-0.09753254616572393,0.1753704398755579,0.8065551004605339,-0.21800677304897212,-0.8021648121421036,-0.6453281243109316
TCGA-38-4627-11A,-0.7497438440140745,0.5638569803716664,1.1580600035596438,-1.1988495454016876,1.0084267750421414,1.2204798701062034,0.12393698470395541,1.165789458125526,0.6789698392275447,1.2969840103887544,1.925424030972828,-0.09839690836698131,-0.15662204407879218,0.806345631155599,-0.007385137481672973
TCGA-44-6776-11A,-0.9855057786409809,-0.033246296664263875,0.33077363155537187,-1.2078819039608655,0.4991962675998459,-0.05036672954136234,-0.20701633039191927,0.28127771851053235,0.13992668103625444,0.27895303558984724,0.4694658786661965,-0.07056184899867135,0.5664576389980859,0.5340516286152612,-0.10936519325980015
TCGA-73-4658-01A,-0.42703385729500953,0.061051662898266267,0.5912886562597478,1.0963349200098509,-0.15991907184286602,1.1644895479162625,0.16463970466293779,1.0964460499527233,1.4724125652082256,0.40788878740167955,-0.23682834393794464,0.3024873145601731,-0.07611257274565726,-0.12219634628378416,0.7772228397718146
TCGA-50-6597-01A,0.4747073884681229,-0.05427428612083407,0.22394672789105705,0.11018392346260068,-0.6240849161967355,-1.081713816907411,-0.2207587017870241,-1.189898294687241,-0.5696311711225859,-0.7531843014904513,-0.8465878980393166,-0.28516095143487585,-0.1352770938514475,-0.30900317165087904,0.04121544380770311
TCGA-50-5932-01A,-0.830825530348139,-1.1807972077099087,-1.13950018722534,-0.8214536894141777,-0.6631328859092489,-0.7848540286018353,-0.9494355483549421,-0.3256789789642731,-0.9161673094280111,-0.2528870114186296,-0.8293397980465732,-0.7780388653975361,-0.39913300947392716,-1.1036811642018198,-1.3355833739997578
TCGA-91-6840-01A,0.2398591411130994,0.373777398461251,-0.1636845815012163,0.15623675048568086,-0.237096377411321,-0.47272675577471474,0.4815255475963585,-0.6005510227257073,-0.21300381408562205,-0.2927411441869578,0.038098969462823325,0.6002222736346801,-0.4026179835257327,0.41583061567984014,0.03714170056619129
TCGA-50-5072-01A,-0.6172516670022985,-0.8956827843936936,-0.4212482701417798,-0.09074694284492028,-0.3842748164281097,-0.3804931228459915,0.13282776677048302,-0.14284080787124523,-0.6379882280468128,0.0053439998721046145,-0.11493842075339185,-0.2916805678737818,-0.0553804641453014,-0.973567173168202,-0.4932380182227843
TCGA-73-7498-01A,0.1732452455824789,-0.7038435248265122,0.43531998745398165,0.0010939489305583177,-0.44749148510482506,-0.5281552542609075,-0.4078286964842395,-0.20826286410218925,0.03559909790207342,0.014374354526269253,0.7647950555560822,-0.1538051282168123,0.4558940261647273,-0.825077871602829,-0.6680205376468572
TCGA-97-8172-01A,1.8325023111110248,0.32645134390653097,1.259187211505406,0.1358685019485442,-0.31450148814439083,0.33662115505197915,-0.20342017466615459,0.36731362993373734,0.7086023559097566,0.38632694186885946,2.2206512669000515,0.2399715105220257,0.5987625193297331,0.10388030219958387,0.07746131011784457
TCGA-91-6831-11A,-0.6069408402919481,0.2684618424367727,0.9097222762613711,-0.6737280285113716,0.17243176338822555,0.588465613167961,-0.018069387547769513,0.6459246075898571,0.39464145421766805,1.890397625578085,0.750189820295908,-0.14826931884787373,0.26529107208739683,0.4310666858175919,0.1929628627575331
TCGA-05-4396-01A,-0.9004547779529007,-0.987755967760229,-0.7353503277140524,-0.2894327841565583,-0.4584975896053804,-1.1563706407445302,0.19829946447639676,-1.017176853445662,-1.0301089704007496,-0.6405319297697784,-0.6043289907689907,-0.9026753539631717,-0.07496244670201165,-0.9233466209557001,-0.9641594749694425
TCGA-55-1595-01A,0.1303791404426617,0.03474599901026698,0.6654603110717521,0.19122678484432123,-0.29049376023622425,-0.1998507001665527,0.25501719410855495,-0.4276175610037178,0.04051921749621493,-0.4162265347201763,-0.9671748709779323,0.7245787642818565,0.18572359108092795,-0.04373142375225222,0.11474545682194935
TCGA-44-2659-01A,0.35051207430468934,0.42982661261848154,0.4405497505158092,-0.06989176587454815,-0.28545022123843256,-0.20282869960302122,-0.43703305533376613,-0.273702288215615,0.21775114056355266,-0.42208281873983416,0.49650974551192434,-0.16113695419072532,0.44768548794935015,-0.06270861436977192,-0.07825403799533152
TCGA-50-5932-11A,-1.0976976470738815,0.36433703151998786,0.5722900446493608,-1.3278393722826811,0.9735543558389188,0.5677356326523512,-0.034990409884393246,0.795798400426713,0.3781971873403305,0.805617380773767,2.0214619260633078,-0.3480191752551446,0.4215299901257114,0.8481729438357885,-0.3841979730856608
TCGA-MN-A4N4-01A,-0.020253458971280787,-0.3477151301202279,-0.046890375906635785,-0.7495369533536659,-0.3851434796105384,-0.10011814185896313,0.5388978341773828,-0.7100500831361876,-0.7498788107393758,-0.21706861461961666,0.2890133366291739,0.6113554107462199,-0.5732161067254818,-0.44908597550034834,-0.6710747306978116
TCGA-38-4629-01A,0.013281530382207071,0.8390617974731872,0.0984389868097733,0.43999102996768996,0.5835363401673831,1.4510421028798561,0.1080198766566801,0.6999253809831653,-0.03021946841274045,0.028911419619515148,-0.7601183214643293,0.2880906291636461,-0.8313630225862059,0.5344284708270902,1.0004653352858603
TCGA-50-5935-01A,-0.19645369596696355,-0.30035549117011245,0.7322614769953841,0.44753848508540844,-0.46178529059661194,-0.40338692283499816,-0.26885667884694825,-0.2834375874173157,0.9656755887113183,-0.17758860588698247,-0.3788540274285943,-0.4778888699109688,0.042534351655789504,-0.3752380716624388,-0.20703869886440346
TCGA-55-7576-01A,-0.07553600377036761,-0.18153581671729085,-0.20988193681217013,0.7904405620201111,-0.5269723210027423,0.15335360244227314,-0.0037639907330319525,0.08655721598404849,0.3138736323584596,-0.30021595980447824,-0.09864054889907031,-0.09524330449509488,-0.0647538009150731,-0.5529939609952156,-0.20116544042015677
TCGA-67-3771-01A,0.6676385073945659,0.46369311421888476,0.16262993255315597,0.4037946640756333,0.10301756920840478,0.8633390766652518,0.5536121479211906,0.2210377719959777,-0.11428822875395843,-0.06074300424875508,-0.8481930331721692,1.2177915670393988,0.23988431940033525,0.22644902238947592,0.29545883851842736
TCGA-38-4626-11A,-0.9436546963801099,0.21315687512681908,0.15624709414154236,-0.8819938052160001,0.9119670380657173,1.6482228332006346,0.34707211563559237,2.0258690208579546,0.9292469939626317,2.073074882372723,0.5946519061670944,-0.023791094453282934,-0.1358322614152603,0.422012753931383,0.05381487849693253
TCGA-50-5066-02A,-0.10817755829485876,-0.19845854334029595,0.05504706793882871,0.19554273692099686,-0.16903679240501185,0.1465727024288849,-0.0036403274241442224,-0.05291066194607859,-0.3357749621649465,-0.3780938997386533,-0.9806186336833874,0.8571756466168562,0.10767217725022334,-0.4346118204117864,-0.3107828710604494
TCGA-75-5146-01A,0.8337287191431079,-0.3367551103084738,0.5474634097001718,-0.6119527905625728,-0.3992580355778299,-0.40280376206458296,-0.3836200870680241,-0.25663277052871203,-0.40870261203305525,-0.2171172573604978,-0.44395143661376557,0.11898374067312027,-0.3301675159606468,-0.5739773028801665,-0.6052601301934462
TCGA-55-7726-01A,-0.6871247996820808,-1.0888692805014974,-0.8465169669626175,0.03088174263382522,-0.5970083242760515,-0.343000435189607,-0.028771941757877086,-0.2466510771218169,-0.46471186778023726,-0.2872218216015091,-0.3879640687425723,-0.6662700865018836,-1.4388317281118903,-1.0107770218951198,-0.555391664337829
TCGA-L9-A5IP-01A,-0.8153390356842751,-0.08616460776111047,-0.8769530336909093,-0.19589615377472838,0.07992442141697399,-0.8766409055751149,-0.5220374785014009,-1.003716300478429,-1.1890128890318572,1.0415426853933762,-0.6290869214293124,0.4447632704412306,0.01353833156825481,0.15834383659933185,-0.48980394564812435
TCGA-97-7546-01A,0.5547283488456406,-0.12500713548928136,0.8895394773020818,0.07234083007608727,-0.2032964208419861,-0.12604963109837597,-0.23507012542184144,0.2975452208309571,0.7053789088919292,0.7742471307999093,1.224559393206189,0.0874332540404394,0.2823405173156894,-0.3511947434956487,-0.1814245508286128
TCGA-50-5935-11A,-1.0866945977463092,0.23813914060570182,0.7195760197842376,-1.0420345269875888,0.6684512789695892,0.528524948451906,0.0603002732913025,0.5845637072422171,0.6153527371280869,0.5484338234388956,1.1586376362720319,-0.2565986712440875,0.15651251659343027,0.6474896819293997,-0.28253788486220494
TCGA-55-8615-01A,-0.907051649196078,-1.429385240694108,-1.0592309392976516,-0.4525772671794453,-0.7213082328784091,-1.112476372033566,-0.03328459349569769,-0.311622709367814,-0.38855269725490477,-0.2053548170208948,-1.1677554179205225,-0.6977294586387914,-0.08778945905226626,-1.295164873495051,-1.146520886000724
TCGA-49-4505-01A,0.2748799810531618,0.616910436506414,-0.07619734902664799,0.6431741555253753,0.03209094293993412,0.33554920553383644,0.049272264011013533,0.27859064716880577,0.804990271845047,0.19492107655315444,1.258709503928894,-0.03743357034940655,-0.2313449642702338,0.37226091597094435,0.3799663613502534
TCGA-38-4631-01A,-0.15826088260141633,-0.03700793747943422,-1.117398912708882,-0.8709869594821406,-0.4006940540570044,-0.7234956267670575,0.05618172104378711,-0.8744311021477117,-0.8207815028421492,0.9445475691095105,-0.9111804022048132,-0.8232942254183516,-1.7640421620563813,-0.013366657399449913,-0.7218701214941533
TCGA-05-4434-01A,0.9613251031348782,0.5137768096262655,0.8654210404476016,0.8801566121859614,-0.01987152660036872,1.0602911390622751,0.06884059095959708,0.8521656278670863,0.6551225597033891,0.13542556746812015,0.6415762730993921,0.47458250360531407,0.9325688732442995,0.3325233790645706,1.016978764262755
TCGA-97-8177-01A,0.5578090794714874,0.16292767997285593,0.12350860330390187,0.13072810621354167,-0.33916910077765683,0.9585155659598582,0.3180950396348575,0.6496887852626144,0.3942764096302689,0.2365013603449318,1.5181628243573868,0.3486199864040479,0.011837454195756622,0.02787391847082313,0.026094913805826365
TCGA-J2-8194-01A,-0.6938084886962701,-0.9621524836484683,-0.3629806537447157,-0.23896954611152565,-0.6245970942067807,0.03527259599861406,0.16699863257233757,-0.09657398916723885,-0.013428614817083422,1.1586679962536455,-0.9967316563798883,-0.08025688345248441,-0.1512184892508779,-0.8994504438799754,-0.6697864522181326
TCGA-73-A9RS-01A,-0.6980612187861012,-0.26547187945181766,-1.2859806594837115,-0.37456789869368007,0.09799868283233988,-1.0384997030238428,-0.11337070468893774,-0.47575378002187724,-1.0983889120658064,-0.7467885053233291,-0.19227721943115572,-0.12401177566357446,0.46288223771475584,-0.3209190772290504,-0.5362789826222621
TCGA-38-6178-01A,-0.020782376349681837,-0.8799534650638268,-0.3381488408688231,0.4914130358199549,-0.46572830141184723,-0.3342185874159705,-0.24780820453316535,-0.15364118456341477,-0.3584522114225626,-0.5181312753791227,0.42389000564945567,0.10386576718515994,0.008034890795630911,-0.8547574180456978,-0.264317204565932
TCGA-55-7573-01A,1.1811886487727126,-0.3549470858718606,0.762519782005568,0.06746902794135089,-0.47513704014131225,-0.1954596482481019,0.07456491299099725,-0.2137346805555828,0.32824389530003506,-0.2433785039789155,0.39832337300947757,0.06130126150715853,0.3500586960849043,-0.42951719503915,-0.30823814035062846
TCGA-55-6986-11A,-0.4505886392123396,-0.21082587864032196,0.9702217813479527,-1.0243716148779636,0.4733149743322127,0.3588150613772763,0.73965287569592,0.3772717964684418,0.1020483415163441,1.2509588835295686,0.12317154842631682,0.145236794376942,0.6119923121437169,0.16283408836420438,-0.18770718259004313
TCGA-86-8585-01A,0.8833203099015614,0.8555487213174244,0.8647140473366856,0.14983395888531095,0.2970045054322681,0.5552371907129917,-0.07139822497083682,0.03843000916381632,-0.23102944372878867,-0.4803064323223447,-0.04401441098414475,0.1405277886219661,0.3556620023468282,0.9794638512529723,0.6296280665486462
TCGA-97-8179-01A,-1.083218502392862,-1.0112078624312089,-1.0273587097853474,-0.8244040481685069,-0.55322532755306,-0.5376917075864119,-0.4586184155458342,-0.5013626738705896,-0.416121280196802,-0.05485897524142385,-0.005743719592776049,0.07649016799642054,-0.4616053277510121,-1.0963671003474391,-0.7815815240917448
TCGA-91-6835-01A,1.5953477423293276,1.3846993824059368,1.561460652923984,1.6120896626454222,0.184884554487867,1.10825909989236,1.127187267794134,0.906788534066268,1.287568461669679,0.267408610080332,0.42647853293662114,0.6807733464537111,0.899700396764418,0.8886772156258335,1.2682148464577108
TCGA-62-A471-01A,-0.5348280707241558,0.00867905251023851,-1.6823488744498125,-0.7109867003582805,0.17678274626380688,-2.0202597323443583,-0.11912257334037608,-1.3900195543154656,-1.1954964568007902,0.015663075581705606,-0.164751877310852,-0.7430683873199929,0.19622477604325583,0.4135623026272044,-0.5585010957496018
TCGA-NJ-A7XG-01A,-0.8928528441900893,-1.5001614887654848,-1.6653352378232718,-0.8449235392515938,-0.7630453287518226,-2.1441962434956903,-0.3403997258927235,-1.5759612477847913,-0.6911446063867833,-0.6612129885306438,0.08957330142033464,0.41663314936984686,-0.14376829065099983,-1.207172947304621,-1.3400361415259074
TCGA-50-6592-01A,0.041214026780429326,1.455668369433187,0.10812878147989106,0.6602012025628544,1.170178374183446,0.650932405144425,0.5400645491863673,0.4588849950715378,-0.02063450939558319,0.04233836685296323,-0.40493113436614925,-0.50402786711495,0.22485840319979924,1.6445725599340986,0.8648921166514318
TCGA-86-7954-01A,0.15089838564268415,0.5001989193590054,0.5623196704619566,0.835704113009697,-0.006186487545340446,1.2706497876378837,0.24047629142048058,0.2880093738430986,0.4748416945102412,0.0068680985147250295,-0.2059431226286255,0.6031074459162277,0.06823532575979674,0.15029259585734614,1.0825436940952835
TCGA-05-4410-01A,0.9500566116581354,0.7497123061159626,0.4421721715551734,0.11354815216377667,0.28444334465892596,0.3234672145150768,-0.2834560435794118,0.25297162031144954,0.10449733037114228,-0.3500290437406645,-0.02431048085969219,0.23720616112935416,0.44194541459749753,0.6249602480139431,0.43968870384238506
TCGA-L4-A4E6-01A,-0.10125149892506298,-0.08613080924533206,0.7921987603295626,-0.17513106035958212,0.21975347004847962,1.4511481800111865,0.7536052225047049,1.8873719814375456,0.9141426068979459,0.24076962281617115,1.3567508698917274,0.14471524405947675,0.2590255296875675,0.3359779000967988,0.33353090954826053
TCGA-50-5931-11A,-1.153623266219261,-0.011388833490302536,0.3015110432849332,-1.3179244483546326,0.6564570732125254,0.5390555569496586,-0.22283299502302253,0.5963329278497206,0.4353326156888056,0.013778346398101918,-0.08207397104096996,0.406351978598567,0.3100905460105977,0.3637351727760088,-0.251825427959937
TCGA-55-8621-01A,0.566841847292089,0.5596963701816974,1.273392338819626,0.3508478976769311,0.6938630632292088,1.1139611496717365,0.3830634265918114,0.9935453298533478,0.5848142042822195,0.4383045359989756,1.4671759989853594,0.12638629042716307,0.5267791489458628,0.9174106095357318,0.5601371885040165
TCGA-55-6981-11A,-0.749168177394484,-0.15587663737888316,0.6080225012586437,-0.8319341075179855,0.45085403817622816,0.7773441787599067,0.4134605016534975,0.8620158009579545,0.49072497260644987,0.9220415343126864,2.103199287560001,-0.35956816469346686,0.40416297854957534,0.31401518062167116,-0.057588975511184644
TCGA-67-3773-01A,-0.42212201957563106,0.23913310117831993,0.2727104454715506,-0.10270638639931229,-0.09402775854401818,0.20776434070985036,0.049297157927498635,0.18027287590563948,0.3263653669013625,0.08572510818210569,1.4250707485520815,0.3761204136737021,-0.15843259880088847,0.16083767169799199,0.027509530982968686
TCGA-78-7633-01A,-1.290324562152859,-1.3239698705314056,-1.07637851673035,-1.2968894307388705,-0.7292153490749675,-1.5279175141790298,-0.32274806089882574,-0.9405989657003444,-0.9925023401864006,-0.5616665305582426,-0.7506648876130613,-0.3870601057479419,-0.866649253173116,-1.1718835045541742,-1.552082395294197
TCGA-78-7149-01A,-0.47018103750152296,-0.8815317703621431,-1.0827648119666273,-1.2067191577551155,-0.41906932856649104,-2.062232557519431,-0.615280539322949,-1.4027605736893591,-1.1668901928176771,-0.8022524942538889,-0.42814112813313443,-0.18488647063954713,-0.4174630383751022,-0.6344441786388401,-1.4908178568684167
TCGA-38-4630-01A,-0.6346256952863675,-0.6859771121883014,-0.4217979183656045,-0.17737212873933336,-0.6160143701760272,-0.703562431417351,-0.08726933869442241,-0.642643500934243,-1.1775149107458105,-0.9921270136638392,-1.1825447849404591,-0.33644660299302565,-0.13446536951137608,-0.8912001784269201,-0.4251366604058211
TCGA-62-A46P-01A,-0.34701076183471774,-0.7126160283714303,-1.3665758524315426,-1.0525733911002482,-0.5891622631405159,-1.3573246387707163,-0.5082322107505016,-0.9622389287704591,-1.1026891292153214,-0.06303490581444425,-0.2626202622014212,-0.10806589992754509,-0.2163383586731252,-0.5826764774994143,-1.1033218259638387
TCGA-78-7540-01A,-0.5483980476578612,-0.9738923314552121,-0.7296341091910905,-1.1277838999860055,-0.5535114793629488,-0.7330863068643988,-0.31373807711889984,-0.7096593201232707,-0.6772176571709277,-0.8816398806910622,-0.9930960608376025,-0.9189555574913303,-0.26073368361749955,-0.7225216326510147,-1.0457560184032662
TCGA-44-3917-01B,0.15112752578675076,0.16954848912753595,-0.49682881527796885,0.7107074318289452,0.20475174251797126,-0.2535720507697225,-0.3409675235854827,0.43956542736310256,-0.07392599823470196,-0.3672067754008284,-1.245886059211514,-0.37315667632176835,-0.12098665706045116,-0.1668803627220569,0.12480346027988744
TCGA-78-8640-01A,0.004815599713992346,-0.014683355083984995,-0.7860882032639532,-0.5206345879644574,-0.3386813325735084,-0.3445368329745431,-0.18829991173782595,-0.26510958829706815,-0.842207716987322,-0.6980277620444036,-0.37460785680621017,-0.6856278266294207,-0.21928761400406152,0.05498568859547975,-0.08923006833013591
TCGA-50-5051-01A,0.27203793009130284,-1.1356973956446832,-0.3786174768969289,-0.9445509168014627,-0.6265796704425424,-1.7217209969217449,-0.4323525153287213,-1.4663335921832286,-0.6799732989132673,-0.4343553010261303,-0.38682609560471115,-0.0075203597445760665,-0.36362825049915015,-1.0446434557206798,-0.7640849437754205
TCGA-50-5939-01A,0.7736238078905797,-0.6471954033506317,-0.046313793949485794,-0.04143538950223528,-0.3120227652079226,0.7109057233273867,-0.09216513718913164,0.5079706158177618,-0.16439475792678976,0.29559238479262084,-0.03687911005570698,0.25523333908938,-0.08675351858049977,-0.5111008910711023,0.019509377472462643
TCGA-44-6146-11A,-0.7892475358773564,0.8447909427014677,0.9946894311516574,-0.6846549947766972,0.5038912466878007,0.5216542840399655,0.13381687653709304,0.7322267130254722,0.24773937921535685,1.7067577225226351,1.3193547001854204,0.2446769733447423,0.5893361994738168,0.8237427364764486,0.19568353853268844
TCGA-91-6836-01A,-0.5401002988561461,-0.2001956807557774,-0.8772334252197403,0.42884080483686615,-0.026082601195564308,-1.0893016843230623,0.14709308185604733,-0.6705439381378415,-0.3156693555172433,-0.38370725509199344,-0.5204202412858454,-0.6005226586569757,-0.0793295334052763,-0.27086432195514476,-0.37927561754952355
TCGA-64-1677-01A,1.1815471507668984,0.6166796264318969,-0.21723745338304648,-0.34659078471805893,-0.09950279892469353,-1.0802274940967809,-0.08517690699048554,-1.1309844908323916,-0.18998573778719502,-0.7291767429197191,-0.6701721777086341,-0.2697012632237411,-1.3402787937386975,0.6210439170632327,0.19670735525082542
TCGA-55-8619-01A,1.5025341112690502,0.6466219372914994,0.8788492878864325,0.024074454095799575,0.09133442284353671,1.0096641157660717,0.1986892846856243,0.8812510892447057,0.38142335426335655,1.1962127366966402,0.6183206277516939,0.22960269412675077,0.2312593104840643,0.675883780284391,0.5702269188288098
TCGA-55-6980-11A,-0.39349226962857475,0.44849931986502234,1.138239075935449,-0.19609007711262838,0.36654969490258843,0.5690371478465952,0.33059232247933734,0.4298981181184446,0.3596652239764237,0.805395919838505,1.0703480880430265,-0.20033137758878414,0.7100318900282042,0.7488095772829716,0.14779685138056842
TCGA-86-8674-01A,-0.8023331384638415,-1.2678943029758944,-1.657603019804413,-1.1332954106239173,-0.7006894711861479,-2.3589876684401045,-0.7893080306556194,-1.8861798013407003,-1.6932067277000364,-0.9258698791770849,-1.2515872487834558,-0.6942318797553433,-0.3720431992347382,-1.1489340534494914,-1.3589825822913928
TCGA-38-4625-01A,0.09257603449999208,0.2213861115297848,-0.3710985895342761,-0.07260846173350743,0.412475153783417,0.5645997705296394,0.9095991201769891,0.7061756670227712,-0.2252115376795312,0.26967987874519983,0.06705937083152735,0.5032192820374033,-0.8066295781201762,0.11996333155233636,0.4824328670051731
TCGA-55-6986-01A,0.07272884667959253,-0.8391742590555129,0.10884630715285173,-0.6351655208393788,-0.6249668075667881,-0.1200617534720486,-0.4897882969267843,0.31366716691467017,-0.06760958132095637,-0.3768503554864892,-0.38857543833335123,0.269985515365911,-0.217262540465697,-0.7806907590795632,-0.8827352051332055
TCGA-NJ-A4YF-01A,-0.8564703289222286,-0.9874764482457119,-0.6396599970997852,-0.5786469257131405,-0.12469394204875256,-1.2625775361413862,-1.0927758046697418,-1.162427465997299,-0.8936223329328465,-0.35020114243153844,-1.2879369642780214,-0.49463957336530984,-0.9063241884429466,-0.8625379320870694,-0.8602390005425093
TCGA-91-6830-01A,-0.2093809985755141,0.40704231642652955,0.5829476372646094,-0.4176193817756512,0.6938494654660536,0.2688351319362295,0.3175910730661778,0.4472253028188947,-0.2862191986975403,1.1032583206995061,0.39061261635006606,0.4399953889410301,0.02663052795270741,0.4176530851393796,0.13833229705467232
TCGA-78-8660-01A,0.5569233469008669,1.3386082713113825,0.6319299004506013,0.5351014549511569,0.5755702411258234,0.50112814148296,0.11375447443691637,0.573074845933766,0.38725051308129094,-0.22624262179015714,0.09794176153137939,0.35588499893014186,-0.00903539187642366,1.270937784211614,0.7500623895838207
TCGA-55-8204-01A,0.44075916691530076,-0.050761699021027465,-0.7431544066366629,0.036166006192467126,-0.236671915630787,-0.642862037610611,0.12883954705715991,-0.6562202326376091,-0.5099186133863878,1.0257011800557023,0.2331179408191647,-0.2595513668312109,0.05898672290098972,0.06973215817406941,-0.09987323767234567
TCGA-55-8302-01A,0.03804370518324947,-0.07420462365907278,-0.6018898757182655,-0.0938272937417729,-0.13248258394698828,-0.0206314549016811,0.10889302256376795,-0.12183126285616197,-0.17972707500910887,-0.652483203533417,0.18036568893036456,0.26391448653032407,1.0944697278885067,-0.05713033323226312,0.3828684388694819
TCGA-86-8056-01A,-0.016518020093400133,-0.5871507787164646,0.1042119481232949,0.25736834884788085,-0.43398016634931547,0.21876855362974892,0.4732446120582183,0.09571850137926073,0.18776758478101824,0.5264029043670587,0.44420621254435133,0.3519484529971379,0.5199334442246862,-0.5097213023001944,-0.34433072426815187
TCGA-44-6145-11A,-0.3439205786763445,0.14713563996037665,0.38681437538060576,-0.8468709405981633,0.49734558623354336,0.7431836051855245,-0.062418229141369776,1.4575145834361325,0.605645936730421,1.941969981955663,1.439418942142266,-0.5543192261629177,0.4720710429178112,0.5226445628849856,-0.14715694462835335
TCGA-MP-A4T6-01A,0.5129055030266675,-0.11477417798396534,-0.03079926663913013,0.4811618776505055,-0.6039534228416293,-0.6872046263199869,0.2166285177922788,-0.5254417971849829,0.48605363680372593,-0.5179654077661423,-0.012657769579150139,-0.34808821119630806,0.5998273463961962,-0.054506901816774644,0.25118746128438535
TCGA-55-6970-11A,0.4516880882120896,1.0769902440909116,1.7087630615136888,-0.21326506726900066,1.0909231734026061,0.9737452669722465,0.5174341273307459,1.2623529405997282,0.6588507721177427,1.8016664459666867,0.9856098116465642,0.592957061210965,0.8318428996697507,1.0918195353328801,0.687855699975796
TCGA-05-4422-01A,0.6258045786117197,0.7515757418123278,0.25353657764689697,0.27706399131497444,0.16735482347282613,0.0437467221508465,-0.3834129651182094,-0.7212971003670756,-0.2613195067769946,-0.37255831583306015,-1.5094226565500204,0.31908156449692215,0.40504203417341983,0.6949979886239132,0.37164141512412574
TCGA-97-A4M2-01A,0.7862030941451769,0.3998751176121773,0.8732845688758146,0.0329243492799823,0.6658070768808635,0.748817543792459,0.6625561875159939,0.7669723194314543,0.7999346704491416,0.6447131048237499,1.1803320231840295,0.6415716264206095,0.5392480811972499,0.7215091057318984,0.48360738395017616
TCGA-62-8397-01A,-0.7388265497787028,-1.0112485731855148,-0.5954502304564312,-0.7150817873669664,-0.9717272934362495,-0.5182464266977671,-1.1270210200121573,-0.498487628828081,-0.06847899601864205,-0.13150112290664343,0.5694136158384965,-0.5138256213503716,-0.48088324614980243,-0.9876628645244948,-1.1464422191356054
TCGA-55-7281-01A,-0.597448010822689,-0.13337895370044078,0.040076966104375666,0.2895253616242371,-0.3186787075162365,0.5667188473690746,0.6978684383868888,0.13761111946957452,0.5185776826226215,-0.2473465146989384,-0.6838874253216175,0.6888807180704837,-0.27306770587822793,-0.08493629289361371,0.2956720995777695
TCGA-95-8494-01A,-1.1372582121286503,-1.0236993641311298,-1.0505924567584217,0.35817444531898307,-0.6187065475400172,0.028736818806672202,0.4340975520434181,-0.39591725289461027,0.5589185869036087,-0.32721181848477404,-0.17586568153044638,0.2342047401107666,-0.28444693640637553,-0.7152817372107302,-0.314819226645775
TCGA-78-7161-01A,-0.953401185156797,-0.9940041580998202,-1.2955334426895715,-1.0351711580603502,-0.6170980779677517,-1.706568965841832,-0.7546769663233371,-1.3135917694455093,-1.2629040105986307,-0.25137196644518256,-1.1084021199174785,-0.4444920479285651,-0.28383360036810623,-0.7338083099296188,-1.3486424074810612
TCGA-05-4397-01A,-0.48889566990244904,-0.5717578647929096,-0.7554523545476182,-0.08900514640095421,-0.09262037196262882,0.21070613868552202,-0.4883907693122011,0.3610072803547625,-0.6107389879758564,-0.21562306274629225,-1.2846479941318463,0.09041441709486157,-0.5707749951692083,-0.42564299464796046,0.4396697746324772
TCGA-NJ-A55R-01A,0.9894859709309127,-1.2333263021790561,-0.7779564940604181,-0.5546229402138986,-0.7260282025432897,-1.4699081311846864,-0.2910196761107478,-1.0713836973834678,-0.43808527192744245,-0.8727140095034897,0.33721074977817106,-0.24849091786511884,-0.5763318799907405,-1.2915293749168597,-0.45511055875921624
TCGA-49-AARO-01A,1.0403588496794145,0.24414980343771436,0.3645281124762853,1.0647039151381053,0.5645322555676079,0.4120367196499477,0.8482105739084914,0.2629269677011549,1.3801223673430474,-0.26682704630596393,-0.21256511466221487,0.49535159482864916,0.4949360973212285,0.43391272788508484,0.6356451097942535
TCGA-44-A47A-01A,-0.5295011758351608,-0.35972664940371535,0.8217565468695224,1.2242554620502768,-0.7440198349468141,0.14107604802644766,0.2520025562697722,0.13923892944463698,1.1875718934218693,-0.1225646149437261,0.14247125080325443,0.43385014456920545,0.41361211991525965,-0.4795398614507734,0.2985080616737972
TCGA-55-7994-01A,0.5112590572722319,1.5813504456560439,0.16666493609898,0.7546114653021299,0.49063921804660615,0.7752776653515477,-0.3053699148329079,0.47709688988998294,0.4852924155105919,-0.4783052052966307,-0.691459413605685,1.027922985858381,0.4814051686439807,1.7542348130591126,1.2564300821371701
TCGA-L4-A4E5-01A,-0.3173779731221112,-0.350693851129618,-0.5288647668058117,0.3040189912531998,-0.3433856566385344,-1.1078782495824153,0.8085302125680996,-0.7789433699831491,-0.5012716277554016,-0.8836744511304783,-0.7732352234873021,0.47791846322160564,-0.1416936074250129,-0.31957509310834603,-0.34152180491167516
TCGA-49-4507-01A,-0.06314394257751924,1.8296052373998,-0.4434340910606309,0.12108810862613902,2.46678990303786,-0.015593220166213895,-0.6684720583618217,-0.7776985461957845,-0.819684312261756,-0.15999267723543034,-0.033011858664862455,0.10498533848549733,0.5353633215107136,2.1346936552574305,0.6168077879328341
TCGA-NJ-A55O-01A,-0.2329278155770423,-0.8843636623203908,-0.09588085227207806,-0.45392833210495453,-0.5079780067570863,-0.028936849350912165,-0.13203253008560237,0.39998444492153135,-0.1252659617990089,-0.39519000217178585,-0.4725504947718952,-0.35354093389184527,0.20680738627049156,-0.8772997062289057,-0.3623740162457756
TCGA-78-7143-01A,-0.08177824571804057,-0.9836636766195164,0.17822203759941319,0.5932063511489836,-0.778633455530736,-0.12200898470879884,0.4978484445249502,0.09399558295193189,0.5843547250258471,-0.5152058342582971,-0.2081772272868512,0.20314510434797345,0.18022012343516533,-1.164072186781463,-0.021827297610645762
TCGA-62-8395-01A,-0.21181815179342706,-0.6627104443953928,-0.4257278796926077,-0.48878124949012197,-0.6138306122663764,-0.2279205554150887,-0.2363648939896601,-0.1941974109006605,-0.2603266226416037,-0.015790392964219895,-0.029277981047058605,-0.002429125261402576,-0.05687056711711746,-0.666277026986073,-1.0236589001765273
TCGA-55-8094-01A,-1.1575138432295282,-1.4690546830001439,-1.6737329375848913,-0.5795085278881685,-0.521189477470247,-2.431993934517693,-0.32189997879911697,-1.1711055876870975,-0.9486695114124073,-0.6343027970638963,-1.4864858824938363,-0.5020322382168485,-1.14378990949813,-1.4035502236497173,-1.4199514017589285
TCGA-75-7031-01A,-0.5096232795649444,0.36381939938482677,-0.2640312852930659,0.15220555014241466,0.5628418369991907,0.008466947204060401,-0.8436044723661796,-0.3157707777286394,-0.6555762699922358,-0.40178082521900704,-0.4147902942636428,-0.24932381903892126,-0.1282086781390401,0.5292491646624152,0.26026374169349265
TCGA-55-6642-01A,0.6121719960160698,0.512509415861065,-0.02260629835048844,0.2295409331986736,0.9749394859146285,-0.1375838546563037,-0.1735318281461812,-0.18388465255114303,-0.1799229751426991,-0.34280406180284817,-0.4729232027250414,-0.6468508450699273,-0.4635160059868322,0.6870187349062372,-0.20327380568293385
TCGA-50-5933-01A,-1.0030426298335242,-0.3363761339864645,0.18642298962262424,0.5934706918133887,-0.4076953197131383,1.377779461410496,-0.0015941970653387777,0.7104458017860183,0.18447642019461244,-0.2584693459122139,-0.13269153326979796,-0.0678336463837756,-0.3901834203643024,-0.4530896222360527,0.736488677789037
TCGA-64-5778-01A,1.2158681111911702,1.980038416467104,0.7523802608078777,0.5316494224414342,0.3985958300320667,0.11078515962452266,-0.106430723269979,-0.10980539168629874,0.4924373990509494,-0.8083879064986842,-1.1993400468632438,0.15758804541327331,0.522452520860046,1.2837866964912112,1.1726813594856706
TCGA-50-8460-01A,0.8019823583040807,0.14505452007309272,0.1680126219163612,0.5311011950139602,-0.4610962483389657,-0.651356607316999,0.006892072619338655,-0.5512204912367243,0.35552612977318454,0.11779201438742445,1.4776945099145644,0.007799468681930699,0.12379406810016623,0.039114879472954146,-0.23191936995082874
TCGA-75-7025-01A,0.6467663857156075,0.10382930655993065,0.23801338698162242,0.34165615748390893,-0.4514128334570565,-0.3889621515124297,-0.03683508785570603,-0.05140592583811895,0.45106243256778455,-0.11412835179481808,0.7829933935917875,0.4681783245456302,0.23976610547843033,0.07622703656229977,-0.20379480630774444
TCGA-44-6777-11A,0.48022697077228915,0.6884446041511192,0.8401888599597488,-0.6630760499534145,1.0224259530296995,0.9340442690364622,0.24079586674406858,0.9792998893118997,0.723440425862071,1.695819208411846,0.8798920287392201,-0.18850695227796604,0.21556800506332355,0.834024552770539,0.1297091667969542
TCGA-99-8033-01A,-0.5958038362834199,1.4103415343253205,-0.3051601410884871,0.20643938459303213,1.32709037798724,-0.2546118608554165,0.6147966278264742,-0.5395010544908652,-0.6037720103520012,0.24937176883899745,-0.5227937983068669,0.06622389300130874,0.3882375932340087,1.7443649782391724,0.7823663332978116
TCGA-49-6761-11A,-1.2040220447593553,0.6558901220336292,0.7364892413162301,-1.497175742407868,1.4374410252872494,0.5448634917681355,-0.17168644161180585,0.25236081096439805,0.25883657719864595,0.5503242491967,0.8024809187542452,-0.7349225695559222,0.6221955217355879,1.3073316014615526,-0.2282270514466852
TCGA-44-7671-01A,-0.9553281358132157,-1.4083578525431593,-1.017065908947219,-1.1164509622662167,-0.8164983621247998,-1.0430209731631412,-0.8412736706771441,-0.47551631503004005,-0.9256293544138974,-0.6655400968857103,0.21079784243945807,-0.2578915617679273,-0.5632575416363533,-1.4434342279404766,-1.3919039249818324
TCGA-MP-A4T7-01A,-0.40057944788840044,-0.4575572467588614,-0.46039478245749466,-0.28285592222495004,-0.14282009115588,-0.13860065983086572,0.19521281038293942,0.24020314938108095,-0.4410933805839215,-0.007871851233022904,-0.42865014876188084,-0.19443346439439294,0.425865169057051,-0.24780271533748457,-0.37536519271358615
TCGA-44-6778-11A,-0.6901022573351681,0.7998804826968682,1.2833082296405736,-0.6551702507558187,0.9645945853942651,0.9183687946586415,0.49431760052838414,0.9732779089510363,0.6014580629307419,2.73242908410291,1.3832134684448043,0.2882168390888282,0.8055848240016275,0.7015951148677638,0.36869436570071235
TCGA-64-1679-01A,-0.8048802474015526,-1.4922074846896536,-0.5064752417905213,-0.11555319680043717,-0.6364266716282136,0.5719994797854594,0.5136642851120936,-0.2055398180625942,-0.33816411954351594,-0.4858097817035765,-0.30235259156014815,-0.2560429808873571,-0.5210354992548282,-1.5325340074523675,-0.13016685484286858
TCGA-78-7159-01A,0.3646345085799477,0.15491885694012836,-0.47705770440165357,0.3925718410666646,3.4495028315581076,-0.9801568610332612,-0.24576179792250433,-0.7049848093521182,-0.03724816598374485,0.7323747654340851,-0.9226394673952591,-0.48812974302012363,-0.5192992430515858,-0.11238018426362864,-0.1343836195812299
TCGA-75-6207-01A,-0.8673501462432502,-0.9120479467062443,-0.8597543899376976,-0.5598177503781901,-0.8556818836140451,-0.03468124773998076,-0.36723636113960145,0.08490313420527792,0.2493648115654328,0.07048783492103573,-0.7498428418376499,-0.2257243298235227,-0.4472295825528572,-1.0179064228919823,-0.29857043272051903
TCGA-35-4122-01A,0.5053429393746542,1.2847062272478182,0.2403872485351556,-0.26519847993813156,0.9117077272964872,1.2038054848572894,0.669604477867424,1.6054249626697004,0.3165384720919534,0.2965357584735145,-0.5561896605579212,0.1641130028040747,-0.6663212648340054,0.9867939565814161,0.8665158469153358
TCGA-49-AAR9-01A,-1.1580540901020124,-0.5199335299580355,-2.258775453555491,-1.023380559438201,-0.22947375576213908,-1.3932608345908513,-0.13643689136862563,-1.7166733266788607,-1.7231589299746837,-1.1898009930098448,-1.4432604462877283,-0.8178018301672813,-0.9808515084396263,-0.47635441512848786,-0.6169904861639973
TCGA-78-7537-01A,-0.11237394988823468,-0.7428510644422656,-0.9659666458947056,-0.3186183412443688,-0.41057206119738676,-1.1443985253870386,-0.44271504811810275,-0.5699366222125899,-0.8859938735569701,-1.0878597699320576,-0.24143096249378046,0.04040170810878454,-0.1478792135596563,-0.7517324124960795,-1.0235882007806358
TCGA-55-6968-01A,0.5817547430780007,0.9087876340331257,0.6539425860579785,0.3397532906458176,0.6748996527068231,0.592635816306606,0.196654073176507,0.07305125818247335,-0.28745482603240824,-0.4261812292531963,-1.3343166627008942,0.31044910910160517,-0.868812811424184,0.7150528705920678,0.8179711320656551
TCGA-NJ-A4YG-01A,-0.26714432712272773,-0.5708362903130093,-0.05155013367578953,0.22569978879130612,-0.45557340159058085,-0.2414510299044724,-0.17029460865862855,0.18138079149101866,0.8714072848771537,-0.18054496042302787,-0.037301916802379494,0.20600577548809712,-0.2630887911012498,-0.5396836333658891,-0.138364701557687
TCGA-53-A4EZ-01A,-0.08180039014307419,-0.6707159167800874,-1.2172897263613107,-0.9029412128560939,-0.49023263398594974,-1.424496865355855,-0.664344923583646,-1.490718473161389,-0.1902615202211438,-0.5922811875199283,-0.8745828970314037,-0.36204726425389666,0.07463987194512904,-0.6688659366119574,-0.36887587256526966
TCGA-50-5930-11A,-1.0518711730297077,-0.1609113630151965,0.20042593976212664,-1.569112086128795,0.7686432288926485,0.6526464374838898,-0.26512058619906387,0.45570894249515664,0.40939829099596947,0.7130386480070513,0.810024797270358,-0.6605332586993234,0.1857747847081275,0.048927728570975874,-0.39632991588277544
TCGA-55-8620-01A,0.7501887988183676,0.40274735563531894,-0.6419369486328774,-0.03791290091700818,0.008385431803416733,-0.23957742806769908,-0.6002915851038438,-0.3848277221204673,-0.3585454668592636,-0.5205556272131826,-0.8188147180179898,-0.34195099467309376,-0.9137310735756824,0.19362270512478583,0.36416317882378757
TCGA-75-5147-01A,0.8499755694021272,-0.040021025891972845,0.3293548233297071,0.43385576863192393,-0.5839458183762898,0.15583590165502545,0.4839340297570501,0.14827453658496753,0.42332080096558755,0.2609608492993321,0.17068331956442348,0.026326739619507,-0.3869224865542426,-0.264817156925321,0.08117656325928613
TCGA-55-5899-01A,-0.5834199773212125,0.3166870503618874,-0.28513152277330245,0.07065435127531146,-0.03212761854417361,0.6561196587088102,-0.806098519569554,-0.00035245663014292294,-0.3554093070895345,-0.8093443917189509,-0.7461451286729158,-0.026509175580557136,-1.5823218752354913,0.4128963901339417,0.21359155812363664
TCGA-55-6983-01A,1.8522967144171205,0.4495997687390203,0.6518709042594789,0.02943894508989095,-0.19220541466018515,-0.17935844797733233,-0.24485757033634586,-0.1228280033285647,0.3340828093147965,-0.24540299261480647,0.014673139765972515,-0.2510713825236882,-0.14988347264117355,0.20340649581407824,-0.12692996429892722
TCGA-55-6975-11A,-0.10642791193723396,0.2938604540002309,0.4000606005640906,-1.0492732761208254,0.1502746743182427,0.5582140454223338,0.05532517389439684,0.6047220639865666,-0.11213524897321148,2.239290341047244,2.821452916276444,0.8617005038439907,0.42775320596045585,0.45571572986053105,-0.26745269261473764
TCGA-78-7145-01A,-0.9901118777700223,-1.5372592109633882,-0.864856036068773,0.2031026330104123,-0.8773437115729344,-0.10482760113264401,-0.05076764491048739,0.006477627981000679,0.3542510711978112,0.2374762514173019,0.06530900870658858,-0.2983493653349984,-0.5005767791038193,-1.510172704627864,-0.5796143158332415
TCGA-78-8648-01A,1.0481562065382164,1.2463425491483524,0.8046375154897667,0.42739780525679444,1.0134852084374264,1.1045810344210023,0.1346812256972871,0.956858256654354,0.3118219958071199,-0.01109468519625372,1.0251449684329859,0.1802020072970954,0.15066100170362948,1.2781279916613004,0.9583639678411521
TCGA-80-5608-01A,-0.5649297078139761,0.01433247851056977,-0.5801452558571897,-0.3422043009590338,3.4640257786069313,-0.8078321509226698,-0.6025487656293966,-0.7578605092917464,-0.5722304647765447,0.6272895156824957,-0.6775098229340691,-0.5254619553884796,-0.29470600701392174,0.18953314218302125,-0.3019350061262323
TCGA-55-7816-01A,-0.6178523756771186,0.507874517517692,-0.3799739478294856,-0.08401464054196688,-0.11606873960858685,1.3253922570881451,-0.48919440279568177,1.0374070264103417,0.31666498399865123,0.08063969776161801,-0.21230909744647106,0.18584636024472365,0.05548020652193939,0.363994135937218,0.5579972200220817
TCGA-69-7979-01A,-0.9675014144411682,-0.9159410553242101,-1.3759611633687783,-0.2691266798959577,-0.34703462627874393,-0.3658509816654418,-0.14031096516679398,-0.6864660625548054,-0.5874290086181081,-0.6361516955059946,-0.889080702474628,0.3110343445385693,-0.32795790726315194,-0.6814882028170752,-0.5774928347786144
TCGA-05-4424-01A,-0.38650759425611614,-0.1856595234712239,0.10212649080200206,0.38647777882236173,-0.4589476401499841,1.0530662413857212,0.06321240528369786,0.31505105426144386,-0.04274649207539056,0.4626278948704393,-0.013438351585016292,0.1211118236873798,-0.3245638679038018,-0.4875333147273902,0.09517611078436061
TCGA-50-8459-01A,0.9511858323262856,-0.43969274499744193,0.41950261717983295,0.7770609416077461,-0.38419057838344817,0.9618290790450944,-0.36036425682284096,0.5780592504639639,1.0462705018393927,0.18761616352240867,0.25151650418556143,0.10772121009568343,-0.26792027220398335,-0.5284138419486594,0.13419560914930584
TCGA-55-8614-01A,-0.20328437791103493,-0.44395662550772724,-0.7887809592641764,0.31675103022711143,-0.3168623756689893,-0.8696829363085282,-0.12114325874128444,-0.09398123895861207,-0.42620312111980796,0.22400295508826723,0.4568081460243641,-0.20499644838356149,0.2885527989280306,-0.33600359491531673,-0.08781187040566023
TCGA-44-6778-01A,1.2353051483113378,1.4690908846679769,1.444836984681714,1.023920781425135,1.2610309516323717,1.527192666537763,0.22416979408962184,1.5707684839954743,0.524693270917001,0.8877443432259858,1.1636634719026073,0.45465516977047776,0.2386294898655497,1.1736972260212124,1.3154905645257506
TCGA-44-7660-01A,-0.07562567702567133,-0.22695029206169007,-0.993387961441704,0.13831817555281048,-0.23919637830834717,-0.0659740673133226,0.3370403829433804,-0.7032533037558434,-0.8104061825021277,-0.4156445881968179,-1.4468265509239824,0.28625478224047785,-0.35328186440557335,-0.11437088183418236,0.24649125167843414
TCGA-49-4512-11A,-0.38873175859952197,0.11486540128906214,0.6851167523482127,-1.1857436689554575,0.26642807838760085,0.6488193008820814,-0.3742826684478338,0.3831362838812099,0.6139809449725562,0.0502398160970684,1.2748730405152913,-0.7510372846839928,-0.38408905408106314,0.46835687520082125,-0.45884274028752003
TCGA-05-4425-01A,-0.6738282126944208,0.2204794717192139,0.5578857802919143,0.05749240762638169,-0.5591441840215831,0.8912412220409958,0.2127408819117662,0.29677898686631693,0.21960222305790664,-0.2722526075476189,0.18492705870709578,0.09695184807575297,0.23718640985042524,0.07567863078551147,0.3053211899581753
TCGA-05-4249-01A,0.25301027136969056,-0.6601398643952971,-0.12017743382385034,0.06694893040009746,-0.6918102449619737,0.1560968895706305,0.41065710540209693,0.1480025605549944,0.7045951773030236,0.048422389138748696,1.0469472348877178,0.027378020526452496,-0.20901722623038818,-0.8548016839281748,-0.20853645102529222
TCGA-91-8497-01A,1.9920269445702192,-0.3485516343831829,1.0593289085959081,0.4705026681266788,-0.15371393009299458,0.10357544562061116,-0.22461789275749075,0.7087264294876848,1.0583164065823831,0.6652970375472819,2.3067848712810335,-0.09737243804165589,0.5616287286388683,-0.35022729135719705,0.020417073082260668
TCGA-50-5068-01A,1.324224991148911,1.325574766320366,0.4312771923136385,-0.019035108615871085,0.2640562005195817,0.2743464410671436,0.5489078918877573,-0.058542612701611506,0.8307860275598221,-0.37219117079365216,0.10283801129828725,-0.0036873483233350935,-0.6298639103599312,0.752355867932943,0.3845569102879853
TCGA-99-AA5R-01A,1.8824877365570736,1.2079519690558516,1.5640946874092028,0.1286913603550831,0.88253093066594,0.19488054800476795,0.7026055500420509,0.2732379337514993,0.9328415042491474,-0.007185707721967404,0.9466316042308686,0.14564795358540433,0.717002974533732,1.4534429652490728,0.7197780181314795
TCGA-L9-A444-01A,1.1034133043339343,2.0804182215555174,0.8306597996537508,0.9185583585450061,1.2373318546574525,0.48000524315490894,-0.0011758630357421782,0.04448739126203016,0.5777151314629234,-0.6579315416313661,-0.10282099244069497,0.39350057752075235,0.9149663913973148,2.3110041507742207,1.4233026383645428
TCGA-78-7163-01A,-0.6865136844866677,-0.7430596554773197,-1.379453234948608,-1.0424155359801455,-0.3210236194818206,-2.2261371310229143,-0.7166918578541553,-2.2698141208106235,-1.3028974280649117,-1.0381537268048724,-1.1546795422109692,-0.39432081301121913,-0.47335359467300836,-0.6135012465280034,-0.37722920901046253
TCGA-49-6761-01A,0.3618861566509397,0.7078339299955846,0.34445635730814217,0.3532717817839697,0.9267377340194146,0.03369015009126445,-0.05053277877149725,-0.23618768563475803,-0.012342173009367716,-0.4616683017822457,-0.5725507298138092,-0.6473108089194433,-0.08977735386423806,0.933619627645786,0.7726724541988541
TCGA-05-4417-01A,0.8698622294194713,0.6243497220745946,0.5720586536110573,1.1991673403882637,-0.09661323373989891,0.26812565355844376,0.11345237486197483,0.2755142709310418,0.8259034776494213,0.5230533217721608,-0.07782294187528352,-0.3073550441715298,0.023041282712351896,0.3331832320962597,0.5473546796153796
TCGA-05-5429-01A,-0.4097439766455205,-1.1202538473943573,-1.0387106259591783,-1.1092390154968457,-0.7285919607441078,-1.0173070634853538,-0.3754991948562631,-1.0040063297633084,-1.3085474743515983,-0.46256075746971714,-0.418172355102892,-0.8902691559627062,-1.100637187931604,-1.3347128341153547,-0.5961544719008048
TCGA-62-A46R-01A,0.12223064937420054,-0.3332555038405819,-0.01653031015904343,1.054861193792024,-0.5759608653536334,-0.10260548867988188,-0.337883196553422,0.04904176018950597,1.1344827361725804,0.0839331659510525,0.9103715732515635,0.23154892611332287,-0.06563426724786346,-0.5528794739255699,0.2297422341749158
TCGA-99-7458-01A,0.07506451818358208,0.7296735658402845,1.084978337624484,1.2825718879795935,-0.1532225761374004,0.12385439029193153,0.29938015348162456,0.29731133978187324,1.108726149950796,-0.13973088993941804,-0.11663273031490551,0.11497525431558184,0.5130812335884093,0.3960860236359877,0.6248498545284842
TCGA-97-8552-01A,0.5447512244220929,-0.5772754927733118,0.5914870102918233,-0.007704851818320979,-0.41138017743957556,0.33983848180531934,-0.013011785837825798,0.6668734424116829,0.473453038260861,0.5651663308273175,0.3426419723337814,0.3534434207626892,0.2308837173671138,-0.507659587152581,-0.01855543807197408
TCGA-44-5645-01B,0.052243638018816804,-0.8853615884714044,0.2514830577886181,1.2248969244610348,-0.42938752306012373,-0.808006812919051,-0.09584571121321614,0.5000310911599377,0.3536663871893873,-0.02607441338409372,-0.007523103515733247,0.3003628911014208,0.013575212678571251,-0.5807983773034582,0.09439436638593196
TCGA-86-8278-01A,-0.06406778832948865,-0.7117805335489106,-0.07129135818942338,0.21310292557519497,-0.5494101412615763,-0.301281887780302,-0.42709295178365764,-0.28504708036755183,-0.432466433055906,-0.24383048372904442,0.4514681190088617,0.18162162058326148,0.3091439362357296,-0.18024763808915525,-0.007569186627449733
TCGA-44-7669-01A,0.11373352783184479,0.0889321957668669,-0.07087464018261051,0.31356362075358407,-0.026214068899670477,0.4897354541551255,-0.3859303136967909,0.342026803582423,-0.1485381712647606,-0.1014587678767758,-0.017211973666728605,0.11489053257000739,-0.5964003681463999,0.205742100600202,0.16485183863197025
TCGA-86-7953-01A,-0.07113118416477718,-0.24976028893117663,0.5069646468388918,1.1285685267548817,-0.3807164188646903,0.7243352232923729,1.5034437871997162,0.10695849159459617,0.47913072248818595,0.38397702689922386,-1.0492428864385233,0.18833805563567912,0.4568536927116223,-0.10888070333758591,0.5966566007724794
TCGA-55-A491-01A,0.42100070515502325,-0.06791036814405674,-0.23255421427139597,-0.2865627166342921,-0.4148245362538064,0.45569257910885863,1.2187146700167624,-0.23256228696969708,0.15206541319490224,-0.4233258718285366,-0.47497069591855823,-0.29596937779131877,-0.05824245352817553,-0.19527316018412472,0.18731065454420612
TCGA-MP-A5C7-01A,-0.9459364966380412,-0.9801686466776903,-1.3620646629080497,-1.1384995840623633,-0.27254088009869154,-1.8623328847504712,-0.9813102534972865,-1.3084883652744463,-1.1616554297552928,-0.8354304217419423,-0.8451714426619574,-0.03066199883961209,-0.06874049085224383,-0.3877139982639015,-1.0418291338859964
TCGA-05-4433-01A,-0.4403040034626228,0.10124670445137594,0.68208332501842,-0.11440413519634463,-0.2689043420315451,1.1457244221563412,0.04302711982744844,0.6457990503305853,-0.03786579570696967,0.44509872292404634,-0.22471916481948498,-0.5304695672738362,0.24996457564131522,0.0714306680514557,0.09473757402824691
TCGA-95-A4VK-01A,0.9953991663530575,0.017040516859487015,0.0538914825516217,0.2624636216812282,-0.22347320705696122,-1.1341752727741017,0.11026161482874348,-0.7021305483736734,0.08323800040093121,-0.5222153560915831,-0.3470906043805322,-0.11028441625142646,0.6095878329960303,0.08628204055127428,-0.3108911003326465
TCGA-86-A4P8-01A,-0.045016361202842914,0.983915534394641,1.7750182749333803,0.21077725539504114,0.8356944219146397,1.089462579599702,0.6505344896334122,0.941793430064097,1.1265454427387285,0.2149782830687703,0.9851885103079167,0.47925749330846107,1.1650264039434237,1.3186789549817797,0.7401503606035167
TCGA-53-7624-01A,-0.6856641112814544,0.12855328165121271,-0.5846133454284536,-0.4339035469266344,0.2667558077397723,-0.31833342058084907,-0.675950561585878,-0.3273994408936657,-1.0323542762001647,-0.5590795455736263,-1.5295416776971418,0.15346813939847478,0.23693370714724168,0.11538427460618568,0.15254891690197656
TCGA-44-6148-11A,-0.6109721490903265,-0.09099596140467625,1.0453792463559382,-0.8701625348990446,0.9259320231874347,0.4866579738379593,0.25549270877936187,0.45732298093343665,0.08866800054441623,1.5424484958385922,1.5178632769951597,0.4701952312977104,0.6392155187981753,0.27937996903758433,-0.23452198094758636
TCGA-55-7995-01A,0.6904762358204823,1.8481558118505732,0.5845199427290166,0.4919306727614243,0.7790657228535666,1.11774570985074,-0.06864499950494594,0.036194268154039734,0.01798966706881444,-0.20241472740205352,-0.5987274034342543,0.074689000998866,1.0017031414039295,1.5282887613996496,1.43425844478626
TCGA-86-8074-01A,-0.5385406506225241,-0.5530598507939867,-0.43887217370251735,1.0290033405928587,-0.3597290230992598,0.2746295150695597,0.3796877867572189,0.07553710168765848,-0.012290007499674436,-0.4511704701648059,-0.99947614291534,-0.36946138068981665,0.08631451327409084,-0.6838969566227933,0.2661503414357788
TCGA-55-8507-01A,-0.5784566569286,-0.753709411087484,-0.3943855617957598,-0.7136004647376679,-0.38722220932255014,-0.20858090623280892,0.34940231031160035,0.18633186221189008,-0.8766224529033794,0.4402046661523961,0.2659261771608867,-0.45343859554128374,-0.36695657698423295,-0.5802519952748388,-0.6863499622334625
TCGA-55-8514-01A,-0.39957997067859635,-1.009486803351503,-0.38584027277694555,-0.5886379351481839,-0.7014783538745708,-0.14336734620934705,-0.0891457048120077,-0.348676465751952,-0.5771064501810482,-0.49756058853143376,-0.7380632941214692,0.4225702478954858,-0.41647547268598767,-0.8512054788219154,-0.05810363833176391
TCGA-75-6206-01A,-1.0371240902577754,-1.0223791646394735,-0.4918101158525824,-0.3286777721135186,-0.6254981012207916,0.05991692958418316,-0.3786320876220438,0.5606670456606864,-0.257378419280883,-0.5067764686116281,-0.43296962717496706,-0.012423239537376628,0.21803697393988544,-1.0135123044413594,-0.4393323252345699
TCGA-69-8255-01A,0.43279450552820864,1.9432561565496442,-0.23524381000566694,-0.2761165385157816,0.5841180544080257,-0.032693071353111954,-0.3571078408530247,1.0461302085723543,-0.23329528470223201,-0.42954812107695023,-1.0483050176309996,-0.7415449924690556,-0.709968761786083,2.0329239254921108,0.5964150269481603
TCGA-78-7150-01A,-1.1131834798933915,-0.4694112875046041,-1.1879003307963578,-0.7554533119709034,-0.4453095570202744,-1.1061103616217853,-0.4515114955585898,-0.9632121931444491,-1.168947662677367,-1.0435318832630502,-0.9010872801357975,-0.9568023405018622,-0.506821630323258,-0.5886810215469395,-0.8552037978756494
TCGA-55-8085-01A,0.6599688219432475,0.6378271333506209,0.09030806398650144,0.5328561180496033,0.5363430101764658,0.2541128698617146,-0.03831546375582013,-0.3978799080944674,-0.5569953736061778,-0.14413000384720118,-1.3510180553714957,-0.0711994322220432,0.36445439969641935,0.6625148296019712,0.4424898535070964
TCGA-55-8092-01A,1.2769382294319038,1.2623196424045289,-0.1458068957828651,0.40028476636844273,0.2871956718298406,0.12271336087330799,0.08849506330462995,-0.33473217481685,-0.7810709212723513,-0.7365471434570898,-1.1703741132428995,-0.5448789171599578,0.674545857926523,1.14177522123117,0.6033211785580693
TCGA-91-8496-01A,-0.9041793364215513,0.013076861025696274,0.2661411764158001,-0.39074407761650526,-0.3645902421852031,0.7870437492688803,-0.4174276809875829,0.4637475821431652,0.5296315149611341,1.1707340995305084,0.8818721061977963,0.027464085823827932,-0.2942337101799469,0.08290145937163533,-0.4289126946442967
TCGA-55-7907-01A,-0.0374841888416831,0.6661787670644023,0.7626520653222182,0.7327378108402042,0.053480132447625985,0.35914932853091375,-0.26384679238089215,0.003586107604585894,0.04154447466017386,-0.29069639915331696,-0.18307433163693612,-0.1115565201682224,-0.44775105644403973,0.5279198526582495,0.33516109479057205
TCGA-50-6595-11A,-1.013065820882947,0.9653507661919447,1.486853614928577,-0.8776090052677684,1.485036382021259,0.7678669605403746,-0.01209809120725017,0.4882903576984169,0.13540200932244645,1.0681586170369528,1.188319305653396,-0.24554807543928084,0.8213518280479776,1.4411535443475276,0.07890886182615595
TCGA-49-6767-01A,-1.1591000647827978,1.0768419349079472,-0.6486847967547955,-0.11132113943500994,0.03490090412826409,-0.036598805596774774,0.3886885315203941,-0.34208303070397234,-0.40388146685701865,-0.8842691620881881,-1.4878298049077943,-0.5020510171221639,0.03121139744696629,1.0597602228563436,1.0553811762339487
TCGA-55-8508-01A,1.1841054075726714,-0.30770130137593077,-0.5595811957503068,-0.08771848333934229,2.5544953731347437,-0.7766929996565538,-0.41148372487420504,-0.6743209273243037,-0.2787578757910143,0.9745080574103104,-0.7336925732782605,-0.7165299113127157,-0.45054827518164897,0.01581970426138581,-0.6639257915695804
TCGA-MP-A4TJ-01A,2.032744448050103,1.872147810009745,1.3881725232768651,1.5349393075012259,1.0195944790253062,0.5997865270477841,0.8317510021602292,0.5149535771437402,0.8024057757979091,0.6126931314528286,0.24759466863219456,0.05597494854444707,0.7431552772969295,1.890575638731377,1.417497361160142
TCGA-86-A456-01A,-0.6109906301865669,-0.30446289460887876,0.015373096117714691,0.5514273980316865,-0.4401828982382672,0.3515474776858057,0.5827999646748369,0.4836936943996573,0.4484643387093756,-0.20798047104906225,0.46389645120865186,1.3476860044809293,0.4089577975236949,-0.197647325462993,0.2597337878639999
TCGA-50-5049-01A,1.6419484180760322,1.8892737934440875,1.498782054810584,1.095382632057538,0.5783468675222452,1.6297523319556373,0.1996603202986514,0.6314417937744498,0.7100147478246417,-0.19476716392980548,-0.5052148974656506,0.21213204763143018,-0.1373910082667604,1.097990449999939,1.304027821080357
TCGA-55-8301-01A,1.3878321714088855,1.558797739885481,0.7549633223875198,0.646775792946877,0.8874056360108524,0.6797420235249546,0.12711758611648374,0.08486039507399752,0.43746700444850795,-0.532472016005391,-0.045194713479823366,-0.3282609038657775,0.42946687371540637,1.5562605046928035,1.2290980969715855
TCGA-55-7724-01A,0.35865902658739685,0.2602675091546346,0.5647452767095225,0.019948338167497748,0.5191989973329378,0.23280317602669873,0.09869589685309821,0.437917815161842,0.17120248311424224,1.464664090894862,0.48292730472867085,0.11290836089455596,-0.15875792145006354,0.11875956683777976,0.21355187365917383
TCGA-55-1592-01A,-0.49276810139478455,-0.8013058499518309,-0.2059634610419417,-0.13379698866038953,-0.6130426690039469,0.5556694821536085,0.3724122946620117,0.7825642693709066,-0.3694192384901921,0.5338627005824156,0.08860673754908288,0.5230821645196915,-0.21792197362433696,-0.8858563792036718,-0.29371334060172544
TCGA-55-6979-11A,0.14430658525852955,0.17456103432523556,1.1036129285604517,0.15433917238899386,0.47041091165518534,0.973456720872289,0.6012627323152996,1.227458908849041,0.6638824631318642,0.9769860001069814,1.4996784039844047,-0.16959287110103052,0.47150647063795964,0.33733242005234626,0.6936700470429815
TCGA-73-7499-01A,0.7467971184983426,1.6926347285301815,0.3762522271793642,0.6908096960367365,0.09187930477479395,0.3430526469282327,-0.06125568745542475,-0.18408538948446446,0.12623675624246275,-0.8209223026902049,-0.505716953055173,-0.3212118409995196,-0.026711775709783447,0.9766800768361136,1.0359669411104047
TCGA-44-7670-01A,-0.26816010908658267,-0.28142922745446813,-0.4847955477466773,-0.4715732106937074,-0.49707730326800637,-1.0930897108651032,0.9040687511004081,-0.4790429287992766,-0.6279551551324773,-0.5681131150676061,-0.5709239434094949,-0.34613024703875006,-0.39124403926078805,-0.53141778428591,-0.35137914004613824
TCGA-93-A4JN-01A,1.5141296849389667,-0.5429626487961932,0.08381702883154887,0.7090637724728142,-0.5367384022414252,-0.7354626043086432,0.3921080342152897,-0.19550933335757664,0.0414308040869296,-0.11675558382312655,1.033223477595323,-0.0003402934568310145,0.05554561009460052,-0.3632691953984802,0.39408958392928795
TCGA-93-A4JQ-01A,2.0074978835282087,0.5376368163513037,1.0673135984510236,1.105547231023661,0.036218895041232185,-0.2531345415694071,0.5986130558789684,-0.09585092238878758,0.8166662435144901,-0.42227293825821716,-0.13175493342535977,0.1923782769192985,0.5010408731967416,0.6506163086212337,0.8751244372465458
TCGA-05-4405-01A,0.11045887508098215,-0.667914267171535,-0.11127085305708548,-0.4216692895431747,-0.6144301617207415,0.4727621215725895,0.22618259157721807,-0.1568313664750216,-0.048969316356619656,-0.42690751195266924,0.46016559669188745,0.14473952834526593,0.2031766910817198,-0.6249388216117124,-0.3123909744340343
TCGA-44-A47B-01A,-0.8964921980581447,0.36414907769623034,-0.27361629451716724,0.004071516753787072,0.6388194210437977,-0.05706755277431277,-0.33023575581845227,-0.17134168021065405,-0.5449971037289366,-0.4450237918883205,0.18720237805651077,-0.2207265240927052,0.3616877419931546,0.7495049469452865,0.1994887298932348
TCGA-MP-A4SV-01A,0.6760370685980099,0.9746768113358426,0.4433509200642714,1.031814008616694,0.5493939596492148,-0.015122125012934223,0.37507491404060495,-0.15845372386322168,0.32643712428133,-0.6763018384510546,0.40224496969253876,0.24218716204152138,0.5119147879931686,1.120841349834613,0.796252650818547
TCGA-55-1594-01A,0.29388772406981,0.22543791333258056,0.05278316672727919,-0.5850113712787798,-0.23376862180048835,-0.14125716558996707,-0.3583756824224641,-0.044811264467804694,-0.6104367506128885,0.405381232626524,-1.106677020632161,-0.06588140703615197,-0.6799666747573649,-0.15741209330250386,-0.08746500331040201
TCGA-44-3919-01A,0.7582360038087692,0.47125052877522305,0.9336546833055618,0.6968122990270755,-0.22575970511628796,0.6721018177978948,0.3586877282324637,0.43703082326014236,0.5793921798445617,-0.09934760030061028,0.6476935911334303,0.7009368430877637,0.12030944939188988,0.05134015540689839,0.7593379319325804
TCGA-86-8359-01A,-0.4445390874432567,1.408340454735415,0.011201189559070674,1.0604984433448106,0.8737942560178126,-0.9041810219188949,0.15131279152373356,-1.1169097086291238,-0.5982818792753681,1.3139829163021266,-0.8346427612955503,-0.4656677023106538,0.855758063765785,1.1401180841289424,0.43021959508198315
TCGA-62-A46U-01A,-0.694896506413297,1.2020707561856643,1.3563994018390235,1.4296768287198287,0.0385289137523898,1.358214030863364,0.4921924824166595,0.8424169174816036,1.1281111393316194,0.1383018617171697,-1.3792266764512082,0.5250136089560902,0.7429201422269679,0.9284432786714393,1.64081241442189
TCGA-55-6968-11A,1.2768328739831059,0.32458654391673103,1.0009867320731634,-0.8623877442429233,0.09578646533266855,1.119113101276121,0.26701659400993827,0.685404292652416,0.6181198119869001,1.5930403247538478,0.7027911454177115,-0.23293167913939775,0.27773503003197586,0.15615849599977488,0.03545550592760502
TCGA-91-7771-01A,0.47101881290528774,0.4572192329651966,1.0037487057412737,0.5789489024033744,0.11532826881086516,0.6038456083451718,0.3085942125494,0.5316716307602278,0.35608011097508474,-0.1296639545443416,-0.1906088493771441,-0.24991258329497815,0.5652957680200139,0.4141972514687899,0.4017995636562618
TCGA-73-4676-11A,-0.6913751142813936,0.9279000737215508,0.8172273430599795,-1.4405580497459194,1.078508690028175,1.1335273417599168,-0.2397457406619627,1.2435024208067094,0.9297573591461853,1.337418638522466,0.3625339514239061,-0.2714042392891788,0.11999512934691788,1.039596969199107,0.12461065499433206
TCGA-86-8076-01A,1.3584374982077616,1.0889208157767172,0.7597276152378563,0.5665497035086363,0.3108310496487981,0.09947303515729118,0.13314906735298299,-0.11223669013552606,-0.060009914176157884,0.3568222319569513,0.5485426868234707,-0.024878448809432675,0.4047658238271193,0.6751069627324436,0.5081844620491864
TCGA-50-5939-11A,-1.026351019078567,-0.8916656428106197,0.32917699955945756,-1.1663960393774069,-0.5787265829267549,1.0488769243581546,0.13686249510058943,0.6656851832168302,0.3612908718588975,1.834498619719398,1.2537411948671064,0.017333122038452605,-0.10107181017129029,-1.0788491578855182,-0.4260609345462487
TCGA-50-5933-11A,-0.9526096354640894,-0.15382552198201938,0.2924540766277857,-0.9881693847614278,0.2633074690831055,0.8654858668499501,-0.2483181516006153,1.071133981585445,0.3690660609344087,2.87833986327635,1.1397201766906002,0.32937484847263276,0.4244158597617052,0.1468717162645771,-0.13261500077914473
TCGA-05-4382-01A,0.4857384313681841,-0.20691002689443824,0.332608878396311,0.6854634431219456,-0.22758049206581754,1.5110945453952036,0.28842145253413126,0.7803081730304658,0.003320956847834939,0.2853880592750079,-0.734909159022075,0.18650795799446965,-0.014095314054310368,-0.1633614473896506,0.4967652786746712
TCGA-50-5942-01A,-0.07883464140236865,-0.6852703524494027,0.10564162415255378,-0.669327266819511,-0.663630897472983,-0.9531733586331903,-0.5809584469940273,-0.8555665532353814,-0.35385615605126003,-0.6202642097285873,1.0813607559985554,0.37399478557408933,0.3372545881904752,-0.9726898615589354,-0.9836516591552802
TCGA-05-4245-01A,-0.3681912530393622,-0.6374664605015999,-0.9164140025876234,-0.9976902414450604,-0.5219739676350688,0.3573317942308007,0.2835293612723061,-0.39259498277027943,-0.3596068063491536,-0.48945851582085753,-1.1201174499433082,-0.5819603419171594,-1.68452160874482,-0.3809820899109102,-0.6450879128859016
TCGA-44-7662-01A,-0.20082645904240395,0.29428966541188006,-0.21433788706561413,0.47837239516845836,0.6561179635795504,0.5038223849191711,-0.2651721149922341,0.0991665867942559,-0.14276599257827383,-0.02094882627217421,0.2087394571564594,-0.38160863927183897,-0.4412344023932719,0.5738190521802867,0.439021841661099
TCGA-55-8206-01A,0.24611260382152972,-0.8364840034300203,0.6070894065847282,0.8807019262699104,-0.7075677618816135,0.5541076964605025,-0.14060672167000005,0.5140632983127935,0.9116368125402244,1.2657832760137946,1.8055434426806898,0.9121563843588572,0.3255476881054296,-0.9384600756267566,0.017926171225483414
TCGA-86-8672-01A,0.05729349983529829,1.0488219107245702,-0.07105318636403991,0.88291671239482,0.3422332030634478,0.6385056730657331,-0.11668056261183313,-0.1372265662601406,-0.36153848165159114,-0.6648468601848121,-1.10602020099535,0.4164455511784192,0.4815837416961229,1.1514515583801452,0.7816125466410185
TCGA-50-5946-01A,-1.041520464388361,-0.7565527921249808,-0.9148532026536372,-0.08151885721805992,-0.6571793487080266,-1.1974333148086804,0.9623226048244362,-0.7433349017894493,-1.2947498878690784,-0.7305539095684831,-0.8476478318702466,-0.16732499664909264,-0.11318055984724402,-1.0537790272006773,-0.7572758325535696
TCGA-78-7153-01A,-0.09058819178326646,-0.6244125964339194,-0.9269953861232152,-1.132058429580724,-0.5353561432339061,-1.436742618905961,-1.3981152120772757,-1.4775573029240066,-0.9355415970931575,-1.1852900127594073,-0.8643997938241097,-0.5003245251250723,-0.7916927129070425,-0.6528203202519113,-1.3586674372912815
TCGA-05-4403-01A,-0.4879256843634501,-0.5424122542277784,0.787733139377378,-0.7442113317340956,-0.44614600672333526,0.922540222808976,-0.44870615152158955,0.29738285781586493,-0.2048781189576078,0.31062110124567355,-0.21200915329659573,-0.4723319217196618,-0.4698404767900783,-0.47470927747060987,-0.3460538816504172
TCGA-78-8655-01A,0.05520627108125736,0.26031497341869797,0.04528030167256002,0.43225015503741177,-0.31725039453825615,0.36894889481793597,0.41181477222219803,0.2590176297276054,-0.03307577282445621,0.07594837114195023,0.35220756868464803,0.38296083999242403,0.2541681768008615,0.12670496908702936,0.22567515859454707
TCGA-95-7947-01A,0.35552526105268495,0.0503187256258303,-0.012137188999937137,0.2034196314409471,0.07154496131372026,-0.06417497295732234,0.7930964065457176,-0.25254561653676555,-0.5645450470258558,-0.2317613623041352,-0.4391550233853348,-0.2590174236785828,0.24724873133443903,-0.10935887364348153,0.08340878159385738
TCGA-91-6831-01A,0.04405245791479645,0.21209666161469193,-0.1997137439349354,0.35462458333319197,0.7444746515226809,0.6526797222874409,-0.46333631093419003,-0.1850820611065735,-0.36558713053112674,0.11146167558436007,-1.0087549495143293,-0.5161730519562612,-1.0252108075252349,-0.012887085971871002,0.11125441433766316
TCGA-55-6970-01A,0.49936611636617884,0.1184447318235073,0.22330805653587454,0.2854615485911736,-0.09148824329228866,0.3921201089075707,-0.216428999476943,0.19479505032291206,-0.04479136423637421,0.37029081045179535,-0.3510171156569947,-0.011682888214476606,0.48496479666265707,-0.13877428827504415,0.2976580055741602
TCGA-44-A4SU-01A,1.3225967668483198,-0.64443903954992,-0.16574243798562757,0.5114503908893017,-0.6833011692913475,-1.1919042669579867,0.6659902341538683,-0.9079297191688566,0.23196512287521182,-0.6990473727336705,0.1792672619550498,-0.25408000115186896,0.20615073517899804,-0.7954898819411321,-0.033216222787821575
TCGA-55-6969-11A,0.8660783483124354,0.06331680100057514,0.4380546794038008,-0.752764102520154,0.25492197674029643,0.530097263307461,0.27018047354363683,0.9003196567603406,0.3224901694564524,1.0088604192776767,0.3827216071366921,0.39741376614532353,0.25195932773902785,-0.03435415827296838,-0.15640628991972846
TCGA-91-6836-11A,-0.6815061018523954,0.6954896502858243,0.8552946048739521,-0.6351969539278431,0.9620041165915817,1.2271500902315484,0.2171367617315815,1.2259687249660767,0.4994834369472057,1.320362351862827,0.5391878298735743,0.5947381210315369,0.369485919372281,0.7448867541566366,0.33143680422626975
TCGA-95-7043-01A,-0.8410752904565306,-0.941001551374588,-1.5844736958584649,-1.3999256752673006,-0.6508198124247564,-2.06011548206657,-0.9542037283962012,-1.4441254575758276,-1.3481249029817466,-0.7303646945167047,-1.2994947946877853,0.03107132690051486,-0.8000950778104379,-1.0774993345817538,-1.2048442531709718
TCGA-55-7903-01A,-0.47487237333197907,0.554184181058654,-0.5391192293048978,0.01635926288386591,0.8728364992699961,-0.11561353212023458,0.31292070754671475,-0.325571858584993,0.0018159211237198975,-0.3648523943272028,0.2998690034593427,-0.0826679772405606,0.3398359776464164,0.9192322620377015,0.3384679167671039
TCGA-99-8032-01A,0.8059571364530157,-0.6339976716557851,-0.12228689775287341,-0.013372962381430943,-0.4782614568911343,-0.7070657967841613,-0.27017018270313986,-0.42939541704202666,-0.4198951774651229,-0.07764005125894459,0.09112955547655138,-0.22283653775135054,-0.6152921360667759,-0.5987813530855303,-0.5106398338087923
TCGA-55-6979-01A,0.8966500793757893,1.1677541870828483,0.8122339936698664,1.2623009980937383,0.6282212013406439,1.1353478828975956,0.5420634962041323,0.5887716068555024,0.5137789122559855,-0.08715052782129959,-0.15084840709144878,0.5209712499563076,0.36227674657028697,0.7175772623524054,1.8685102712933985
TCGA-38-A44F-01A,1.7332650711942836,0.36226699152617897,0.7577411282212646,0.5350083064600494,-0.03331618415377724,0.39272281758991207,0.6395749732130142,0.4619033292894796,0.737169481939482,0.08522257994594692,0.79526842012654,0.03890301948261947,0.39138215715293273,0.46182775950861477,0.6092757815933635
TCGA-97-8176-01A,-0.49850127399916244,-0.7026554295028979,-0.7056145114513723,-0.3861386117954528,-0.4828723428675401,0.3668262173372146,-0.28045516271723125,0.10539378637695772,-0.19437862831973834,0.7509988769713231,-0.7807549434660565,0.45888226197065674,0.029276858396535568,-0.6636715467022273,-0.945430566887822
TCGA-75-5125-01A,-0.26627616615932276,0.7710766184262352,0.14591000164030082,1.0866706927283072,0.386677467091846,0.9455180161615533,-0.0104298953863924,0.6733286143265313,0.7030657349967689,0.5669819829846057,0.10138373111305264,0.3335521085592127,0.30764117138111674,0.7763188899869096,1.417720878470897
TCGA-44-6774-01A,-0.46150313517094893,-0.8379518631165646,0.16303238746003082,0.684471299013591,-0.45071405147696275,0.6136001348832789,-0.057354016675200965,0.2766025574439424,-0.3294342143405978,0.4842255206020899,-0.49634578718334366,-0.11335437003952134,-0.7459877216422844,-0.858609817812724,-0.1620418857520904
TCGA-44-5644-01A,-0.7418510286014257,-0.6673610843409293,-1.2236824272705593,-0.8863771083243132,-0.604550020704446,-1.8541301439085551,-0.4002847486736849,-1.2369753874126546,-0.5790300785982755,-0.33959229107921013,-1.0250674750339464,-0.5144665483454436,-0.4556774227830247,-0.6849993267220988,-1.1711920600376493
TCGA-55-6981-01A,0.29845464066520927,-1.4108971585952317,-0.556579470254127,-0.11036776786815265,-0.7296017043036174,-0.7464883076580859,0.25199524479263696,-0.24985526359601937,0.01529450577167557,-0.3573628252653576,0.7836847298307686,-0.43682170173503393,-0.44191886022386634,-1.4041518882221016,-0.395468272481213
TCGA-44-8119-01A,-0.07885825297726813,0.23549272443243668,0.19283501777142145,0.06081384219835142,0.0688582648463229,0.35960213230556587,-0.07156562145462624,0.027758875068580244,-0.7003595403843139,0.1975087606529944,-0.8845945763211301,-0.26667685002114766,-0.6601571213545386,0.43348696482526894,0.16281324365760852
TCGA-73-4670-01A,-0.6801859970299631,-1.0078994343385919,-1.2952365930688852,-1.060660574046855,-0.5084294950595581,-0.41599084724926705,0.2192560094944598,-0.2812960735750965,-0.9378285675068968,1.0264904222522682,-1.291024061861997,-0.5251983383082491,-0.5400926266681855,-0.9829050001750804,-1.0380237313162104
TCGA-64-5775-01A,-1.3347199439106776,-1.2363993136735516,-1.5794366997292133,-1.197020952356232,-0.695664112827591,0.36279259284891535,-0.4773915005788324,0.4444312090875416,-0.5985860951207375,-0.6062732514049021,-1.445510091891297,-0.7887152372616726,-1.3586536692943678,-1.2999013571351903,-0.546407094720396
TCGA-91-6848-01A,0.15246919561821823,0.9504377934039525,0.49769400544303066,0.5317198435028958,0.4984572530686633,0.8603165206281185,1.015578308255064,0.7459094134661255,0.6480560713924144,0.2152336679511381,-0.6387308768275188,-0.37334000289181646,-0.7945999739376836,0.7881657854311469,1.0780049949558022
TCGA-55-A48Z-01A,0.18732474696956258,-0.11053034620287025,0.2468594614011718,0.34328607684371604,-0.5247039514780725,-0.048246019855340806,-0.09824781543891023,-0.46640386078412976,0.1303941006002,-0.723893199677775,-0.007736734640895082,-0.2993520081342994,0.20288758965263534,-0.13222580268643563,0.35530400748488067
TCGA-78-7162-01A,0.4429505730978912,0.36498287787138106,0.711760638821524,-0.36006898239944723,0.14625110214400042,-0.5970629774270967,-0.15863543526505564,-0.30336315079376414,-0.044114221525811424,-0.5307621918478688,0.7754082252317912,-0.10401296867537133,0.10231677917896105,0.3260132751309118,-0.13302548363897682
TCGA-55-A48Y-01A,0.08559526845913602,-0.4224442322613422,-0.5416772382364168,-0.2568867512712893,-0.23123956943030916,-0.5512671061119648,0.038044959806829204,-0.5402337489268313,-0.6565980357313619,0.12258743639084911,-0.5494950160665981,0.2410832967605808,-0.5020897156382718,-0.4629883841704424,-0.0710262373420627
TCGA-64-5779-01A,1.285933607481799,0.15305258071681643,0.2749934223013183,0.7628511894534583,-0.4100092728949533,-1.4649031680188325,-0.3677826073161937,-1.099952822696147,0.0814010051964658,-0.38362946954214544,-0.7504755242225444,-0.6400633788189509,-0.02577710507356301,-0.1245878090768486,-0.09620779975163216
TCGA-50-5944-01A,-1.0895348355069179,-1.2633959763089413,-0.3747195065387059,-0.8326786816938178,-0.8747837551258796,0.042272933196710695,-0.628779015425432,0.22214572758440138,-0.326086660275121,-0.00519390251238268,0.6014628118659076,0.26283829731447905,-0.10784868641282212,-1.3863920689845082,-0.9886625526720706
TCGA-55-8207-01A,-0.644944081719006,-0.3826004611546736,0.2975183306814489,0.22773860094531173,-0.6984465060292103,0.4501978922440113,-0.35004552684935186,0.5082144620665247,0.8713754733439305,0.42385153954616117,1.3141494703014065,-0.23829970395977176,0.044882743596441586,-0.4844597259512608,-0.4670335693514283
TCGA-44-3396-11A,-0.17482265428434843,0.6713020826646872,1.1528305691856746,-0.2808272896841186,0.5890381539051972,1.0564320884271134,0.13801675653039985,1.7016024666091165,1.0580966994126053,2.0408964796373392,1.5452109248066537,-0.17960609182227907,0.5701354236129494,0.5587913969475373,0.435985668541196
TCGA-78-8662-01A,-1.0642088911049739,-1.0465624198473131,-1.4936340282524205,-0.9489660363870317,-0.6929514990196628,-1.685079292818506,-0.20134224687807173,-1.0166588241677699,-1.4401892063639234,-0.995404266131672,-1.0194738755828296,-0.8439074822601673,-1.1066520476632895,-1.170601591833353,-1.4043799602053393
TCGA-44-2661-11A,-0.7537387245968454,0.26998269772482913,1.3628271758934605,-0.6292519286584272,-0.14108701285397243,1.1402285811473292,0.22176347046923944,0.9011838210641666,0.6923068401816448,1.652668885899384,2.2821725939594235,0.10868143577675438,0.3648016630089983,0.20037658952387433,-0.02941671610703804
TCGA-05-4398-01A,0.46207901575426147,0.0997430041701888,0.1752654964835588,0.8793677323891306,-0.22899497191817847,1.0143531854925414,0.8610475365004334,0.27082286743699996,0.6580367026054113,0.1100826875622997,-0.507540356152877,0.34923040564800045,0.9504451390158947,-0.018742827713996723,0.5638805725014612
TCGA-44-2661-01A,1.3030715893173865,1.3289266675319054,1.0524936625065622,1.2625962451259765,-0.023087340402460917,1.190512222110441,0.258788969732073,1.007801241043618,0.6513013507329853,0.7297866185988904,1.9848163321661172,1.2607822353171847,0.11778106542552487,0.8346230708054089,0.7431978645805226
TCGA-55-8203-01A,1.5462065561418519,0.34210657080450585,0.20621393977141853,0.4851675969331159,-0.22184147506717702,-0.41608525771631416,-0.08301217246240626,-0.4810717235360263,-0.05372169242770102,0.09318069945350049,-0.8064201456565865,-0.3863359774713037,-0.06806199975679492,0.12945285512747254,0.12304622654072854
TCGA-55-7284-01B,-0.5578493141909084,-0.1331055891276018,0.10484385205075483,-0.5674184987772285,-0.1392409624412111,0.39901463825281275,0.08516783335721281,0.36793878989428463,0.10198839961471821,0.09637579320596433,0.28994391018662513,-0.24981044183158208,0.28568306632597557,-0.06663390042619811,-0.2039311117031889
TCGA-55-6982-11A,-0.562739659108972,1.129961026882303,1.6322549486113953,-0.3874938686370062,0.8534110206028586,0.9121414743092268,0.35792296605358026,0.7605622839874971,0.44791031156305733,0.9050716437398325,0.9397220568225051,0.18884818035674739,0.8228327771354689,1.282787483404561,0.4301462472611995
TCGA-L9-A443-01A,-0.31046613465945994,-0.10346226636355808,0.21693428633452266,-0.1818321697283607,-0.4073975746384934,-0.8702779370206896,0.16401463168209784,-0.8383140875746253,0.26995756894715756,-0.06389857813368202,-0.15966417111508677,-0.06778071742276918,0.5122844905208972,0.2557025912004462,-0.4085414811095225
TCGA-55-8512-01A,-0.7022029620057071,-0.31956953684973766,-0.6754375489593933,-0.9251847224864475,-0.12845141959174217,-0.4504941145913534,0.0022502667782352864,-0.30612014678884697,-0.8938322492652347,1.3305615834973636,-0.13004276117403854,0.16570333842785256,0.13850919473318418,-0.09701508447835927,-0.9903656568157506
TCGA-44-6775-01C,0.3884990613691519,-0.657882935536177,-0.22689498192889732,1.0121461592292182,-0.16440585661456547,-0.6482598598164565,-0.23726373262631428,0.9081750735836022,0.6852937335270148,0.05561494720366568,0.19111925623491563,0.06711357890581895,0.034787023935773875,-1.0450823550221162,0.3891450421465824
TCGA-MN-A4N5-01A,0.020945354881911814,0.660444500480718,0.045362101864370494,0.3804070057482994,0.4179802862435578,-0.4523546658569586,0.23017839398660847,-0.4253946490745829,-0.10102677642434821,-0.6035480049907064,-0.7063764478207958,0.4186018688314997,0.521986125087392,1.21042335777569,0.854360923260314
TCGA-MP-A4SW-01A,0.9795664557228376,-0.37367064468256816,0.0896326279566718,0.505037871060328,-0.502698392858936,-0.023652840520746066,0.14868869400917076,0.04646545270280368,0.4259049318563916,-0.3494854449078921,0.10857846826737148,1.1350720177296663,0.21202589583753087,-0.31832398478195306,-0.15198572399657373
TCGA-49-6744-01A,0.7234190055254073,0.7391035953833993,0.9156127141788047,1.0870234000848702,0.3405318770574581,0.727834216735963,-0.16384739314623345,0.31624785248607773,0.8721072229456457,0.33225344842900956,1.367115789214502,0.358181928516425,0.45898718324373755,0.4478628973269551,0.7564775436413604
TCGA-97-8171-01A,-1.071233487515271,-1.5594218546925247,-2.054417620436679,-1.7507670731891514,-1.0666341546690359,-1.705835798857609,-1.4911540640132273,-1.0261627835078169,-1.5762207982634564,-0.9026130345113176,-1.166772348990855,-0.7831776088500042,-0.32752676042373113,-1.4670213756403503,-1.8013332149136996
TCGA-50-6590-01A,1.0258547304296166,0.9451083298493455,0.5440639993224325,0.3936712427536125,0.09601868299873689,1.104432029477107,-0.2700922024467499,0.48421911292217024,-0.0628657212433986,-0.6797735613507283,-1.018660456194891,0.09124684451097606,-0.42941702330336856,0.6822930350481727,1.2552221116497393
TCGA-05-4402-01A,0.20376239032990712,-0.7557724820483036,-0.1952636480729935,-0.008811869589784452,-0.6718580262146522,0.3641006043635364,-0.11698892462166824,0.13298436667412392,-0.24031232208889822,-0.0063533624351022845,-0.2097105727582068,0.0936051821470247,-0.2650128497792246,-0.7793250696989747,-0.18523591642162074
TCGA-50-5931-01A,-0.5564152542747062,-1.106706771664367,-1.6367990605783096,-0.12347812650427119,-0.13468213337656268,-1.79988557249101,0.3632035189214961,-1.5569695186699788,-1.3150721296840682,-0.9030257985951442,-1.1294965563422912,-0.5890207295033706,-1.0395354249092719,-0.980420708010586,-1.1711091805267637
TCGA-NJ-A4YI-01A,-0.9525165252421095,-1.1652993149251172,-0.775812399755037,-0.10789231147891731,-0.9419131613338697,0.3608599593094119,-0.028005802342413615,0.7641640579672282,0.04726397902526257,0.3543809884411567,-0.7640538707581088,0.5213854999525054,-0.0858104021301987,-0.9256917974963658,-0.39545064808616115
TCGA-73-4677-01A,-0.12956985980478136,-0.48547221327128826,0.05869623084021536,-0.35771969678798826,-0.4146643074938667,-0.6560167088860626,-0.9313911351082719,-0.2904665969369455,-0.3269373548277965,0.017150811984921722,-0.09148839041317873,-0.11546331060057269,-0.18192925663372614,-0.7006330158853391,-0.7062037707800803
TCGA-75-6212-01A,1.3670452354716451,-0.7372259693890145,0.11811144493883652,0.1633764621398862,-0.6168453961703598,0.17480689046335282,-0.26142744580461297,0.15440658961207468,0.5733630595634928,-0.012298684990346174,1.5026705410802312,0.23080707127190375,0.18583464162289456,-0.7019019112911078,-0.2541284956850536
TCGA-49-6742-01A,-1.0724852268064375,-0.8577990045653615,-1.388695219684133,-0.7474925692859559,-0.49596424731243804,-0.9035839693520099,-0.22604530285229749,-0.5667839814192698,-1.3105524983195618,-0.44536552912536737,-0.33740294696426054,-0.5434312614092713,0.17226896126675897,-0.7667930824231037,-1.1115004409195037
TCGA-91-A4BD-01A,-0.21301337453798838,-0.6532174607338472,0.2509742370064826,-0.3052709445155516,-0.43055957692496905,0.31475907153849164,-0.05520400250927129,0.16608942526944656,0.4455640667948071,0.9629832108784742,1.094443855498318,0.6399217805623548,-0.3728066907366218,-0.27308165112858995,-0.528097388629897
TCGA-49-4501-01A,0.7945687400196212,0.10854297245133444,0.4409408458828342,0.25523760202165957,-0.4835434053065398,-0.2568015721160646,-0.43177447173128863,0.18214203833794795,0.1919483240331516,-0.27382897246498883,1.0091769127875518,-0.28856782195485514,-0.2268075255842041,-0.28266811482279813,-0.2028321206853984
TCGA-05-5423-01A,0.3620244911384879,0.07471365226633497,0.20164294159481427,0.642707701997307,-0.057819637880453155,0.7098583577654413,0.06522042225132677,0.783495201729808,1.1106747920924884,0.6153330811658192,0.41811069537358286,0.3385062207066283,-0.23061065624324725,-0.11780741027760207,0.18334877034775235
TCGA-86-6851-01A,1.4025346908026717,1.671353592489134,1.066397018895539,0.9836719845717834,2.2499828237975183,0.9018309851930518,0.4392026838558794,0.26638109284706807,0.01565643283605613,-0.5617386599027334,-0.3320201790628237,1.0141091358842023,0.7558395965144533,2.001792571153569,1.1343017354478164
TCGA-38-4625-11A,-0.7867098752560628,-0.33329326455431774,0.4048342426838606,-1.5103707744780872,0.04097776107354181,1.1329736514059514,-0.20585583237979097,1.2270297414522768,0.594420969908407,2.0982860768661373,1.504668385166937,0.09545416637290495,-0.25137085874643283,-0.3383324904101656,-0.2312330795541586
TCGA-64-1680-01A,-0.9769711439687206,-0.7941890232234967,-0.42088521881970503,-1.1036084386356686,-0.7355348669473756,-1.086934730127332,0.017888735469003842,-0.8841133538913534,-0.8907512283781462,-0.29931727797067137,0.4690416136252393,-0.10638742606328763,-0.5266824430221789,-0.781178669857734,-0.9273239316579266
TCGA-75-6211-01A,-0.06364263776260662,-0.35757172344338783,-0.3286208520468473,-0.012633482573081315,-0.1092067843749057,-0.6591079881103535,-0.4507474923423215,-0.8482514057301784,-0.9601305397282648,-0.4167531157736807,-1.0029766025145659,-0.11784781235747473,0.08536490909926468,-0.5278489386967989,-0.5378316471906815
TCGA-69-7763-01A,-0.03160450605435444,-0.7581354314935171,0.38389044310666104,-0.7395102659058309,-0.33763072642888187,-0.5446501592642785,-0.20450836150704324,-0.12184097964728416,-0.41416541834389636,-0.25340685555353304,-0.44657744078085454,-0.12290779577730578,-0.11742466022368787,-0.7649495783088154,-0.7484599515615993
TCGA-44-6144-11A,-1.122891697393058,0.3147973287355263,1.0869423056661247,-0.8531678605860707,0.8597089723711684,0.9731934644614983,0.07443660950180345,0.8338780145377351,0.5357113557844132,1.0679887907899153,0.0888938485990345,-0.26363415918802324,0.4757522656435517,0.9667767014798361,0.21032945266633027
TCGA-05-4427-01A,-0.5136703824520994,0.0027252530155708887,-0.3949469316004547,0.2045286813349819,-0.24254755834711997,0.27863433697703394,-0.3617268761639099,0.16357793115780755,0.2668079662558352,-0.2479609009080597,-0.7883285967348335,0.22406120599168275,0.1822487828706878,8.6363052656524e-05,-0.06757376346646021
TCGA-71-6725-01A,-0.9707345467665214,-1.83065280227318,-2.14072379841241,-1.335695348716748,-0.9459635076971479,-0.5258791040390878,-0.3422906515213346,-1.0997721555647122,-0.7733454074679857,-0.5965235748657725,-1.1598098948126274,-0.38567068504534874,-0.829271893756113,-1.7250405533816855,-1.622614010929951
TCGA-67-4679-01B,-0.8007460677816329,-0.4707515761818831,0.16692069378505942,-0.6134056705199764,-0.48808310924971526,-0.03789837412649059,0.7291193140872281,0.008745083636399325,0.096073426034198,1.0787349630318859,2.0199785039724616,1.147621103812479,0.46656810299921636,-0.5283042545038341,-0.5320495779614328
TCGA-95-8039-01A,-0.05869170601631897,-0.30331317093297916,0.664821559854164,1.3931326168911313,-0.34338222655445294,0.08069103208368573,0.4060437610359758,0.1875159369827998,1.1690973220793937,0.046507112040875244,0.4676327060636325,0.6808567436757317,0.37610083821149803,-0.1501629735858123,0.161681105545083
TCGA-49-AARR-01A,1.228260811673744,0.2200656668377471,0.28346591657062575,-0.14265439962857443,0.04006564953986347,0.3364737061529605,0.2535749626591033,0.2931825998779255,0.06442012057215799,-0.305338023761115,1.9531705764160459,-0.019315443722447877,0.44598786210223373,0.3579424258048986,0.1632789861194623
TCGA-L9-A8F4-01A,1.1851923832583053,1.1553959605585251,0.6491420366129821,1.2779050226135384,0.033498394983983895,0.4481630017031857,-0.15590147484672334,-0.06886397011655253,0.07580012243767056,-0.47893673086006794,-0.4912836063661574,0.40989614946788483,0.5434941725768662,0.8039399174258798,0.6496432774445489
TCGA-35-4123-01A,0.17237687785396547,2.349387022618919,0.5035318021402853,0.7662657874960398,1.0404151482064203,0.8917663225416598,0.5294162699809796,0.5129084724551416,0.8202833668891386,-0.36248227888181667,0.5724335261905715,0.21058201563834764,0.3827731020595153,1.7312111380645387,1.4761137196385254
TCGA-71-8520-01A,-1.0266405049125713,-1.046416252825462,-0.8551520391858718,-0.043844902945772875,-0.8162370143350031,-0.7059076382567729,-0.08243776436312181,-0.49855034752783733,-0.22119099551937468,-0.5616828355963518,-0.3191271943157106,-0.42971146084260575,0.9084003354935732,-0.8679582936021093,-0.3692626470258927
TCGA-49-AARQ-01A,-0.2231319876918659,0.35964520786735577,-0.9936652658450509,-0.3531720738366952,1.1571198622759746,-1.0372973741961136,-0.334434117829272,-1.279863328106061,-0.5394516281093165,-0.9365154188761713,-0.7013017774563428,-0.21565402097109448,0.2789467245857112,0.7967794222500899,0.4795753316773784
TCGA-55-A57B-01A,-0.8165576946893338,-0.6246363591985375,0.059124538890962905,0.5290614487278151,-0.4675080295008825,-0.2072959897484,0.6053699153561679,-0.192911957818337,0.6276967514253677,-0.004813708501431346,-0.07804143006104859,0.17392261058779693,0.27996140223086985,-0.5522419133742907,-0.320640423595868
TCGA-38-4632-11A,-0.39348751006478205,0.9915326378102874,0.9364719860891249,-0.17882988722414028,1.2192372716530733,1.664916045271173,-0.26350177066874764,1.9218470535206076,0.6311361845920722,2.0873377911101545,1.4609556514487139,0.7059933255770192,-0.2568448834057194,1.0605287360811606,0.9847690646282621
TCGA-05-5425-01A,0.4412785289825793,1.4446428521667518,0.21099000365975193,0.789985594761288,0.5954836768755718,0.8509766434560487,0.07275659759951394,0.6915529376109699,-0.1023338160329478,1.0314927860865934,-0.304519719309158,-0.004195717307327406,0.23080618728745508,1.0823235900830068,0.834381433642543
TCGA-49-4490-01A,-0.5728616506719055,-0.8210123805977207,-0.10540959767505723,0.13845071045054838,-0.7929318012541846,-1.0419899063003644,-0.04777530199606412,-1.1910998101614736,-0.37390408658786317,-0.7818501733253447,-0.2779785411439167,-0.09756338374432265,-0.1483815683626704,-0.9022043329128621,-0.4639278784543557
TCGA-55-6971-01A,1.6407058036752233,1.351987973928488,0.9110480019391971,1.0463050600839154,0.9484815991594826,0.9968935912780248,0.7118542782358703,0.7499918086582831,0.008777653989610565,0.9407141869890291,0.59445584449462,0.46969199221977576,0.5113702577550191,1.2524575838201535,1.2422159991167756
TCGA-62-8394-01A,-0.6075778446841301,-0.49448207059002225,-0.22989233770356873,0.20857326689337208,-0.6297892936133287,-0.604087657179142,-0.12677837466248434,-0.4849756388962163,-0.5505492152803129,-0.5868134712958326,-0.5711800969386597,-0.22814086976892328,-0.21009221378836573,-0.7402238643697816,-0.0702575875486972
TCGA-44-2656-01A,0.7413134781810116,1.565406428571759,0.7150130643475575,0.5804109549582523,1.1827577177246817,1.0427829271823452,-0.3847660891805803,0.4846005774288215,0.7293785417113438,0.16130029233257734,0.44359066554874466,0.5014502623900905,0.2815121624547014,1.4049552757823365,1.3202687120360812
TCGA-78-7156-01A,-1.1881341471809068,-0.8710930834469621,-0.8285822730545762,-0.840941493157307,-0.40480176472981655,-1.9095097295862358,-0.642805485139106,-1.4707650180405163,-1.4233883167171373,-0.9073425100804192,-0.16477214207472318,-0.4208004619659249,0.08914411490601608,-0.5946153470819892,-1.3966412137694042
TCGA-91-6849-11A,-0.623028963443957,-0.22283800953128297,0.4766503765560885,-1.160309150818873,0.6680329470356106,0.41050295453021873,0.3351842087741894,0.3349483718794091,0.1711174603407017,0.8445428567578869,0.8185541667094146,0.016934640506509967,0.4480467831198638,0.5527307715632941,-0.1148724373361555
TCGA-50-6594-01A,-1.2906799038382863,-0.9177269329387697,-0.7610038624094644,0.3850437297750397,-0.04202469874848458,-0.4792162407589262,-0.36283538955013445,-0.30272719816100274,0.046108166381363315,-0.8416188935341646,-1.280907521081555,-0.4090813370530695,1.3899465687540455,-0.549263462968325,0.22195028831044555
TCGA-05-5428-01A,-1.1202369484965318,-0.6288439390651832,-0.6632698619387413,-0.9023099723632005,-0.5400247258063932,0.29743025631906134,-0.34920447394973736,0.10132261414922024,-0.20836032870579238,-0.02949163663296608,0.4962054193795961,0.35780310492480977,-0.8303622120964801,-0.7245367595820404,-0.8901666411396874
TCGA-91-6847-11A,-1.202227489939896,-0.6929291286617023,0.14936188132982406,-1.5974141900098333,-0.14962181760005372,0.180779624350215,-0.25064039449251807,0.31218524980032575,-0.3511097882921111,0.9423133117653054,0.11118711272075542,-0.33456213408492425,0.18235795201730634,-0.37803213576471134,-0.8129956295573524
TCGA-50-6591-01A,-1.5160774796782928,-1.9475281464031666,-2.0931164602484396,-1.6090242642914658,-1.0483479449111317,-2.8866514366993123,-0.7624509667710714,-1.9760776236775288,-1.364954377235549,-1.2548174329580857,-1.504999439250655,-1.1299930720922824,-2.123920247768849,-1.992759594700026,-1.5262263120675919
TCGA-05-4395-01A,-1.1463219670543259,0.041784508729666436,-0.9147185287735894,-0.07945581162822131,0.9333335558818765,-0.33842199371235676,-0.32958887604918685,-0.3548448705410399,-0.7266602592052746,-0.37260422982586155,-0.9902190114783815,-0.4610954751591946,0.42654058484412155,0.5354214081184893,-0.42599354831950215
TCGA-50-5045-01A,1.9155518078524252,0.9463617367192013,1.082266091999952,1.0246153198945223,0.1360833072171163,0.9430075356777966,0.7282895643949513,1.0700980826521473,1.312584807159435,-0.11155680403895495,0.4279107302242628,0.3593663749702741,-0.09543689718096822,0.4370777419409451,0.9422198762987182
TCGA-78-7539-01A,-0.24029194244240362,0.8436652344412542,0.5895978392122316,0.2428247521006648,0.009886457829443652,-0.019209086284515786,-0.25937913187076994,-0.10132250591721666,0.32510665275293904,-0.2945726305957591,-0.38719362988531203,-0.41337983939772693,0.24254503162292632,0.47715813408876845,0.41904699958272873
TCGA-J2-8192-01A,-0.09388947875155192,-0.5065514627801316,0.49725330082990793,1.074184024113297,-0.5725827188744665,0.7582154758573889,0.021911374575553307,0.5352885599381398,0.8025830561219366,0.21315379936667286,0.6748243800060768,0.386707259809266,-0.06674868259731061,-0.6351851548081484,0.3420451946514326
TCGA-49-6743-11A,-0.9614904886940453,-0.0759852743086945,0.5237880468010606,-1.198380118516196,-0.1777920475424667,0.5438207875873617,-0.4403767832432973,0.48956253642997966,0.404822654292032,0.32878547235262173,0.9972888613879222,-0.016170144435981547,-0.038629946056273456,-0.2446723548492949,-0.19046266017417024
TCGA-38-7271-01A,2.5871877833590657,1.507658617715031,1.9330771976923937,1.1777122941891138,0.28477058795347354,0.6068810015737065,0.03077712090383993,0.4378918595940619,1.0795003561449203,0.3082269514142784,1.5587885261011072,0.24096546347782985,0.44746468068064926,0.8634781877575403,0.8596312514692543
TCGA-86-8669-01A,0.1529145627182545,-0.20768895507320503,0.1049114088780025,0.17885950126445307,-0.43918700273805045,-0.46624852098869907,-0.6850749877936883,-0.29496187011960123,0.0795735871409712,0.09697890074238803,-0.903988358860443,-0.15671674468520677,0.27496775948277935,-0.29110548612279724,-0.1373619856694466
TCGA-38-4632-01A,-0.10008215662028011,0.29461964071084795,0.33071571958428186,0.9001065434354385,0.18808662330470435,0.5933984064735639,0.6057668344630811,0.6452343623041814,0.8850367619577967,0.25349505257675137,0.41530712498882866,0.11693986808306933,0.021943292791710017,0.02398053996119807,0.4646271096854247
TCGA-49-AAR0-01A,1.0529246599591557,0.19121776707165092,0.33269507458518643,0.053315760136093536,-0.31070424653619183,0.29002985337234405,0.029609428378545837,0.08423175498531385,0.11111171290769674,-0.4756035068219094,0.06425269679009711,0.5293562206752422,0.3492624990066286,0.04669971871393689,0.18199640537580752
TCGA-44-8120-01A,-0.06921600053119141,-0.6910383240031498,-0.1280906573994979,0.2811020998212429,-0.542393664058308,-0.23411995482826498,-0.0809160782783493,-0.12934915940111244,-0.09420013460750651,0.159648845633458,0.7737631545252657,0.3645247344121457,-0.0916063463034917,-0.7540648141989265,-0.5043780560162967
TCGA-MN-A4N1-01A,-0.8159793608647682,-1.6047027710283683,-1.170308356536418,-0.4491465670524124,-0.9462086313365421,-1.3484034832590066,0.40958598404578933,-0.8080841320978267,-0.095372672134445,-1.0298472202617992,-1.2491833840545234,-0.3568291581576523,-0.11346878312886577,-1.5868134322597844,-1.1928090253733208
TCGA-44-7667-01A,-0.8777322703265769,-0.4056873642193821,-0.1389313560712546,-0.4714327889503795,3.0471182221027346,-0.5621880621916434,-0.6697841204186565,-0.46915392643755877,-1.250948284577244,-0.6191818665993184,-1.22440888647677,-0.9046572979135238,-1.6833970487170105,-0.23073079476270478,-0.9173970801811969
TCGA-NJ-A4YP-01A,-0.4872581005514613,0.24983907363416202,-0.6219534873749188,0.19949206651318482,0.2748341982122755,-0.3831424773352976,-0.311120733380382,-0.526434988039158,-0.42183685378730534,-0.11404845084457005,0.07191125725156287,0.05868579466287242,0.11359492132581994,0.36141622303440973,-0.16735467129532902
TCGA-91-6828-01A,0.031144398588500766,0.4576687800239928,0.4809516985337841,0.28797263343263474,0.18409229468589097,0.9655455324833522,-0.282947974703309,0.732118888729269,0.6389545620517223,1.0487353967907798,-0.22961056971733743,-0.07684919351107351,0.2891416279910756,0.22178721091904702,0.47570370367886167
TCGA-MP-A4TA-01A,0.018739531901510315,0.49081767700127044,-0.5798173764543847,0.2449107568327419,0.41916646284170006,0.08208740808959102,-0.0030059550940437696,-0.3335501177186169,-0.5846468511927937,-0.615604911519953,-0.9416199029059026,-0.3932548202251203,-0.1437804054300537,0.5338605401006044,0.5355530332142714
TCGA-50-7109-01A,0.34700433922684504,0.5741194902341541,-0.09697063538320438,0.17719426220398704,0.4063350058690428,-0.13580592024656393,0.43516728448721304,-0.3613971156208929,-0.5637971519040305,-0.3881309576241743,-0.921250531800993,-0.033178385950387225,-0.15714660012155254,0.5141603413996055,0.08995459392688483
TCGA-75-7027-01A,-0.6048068233883422,-0.7361617425709097,-0.7936341010245963,-0.2501313732883668,-0.3830369743131636,-0.6752262583658494,-0.17293712193494828,-0.49748544347492246,-0.9568216204196897,-0.5952512905192903,-0.621039690334619,-0.14234713236425425,-0.7324269891968656,-0.7037019480721786,-0.6152071274630638
TCGA-55-6971-11A,-0.9894860335583722,0.0396912094572778,0.4151603379844759,-0.9750883223064809,0.08462753256284813,0.6836496749116057,0.05857839871915108,1.0554141426447543,0.37466273010916445,1.0441914211687542,1.9047829843972721,0.2819796231891938,0.4649049382722646,0.3537035717375856,-0.13706812360838147
TCGA-55-6978-01A,-0.4332151708276154,2.0479884550319083,0.7504331492792886,1.4248917180334013,1.711329128669639,1.0502746280217914,0.7977178463857403,2.049565457909908,0.6621220870016666,-0.3182379617455834,-0.020109782955032657,-0.029330363097113253,0.505320025494638,1.9664916091529414,1.7112764598137156
TCGA-44-A479-01A,1.6084486191509562,1.384082680039231,0.9191224995944614,1.0131046996437274,1.4725280509681518,0.8510308035082162,0.6560444027917852,-0.012289300391952283,0.30371824530312985,-0.26789306882056746,-1.039388595049015,0.7847984978861747,0.03750327823985677,1.106168738695178,1.038988556889388
TCGA-55-6975-01A,0.11614456629621675,-0.495707648499207,-0.33226388962219316,-0.47059131937564697,-0.5784655524477563,-0.6296861791845499,-0.2653952886992629,-0.3980109184288732,-0.6629166595859183,0.06360175820222229,-0.3900185870728701,-0.5621443986667167,-0.6930969540263172,-0.6376383047442941,-0.9165605465742028
TCGA-49-6745-11A,-1.073383611159394,0.48422835455786833,0.5193917349304209,-1.143069336091812,0.6095162278195865,0.576225436411649,-0.1854431934037716,0.347804306157781,0.3356498486879654,0.34223737300604595,1.343624088457475,-0.49065945575498954,-0.1409326408704207,0.9599685627872333,-0.03150818077562369
TCGA-69-8453-01A,0.3517994709943525,0.40276947685963677,1.1138995749117724,0.2423448570827654,-0.19324956897827703,1.4188549304115805,0.48839659023346044,1.0506810142409682,0.7933058344917832,0.5732337414479599,1.2201268536959928,-0.2040432029978839,0.24419158849964553,0.35844513681706863,0.6700487717020983
TCGA-55-8205-01A,0.48460143382208754,1.5802626129763997,0.6089097237895456,0.8084345503088602,0.5539473438962409,1.77563158933485,0.528766455176294,1.2179787571636786,0.48242198227542016,-0.044554455739979966,-0.20513269072728135,-0.012474469462277416,0.015280142209413464,1.3215127086904552,1.4720007122048875
TCGA-MP-A4TH-01A,2.193409915747658,0.437978322940525,0.9047207876325836,0.536573266477966,0.1950877508245844,-0.3261395647711934,0.5460968829074873,0.15767525498395693,0.6368864409702509,-0.4885503145970973,0.08700473744477366,-0.05219950070485173,0.9722657402343629,0.4859387503961933,0.3252377420900604
TCGA-MP-A4T8-01A,-1.0907448332802745,-1.3878179368127403,-0.682562886027806,-0.00747099753676476,-0.5736553481413171,-1.3037065718301664,-0.0689576689536484,-0.7187181452098562,-0.768760370625728,0.04681744466448425,-0.9665115700506984,-0.40584813481987264,-0.0379042704948462,-1.0964398038069698,-1.2202341234406062
TCGA-55-A4DF-01A,0.6008147629120614,0.9788553533160317,0.31558835550904213,0.4393808106970669,0.3171278577230575,0.5619592443884488,0.8950504894276987,0.21922725657440753,-0.2296970353792355,-0.6363036237177166,-0.5221261035738411,-0.22328704722751747,0.03474519746807395,0.8165692196627586,0.9784613084705226
TCGA-55-6985-11A,-0.10604524379583571,0.2536307487331276,1.0116111239128507,-0.45221639844460154,0.8435237087341564,0.8155953702967899,0.5901673030121898,0.6238148046572513,0.5911352445158409,1.0217850547208782,1.0059022498797148,0.17602920341401512,0.2816424467585609,0.6309403876149994,0.17279894524499495
TCGA-J2-A4AD-01A,-1.0450340476712103,-1.3652166673194617,-0.591891198633907,-0.8365491546663087,-0.7930526406140257,-1.364662751799048,-0.25174792924758865,-0.6322087828912047,-0.8952319926142983,-0.6291937531460012,-0.3861084932258588,0.07846383763334544,-0.1268996504217647,-1.4895149096983868,-1.3361822133150936
TCGA-55-8513-01A,0.9663740288972521,-0.6684701645148587,0.34953728823248775,-0.18564393508603586,-0.29621635848170064,0.7696513076968877,0.49744243663946225,0.6729400121841737,0.8662095937498863,0.6362478321838708,0.2920945830765815,0.5726985523926931,0.3386685732793117,-0.4235410507689538,0.3551673722628742
TCGA-86-8671-01A,2.1008844321708695,1.7953876681801115,1.829685205580007,1.5333195586780004,0.6483153862386569,1.0886651196027324,0.8508282765033824,0.719002676110015,1.1016045843012288,-0.041569584365385936,0.9132892338276376,0.43500670645077655,0.9479044989784867,1.5336959855546393,1.558096386584389
TCGA-55-7727-01A,0.7282724283347579,-0.061717594730574504,0.287318561450275,0.6892026162348982,-0.400256025809109,-0.41891403828981444,0.04125512413953469,0.19633113168231725,0.38540363891184226,-0.48720417805128163,-0.3316260809716263,0.32817091754253086,0.1633819651548318,-0.36544910250476864,-0.07073209570919885
TCGA-86-7955-01A,-0.8027407737310426,-1.048755411319087,-2.027426186397192,-0.9578944612807806,-0.45403881882094566,-2.5351223036052373,-0.7348202891339933,-1.9554107905953726,-1.9661219635273377,-1.127692895641082,-0.7160461168219996,-1.0833321032177712,-0.6413296453231797,-0.9981085646805098,-1.3310189033305038
TCGA-49-4487-01A,1.974033895138773,1.311306307872451,0.7943777181979008,0.7964719117438475,0.3646140049947403,0.006863643951108944,0.011289150125640754,-0.43317208696451165,0.5517469276755699,-0.5557883399152298,-0.5297232880046471,-0.05312316656582381,0.18849048366553756,1.1529188893793185,0.5766191140730474
TCGA-55-6985-01A,0.5758176218587396,0.6096017045665774,0.30762443316679605,1.04301713867757,1.7056075289717854,0.35883371485411425,0.37097130427418057,0.12401792253350341,-0.10212465282438707,0.14588550747616255,0.552974695647439,-0.1853854064398624,0.07778759711930967,0.8177288106574718,0.710173298098233
TCGA-05-4415-01A,-1.0541030700118643,0.5162365148245056,-1.4087063458010967,-0.8157803107445267,0.12662359294758413,-0.615862457221482,-0.7410903979737995,-0.5124525083510297,-0.8932799196029542,0.1393477917368909,-0.610661239535549,-0.7750080858115684,-0.4856114096959945,0.7085717695462999,-0.3707250515295294
TCGA-69-7764-01A,0.15251337265099751,-0.1531287669390875,0.2166473750452015,-0.08915940065154797,-0.4348178627687596,-1.2895027916613382,-0.4485625724415502,-0.6746498946962122,-0.6375127776170287,-0.9383353047967085,-0.6069849002450943,-0.4300770449920188,0.5685352563038114,-0.08107507790000083,-0.4876197290880168
TCGA-55-A494-01A,-1.4156445848201797,-1.4345930850980695,-2.282251838272913,-0.8821232859947598,-0.9777691224595135,-2.601883783528771,0.23072805688948209,-1.412746514825077,-0.696124700073453,-0.6794563429531829,-1.617190869074954,-0.9711788745549013,-0.12095508498898794,-1.6957228235747375,-0.8789039735843865
TCGA-NJ-A55A-01A,1.4874889544367196,0.25182120116815854,1.0672699991603924,0.40122643822036225,-0.09361845984841738,-0.33614637307362843,0.7383271456126898,-0.2206098808647643,0.7215442854328344,-0.20436050952179213,2.4393877608707215,0.7845943177718275,0.8770933528879316,0.2545873157193296,0.2451174716971859
TCGA-55-8096-01A,0.26888983723851456,-0.5151000550431908,-0.12583098351917724,-0.1375922712745229,-0.5190041769091234,0.5490421284464833,-0.042412547109520714,0.4372005964984536,0.34126326352879577,-0.2371360376532776,-0.07192615353332256,-0.38738244313750875,-0.12089033570280323,-0.48834985112714924,-0.08920015912519098
TCGA-86-8054-01A,-1.0319231039346488,-1.0771092045982855,-0.7162938696597996,-0.6709343576613179,-0.6297664304571571,-1.127608445135593,-0.8976188330932532,-0.707749980501289,-0.9374316330218094,-0.32786624540029496,-0.7872089604708977,-0.51750166196526,-1.1642104794623995,-1.0625574656290862,-1.1264362527202758
TCGA-49-4506-01A,0.2680168378437294,1.2834234284156583,-0.6736868047184948,-0.6933665341814222,0.19643018959100972,-0.45835142114670635,-0.8530698655557674,-0.5647851271990089,-0.5135044199213344,-0.13302717762672886,-1.2933859591495656,-0.7068394834281909,-0.7041755212023265,1.1116781091511114,-0.19641733085008944
TCGA-97-7553-01A,0.7933280371881299,0.7869752687641866,1.0707216631659235,0.231597472073254,0.9350919021450781,1.586686670448205,0.6613964629657872,1.4115907363067877,0.6410857996778138,1.4604052877295832,0.7895097981260629,0.10492029567205571,0.5392086922528695,0.8317521312997284,0.5932452064327284
TCGA-55-7910-01A,0.19440669691165863,-0.7277963332396281,-0.7828719919909235,-0.534889945940952,-0.427151681022954,-1.3520417182444,-0.3712381744089618,-1.1702791601358997,-0.5945011406468209,0.08835025697946221,-0.7838477194409551,-0.6626228602733,-0.0740787997567758,-0.7272569655790283,-0.6335878234441272
TCGA-55-7574-01A,2.127923401150407,0.7564106345959107,1.5424361043315173,0.9553566846013327,0.3325362978590208,0.14088108204439967,-0.11180082079477106,0.4658944107685544,0.9570147851015074,-0.3077866601302509,0.6095343753317292,0.34645791697483264,0.9385946006481154,1.042539591912302,0.5512464786281035
TCGA-97-7554-01A,0.4300242382404452,-0.341038471112905,-0.09944645175072177,-0.1664163500120874,-0.5453451002244847,0.10546671706642019,-0.5153847617786932,0.3407789911757629,0.334984112497358,-0.19840696179354425,-0.32567026790561887,-0.2685026268919986,-0.4545228265660762,-0.43816666121472087,-0.0071233632104413
TCGA-44-5643-01A,0.33394690374561575,0.15157982312496338,0.11942184334860047,0.850672881419527,0.2038237918642457,-0.985848215980684,0.40929859224662213,-0.7773060384283588,-0.5641972533363288,-0.871814844721124,-0.5917240896284857,-0.7003190221028692,0.4038834852068966,0.219457055685375,-0.0272073084721197
TCGA-49-6744-11A,-1.0946489405295101,0.015336009848562482,0.7017900252655487,-1.2624888436337953,0.6346400180950246,0.4286909707166712,-0.40642015896142053,0.5690987171377252,0.4654429671291863,0.5138793494033064,2.6783348104350195,0.01441537843018601,0.4019442591484417,0.07310740205696205,-0.0833712980508989
TCGA-78-7166-01A,-0.05673767609948037,-0.5813006014165096,-1.311546802351046,-0.8109809402965076,-0.2424764740311841,-2.1778175653135325,-0.6134651660840381,-1.9341975475070308,-1.2272026058364935,-0.9277615189915748,-0.8955523556333719,-0.7249107228095356,-0.3455200325756646,-0.17330099005686736,-1.0713236738504959
TCGA-38-4627-01A,-0.35495195103909716,-0.3055063633320196,0.31267325042742,-0.5486928683421576,-0.5185858534812411,1.0967344637425838,-0.4398000767013956,0.5460538516097329,0.10614030987868235,0.12576390535417586,1.1105367309781846,0.015119781619344862,-0.6307706654515354,-0.47537667773161224,0.05639372510707479
TCGA-86-8673-01A,-0.16745511107420988,0.2555652850097189,-0.679241868526333,0.1567494758897401,-0.028348251146075705,-0.24626753275934984,-0.21042860874155592,-0.5555144340863276,-0.7321208395810911,-0.08668621927831675,-1.1041961465857304,-0.6793560645143122,0.45913668747453285,0.38822386247164575,-0.33673380883916565
TCGA-67-3774-01A,0.22517187224820195,-0.019530552657085337,0.7113148837717919,0.07013061980714864,-0.26534215311522574,-0.02995821209776406,0.16647820171700742,0.21376558725452502,-0.1496210449110109,0.3560915397062547,0.436228354859215,0.29427443801753517,0.5034275597032799,0.06413214808084054,-0.03131916993578159
TCGA-49-4512-01A,-0.03459630076379675,-1.4294843608586318,-0.4506706100470265,-0.01888070453505643,-0.8560760250699443,0.055915905398934505,-0.4457976598372941,-0.1866369533039617,0.0581905710570728,-0.4586359085929215,0.13663928096029196,0.04145470275928096,-0.6980540452293468,-1.3922316464224895,-0.48608627901789053
TCGA-91-6829-11A,-0.8643504737578945,-0.4474611341828631,0.23980551348743528,-1.2984166543437505,-0.12202013267812682,1.4507536460043298,0.28255620971459494,1.20454836894759,0.9990733439322483,1.8456578304591973,1.4432576067089078,-0.053679562285253765,-0.2607696424768137,-0.15754753096680277,-0.34506474727590886
TCGA-55-A492-01A,-0.4536469693706874,-0.9609920434806439,-0.9154305611165017,-1.2658882853781543,-0.41511086318791474,-1.5951298563056742,-0.38563438521742205,-0.7103921051185019,-1.033885478857328,-0.7256412918042218,-0.09458345950550705,-0.7099901724650013,-0.3258240299012976,-0.7050900636649825,-1.249187439497697
TCGA-55-6972-01A,-1.210789292938041,-0.965823037040171,-2.0309417864850845,-1.492379175473161,-0.624829418596992,-2.8714353719368204,-0.5908469685651591,-2.0113031673410027,-1.7071297081298542,-1.1622488713275865,-1.634025534660324,-0.5783882462267702,-0.6018311435551914,-0.6500547641642116,-1.9113049788547647
TCGA-86-8279-01A,-0.9719842983643678,-1.4593337507471373,-0.9726885930717202,-0.7962625214929274,-0.7953616333245515,-0.5828164375315702,-0.16084983524613058,-0.6449930038396685,-0.7740152187544256,-0.8365971913803033,-1.0226170967870158,0.9925038572113639,-0.5168934346196934,-1.40456343080463,-0.8753447493499292
TCGA-44-7659-01A,0.43708281414005645,-0.7042980802485512,-0.3784839615182033,-0.355122485435192,-0.43186825652022115,-0.7589589173685244,-0.08170014334156996,-0.14609060148703792,0.42103835061958306,-0.7694349596182243,0.24910738943405206,0.8558849788370242,0.6295865426113973,-0.48173502321267475,-0.6997958103880841
TCGA-05-4244-01A,-1.0214645992201876,-0.7127753403311392,-0.5491752757049547,0.05158449129987491,-0.6450015588232317,0.15440873128178262,0.023865432420130204,0.18891423735061338,0.5664922489040013,0.06631137757784075,-0.5270665011822405,0.757647792583188,0.38025186697236074,-0.15514316346894552,-0.24521179155208164
TCGA-91-6829-01A,-0.913780391049021,-0.48647330052119664,-0.4052026752348542,-0.8148590321911734,-0.3128668750977053,0.45150950094050746,-0.4430233838143636,0.03403698366402726,-0.7375505003844767,-0.20262376586664077,0.8261911742784087,0.028389567707973674,-0.9398408059709072,-0.5264540374976855,-0.5296983243791863
TCGA-97-7552-01A,1.9267023884912873,1.6924525151275702,1.235799487349634,0.6257427079936125,0.8949670313763742,0.6119638007442951,0.08360277084270205,-0.12066375057588845,0.3472209656193548,0.051239564668672063,0.4928697463854386,-0.041530983187558726,0.5532873413458418,1.684931247948381,0.70960753248261
TCGA-67-6217-01A,0.5717725022819116,0.228434387181093,0.39428484040093903,0.5654133495978519,-0.4274458259340454,-0.19142290862583036,-0.5018773966178555,0.012645702478020984,0.4175032204299266,-0.19176500871198446,0.07468409587627153,-0.1289998803473274,0.34761376255381826,0.0695462671521491,0.1164731619749536
TCGA-55-7911-01A,0.28155656209239105,1.165074584396304,0.3134275022182083,0.7129556068589382,0.528173488426854,0.26467054651058036,0.571725915944448,0.3644569553945028,0.10382604547452387,-0.19689381295858022,-0.44488555597056867,0.8456594043353973,0.6200697434492319,1.4070790009700747,1.2340216015646914
TCGA-L9-A50W-01A,-0.5106604852443316,-0.5288364331168189,-0.17947431632132912,-0.162200471179084,-0.7357088274305126,-0.7853085278402197,0.00858069198072752,-0.6556288287738411,-0.15448812517825614,-0.20351894621578906,1.0956454428535778,0.24986165022437415,0.16483043422815372,-0.5409579190105063,-0.5069855028831712
TCGA-49-6742-11A,-0.7933264155087871,-1.066976825337551,-0.4223866925493769,-1.4249747995434012,-0.5612278552221562,0.8012785915502273,-0.16998736211969584,0.8778620087032756,0.07914378265591382,0.16851426452659507,0.22434258555881295,-0.17344631251733492,-0.2352108196530185,-0.8932773351987298,-0.8097136169614314
TCGA-62-8398-01A,-0.6162195634767749,-0.2822392910639998,-0.15247879417469679,0.3887497997973492,-0.32469357831107354,0.09302803169005047,-0.4657372355493457,-0.28804691653363035,-0.14947290434955926,-0.00031567807061201803,-0.7691530530042515,-0.07157363405124836,0.1852911336985307,-0.22204467240946626,0.13860532350979582
TCGA-75-6205-01A,0.6502607940243514,0.8822220732197439,1.122294394455219,1.5231689109602522,0.18500468502245532,1.9599622988617267,0.2033126369664338,0.9949594266312968,1.1482612848999465,0.23222809895659235,1.1602214845215684,1.0304860665885784,0.08612991015434655,0.8324679105198102,1.291104678743614
TCGA-91-6835-11A,-0.23262048896477944,0.03128593338118629,-0.027819023441676128,-0.7856144363668593,-0.16973464451262643,0.14624147326690828,0.04225859846969076,0.3831751092874663,0.23502952955184608,-0.04401889159087786,1.6880258350793713,0.31706098484023776,-0.022037687707258422,-0.019607918890083287,-0.4459037477191949
TCGA-55-8089-01A,0.944900143490433,2.2139524524895102,0.7926983231732481,1.1040672719094644,5.012286368359749,1.4121751278936967,0.1519929465967677,0.902637325229865,0.3909699634891431,-0.020323052062002227,-0.39657244651384027,0.27278601760643884,0.7487470086063436,2.586587638934503,1.7373252621489577
TCGA-44-6777-01A,0.3941694846804825,-0.24524997552320962,0.5824792354213543,0.6770787341965478,-0.34664200337508055,1.8129127056851038,-0.03480388115613599,1.0925107965683256,1.2912621306652539,0.6036273956795932,0.2676543496654167,0.12632525247894247,-0.4004705269341989,-0.3186722721315955,0.4387458821805347
TCGA-75-6203-01A,-0.5222567901812954,0.25007511665831533,0.8539389525790494,-0.3909549941192521,0.44757760276665315,1.1935343620820988,0.18453343632698085,1.0308932820777332,0.4163163628154773,0.5522839307308339,0.05029132437389125,0.3789567789932474,0.17381512490786802,0.5592031646416544,0.009929387852420977
TCGA-83-5908-01A,-0.035701705286368825,2.230900447175343,0.4672380778244293,1.2521505304082197,2.0684157619168246,0.37887000016660183,0.5077041683869691,0.33213695820539363,0.117217582121424,-0.4146286519257303,-0.14479218169201924,-0.18442194072679674,0.8807384850535404,2.347715923133722,2.0593147152819027
TCGA-38-4626-01A,-1.0736297788795472,-0.325569741862759,0.07170958418067067,-0.1974535811351685,0.21608628396679883,1.2028839890277958,0.07263556717461837,1.7129202802887409,0.4567536768067836,1.7667556262996054,0.8832120034756406,0.25452564802965744,-0.16172971518572957,-0.15930498254795702,0.18416407825243833
TCGA-44-2666-01A,-0.3105468244491084,-0.7717886595516219,-0.9032025367536264,-0.8369098683702444,-0.48721366125383625,-1.0718739556795722,0.09728911531180429,-0.23612972639749516,-0.3385611948216659,-0.20538575786091323,2.4857254003873703,1.4213054433862742,-0.048650893474373284,-0.6895752341818018,-0.8525994571893963
TCGA-64-1678-01A,-0.2389855402631491,-0.8132255604246608,-1.7659665252444554,-0.8737856159254239,1.6307316122535116,-2.2817062755352597,-1.0326020298828484,-1.5259106275254908,-1.1719696330521805,-1.0724540206331707,-1.5118183252100732,-0.8409181841070559,-1.6754407885453386,-0.7275699056868458,-1.3645448298515175
TCGA-55-6984-01A,0.5773737657409878,-1.0121136580683594,-0.6256342497716072,-0.5880076616581004,-0.5992336044525671,-1.135704263523728,-0.008474572443774633,-1.1737652035408124,-0.8880446886035054,0.21144897122029446,-0.6845864574405346,-0.835521453458411,-0.42373534966499177,-0.9442299371866493,-1.1302871778721952
TCGA-55-7570-01A,-0.4403850017500914,-0.14618016037434234,-1.2177461328542698,-0.42022239412927515,-0.49391465084551345,-1.1996930185003638,-0.11713963478199307,-0.6445792668216893,-1.5059295614990142,-0.9037266042102622,-0.5747072927967399,-0.6588519350970967,-1.5868346476499682,-0.5936379970654299,-0.3403200785872248
TCGA-55-6543-01A,-0.5529680262195678,-0.8406184041120803,-0.4965873172943972,-0.5404007475899048,-0.642829523923574,0.8034255859935641,-0.4096443324245112,0.4161262789218669,-0.21188080066782453,0.6588192589344987,0.24477587148358623,-0.08633472047584675,-0.5190881988114414,-0.7907245356964829,-0.3151516200700982
TCGA-44-2665-11A,-0.8813583177481596,-0.4045741595789186,0.3148518534257859,-0.8498815992561157,-0.12527395545085268,0.9294803422508889,-0.5867527159709927,0.6997736662141,0.33363587733014083,1.7206315997122457,0.8847997441162448,-0.19602144789485348,-0.26331743768027704,-0.34558520271590837,-0.4017894413739407
TCGA-93-7347-01A,0.6589478976993141,1.048303909890815,1.5244091588449067,1.1790306239202153,0.3128855717299596,0.5095812189428056,0.36498054316850687,0.3932271708129221,1.1438416045449014,0.43178780428021196,0.5893281190537761,1.3323371137033146,0.38207189125568547,0.6435024333331653,0.7388952678442311
TCGA-MP-A4TI-01A,0.5636305013253158,1.6438484462112544,1.1141776270829093,1.8581213031642039,1.1589454384686975,1.3800613283001215,1.2498655446827824,1.22096190456338,1.5831748216880046,0.08455269150859365,0.676658326942731,0.36744635788245883,0.6753223750992462,1.7972798087963402,1.6873107893239716
TCGA-91-A4BC-01A,0.9139704389253662,2.906014473189778,0.5078712823495681,0.821761120616313,0.8924265099401835,0.4850400728670318,-0.5162849419238116,0.21706864031462755,-0.17935569577557728,-0.17065746469684137,-0.23151086415981817,0.13311554191681238,0.39270361109097696,2.6400536891795237,0.9524062956135797
TCGA-97-A4M0-01A,0.0170863018958195,0.35842497075427054,0.4068468561060478,0.8834964854662474,0.08327784699972568,0.13762466070469626,0.6090144238300682,-0.07601463502028415,1.2405965081657422,0.04706452910290093,0.2628307666075497,0.3983656601967706,0.7765700625429753,0.27240096950278553,0.2198874928822935
TCGA-67-6215-01A,-1.0337666610504344,-1.152025414350942,-0.9754032261027629,-0.763336682715522,-0.7342464554970833,-0.0787855452112381,-0.3024660954284008,0.24018457543375296,-0.28703476653623367,0.032242376304017654,-0.1089546270507847,0.21650597879130712,0.019810037319709355,-1.0474900662627749,-0.9741182469740672
TCGA-78-7220-01A,-1.2160837252394925,-0.009899853179284386,-1.1420135571007093,-0.818143390169935,-0.4163563999970191,-1.251836340627776,-0.42401152379152035,-0.8403512495881281,-1.0850570434081312,-0.6327718607169901,-0.47459730162412855,-0.32068069363926055,-0.509446452988179,-0.2698080604310234,-0.7645722549907888
TCGA-05-5715-01A,-0.5835964880839177,-1.0170888009944663,-0.5466523770482372,-0.8379362595970218,-0.7070946868688762,0.23118608947702332,-0.5729311861975349,0.21320525067575694,-0.3121473666399903,-0.1781250275266081,0.47141002383304254,-0.1320595358988948,-0.6353845203377552,-1.2100851227077152,-0.63919470621986
TCGA-4B-A93V-01A,0.19877847745242105,0.07213983295785253,-0.9152370261715076,-0.46212674284619304,0.3516846765364597,-0.7189421965066914,-0.984302686708056,-1.0041194632443102,-0.789467693117718,-1.0456469733576024,-1.4691942538546006,-0.1739562890600182,-0.6112080370039311,0.3600732482615765,0.03381132167555615
TCGA-78-7167-01A,-0.8448343412312914,-1.1219341384276904,-0.7837133351340528,-1.052796917248389,-0.6867712270346924,-1.8387695182077364,-0.796667140854803,-1.129500970667065,-1.1076863473958138,-0.8757577137860739,-0.4537324343582479,-0.07280229245855978,-0.26198723136527263,-0.9726245996197663,-1.5371876559847548
TCGA-75-7030-01A,1.0315441884979266,-0.29211383699509225,0.8889792827531258,0.12691360580361183,-0.3890735548809341,-0.4430767686099408,-0.3630098372146703,-0.34495020338891147,0.47237900605540994,-0.08570105116718008,0.4693144429865554,-0.3374612809155321,0.08337074468650911,-0.41460935012387157,-0.04377935061151476
TCGA-50-5936-01A,-0.12547373196253972,-0.7790102396438965,-0.07218037082323177,0.29093716430382405,-0.5968775266736981,0.4028498332403118,-0.22610454154266726,0.26027662350930475,-0.42886553157625457,0.014067028176025256,-0.47711598879604394,-0.36361176886712154,-0.04990982762330375,-0.9929813006803977,-0.33611942757258606
TCGA-44-5645-11A,-0.42510363752368346,0.45990565468422534,1.1644601481389059,-1.1450725863405273,0.8118503048184612,0.8133431053047069,0.36967639926174145,0.704860424919729,0.3129327354530788,1.228556840980374,1.087758816126756,-0.07243536682146345,0.7174453441295928,0.9600474729294802,-0.3408820021042939
TCGA-55-6984-11A,-1.0120146987048826,-0.1824640933540131,0.43771342618161013,-1.1270315175137355,-0.16147091282643025,0.58416336085012,0.6904004132262781,0.9391083631676486,0.13417224341458217,0.2931199737815028,1.190002967576714,-0.08688062284467726,0.10131179011967423,-0.12201936276642077,-0.4255730549123725
TCGA-62-A46O-01A,-0.8787429041409869,-1.2793041159093939,-2.4148512521190675,-1.1183763594893261,-0.519498667851759,-2.2991182094074913,-0.5009089973549204,-1.5722751529054206,-1.6963110222621363,-1.063518892781165,-1.3200898889970725,-0.7018938011224783,-0.15164492161981247,-1.2058657142704576,-1.5833467938904597
TCGA-55-A493-01A,0.8642030658672812,1.1689952115987001,0.3529952034029436,0.9110504363624754,0.5135672746323827,0.27082765035254214,0.6593185495180484,0.29778111378421074,0.799115888892244,-0.5571427492089872,-0.5345894736249672,-0.42904905581966385,0.21949006008205577,1.3425528712698755,1.1004279961775465
TCGA-78-7542-01A,-0.7332772518306439,-0.26181579481288636,-1.4056863406668965,-0.01766126894031404,-0.09601418899716008,-1.3091730617113373,-0.2540064626435904,-0.8438738380817469,-0.667832906243383,-0.9048123552160933,-1.1094490593679978,0.17666017628027397,-0.8981639706834406,-0.11867529439309314,0.8514609470205481
TCGA-55-7815-01A,-0.19293721197535132,-0.26784682187846454,0.7147463045188808,-0.007434400750997476,-0.6577045931055836,-0.10757634114074026,-0.5721313045383064,0.1514500696668128,-0.024567739661977554,-0.3527566150220796,-0.8197236127396487,-0.08903124982487536,-0.1493766360064567,-0.6171189178250938,-0.20237488508977997
TCGA-97-7938-01A,-0.15192402679781028,-0.5673601804547965,-0.3170260099223692,-0.24873908111108425,-0.4348113730161088,-0.7089712982394953,-0.24742549723129742,-0.1301626450761298,0.16073726623014403,-0.19692303389844143,0.806904019792477,0.15960681761012266,0.3775637072826273,-0.7087910644670978,-0.4753748719402106
TCGA-69-7973-01A,-0.02714453996266437,-0.18624641721336446,-0.428932606866261,0.39230422700406287,0.6973380778189475,-0.7635719130584965,-0.1712079326263781,-0.5072342747079158,-0.16570078445374392,0.11665052839161393,0.039045815848137176,-0.4925821247076049,-0.3301645331838632,-0.5805050332345824,-0.6606087388039628
TCGA-55-8505-01A,-0.322447716793091,-1.2432916659223903,-1.0927485932637784,-1.1166871357161385,-0.741902912249083,-0.69338260496069,0.20082135340682575,-0.5161403348985295,-0.958840356264039,-0.23538526537388352,-0.11625696722086737,-0.3726197947202216,-0.5931236674296285,-1.1710120217943076,-1.1660101398462697
TCGA-62-A472-01A,-0.23823646401702483,0.4612573027938793,-0.35993444534613434,0.3451130397097007,-0.012174913487964956,-0.1302046688378865,0.32680338534300724,-0.027123360050924087,0.45659229343211205,-0.5973486278036103,0.6972320758715215,0.32536709288167726,0.45654979305609067,0.3626070348769476,0.23575377668625308
TCGA-44-A4SS-01A,0.09662685167735534,1.028506731717048,0.4954113717583336,0.7658011396512147,1.775685800118609,0.6366148475722454,0.27530482338474715,0.2706044943748357,0.12691859806277986,-0.33994288323828664,-0.29797749730933676,0.6027178847595298,0.5725522530305819,1.082215768340864,0.8191387111292957
TCGA-55-8087-01A,-0.9739757819344522,-1.3551010662878782,0.18395701838448827,-0.7666415980613271,-0.9168342455170776,-0.44494937615492347,-0.684449995152083,-0.0931859690241056,-0.22686298635754928,-0.2957701559999545,0.693474837572829,-0.4290402847452059,-0.22728183420623546,-1.5380988304624836,-0.9413660445818426
TCGA-86-A4JF-01A,-0.015578588769741247,0.2608140533448884,-0.8011265767386073,0.12821362069915898,-0.0575515037255392,-0.011831618511514505,-0.04952029710280461,0.1664731653397423,0.09160084127116985,-0.049952637963103376,0.08572745704296349,-0.17765107719304307,0.5080395560731185,0.9460856271721797,0.35020765238468565
TCGA-86-6562-01A,-0.47645247391344664,-0.9561988609359853,0.09260525398569905,-0.3415280562389243,-0.5132920650816296,0.122398491623301,-0.07923090833303166,0.14470005670068117,-0.28163974017958726,0.2317864456565033,0.4703191054897695,0.10007821145786881,-0.10764699493493561,-0.8955641075250365,-0.708419938383433
TCGA-05-4432-01A,0.7829097569833745,0.28739279180503186,0.05871014667525189,0.1092541420329292,-0.09468662656244747,0.2503518572293413,-0.08747064854909188,-0.022466193630592053,-0.7219705834198404,0.36915453838243195,-0.5547371694456755,-0.39479526800775433,-0.10939810608555911,0.16062500278629324,0.1782919402099332
TCGA-69-8254-01A,0.7470731988509443,-0.1938325042734534,-0.031329479277180126,0.29111617560608066,-0.1816695600127321,-0.1125882814346962,-0.023582064871996607,-0.22429908162421755,0.1795443399550793,-0.25295141951632555,0.10401416603566165,-0.3342002302874296,0.4698346675457091,-0.16088499188308805,0.15893339916897709
TCGA-64-1676-01A,-0.1612130280393508,0.41125193089920076,-0.6509101796083472,0.1695515881448013,0.26115921643692225,1.0335596289320834,-0.30550365040615696,0.22473351149582413,0.42011928737832854,-0.30369626692117985,-0.6414737655759666,0.17806895750311305,-0.23865477416895234,0.34978721800456386,0.21554068600122256
TCGA-62-A470-01A,-0.9194676222107738,-1.1456622840855126,-0.9949029035043729,-0.8700188130601946,-0.73313328587023,-0.22025511801276218,-0.24302019412818782,0.1543317512378171,-0.7510396308065942,-0.48277743224088787,-0.4966843689926053,-0.21411699017608687,-0.24193928510061816,-1.2150096791860279,-0.9020567090685778
TCGA-55-8616-01A,0.7399251301562104,-0.7488212361612397,-0.19252558631538097,-0.35973423804039745,-0.6883419630469562,-1.0512157965005042,-0.30478139824209804,-0.42378883662757516,-0.04795394898655187,-0.4800919262652716,0.07311025212224269,-0.31141282526222325,0.043619613710893006,-1.1317705174594113,-0.7108283534126595
TCGA-93-7348-01A,0.9373825953476235,-0.5758878315524867,0.011274340108134651,0.6069476375205051,-0.6452694466766871,-1.0062920253314618,0.3405835457149188,-0.4763042516277018,-0.08896458564680043,-0.18718425777036662,0.3380867018292561,-0.5576526614315038,0.17187022963185597,-0.5444347292007115,0.018748145800552046
TCGA-78-7148-01A,-0.8061576811099231,0.05268310552009575,-0.6484581032883536,-0.32140720793199273,-0.044656214617435644,-0.6284594579842021,-0.24386977097539722,-0.713050531364744,-0.9446559229548452,-0.7823299573599323,-0.9036211717007786,-0.6583229071890047,-0.10398972820675177,0.03894311751328424,-0.7076742673201737
TCGA-44-2657-01A,2.679213737626649,1.6353443332141198,1.3284268911755188,0.6270844748148453,0.6721687393693728,0.5114525622584842,0.35459625203867395,0.5935207604995096,0.6329075559647925,-0.2931427726893953,1.9891550655398984,0.1021997766374213,0.9620521133845004,1.2034519478942811,0.8890530641874634
TCGA-62-A46S-01A,-0.19003922499922865,-0.46710669882263267,-0.3688400668288395,-0.20441895577732053,0.3086972189606275,-0.39554658558726624,0.3744772786914848,-0.26759682389896544,-0.1477128926017341,-0.38791745150335794,-0.49027045811280945,-0.09845486660851478,0.3184701431364421,-0.21463556387762212,-0.5265638348715078
TCGA-49-AAR2-01A,0.7558578783944616,-0.3928245662930211,-0.6330743932996994,-0.47799481517565084,-0.35208209808398333,-0.7295343305263308,-0.7391562177130654,-1.1994781621992563,-0.8413702081716974,-0.16234464072979898,-1.230072423619043,-0.046815567933374526,-0.41608444164819974,-0.37630382407940327,-0.41730813293045105
TCGA-97-7937-01A,-0.8379788576924113,-1.0736303777467435,-1.5089649267050094,-0.8171095059591164,-0.8896842464689882,-0.39005848417874844,-0.332730972180627,-0.5697390335510032,-0.8229086439918645,-0.6283065318497553,-0.10805880575157595,-0.04402394014183074,-0.1652529899220617,-0.9273455166409376,-1.1726820735867431
TCGA-78-7147-01A,-0.968981445002712,-0.14208332533088386,-0.4154124015818964,-0.29246546083350095,-0.6097675993083614,-0.6054686537572904,0.10119978667865841,-0.8598414820669283,-0.7169031069139616,-0.9588396166081147,0.08997327874500523,0.268494213076137,0.15302805459709595,-0.3438473800917109,-0.03279081530396603
TCGA-55-6712-01A,0.46659509068036675,1.2629064229714304,0.6209165037869618,0.8824598258395039,0.1563094206753967,0.32031082618619794,0.1597045978747076,0.10524006271200699,0.4234736006423493,-0.6712620875594931,0.9516753789228299,0.17639635320828342,0.18640229161156,0.7477545203934891,1.0503058092442283
TCGA-J2-A4AE-01A,0.7208337275521212,-0.15335490688724246,0.5403012057233918,0.3756394606550324,-0.3897211516388782,-0.4394037131093725,0.5457521863826081,0.10157237354390168,0.4281272293676533,-0.5235656878408728,0.9401436812341016,0.39596721827062326,0.3492045350424117,-0.17820340743522375,0.20245928402893723
TCGA-44-A47G-01A,1.3684911446883625,0.8108032700719305,1.048766040981257,1.0936517461343396,0.31661951673753974,0.6480311013050474,0.4708011144095173,0.5818833769390147,1.1839358525764283,-0.12361534157102423,0.8431401120927339,0.4762005728798133,0.638621583941971,0.8987180559363664,0.9439525017584488
TCGA-49-4488-01A,0.23696298667483,0.37769636148129576,-0.1562901341733994,-0.0018118448456446539,0.016123557873162258,-0.6544518635385549,-0.2543764649685853,-0.5549526405856152,0.9706341374314975,-0.6289894367864106,-0.3337514404406871,0.018825525158081113,-0.37959222478250815,0.08458593487746544,-0.2556097056435891
TCGA-86-8280-01A,0.7734617028216324,0.3597442466515689,1.1379244070988626,0.9289426529881893,-0.40631396227166866,0.19645252334734342,0.10763143391752192,0.08273357465208976,0.5844703406912429,-0.27976734052924906,1.020668543050252,-0.09417399828962751,0.19897559236151782,0.20564580185365613,0.5883155099788477
TCGA-MP-A4TC-01A,-0.4839959076872681,0.38703846219719745,0.04004910241640749,0.4630465738269475,0.034776543856704395,0.4062444427596323,-0.2149944554131131,0.08137037188351283,0.086116163942237,-0.32312758387446794,-0.06019590248938026,0.4014805447634882,-0.1677919064370034,0.5291685646578072,0.7628485458603903
TCGA-44-3396-01A,0.844541195227723,0.6832034602930905,0.8427308537925929,1.002323663283018,-0.15937732370566993,0.7684938158443133,0.987843816718833,0.7733517403959654,0.5576161562424619,1.5629543888961517,0.2733806170602414,0.6828001602701981,-0.26563529492297216,0.4796113611427036,0.7866572015827002
TCGA-95-A4VN-01A,0.1673370082273414,1.3056842134572635,0.2761901674406666,1.115811505732707,1.2096446146294841,0.6159847446743788,0.304898592902516,0.3134512962504807,0.9293610130837662,0.3174017941530099,0.6420097699110509,0.4787069900896199,0.5930372546319912,1.3681937387207737,1.1892597400503073
TCGA-91-6828-11A,-1.2461932445310075,-0.1384884342897843,0.28464151567209933,-1.1468248827123826,0.3399102621417523,0.3819382822921163,0.40920359579973287,0.7439886050102843,-0.0422949766030803,1.9815469567745527,0.17334144423082343,-0.2892105400760081,0.34777406888675527,0.3869899600875857,-0.2230694103548572
TCGA-93-8067-01A,-0.6223333401712976,-0.5451743658194175,-1.1501008728029334,0.06321399041918155,-0.03462874859503649,-0.8076928046886609,-0.5060819481974883,-0.5641433035259483,-0.9451978586060514,-0.7396340068374115,-0.6223783436078822,-0.5529266707164819,0.1501383907600897,-0.07072925805306965,-0.6969533089907967
TCGA-S2-AA1A-01A,2.273986195739,0.38607229103930485,1.2471929923794562,0.5231338087133436,0.02267584755514724,-0.16526618121407566,-0.03253341248005391,-0.4380521834883088,0.9723705398324819,-0.3803308330192709,1.133637771685991,-0.23318599058800382,0.2618911357792714,0.4085765472648037,0.49525336914825324
TCGA-50-5936-11A,-0.8176721045918749,0.40195348844391016,0.8323523196492248,-1.1816016378866616,1.3483113387640924,0.7934656559000931,0.16747390210974103,0.5909767733212402,0.26895863159223454,1.026626229988405,0.11637173587740912,-0.07462217983935313,0.5056883791238772,0.619721469758025,-0.05841454912844711
TCGA-86-8075-01A,-0.013306755538964796,-1.0137567889997152,-0.3731437604780871,0.6217478278057361,-0.5929662178269796,0.5074386195745039,0.23459529744032157,0.22284943564701556,-0.1112471896652095,-0.14747075740589796,-0.08614759109546245,-0.3387458631113122,-0.2602536549087932,-0.8786854109950486,0.2144904332742025
TCGA-49-6745-01A,-0.6765248951477162,0.5823066199345677,0.33316029809511666,0.7856732153905925,0.17411692440455073,0.6782136675438375,0.24476624880063522,0.34226802121822136,0.6113201450294538,0.19002246423823024,0.1649356619719015,-0.04061464816011919,0.5159398786425551,0.293125708881315,0.763865576284327
TCGA-69-7978-01A,0.5933722032393666,1.3388825844488585,0.9510089333782317,1.4098865507286444,0.8272457237149768,1.3631300530653954,0.5418947232402181,0.8713945190728715,0.8723960763253423,-0.07457899838468278,0.33923419884818157,0.5065619565637812,0.4029825753234815,1.1041156080538375,1.7874359737952785
TCGA-44-3398-01A,0.35512478272525605,0.15168709799155022,0.230568062023805,0.409575198710092,-0.03811405509481098,0.6825821559876085,0.2745319921416917,0.8848347151990553,0.8435347663716577,0.6990945164414146,0.505427529571024,0.6274358047543276,-0.5571945720318029,1.0022838578600282,0.26465092528046175
TCGA-44-2657-11A,2.9143182327051713,1.0129782340720324,1.7547796794924237,0.31659398705524894,0.2869689655466835,0.903614396933194,0.6367695200611421,0.9014101720410908,1.3623501945460077,2.04941072463141,2.2786844999948745,0.11129654965230854,0.8269040543393924,0.6887945448156365,1.0907517019098252
TCGA-86-8668-01A,0.772930129060709,-0.5520793767745638,0.35037924484781824,0.329053901843214,-0.6181152017148813,-0.08171985712467623,-0.115231875413134,0.08802371235445029,0.12471704177058908,-0.5864294608844087,0.3031100098665047,0.22625236440706004,0.17881766951218472,-0.5042115730051231,-0.19084468639882393
TCGA-49-4510-01A,-0.4254815587556518,-0.6600280159783017,-0.36491078410740685,-0.8255074585846721,0.037968700045529845,-0.7716555812503554,-0.428917150322754,-0.4741319459765377,-0.5784000302494083,-0.19559539409326485,-0.6236371948124813,0.07084094383970925,-0.2542991695833594,-0.5961515723717087,-0.9749937264084776
TCGA-55-8299-01A,0.4925129123288216,1.938361138112961,0.4915941790190879,0.7542116822013494,2.0816936949346734,0.9445832204914185,0.5382534492273828,0.29308847418729644,0.2106470807822654,1.0898713283909949,1.149650335927312,0.19524105472971726,0.558862218603403,2.2672064009436066,1.096464967901718
TCGA-50-5930-01A,0.9897008371505649,0.2683120883087912,-0.15796702545420377,-0.42962273964398995,-0.025227932005021728,-0.10271016056250948,-0.507917591894783,-0.3323569673899674,-0.5221318169053172,-0.3364196795569518,-0.9209394573897516,0.33110306515296173,-0.1195767555380741,0.18820386174032114,-0.10446148878274975
TCGA-78-7535-01A,-1.2115309701508603,-1.048582037995586,-1.173689733696971,-0.8822329851902412,-0.591254913431404,0.4598198194570473,-0.11673968975795442,-1.0582009622162496,-0.29371591598818764,-0.34554195374956803,-1.1070983353350965,0.4885672335911481,-0.7098347553136466,-0.6352770175736964,-1.0264006907260894
TCGA-MP-A4TK-01A,1.127611238243649,-0.24215990994214442,0.5728186126977618,0.6666050451264484,-0.24566913999883255,0.45127315826775777,0.3003198866954464,0.4738315391365682,0.838166316972612,-0.32219613168248473,-0.747810783875325,0.3685307621099156,0.39384891997464405,-0.26482482033773164,0.37786705851537206
TCGA-62-A46V-01A,-1.2782466889252622,-1.6197180365417432,-0.8623932119612816,-0.1210763743379412,-0.9749596019872244,-0.5174047121457005,-0.05611616562582662,-0.23163542572814433,-0.21560547959776435,-0.6920550850229448,0.3379485275508236,0.07920793092869124,-0.1923169976360614,-1.5394344708141843,-1.0952561403734749
TCGA-93-A4JP-01A,-0.9083383637760007,-0.7882983036828066,0.1701307350287026,-0.4580040265372313,-0.30846282545081993,0.44400520256251835,0.47512037083960257,0.5543302797510173,0.02878921097397726,0.21671265925281505,1.0141993338030864,0.11463937177923185,0.2665811483584502,-0.6648507428154756,0.2213076516837084
TCGA-49-6743-01A,0.08323261104509513,-0.06551992313967192,-0.22521251587334032,-0.035987081779691045,0.3890141578934053,0.2237036650588232,0.5959827416562399,-0.09223227499005494,-0.45331343224760223,0.3443638531749979,-0.3522522704070516,0.23261570061589332,-0.20516197613738452,-0.024060866303290622,0.009748220491092105
TCGA-99-8028-01A,1.323471201278932,1.837365060636699,1.2812857019149644,1.177333940363757,0.8305802893469245,1.2218628409319516,0.7933305923576263,0.530386760672315,0.8238693558358404,-0.20480406244725133,-0.49332247026531945,0.030597630804223463,0.5694062350423228,1.707769040580805,1.6091468077673519
TCGA-50-5941-01A,0.9663704415931228,1.1882547762941431,0.9802266074679643,1.1473100254967972,0.8635189026204231,1.0814154784999823,0.17063534608948522,0.36149634282799775,0.3809508414829728,0.3587506031469073,0.6385103698745594,0.6563136725112328,0.17401362961753344,0.6775353684045774,1.2094721443794176
TCGA-55-6987-01A,1.9255055974162278,2.03844907984704,0.7886459223346408,0.6223204397716247,2.849468733540473,1.088075020612787,0.48015376210088156,0.7573241245442782,0.24770461403598662,0.5739198725338704,0.21998081078423293,0.08139614378964129,0.23910144152016624,2.248354688402986,1.2167036179089958
TCGA-86-A4P7-01A,1.1618365759997893,0.47638041126188857,0.44475637708284177,0.36212079542554204,0.3243120355776308,0.2981261605633052,0.6949932288291208,1.0691249651692238,0.47551095165757346,-0.09973406286167154,1.046933131921438,0.36360572752652087,0.6422688058655882,0.6809769172477259,0.5385834222997866
TCGA-78-7146-01A,-1.299659796207716,-0.41060017080559125,-0.906647297922001,0.018650369225773122,-0.3871561012509111,-0.34361444294436144,-0.24278114333383258,-0.5701640259258609,-0.5888492989044388,-0.7861798668976933,-0.6342463180210176,-0.48172414112211853,-0.09718525785552319,-0.6342564220397175,-0.0004671887025737842
TCGA-86-7711-01A,-0.4935919582804127,-0.03749522738589342,-0.3919667348690751,-0.5409568896273537,0.09507529391817254,0.9040293367837018,0.397346490702104,0.1165348684860237,-0.7673122858982959,2.142226086049657,-0.4141898688055672,0.10333342433883966,-0.7173679475149252,-0.17602205375131091,-0.20643684942454302
TCGA-97-A4M6-01A,0.9977376002432141,0.1188674987599714,1.0587767887768775,0.6284413176286047,-0.25173998580599755,0.12688455913783436,0.5277449175104272,0.0360815799269425,0.9834724592089906,0.34007007352174934,0.27855537835843336,0.11026738024834315,1.2231181797827164,-0.0019299593070162546,0.7983314572171044
TCGA-05-4418-01A,0.9571208242202692,0.5353573196950114,0.15685961770982088,0.19730100540418816,0.0892185147575108,0.273294491007424,-0.15687007630915858,-0.09747677335932105,-0.5271887314252115,-0.16230731105835325,-0.685523085548687,-0.08715160256982968,-0.1779609340224809,0.3384620833609468,0.31221569297411206
TCGA-44-2665-01B,-0.5009670169249036,-1.0622468470386024,0.024522826010709587,1.5130756605621862,-0.4109501643514679,-0.626874866678716,-0.5399074486287787,0.41574108676330124,0.5493444454457241,-0.000850485895991983,-0.13874867474374025,0.42716447525709034,0.17341829474898943,-0.8539866654815604,0.4780202290522013
TCGA-MP-A4T4-01A,0.7713374855683905,1.4275111504942501,0.5242169735216489,1.4809850262520798,0.9096651223068412,0.8049670520048732,0.07231744668516428,0.402499266718175,0.6611923778553,-0.2730750753234092,0.33607554163725234,-0.028246971771020268,0.9552493636719287,1.5766050986795246,1.365849389009571
TCGA-91-6847-01A,-1.3505912650424818,-0.884432915769218,-1.7425952349975045,-1.0206839914938568,-0.1946910045573638,-2.7231289622668675,-0.6811759949046569,-1.6833456218047043,-1.4199514233299904,-1.282030244690316,-1.3375059543760504,-0.7148350269843142,-0.9858500813680721,-0.5600005862917009,-0.8802239767864762
TCGA-55-A4DG-01A,1.2397684529697508,-0.10692400012706532,0.1824060228590491,0.2289531964089265,-0.3288396796464407,-0.5377066453038264,0.024603104827333553,-0.028039947365395262,0.2840958030576772,-0.47263401403521266,0.4635718432221907,0.7775678381687441,0.4136275102821365,-0.3052018099201241,-0.33117450038965124
TCGA-86-8055-01A,-0.03131632775472151,-0.6274067723884654,-0.1408010281361779,0.6908937307516528,-0.5597951602360026,0.4418144654719025,0.05279823301867103,0.30206969628895664,0.0643294246644458,-0.08770552896238734,-0.2969104637794644,-0.33444160444698495,-0.33227781202121376,-0.7548995186564719,0.031203563972176038
TCGA-53-7813-01A,0.6296033770638704,0.4553801122046866,-0.8367158763012206,-0.48216447801624324,-0.33820946168695376,-2.136988197878308,-0.2452851062049258,-1.8966820319953324,-1.06783898764991,-0.6960306380779332,-1.0864807020071134,-0.7066693538188282,-0.2962926520623517,0.2579908064321249,-0.38022954661118746
TCGA-95-7567-01A,0.10853812717344229,0.16449919196104748,-0.2964999186363074,0.7855121397360382,-0.2103562704382131,-0.007475866876294424,-0.5561034674722728,-0.201583921778384,-0.46071965550800653,-0.9909620210275272,-1.1413661081000963,-0.24023852408696503,-0.2779588347365301,0.013048210076942854,0.07727594361619772
TCGA-35-3615-01A,-0.35241168614868384,-0.6035835885908296,-0.8902979542949557,-0.6001246254631941,-0.5745942591243456,-0.40601285283927413,-0.6175684734913858,-0.27006814022867154,-0.6884941899049682,-0.43270421243032614,-0.18387965199650722,0.09587467451195311,-0.424497718883672,-0.7938912867624531,-0.7073611000713779
TCGA-44-2655-01A,0.7472325010881093,-0.7917356779016307,0.2837432415862026,-0.4704939752875718,-0.6364573999541088,-0.4601813702198814,0.011506754897496505,-0.37180219963726774,-0.007031626412256234,-0.07684311326684,0.21037394031845544,0.07526914002305969,-0.05580297102278612,-0.7721967239701494,-0.7004550068029768
TCGA-O1-A52J-01A,-1.0154516257745534,-0.7389682412921832,-0.26037476183870883,0.4144281624138319,-0.5243228478455868,0.4672519967109962,-0.4162088514206196,-0.0027152234679533238,0.3647400446268417,0.3903203282200809,-0.08014524054547724,0.0793616155765863,0.8627719070622305,-0.5336055072714547,-0.02818380883046408
TCGA-64-5774-01A,-0.2302192429978272,-0.5001988324865377,-0.4290482465436628,0.08898618606611323,3.0093685118732187,-1.5014052573950412,-0.10573139499184626,-1.375616716728193,-0.6475123180792134,-0.2198603154806041,-1.3856011569789215,-1.1118841658313803,-0.9181323051391179,-1.1353226357280508,-0.7896948973458775
TCGA-L9-A743-01A,1.1565811356177944,0.7156905999047061,0.8013192418325646,1.9443611982293882,0.12637291266593284,0.3295739163337344,0.8040062890029933,0.7088818413257868,1.3193577468873516,0.13836865421278147,0.77649789636733,0.6951337198039766,0.6361811863667242,0.5676166481774169,1.0960548790768168
TCGA-05-4250-01A,-0.5929208421884999,1.134066705986196,-0.11851164569616306,0.12958296707549996,0.36741094236793614,0.44850873042944045,0.4453518356155817,0.6533366673003874,0.16766801896765068,-0.18785473525601157,-0.7076008044178138,0.1748418098550014,-0.10543436552629155,0.8526223726700654,0.8633881285721983
TCGA-97-8175-01A,-0.5683750915510263,-0.8302214358259825,-0.3992688116331212,0.2589623197786843,-0.35206056112403955,0.21993376670844414,0.7623929432782434,-0.3188381815837235,0.5009401573210461,0.10902997092488875,-0.5919224917022491,0.5052384803775388,-0.23462444906369842,-0.7009534845809767,-0.08415157446391287
TCGA-62-8402-01A,-0.6196629705069734,1.5784180165160655,0.667403307263216,0.7125389497954456,0.014377166342975553,-0.040145588755809807,0.8391351366131902,-0.3508209822154091,0.01084563375383014,0.1272770318480599,-1.4702606463692034,-0.19966426020851674,0.3041543277675625,1.2124651534318729,0.7807462776660485
TCGA-50-5044-01A,-0.5773045881916452,0.27679976931336453,-0.9993856500948614,-0.040821646586282255,0.13695887369582252,-0.46437391229721764,-0.3010833402637742,-0.06665894087495891,-0.13712911853587365,-0.6860489270328701,-0.2670012072249514,-0.2141903672196654,-1.1544593244260832,0.5425326154607417,0.25123313507300854
TCGA-05-4430-01A,-0.03501906743624872,0.05090971335726843,-0.002648283827254727,0.555963788581802,-0.1334403123627973,0.5373180523505364,0.25028476374945824,0.5996006345073385,0.47792604234210323,0.5440495435947604,0.646954048901554,0.26521637030295164,-0.3795919082619184,0.0045931829856610895,0.2119874026571156
TCGA-55-8510-01A,0.22894036536325474,0.5041534660899794,0.6132315730461535,0.4071272180032022,-0.06860819018075842,0.7494864519226433,0.6007470164951886,0.5977217328002201,0.6532499953686097,0.28865327519437306,1.0924277629300982,0.1730552712265931,0.5726280688453582,0.3949983121816139,0.610037881084915
TCGA-05-4420-01A,-0.6370510902566467,-0.7378581773355165,-1.125429767326937,-0.40816164704271163,-0.5980832110398945,-0.7525387361882565,0.27986538626332075,-0.45803411939712463,-1.0141375329528144,1.502879039732903,-1.242164891693612,-0.25101271980047196,-1.038782611960162,-0.8200345857424519,-1.269040018919239
TCGA-73-4659-01A,-0.6937514328339308,-0.9662994213318106,-0.599073256267648,0.17184867994704475,-0.43471331450827055,0.28509166985184237,-0.21441289514699918,0.7702116283986534,-0.09483846248244472,1.074414903727962,0.324505746848558,0.06941411782754256,-0.36768222766919006,-0.926459282539289,-0.5761106085100764
TCGA-55-8097-01A,0.2533905331278693,-0.6717485363562162,0.3721624766424248,-0.3116396475071319,-0.597756476267128,-0.6365617300571859,-0.18809083984964883,0.09535730397849676,0.3663879332502372,-0.12879666183251554,1.5532985358735119,0.29722217026930114,0.2548808516168369,-0.93508068807402,-0.5763726113567612
TCGA-50-6673-01A,-0.2022913972224858,-1.1739367897237618,-0.0828329567973364,-0.05999059009222154,-0.8390081647436136,-0.008587128176683776,-0.09841874405344953,0.1159056312098067,0.06400479376271255,-0.5144793284963368,-0.39421098047205194,-0.3011399661115682,-0.6339390210523074,-1.2429377030833977,-0.4164545540772923
TCGA-J2-A4AG-01A,1.3422148149940845,0.19252180878414785,0.7850607905108621,0.9931202431965943,-0.1406711017813574,-0.18332614884278187,0.4060335213189497,0.16866854246898574,1.0472485284007484,0.04037196479366322,-0.13416711806492307,0.25128701015238686,0.6583333077938079,0.15248573237006885,0.5366483555491486
TCGA-64-5781-01A,0.06109253845416988,1.9027536533720686,-0.16366098813525679,0.09963934772610615,1.772097453052142,-0.6363909604599247,0.11297329087378245,-0.783887067697484,-0.778784212136314,-0.6804069295992414,-0.6052855086147412,-0.6387770010604676,0.16765703408475663,1.6975464225302026,0.5012373202214009
TCGA-MP-A4TE-01A,-0.23788371957422458,-1.3578491632569007,-1.5947269482129214,-0.9402643252467432,-0.828005517551792,-1.9130758818617928,-0.8248386943607826,-1.475352014913723,-0.9358593364318956,0.42875385903956126,-1.4056903171661885,-0.8085400069714485,-0.5117270328127104,-1.3587372730531506,-1.6775038353979204
TCGA-55-6980-01A,-0.7383404893578519,-0.33365310430928596,0.6337899482724043,1.2624003708440132,-0.4791243915673514,0.32438437828941263,0.17905269327754464,0.1555648065744086,0.9140029919724652,-0.04619309707526098,-0.07445250471911176,0.4375934611656748,-0.01681909134668902,-0.44479721928374455,0.20023575080436073
TCGA-44-2668-11A,-0.7597439055000772,-0.1851167648556203,0.164565886813913,-1.0860310110529399,0.48092214074274925,1.4843791647262943,0.15110601800927692,2.086835115597992,0.9404041507232987,2.5472137882587766,0.718315188188698,-0.2031254680255595,-0.010739743047560498,-0.2592502453290723,-0.07135599472022637
TCGA-55-6969-01A,1.3301207611065595,0.9471393869918399,0.5797505001771219,0.5554586073631103,-0.028908392902601523,0.39926027033901507,0.14451861552438966,0.13352922607526135,-0.5126026976400472,-0.5483602666892781,-0.9018640546603939,-0.5676185756158694,-0.27151717637949063,0.750224747059833,0.7158803462414307
TCGA-55-8091-01A,-0.3717658583325497,-0.3102979366304443,0.2756414717427905,0.7174856836333211,0.1746420108801509,0.5268182740340149,-0.0006163243389209186,0.1565121185145347,0.0125100743327459,0.2815081525556534,0.6093753627453865,0.24198377120345857,-0.029358960637794435,0.1284871877849402,0.5613181459178727
TCGA-69-8253-01A,0.40739917412803034,-0.8870664830804154,-0.19721324111061253,-0.6741993491171773,-0.5501441075448135,-1.0614888465690147,-0.6778415334177875,-0.49027244593562613,-0.3518602404701925,-0.00437834607343359,-0.3321892969358196,-0.20867902917482054,-0.14235988509137046,-0.5458327204842115,-1.032828065079556
TCGA-55-6982-01A,0.23859887066088933,-0.4609304477957833,-0.356775223826992,0.2042714558482482,-0.6599050276011607,0.4442678260238975,-0.1272793702815292,0.2249043368526589,-0.20539602539786705,-0.7398112990818502,-0.8834729754419118,-0.31561871706955,-0.08737290894797896,-0.6079794394499747,0.2942557810952302
TCGA-69-7974-01A,-0.0738667840690589,0.41493112562260537,0.0803173950683675,0.3896366502256792,0.9459519957163738,1.1675429766728709,-0.14000015999729418,0.6323026445692576,0.6135432572024114,-0.1285327468623652,0.6022796371133025,0.8809499012633637,0.06176184506007094,0.6139210629369938,0.6341508592561724
TCGA-44-2662-11A,-0.9936358614309804,0.20851054744169722,0.9620199077150595,-0.922414059509574,0.6522693220157318,0.8218554536365694,0.2634612484738043,0.6590839223911207,0.2404250241393937,3.076350415339305,1.455143076639974,0.13350993157951682,0.2250053515984611,0.6503767783452369,-0.0012221032626351042
TCGA-97-7941-01A,0.09166018365336207,-0.36397840511048746,0.21609272772096486,-0.29067384073269975,-0.32419424629394566,-0.1357498993238131,-0.20685988401902514,-0.12738875022866655,0.2956825957724269,-0.48804320231084336,0.8966988998454682,0.2879319693273913,0.37932167428573216,-0.2414664082262273,-0.4982121536263333
TCGA-MP-A4TD-01A,1.2690682385988952,-0.6180587534496147,0.38763385365705894,0.06942414667567064,-0.4216094733123665,-0.7708482610273258,-0.3260916339747529,-0.3229439080798758,0.09034558780850331,-0.4528948135944552,0.2775295846662016,-0.4695672698268919,0.1666931664840728,-0.648086537714158,-0.4067074529856465
TCGA-75-6214-01A,-1.3587693501225542,-1.0754087176190492,-1.174396030257753,-0.315277739417467,-0.6573269018534602,-1.142647970463651,-0.8203701263327069,-0.8280304998124057,-1.380166723856075,0.35677566255231924,-1.168699773807982,-0.8444888290326624,-0.4300880270757957,-1.1114620404647266,0.007607262915425424
TCGA-64-5815-01A,-0.3578494444055948,-0.7983325040875552,0.3591427910304207,0.4804625373467386,-0.664242598184093,0.7754024171951485,-0.12184940152446706,0.6127527169172717,0.647701916695849,-0.05993032887351711,-0.2810623496707902,-0.25062471596834407,-0.3704151643834306,-0.6826167870576761,0.0030591300225103974
TCGA-50-5055-01A,3.2812050153665284,1.30506993005939,1.6943183753221476,0.9418545455656541,0.026401376205244312,-0.08527008638425056,0.8898928499829266,0.13294648748422866,1.3385026597010854,-0.3051999074937754,0.553522889546813,-0.24734044765763094,0.29298989719912066,0.6167829386195256,0.7120927659475069
TCGA-49-4494-01A,-0.5517231009150685,0.28827194894605945,-0.8520846876945161,-0.10111329501429844,-0.2772867956945897,-0.10787357886127276,0.06716191971581972,-0.3468053103358822,-0.4840854418184307,-0.6587679853868599,-0.657244696826069,-0.009768510407164888,-0.6818817716158289,0.2832577082612108,-0.19967086921860405
TCGA-44-3398-11B,-0.6640461733630147,0.8611305438457292,0.9927784203398007,-0.8272687345127364,1.8837979887618086,0.987254743871627,0.19762238592794004,0.8832274141648595,0.424855272509017,1.6277996430089512,1.3587729389684353,0.04339390540227119,0.6290090587370814,1.498995823302232,0.19242811916264285
TCGA-78-7160-01A,0.07748559808722195,0.95396582917109,0.7062830423515623,0.7243524184508225,1.2501667836578934,0.5737585622364548,-0.1508740679237859,0.5407414400257544,0.4397323994433771,0.11542014135491331,-0.42607561820304984,0.49381053650189577,0.5430591655210114,0.5358641643044622,0.4423531659344609
TCGA-44-7672-01A,1.5397741128990172,0.6548423244126218,0.7502876426494299,1.1492740034715618,0.541161442127467,0.690564612299335,-0.08983725807117338,0.43805508881068583,1.1833035286492286,-0.3704534084595186,0.07229342724301806,-0.0844240378007659,-0.2572279902172272,0.5687204848158164,0.7624778716185697
TCGA-97-A4M1-01A,-0.7836154501855863,-0.3188849236936022,0.3815320920399207,-0.5705079830229398,-0.3134935986740225,0.09457207674402822,-0.04153706866228436,0.08575810989810725,0.420765570859767,0.9354870725375696,1.425546021213049,0.4711287072276559,0.44922122213088295,-0.20093402933263313,-0.5245459510515956
TCGA-55-7913-01B,-0.9337652349105184,-0.9343841454733319,-1.314108672390982,-0.16123407272893797,-0.6560723501530309,-1.307156869904407,-0.05126632835533292,-1.2570380957282001,-1.023521069240833,-0.16526599787438487,-1.5337074931371104,-0.982913270947007,-0.12081397162676648,-1.0233660461433625,-0.8615494192558956
TCGA-49-4514-01A,0.5299246109308189,0.39847201097981494,-0.7723122090553742,-0.13951025846160556,-0.11532092505306046,-1.1808652114733242,-0.4810474125870724,-1.1169308468795838,-0.6147926020032618,-1.1238211189823557,-0.744217359106599,-0.81228536238338,-0.2752316621242787,0.3585565804745801,-0.3018091102818572
TCGA-55-6972-11A,-0.6210969260544581,0.9401790334819132,1.2320632289800364,-0.8612908363150437,1.3406302097087124,0.6365547471111083,0.5444037861487626,0.6916014771233348,0.35987217652160947,1.020594716987558,0.26201622130667285,0.1799707257344299,1.0266058538078766,1.560273277372547,0.17533202577729728
TCGA-78-7152-01A,0.6685452253652502,0.07694211590281029,0.15757260221893854,0.29170470295106715,-0.4982830625572529,-0.6077782219888453,-0.09482122600113294,-0.6695594862782277,-0.32592259063663265,-0.679137721759051,-0.657694904491223,-0.1991021915758608,-0.03537541214859851,-0.1842997639256547,-0.3022033972587556
TCGA-73-4675-01A,-0.49840575962786404,-1.2009484850983574,-0.4948734804702701,-0.3520596040959605,-0.8778324490491616,-0.5174707164338088,1.5171306999648604,-0.00814301927125267,-0.025418725893115366,-0.5067855859531052,-0.2610090092701715,0.12067277463223594,-0.20830809790629198,-1.1589369650074741,-0.922432582099328
TCGA-05-4426-01A,-1.0873554651146538,-0.9614431528149772,-0.6868451102280486,-0.32005069231349054,-0.6407392833427532,0.053623366658035236,-0.15123812348007584,0.04061662930659111,-0.3043871071637093,0.08487033397196962,-0.6357052481730244,0.7740378363676612,0.4697753032958785,-0.8798937216482668,-0.5064816307364279
TCGA-93-A4JO-01A,1.3446534563798564,0.739348790576131,0.7071939334257389,0.5353766747786144,0.36475448528978416,0.6276898236252905,0.6405881793696376,0.09305280834016878,0.34713279804094194,-0.25747147298057504,0.4566667829169897,0.44921391577093706,0.6027804814508677,0.9695696973870478,0.6438601595481486
TCGA-67-6216-01A,0.44801812918047357,-0.36377955950957996,-0.03143440304439464,0.2932506966501263,-0.49452212217122554,0.23444686304329906,-0.3524615619285109,-0.16746769540587847,0.1873518798834375,-0.3223464073564051,0.46581674942726387,0.350401701927564,0.29126870366786317,-0.34207188969269275,0.02945555003343349
TCGA-44-6779-01A,-0.7798651950058897,1.373184010575127,0.20098032525207699,1.182314248158384,1.8485979119645488,1.1032516837166442,-0.9094151836372998,0.23525753434758104,-0.33156098858123795,0.1853475774430047,0.5924370821706252,0.26275314070836514,0.6510513686668961,1.363442286490961,0.8212877067093185
TCGA-95-7039-01A,-0.6092163528236793,-0.3071662082496377,-0.49285755989452473,-0.44178759572954734,-0.4158825443077402,-0.8607670423083879,0.17315173590742625,-0.22589981017182417,-0.16850634627227154,-0.9536323983083429,-0.09630137202051214,0.5636238208790894,0.30969303702800993,-0.3213006396232351,0.04506420327693962
TCGA-64-1681-01A,0.11048655194843919,-0.9322689278456356,0.005010179608466702,-0.15062835254400697,-0.753304779185733,-0.18878477174573116,0.09195471299645216,-0.09272165361645598,0.08100660885863542,-0.4195161325568299,-0.24840024966066587,-0.10620631174989104,0.4035536160283013,-0.9317500683101149,0.0516313550527227
TCGA-97-8547-01A,-1.1260196743541422,-1.2581179748383584,-0.5614204069869133,0.8695433989694542,-0.8647784078643856,0.3303496219825857,0.00397353828967993,-0.037034336415836554,0.5208210084699518,-0.42825838943092914,0.06220776129270924,0.7898483769341199,0.055936613067080164,-1.1218902935445312,0.12186637386618966
TCGA-73-4668-01A,-0.5353801832883016,-1.0078941250310813,-1.1887290508896373,-0.3002584814870796,-0.6057450237166321,-0.8925488999547495,-0.021246699349018208,-0.27991385619677256,-0.2726527338108836,-0.37622168857148713,0.48942410691515453,-0.28163954292764004,-0.4081734094583644,-0.9757398707700805,-0.7117972615391517
TCGA-78-7155-01A,-1.1802823415626809,-0.14839606878376693,-1.2708159085511057,-0.7576203854632753,-0.6283418847811331,-0.879651774038608,-1.0626199468390707,-0.7322151655376247,-0.8577913566792249,-0.870415511057564,-1.0196629063643168,-0.4887026124947891,-1.3623820050714979,-0.45022746836751326,-0.9071772787111434
TCGA-78-7154-01A,-0.962043971608552,-0.46199553952262695,-0.578968862065091,-0.9524487829482999,-0.2578614530896977,-0.8763621211724923,-0.5709612124536315,-0.7400875823879394,-0.4587269205107601,-0.750214467291619,-0.4488544372305237,0.2573535853450055,-1.055359242977745,-0.4023538033383634,-0.5164142255743187
TCGA-55-A48X-01A,2.2884270129146875,0.3792038574190848,0.772607750637877,0.6626386380318404,0.010578586004940542,-0.3981663968073441,0.2985516003209506,-0.2648733979030771,0.3910494535245082,-0.13579325904497078,0.6159090928735698,0.18804813997072786,0.3874970717321969,0.3411660873503413,0.1804806844980723
TCGA-50-6593-01A,-0.341344490180603,-1.256738114286769,-0.2750540471856724,0.23688912399629025,-0.9011563127340101,0.49571295619720707,0.048904981839099075,0.22473337005788094,0.3518101300316306,0.3601700435316716,0.11487967468984699,-0.13193765177836828,-0.4648674749182482,-1.3098132010999506,-0.31360903227742
TCGA-55-7283-01A,-1.0406099673861118,0.11229227546158381,0.039834784949186464,-0.09145220641031603,-0.27621680782719826,-0.1704831523820217,0.07010120880297417,0.2963347360008896,0.35650739544733195,-0.23071716094182187,0.5023793544259019,-0.10292661990913214,0.05901582654808363,0.1475483173939833,-0.34309293985936373
TCGA-55-8506-01A,-0.5768734728884704,-0.124267875177329,-0.16899600592185263,0.42880783912275394,-0.26577023651008874,0.32813010003289445,-0.09325659840802523,-0.18536309542498453,-0.24562713724585186,-0.3149218612032267,0.5280977402597804,0.14054069293138577,-0.23658406103992627,0.10108439725072674,0.10365395496863859
TCGA-97-A4LX-01A,1.8911117643870963,1.039867008996954,1.060310426779737,1.50633891996364,0.3156757559738575,1.031704277579724,0.6447126713528354,0.9806650357492096,1.4272409361691738,-0.14559582848992594,0.43170804952817426,-0.0018867545993959457,0.7608912233489872,0.8555149531992134,1.4699437588745217
