gene_id,module,module_color,gene_name
ENSG00000229807,0,#cccccc,XIST
ENSG00000168484,7,#f45deb,SFTPC
ENSG00000096088,0,#cccccc,PGC
ENSG00000117983,0,#cccccc,MUC5B
ENSG00000066405,7,#f45deb,CLDN18
ENSG00000171557,0,#cccccc,FGG
ENSG00000163993,0,#cccccc,S100P
ENSG00000105388,0,#cccccc,CEACAM5
ENSG00000198183,0,#cccccc,BPIFA1
ENSG00000164266,0,#cccccc,SPINK1
ENSG00000122852,7,#f45deb,SFTPA1
ENSG00000101210,0,#cccccc,EEF1A2
ENSG00000125999,0,#cccccc,BPIFB1
ENSG00000181143,0,#cccccc,MUC16
ENSG00000185303,7,#f45deb,SFTPA2
ENSG00000161055,7,#f45deb,SCGB3A1
ENSG00000149021,7,#f45deb,SCGB1A1
ENSG00000164265,7,#f45deb,SCGB3A2
ENSG00000019186,0,#cccccc,CYP24A1
ENSG00000171560,0,#cccccc,FGA
ENSG00000161798,0,#cccccc,AQP5
ENSG00000204544,0,#cccccc,MUC21
ENSG00000102854,0,#cccccc,MSLN
ENSG00000167757,0,#cccccc,KLK11
ENSG00000187908,7,#f45deb,DMBT1
ENSG00000060718,0,#cccccc,COL11A1
ENSG00000143320,0,#cccccc,CRABP2
ENSG00000142973,7,#f45deb,CYP4B1
ENSG00000211935,0,#cccccc,IGHV1-3
ENSG00000286042,0,#cccccc,LCAL1
ENSG00000007062,0,#cccccc,PROM1
ENSG00000153292,0,#cccccc,ADGRF1
ENSG00000065618,0,#cccccc,COL17A1
ENSG00000146166,0,#cccccc,LGSN
ENSG00000162896,7,#f45deb,PIGR
ENSG00000211898,0,#cccccc,IGHD
ENSG00000002726,0,#cccccc,AOC1
ENSG00000099994,7,#f45deb,SUSD2
ENSG00000160180,0,#cccccc,TFF3
ENSG00000282651,0,#cccccc,IGHV5-10-1
ENSG00000133661,7,#f45deb,SFTPD
ENSG00000007402,7,#f45deb,CACNA2D2
ENSG00000171885,7,#f45deb,AQP4
ENSG00000088992,0,#cccccc,TESC
ENSG00000196616,7,#f45deb,ADH1B
ENSG00000105825,0,#cccccc,TFPI2
ENSG00000160862,0,#cccccc,AZGP1
ENSG00000022556,0,#cccccc,NLRP2
ENSG00000196611,0,#cccccc,MMP1
ENSG00000125740,7,#f45deb,FOSB
ENSG00000204305,7,#f45deb,AGER
ENSG00000169562,0,#cccccc,GJB1
ENSG00000151632,0,#cccccc,AKR1C2
ENSG00000156076,7,#f45deb,WIF1
ENSG00000169894,0,#cccccc,MUC3A
ENSG00000006016,0,#cccccc,CRLF1
ENSG00000140297,0,#cccccc,GCNT3
ENSG00000257017,0,#cccccc,HP
ENSG00000173227,0,#cccccc,SYT12
ENSG00000145824,0,#cccccc,CXCL14
ENSG00000145113,0,#cccccc,MUC4
ENSG00000243955,0,#cccccc,GSTA1
ENSG00000262406,0,#cccccc,MMP12
ENSG00000134020,7,#f45deb,PEBP4
ENSG00000211892,0,#cccccc,IGHG4
ENSG00000173702,0,#cccccc,MUC13
ENSG00000105048,0,#cccccc,TNNT1
ENSG00000176153,0,#cccccc,GPX2
ENSG00000211663,0,#cccccc,IGLV3-19
ENSG00000271447,7,#f45deb,MMP28
ENSG00000211950,0,#cccccc,IGHV1-24
ENSG00000272620,0,#cccccc,AFAP1-AS1
ENSG00000148735,0,#cccccc,PLEKHS1
ENSG00000137745,0,#cccccc,MMP13
ENSG00000170373,0,#cccccc,CST1
ENSG00000108176,0,#cccccc,DNAJC12
ENSG00000164161,7,#f45deb,HHIP
ENSG00000227066,0,#cccccc,Z98257.1
ENSG00000181449,0,#cccccc,SOX2
ENSG00000182272,0,#cccccc,B4GALNT4
ENSG00000166961,7,#f45deb,MS4A15
ENSG00000134398,0,#cccccc,ERN2
ENSG00000109906,7,#f45deb,ZBTB16
ENSG00000170561,7,#f45deb,IRX2
ENSG00000188906,7,#f45deb,LRRK2
ENSG00000253755,1,#f77189,IGHGP
ENSG00000070182,0,#cccccc,SPTB
ENSG00000165548,0,#cccccc,TMEM63C
ENSG00000211896,1,#f77189,IGHG1
ENSG00000019102,7,#f45deb,VSIG2
ENSG00000211966,1,#f77189,IGHV5-51
ENSG00000196188,0,#cccccc,CTSE
ENSG00000149435,7,#f45deb,GGTLC1
ENSG00000211662,1,#f77189,IGLV3-21
ENSG00000136231,7,#f45deb,IGF2BP3
ENSG00000162551,7,#f45deb,ALPL
ENSG00000187134,0,#cccccc,AKR1C1
ENSG00000075461,0,#cccccc,CACNG4
ENSG00000131771,0,#cccccc,PPP1R1B
ENSG00000131746,0,#cccccc,TNS4
ENSG00000153404,0,#cccccc,PLEKHG4B
ENSG00000012223,0,#cccccc,LTF
ENSG00000128422,0,#cccccc,KRT17
ENSG00000137699,0,#cccccc,TRIM29
ENSG00000242265,0,#cccccc,PEG10
ENSG00000244734,7,#f45deb,HBB
ENSG00000248485,0,#cccccc,PCP4L1
ENSG00000105664,0,#cccccc,COMP
ENSG00000211669,0,#cccccc,IGLV3-10
ENSG00000276775,0,#cccccc,IGHV4-4
ENSG00000211899,0,#cccccc,IGHM
ENSG00000174502,0,#cccccc,SLC26A9
ENSG00000144331,7,#f45deb,ZNF385B
ENSG00000169174,0,#cccccc,PCSK9
ENSG00000164488,0,#cccccc,DACT2
ENSG00000137968,0,#cccccc,SLC44A5
ENSG00000157551,7,#f45deb,KCNJ15
ENSG00000198488,0,#cccccc,B3GNT6
ENSG00000211937,1,#f77189,IGHV2-5
ENSG00000211897,1,#f77189,IGHG3
ENSG00000144452,0,#cccccc,ABCA12
ENSG00000047457,0,#cccccc,CP
ENSG00000189223,0,#cccccc,PAX8-AS1
ENSG00000166143,0,#cccccc,PPP1R14D
ENSG00000240583,7,#f45deb,AQP1
ENSG00000118785,7,#f45deb,SPP1
ENSG00000003989,0,#cccccc,SLC7A2
ENSG00000133063,6,#8197f4,CHIT1
ENSG00000148346,0,#cccccc,LCN2
ENSG00000069011,7,#f45deb,PITX1
ENSG00000148702,0,#cccccc,HABP2
ENSG00000127324,0,#cccccc,TSPAN8
ENSG00000243466,1,#f77189,IGKV1-5
ENSG00000165376,0,#cccccc,CLDN2
ENSG00000211666,1,#f77189,IGLV2-14
ENSG00000280411,0,#cccccc,IGHV1-69D
ENSG00000081277,0,#cccccc,PKP1
ENSG00000166923,0,#cccccc,GREM1
ENSG00000215182,0,#cccccc,MUC5AC
ENSG00000116299,0,#cccccc,ELAPOR1
ENSG00000123838,7,#f45deb,C4BPA
ENSG00000205420,0,#cccccc,KRT6A
ENSG00000127249,7,#f45deb,ATP13A4
ENSG00000259974,7,#f45deb,LINC00261
ENSG00000146013,0,#cccccc,GFRA3
ENSG00000211637,0,#cccccc,IGLV4-69
ENSG00000211592,1,#f77189,IGKC
ENSG00000211959,0,#cccccc,IGHV4-39
ENSG00000081479,0,#cccccc,LRP2
ENSG00000282639,0,#cccccc,IGHV3-64D
ENSG00000095713,7,#f45deb,CRTAC1
ENSG00000168874,7,#f45deb,ATOH8
ENSG00000227300,0,#cccccc,KRT16P2
ENSG00000113924,0,#cccccc,HGD
ENSG00000247627,0,#cccccc,MTND4P12
ENSG00000099953,0,#cccccc,MMP11
ENSG00000174514,0,#cccccc,MFSD4A
ENSG00000225383,7,#f45deb,SFTA1P
ENSG00000211956,1,#f77189,IGHV4-34
ENSG00000211598,1,#f77189,IGKV4-1
ENSG00000211934,0,#cccccc,IGHV1-2
ENSG00000244437,1,#f77189,IGKV3-15
ENSG00000211962,1,#f77189,IGHV1-46
ENSG00000168878,7,#f45deb,SFTPB
ENSG00000256612,0,#cccccc,CYP2B7P
ENSG00000064787,0,#cccccc,BCAS1
ENSG00000211965,1,#f77189,IGHV3-49
ENSG00000080293,7,#f45deb,SCTR
ENSG00000100170,0,#cccccc,SLC5A1
ENSG00000153446,7,#f45deb,C16orf89
ENSG00000167741,0,#cccccc,GGT6
ENSG00000115828,0,#cccccc,QPCT
ENSG00000019169,6,#8197f4,MARCO
ENSG00000211893,1,#f77189,IGHG2
ENSG00000158089,0,#cccccc,GALNT14
ENSG00000108602,0,#cccccc,ALDH3A1
ENSG00000160111,7,#f45deb,CPAMD8
ENSG00000128536,7,#f45deb,CDHR3
ENSG00000165449,0,#cccccc,SLC16A9
ENSG00000151012,0,#cccccc,SLC7A11
ENSG00000241351,1,#f77189,IGKV3-11
ENSG00000211947,1,#f77189,IGHV3-21
ENSG00000101842,0,#cccccc,VSIG1
ENSG00000211945,1,#f77189,IGHV1-18
ENSG00000211659,1,#f77189,IGLV3-25
ENSG00000154277,0,#cccccc,UCHL1
ENSG00000137673,0,#cccccc,MMP7
ENSG00000224373,1,#f77189,IGHV4-59
ENSG00000211673,1,#f77189,IGLV3-1
ENSG00000058335,7,#f45deb,RASGRF1
ENSG00000211949,1,#f77189,IGHV3-23
ENSG00000211955,0,#cccccc,IGHV3-33
ENSG00000124429,0,#cccccc,POF1B
ENSG00000107159,0,#cccccc,CA9
ENSG00000239951,1,#f77189,IGKV3-20
ENSG00000147689,7,#f45deb,FAM83A
ENSG00000080031,0,#cccccc,PTPRH
ENSG00000125872,0,#cccccc,LRRN4
ENSG00000109321,0,#cccccc,AREG
ENSG00000211973,0,#cccccc,IGHV1-69
ENSG00000198848,7,#f45deb,CES1
ENSG00000179593,0,#cccccc,ALOX15B
ENSG00000286619,0,#cccccc,AC119673.2
ENSG00000231475,0,#cccccc,IGHV4-31
ENSG00000241755,1,#f77189,IGKV1-9
ENSG00000165474,0,#cccccc,GJB2
ENSG00000211670,0,#cccccc,IGLV3-9
ENSG00000211668,1,#f77189,IGLV2-11
ENSG00000275395,0,#cccccc,FCGBP
ENSG00000137825,0,#cccccc,ITPKA
ENSG00000211640,1,#f77189,IGLV6-57
ENSG00000156234,0,#cccccc,CXCL13
ENSG00000211895,0,#cccccc,IGHA1
ENSG00000175445,7,#f45deb,LPL
ENSG00000172061,0,#cccccc,LRRC15
ENSG00000211941,1,#f77189,IGHV3-11
ENSG00000211976,0,#cccccc,IGHV3-73
ENSG00000270550,1,#f77189,IGHV3-30
ENSG00000211679,1,#f77189,IGLC3
ENSG00000239855,1,#f77189,IGKV1-6
ENSG00000240864,1,#f77189,IGKV1-16
ENSG00000211653,1,#f77189,IGLV1-40
ENSG00000112936,7,#f45deb,C7
ENSG00000240382,1,#f77189,IGKV1-17
ENSG00000211964,1,#f77189,IGHV3-48
ENSG00000011347,0,#cccccc,SYT7
ENSG00000133477,0,#cccccc,FAM83F
ENSG00000077327,7,#f45deb,SPAG6
ENSG00000196139,0,#cccccc,AKR1C3
ENSG00000137868,0,#cccccc,STRA6
ENSG00000211651,1,#f77189,IGLV1-44
ENSG00000172927,0,#cccccc,MYEOV
ENSG00000163735,0,#cccccc,CXCL5
ENSG00000134873,0,#cccccc,CLDN10
ENSG00000156738,0,#cccccc,MS4A1
ENSG00000152785,0,#cccccc,BMP3
ENSG00000225342,7,#f45deb,LRRK2-DT
ENSG00000147889,7,#f45deb,CDKN2A
ENSG00000237541,6,#8197f4,HLA-DQA2
ENSG00000166415,0,#cccccc,WDR72
ENSG00000182013,0,#cccccc,PNMA8A
ENSG00000115009,0,#cccccc,CCL20
ENSG00000124440,0,#cccccc,HIF3A
ENSG00000255545,0,#cccccc,B3GAT1-DT
ENSG00000090530,7,#f45deb,P3H2
ENSG00000129451,0,#cccccc,KLK10
ENSG00000138755,2,#c69432,CXCL9
ENSG00000230316,0,#cccccc,FEZF1-AS1
ENSG00000169550,0,#cccccc,MUC15
ENSG00000073756,0,#cccccc,PTGS2
ENSG00000137648,0,#cccccc,TMPRSS4
ENSG00000157399,0,#cccccc,ARSL
ENSG00000173467,0,#cccccc,AGR3
ENSG00000110195,7,#f45deb,FOLR1
ENSG00000211638,2,#c69432,IGLV8-61
ENSG00000104783,0,#cccccc,KCNN4
ENSG00000102109,0,#cccccc,PCSK1N
ENSG00000101057,7,#f45deb,MYBL2
ENSG00000043039,0,#cccccc,BARX2
ENSG00000164120,0,#cccccc,HPGD
ENSG00000001626,7,#f45deb,CFTR
ENSG00000186493,7,#f45deb,C5orf38
ENSG00000108924,7,#f45deb,HLF
ENSG00000211890,0,#cccccc,IGHA2
ENSG00000211677,1,#f77189,IGLC2
ENSG00000255026,0,#cccccc,AC136475.3
ENSG00000183844,0,#cccccc,FAM3B
ENSG00000211660,1,#f77189,IGLV2-23
ENSG00000173432,0,#cccccc,SAA1
ENSG00000103316,0,#cccccc,CRYM
ENSG00000159212,0,#cccccc,CLIC6
ENSG00000224650,1,#f77189,IGHV3-74
ENSG00000184564,0,#cccccc,SLITRK6
ENSG00000112782,7,#f45deb,CLIC5
ENSG00000211938,1,#f77189,IGHV3-7
ENSG00000123500,0,#cccccc,COL10A1
ENSG00000062038,0,#cccccc,CDH3
ENSG00000171903,0,#cccccc,CYP4F11
ENSG00000185567,0,#cccccc,AHNAK2
ENSG00000272405,0,#cccccc,AL365181.3
ENSG00000175063,7,#f45deb,UBE2C
ENSG00000211943,1,#f77189,IGHV3-15
ENSG00000278196,1,#f77189,IGLV2-8
ENSG00000211648,1,#f77189,IGLV1-47
ENSG00000244575,1,#f77189,IGKV1-27
ENSG00000176532,0,#cccccc,PRR15
ENSG00000101938,7,#f45deb,CHRDL1
ENSG00000137857,7,#f45deb,DUOX1
ENSG00000189058,0,#cccccc,APOD
ENSG00000138615,0,#cccccc,CILP
ENSG00000114378,7,#f45deb,HYAL1
ENSG00000129521,0,#cccccc,EGLN3
ENSG00000163817,0,#cccccc,SLC6A20
ENSG00000118322,0,#cccccc,ATP10B
ENSG00000157064,0,#cccccc,NMNAT2
ENSG00000180730,0,#cccccc,SHISA2
ENSG00000170476,1,#f77189,MZB1
ENSG00000164638,0,#cccccc,SLC29A4
ENSG00000179869,0,#cccccc,ABCA13
ENSG00000170381,0,#cccccc,SEMA3E
ENSG00000092607,0,#cccccc,TBX15
ENSG00000132821,0,#cccccc,VSTM2L
ENSG00000105855,0,#cccccc,ITGB8
ENSG00000148848,0,#cccccc,ADAM12
ENSG00000225329,7,#f45deb,LHFPL3-AS2
ENSG00000134216,7,#f45deb,CHIA
ENSG00000197635,0,#cccccc,DPP4
ENSG00000184368,0,#cccccc,MAP7D2
ENSG00000165092,0,#cccccc,ALDH1A1
ENSG00000243290,1,#f77189,IGKV1-12
ENSG00000196917,0,#cccccc,HCAR1
ENSG00000117322,0,#cccccc,CR2
ENSG00000142102,0,#cccccc,PGGHG
ENSG00000218048,0,#cccccc,AL121949.1
ENSG00000122133,0,#cccccc,PAEP
ENSG00000183607,7,#f45deb,GKN2
ENSG00000164379,0,#cccccc,FOXQ1
ENSG00000009765,0,#cccccc,IYD
ENSG00000167772,0,#cccccc,ANGPTL4
ENSG00000145423,0,#cccccc,SFRP2
ENSG00000109819,0,#cccccc,PPARGC1A
ENSG00000108551,0,#cccccc,RASD1
ENSG00000174607,0,#cccccc,UGT8
ENSG00000115457,0,#cccccc,IGFBP2
ENSG00000057294,0,#cccccc,PKP2
ENSG00000124664,0,#cccccc,SPDEF
ENSG00000074410,0,#cccccc,CA12
ENSG00000211658,1,#f77189,IGLV3-27
ENSG00000186832,0,#cccccc,KRT16
ENSG00000125398,0,#cccccc,SOX9
ENSG00000142611,7,#f45deb,PRDM16
ENSG00000168631,7,#f45deb,MUCL3
ENSG00000116690,7,#f45deb,PRG4
ENSG00000154146,7,#f45deb,NRGN
ENSG00000243264,0,#cccccc,IGKV2D-29
ENSG00000103485,0,#cccccc,QPRT
ENSG00000158125,0,#cccccc,XDH
ENSG00000172264,7,#f45deb,MACROD2
ENSG00000211951,0,#cccccc,IGHV2-26
ENSG00000197415,7,#f45deb,VEPH1
ENSG00000142178,0,#cccccc,SIK1
ENSG00000181019,0,#cccccc,NQO1
ENSG00000041982,0,#cccccc,TNC
ENSG00000248801,7,#f45deb,C8orf34-AS1
ENSG00000134121,0,#cccccc,CHL1
ENSG00000124116,0,#cccccc,WFDC3
ENSG00000167972,7,#f45deb,ABCA3
ENSG00000068078,0,#cccccc,FGFR3
ENSG00000117215,2,#c69432,PLA2G2D
ENSG00000133135,0,#cccccc,RNF128
ENSG00000248323,0,#cccccc,LUCAT1
ENSG00000162433,0,#cccccc,AK4
ENSG00000091844,0,#cccccc,RGS17
ENSG00000188910,0,#cccccc,GJB3
ENSG00000171346,0,#cccccc,KRT15
ENSG00000166959,7,#f45deb,MS4A8
ENSG00000091583,0,#cccccc,APOH
ENSG00000166206,0,#cccccc,GABRB3
ENSG00000124143,0,#cccccc,ARHGAP40
ENSG00000087495,0,#cccccc,PHACTR3
ENSG00000198753,0,#cccccc,PLXNB3
ENSG00000105369,1,#f77189,CD79A
ENSG00000211625,1,#f77189,IGKV3D-20
ENSG00000171303,7,#f45deb,KCNK3
ENSG00000006210,0,#cccccc,CX3CL1
ENSG00000164308,6,#8197f4,ERAP2
ENSG00000274576,0,#cccccc,IGHV2-70
ENSG00000243238,1,#f77189,IGKV2-30
ENSG00000135318,0,#cccccc,NT5E
ENSG00000175315,0,#cccccc,CST6
ENSG00000087128,0,#cccccc,TMPRSS11E
ENSG00000124882,0,#cccccc,EREG
ENSG00000135374,0,#cccccc,ELF5
ENSG00000196167,0,#cccccc,COLCA1
ENSG00000114455,0,#cccccc,HHLA2
ENSG00000103460,0,#cccccc,TOX3
ENSG00000178222,0,#cccccc,RNF212
ENSG00000154065,7,#f45deb,ANKRD29
ENSG00000166920,0,#cccccc,C15orf48
ENSG00000211933,0,#cccccc,IGHV6-1
ENSG00000100033,0,#cccccc,PRODH
ENSG00000088340,0,#cccccc,FER1L4
ENSG00000241644,7,#f45deb,INMT
ENSG00000198125,0,#cccccc,MB
ENSG00000182489,0,#cccccc,XKRX
ENSG00000175084,7,#f45deb,DES
ENSG00000012171,0,#cccccc,SEMA3B
ENSG00000263639,0,#cccccc,MSMB
ENSG00000159713,7,#f45deb,TPPP3
ENSG00000117472,0,#cccccc,TSPAN1
ENSG00000166105,0,#cccccc,GLB1L3
ENSG00000178401,0,#cccccc,DNAJC22
ENSG00000198203,0,#cccccc,SULT1C2
ENSG00000165197,7,#f45deb,VEGFD
ENSG00000154319,7,#f45deb,FAM167A
ENSG00000123843,0,#cccccc,C4BPB
ENSG00000108821,0,#cccccc,COL1A1
ENSG00000143297,1,#f77189,FCRL5
ENSG00000114631,0,#cccccc,PODXL2
ENSG00000170608,0,#cccccc,FOXA3
ENSG00000160161,0,#cccccc,CILP2
ENSG00000080854,0,#cccccc,IGSF9B
ENSG00000179639,7,#f45deb,FCER1A
ENSG00000006747,0,#cccccc,SCIN
ENSG00000165272,0,#cccccc,AQP3
ENSG00000137142,0,#cccccc,IGFBPL1
ENSG00000053108,0,#cccccc,FSTL4
ENSG00000163141,0,#cccccc,BNIPL
ENSG00000066248,0,#cccccc,NGEF
ENSG00000198535,0,#cccccc,C2CD4A
ENSG00000187017,0,#cccccc,ESPN
ENSG00000211685,1,#f77189,IGLC7
ENSG00000147257,7,#f45deb,GPC3
ENSG00000110777,1,#f77189,POU2AF1
ENSG00000124107,7,#f45deb,SLPI
ENSG00000132840,0,#cccccc,BHMT2
ENSG00000169291,7,#f45deb,SHE
ENSG00000102287,0,#cccccc,GABRE
ENSG00000111452,7,#f45deb,ADGRD1
ENSG00000232677,7,#f45deb,LINC00665
ENSG00000163220,0,#cccccc,S100A9
ENSG00000186907,0,#cccccc,RTN4RL2
ENSG00000243566,7,#f45deb,UPK3B
ENSG00000186081,0,#cccccc,KRT5
ENSG00000268416,0,#cccccc,AC010329.1
ENSG00000053747,0,#cccccc,LAMA3
ENSG00000241294,1,#f77189,IGKV2-24
ENSG00000158825,0,#cccccc,CDA
ENSG00000187867,0,#cccccc,PALM3
ENSG00000116031,0,#cccccc,CD207
ENSG00000171004,0,#cccccc,HS6ST2
ENSG00000172602,0,#cccccc,RND1
ENSG00000103044,0,#cccccc,HAS3
ENSG00000157404,0,#cccccc,KIT
ENSG00000259803,0,#cccccc,SLC22A31
ENSG00000126778,0,#cccccc,SIX1
ENSG00000164099,7,#f45deb,PRSS12
ENSG00000188761,0,#cccccc,BCL2L15
ENSG00000137440,0,#cccccc,FGFBP1
ENSG00000025423,7,#f45deb,HSD17B6
ENSG00000211642,2,#c69432,IGLV10-54
ENSG00000260314,6,#8197f4,MRC1
ENSG00000171798,7,#f45deb,KNDC1
ENSG00000211652,1,#f77189,IGLV7-43
ENSG00000144218,7,#f45deb,AFF3
ENSG00000146197,0,#cccccc,SCUBE3
ENSG00000105696,0,#cccccc,TMEM59L
ENSG00000164647,0,#cccccc,STEAP1
ENSG00000254726,7,#f45deb,MEX3A
ENSG00000100985,0,#cccccc,MMP9
ENSG00000087085,0,#cccccc,ACHE
ENSG00000075213,0,#cccccc,SEMA3A
ENSG00000018236,0,#cccccc,CNTN1
ENSG00000137203,7,#f45deb,TFAP2A
ENSG00000187045,0,#cccccc,TMPRSS6
ENSG00000133710,0,#cccccc,SPINK5
ENSG00000169245,0,#cccccc,CXCL10
ENSG00000158477,0,#cccccc,CD1A
ENSG00000088325,7,#f45deb,TPX2
ENSG00000211649,1,#f77189,IGLV7-46
ENSG00000172724,6,#8197f4,CCL19
ENSG00000206384,7,#f45deb,COL6A6
ENSG00000142748,7,#f45deb,FCN3
ENSG00000169031,7,#f45deb,COL4A3
ENSG00000137809,0,#cccccc,ITGA11
ENSG00000163751,7,#f45deb,CPA3
ENSG00000166897,0,#cccccc,ELFN2
ENSG00000248144,0,#cccccc,ADH1C
ENSG00000124920,0,#cccccc,MYRF
ENSG00000165072,7,#f45deb,MAMDC2
ENSG00000183019,7,#f45deb,MCEMP1
ENSG00000152766,0,#cccccc,ANKRD22
ENSG00000173376,7,#f45deb,NDNF
ENSG00000062524,0,#cccccc,LTK
ENSG00000155093,0,#cccccc,PTPRN2
ENSG00000136155,0,#cccccc,SCEL
ENSG00000198691,0,#cccccc,ABCA4
ENSG00000078081,7,#f45deb,LAMP3
ENSG00000117399,7,#f45deb,CDC20
ENSG00000166482,7,#f45deb,MFAP4
ENSG00000134028,0,#cccccc,ADAMDEC1
ENSG00000206077,0,#cccccc,ZDHHC11B
ENSG00000136546,7,#f45deb,SCN7A
ENSG00000106483,0,#cccccc,SFRP4
ENSG00000106541,0,#cccccc,AGR2
ENSG00000268104,0,#cccccc,SLC6A14
ENSG00000156298,7,#f45deb,TSPAN7
ENSG00000162738,0,#cccccc,VANGL2
ENSG00000164093,0,#cccccc,PITX2
ENSG00000211967,0,#cccccc,IGHV3-53
ENSG00000175928,0,#cccccc,LRRN1
ENSG00000099937,0,#cccccc,SERPIND1
ENSG00000124237,7,#f45deb,C20orf85
ENSG00000203985,0,#cccccc,LDLRAD1
ENSG00000117394,7,#f45deb,SLC2A1
ENSG00000136383,0,#cccccc,ALPK3
ENSG00000213088,7,#f45deb,ACKR1
ENSG00000181218,0,#cccccc,H2AW
ENSG00000153294,0,#cccccc,ADGRF4
ENSG00000236039,0,#cccccc,AC019117.1
ENSG00000089685,7,#f45deb,BIRC5
ENSG00000011426,7,#f45deb,ANLN
ENSG00000123358,7,#f45deb,NR4A1
ENSG00000188322,0,#cccccc,SBK1
ENSG00000132465,0,#cccccc,JCHAIN
ENSG00000101333,7,#f45deb,PLCB4
ENSG00000211946,0,#cccccc,IGHV3-20
ENSG00000168477,7,#f45deb,TNXB
ENSG00000196754,0,#cccccc,S100A2
ENSG00000125848,7,#f45deb,FLRT3
ENSG00000130600,0,#cccccc,H19
ENSG00000169429,0,#cccccc,CXCL8
ENSG00000168907,7,#f45deb,PLA2G4F
ENSG00000136883,0,#cccccc,KIF12
ENSG00000135773,0,#cccccc,CAPN9
ENSG00000130513,0,#cccccc,GDF15
ENSG00000232216,0,#cccccc,IGHV3-43
ENSG00000187715,0,#cccccc,KBTBD12
ENSG00000113494,0,#cccccc,PRLR
ENSG00000123485,7,#f45deb,HJURP
ENSG00000196218,0,#cccccc,RYR1
ENSG00000114270,0,#cccccc,COL7A1
ENSG00000119535,7,#f45deb,CSF3R
ENSG00000070526,0,#cccccc,ST6GALNAC1
ENSG00000154040,0,#cccccc,CABYR
ENSG00000124731,0,#cccccc,TREM1
ENSG00000168079,7,#f45deb,SCARA5
ENSG00000166592,0,#cccccc,RRAD
ENSG00000173930,0,#cccccc,SLCO4C1
ENSG00000122861,0,#cccccc,PLAU
ENSG00000180772,7,#f45deb,AGTR2
ENSG00000090382,6,#8197f4,LYZ
ENSG00000133392,7,#f45deb,MYH11
ENSG00000186340,0,#cccccc,THBS2
ENSG00000086548,0,#cccccc,CEACAM6
ENSG00000152377,0,#cccccc,SPOCK1
ENSG00000181577,0,#cccccc,C6orf223
ENSG00000260027,0,#cccccc,HOXB7
ENSG00000163075,7,#f45deb,CFAP221
ENSG00000148123,0,#cccccc,PLPPR1
ENSG00000103888,0,#cccccc,CEMIP
ENSG00000197253,7,#f45deb,TPSB2
ENSG00000162383,0,#cccccc,SLC1A7
ENSG00000186185,7,#f45deb,KIF18B
ENSG00000177459,0,#cccccc,ERICH5
ENSG00000134917,7,#f45deb,ADAMTS8
ENSG00000004799,7,#f45deb,PDK4
ENSG00000154269,0,#cccccc,ENPP3
ENSG00000155265,0,#cccccc,GOLGA7B
ENSG00000135451,7,#f45deb,TROAP
ENSG00000280002,0,#cccccc,AC078925.4
ENSG00000196436,0,#cccccc,NPIPB15
ENSG00000203697,0,#cccccc,CAPN8
ENSG00000104140,7,#f45deb,RHOV
ENSG00000163568,0,#cccccc,AIM2
ENSG00000073150,0,#cccccc,PANX2
ENSG00000171246,0,#cccccc,NPTX1
ENSG00000064886,7,#f45deb,CHI3L2
ENSG00000070087,7,#f45deb,PFN2
ENSG00000176490,0,#cccccc,DIRAS1
ENSG00000277639,7,#f45deb,AC007906.2
ENSG00000144681,6,#8197f4,STAC
ENSG00000111206,7,#f45deb,FOXM1
ENSG00000237988,0,#cccccc,OR2I1P
ENSG00000069122,7,#f45deb,ADGRF5
ENSG00000137573,0,#cccccc,SULF1
ENSG00000175592,0,#cccccc,FOSL1
ENSG00000156463,0,#cccccc,SH3RF2
ENSG00000165304,7,#f45deb,MELK
ENSG00000168350,0,#cccccc,DEGS2
ENSG00000173391,6,#8197f4,OLR1
ENSG00000214491,7,#f45deb,SEC14L6
ENSG00000169851,0,#cccccc,PCDH7
ENSG00000173267,0,#cccccc,SNCG
ENSG00000115255,0,#cccccc,REEP6
ENSG00000203995,7,#f45deb,ZYG11A
ENSG00000110900,0,#cccccc,TSPAN11
ENSG00000166828,7,#f45deb,SCNN1G
ENSG00000170477,7,#f45deb,KRT4
ENSG00000183196,0,#cccccc,CHST6
ENSG00000172478,0,#cccccc,MAB21L4
ENSG00000160867,7,#f45deb,FGFR4
ENSG00000116711,0,#cccccc,PLA2G4A
ENSG00000232931,0,#cccccc,LINC00342
ENSG00000164694,0,#cccccc,FNDC1
ENSG00000073282,0,#cccccc,TP63
ENSG00000243836,0,#cccccc,WDR86-AS1
ENSG00000163071,7,#f45deb,SPATA18
ENSG00000163710,0,#cccccc,PCOLCE2
ENSG00000196549,0,#cccccc,MME
ENSG00000251003,0,#cccccc,ZFPM2-AS1
ENSG00000154274,0,#cccccc,C4orf19
ENSG00000156510,0,#cccccc,HKDC1
ENSG00000146038,0,#cccccc,DCDC2
ENSG00000140254,7,#f45deb,DUOXA1
ENSG00000141579,0,#cccccc,ZNF750
ENSG00000106809,7,#f45deb,OGN
ENSG00000170439,0,#cccccc,METTL7B
ENSG00000166448,0,#cccccc,TMEM130
ENSG00000163053,0,#cccccc,SLC16A14
ENSG00000047936,7,#f45deb,ROS1
ENSG00000138798,0,#cccccc,EGF
ENSG00000105519,0,#cccccc,CAPS
ENSG00000049089,0,#cccccc,COL9A2
ENSG00000164932,0,#cccccc,CTHRC1
ENSG00000275385,6,#8197f4,CCL18
ENSG00000142945,7,#f45deb,KIF2C
ENSG00000232629,0,#cccccc,HLA-DQB2
ENSG00000168309,7,#f45deb,FAM107A
ENSG00000166292,7,#f45deb,TMEM100
ENSG00000132746,0,#cccccc,ALDH3B2
ENSG00000119457,7,#f45deb,SLC46A2
ENSG00000007038,0,#cccccc,PRSS21
ENSG00000248771,0,#cccccc,SMIM31
ENSG00000132000,0,#cccccc,PODNL1
ENSG00000081041,7,#f45deb,CXCL2
ENSG00000130558,7,#f45deb,OLFM1
ENSG00000188817,7,#f45deb,SNTN
ENSG00000256229,0,#cccccc,ZNF486
ENSG00000090889,7,#f45deb,KIF4A
ENSG00000133401,7,#f45deb,PDZD2
ENSG00000224189,0,#cccccc,HAGLR
ENSG00000123243,7,#f45deb,ITIH5
ENSG00000158023,0,#cccccc,CFAP251
ENSG00000211664,2,#c69432,IGLV2-18
ENSG00000170775,0,#cccccc,GPR37
ENSG00000184343,0,#cccccc,SRPK3
ENSG00000171368,7,#f45deb,TPPP
ENSG00000135069,7,#f45deb,PSAT1
ENSG00000131747,7,#f45deb,TOP2A
ENSG00000186715,0,#cccccc,MST1L
ENSG00000134258,0,#cccccc,VTCN1
ENSG00000211448,0,#cccccc,DIO2
ENSG00000274002,0,#cccccc,AL135999.3
ENSG00000166736,0,#cccccc,HTR3A
ENSG00000164199,0,#cccccc,ADGRV1
ENSG00000067715,0,#cccccc,SYT1
ENSG00000145287,7,#f45deb,PLAC8
ENSG00000143502,0,#cccccc,SUSD4
ENSG00000112175,7,#f45deb,BMP5
ENSG00000105877,0,#cccccc,DNAH11
ENSG00000129654,0,#cccccc,FOXJ1
ENSG00000154153,7,#f45deb,RETREG1
ENSG00000178343,0,#cccccc,SHISA3
ENSG00000163406,7,#f45deb,SLC15A2
ENSG00000152952,0,#cccccc,PLOD2
ENSG00000174939,0,#cccccc,ASPHD1
ENSG00000168447,0,#cccccc,SCNN1B
ENSG00000171631,0,#cccccc,P2RY6
ENSG00000211655,1,#f77189,IGLV1-36
ENSG00000151892,7,#f45deb,GFRA1
ENSG00000122966,0,#cccccc,CIT
ENSG00000196205,0,#cccccc,EEF1A1P5
ENSG00000185924,7,#f45deb,RTN4RL1
ENSG00000198502,6,#8197f4,HLA-DRB5
ENSG00000117650,7,#f45deb,NEK2
ENSG00000211650,0,#cccccc,IGLV5-45
ENSG00000185008,7,#f45deb,ROBO2
ENSG00000139629,0,#cccccc,GALNT6
ENSG00000029993,7,#f45deb,HMGB3
ENSG00000107984,0,#cccccc,DKK1
ENSG00000256870,0,#cccccc,SLC5A8
ENSG00000175356,0,#cccccc,SCUBE2
ENSG00000286818,0,#cccccc,AC008496.3
ENSG00000178999,7,#f45deb,AURKB
ENSG00000211942,1,#f77189,IGHV3-13
ENSG00000165152,0,#cccccc,PGAP4
ENSG00000136002,0,#cccccc,ARHGEF4
ENSG00000171848,7,#f45deb,RRM2
ENSG00000145284,0,#cccccc,SCD5
ENSG00000143416,7,#f45deb,SELENBP1
ENSG00000188536,7,#f45deb,HBA2
ENSG00000163739,0,#cccccc,CXCL1
ENSG00000184347,7,#f45deb,SLIT3
ENSG00000171476,0,#cccccc,HOPX
ENSG00000145358,0,#cccccc,DDIT4L
ENSG00000275993,0,#cccccc,SIK1B
ENSG00000185686,7,#f45deb,PRAME
ENSG00000066279,7,#f45deb,ASPM
ENSG00000034053,0,#cccccc,APBA2
ENSG00000006047,7,#f45deb,YBX2
ENSG00000149043,0,#cccccc,SYT8
ENSG00000115641,0,#cccccc,FHL2
ENSG00000161905,7,#f45deb,ALOX15
ENSG00000120875,0,#cccccc,DUSP4
ENSG00000146670,7,#f45deb,CDCA5
ENSG00000198729,0,#cccccc,PPP1R14C
ENSG00000088836,0,#cccccc,SLC4A11
ENSG00000158966,7,#f45deb,CACHD1
ENSG00000231106,0,#cccccc,LINC01436
ENSG00000198598,0,#cccccc,MMP17
ENSG00000148773,7,#f45deb,MKI67
ENSG00000124466,0,#cccccc,LYPD3
ENSG00000092621,0,#cccccc,PHGDH
ENSG00000099954,0,#cccccc,CECR2
ENSG00000115361,7,#f45deb,ACADL
ENSG00000135476,7,#f45deb,ESPL1
ENSG00000183018,7,#f45deb,SPNS2
ENSG00000223350,0,#cccccc,IGLV9-49
ENSG00000166922,0,#cccccc,SCG5
ENSG00000138759,7,#f45deb,FRAS1
ENSG00000160183,0,#cccccc,TMPRSS3
ENSG00000143228,7,#f45deb,NUF2
ENSG00000141756,0,#cccccc,FKBP10
ENSG00000182795,0,#cccccc,C1orf116
ENSG00000008300,7,#f45deb,CELSR3
ENSG00000096696,7,#f45deb,DSP
ENSG00000133048,0,#cccccc,CHI3L1
ENSG00000141338,7,#f45deb,ABCA8
ENSG00000198807,0,#cccccc,PAX9
ENSG00000132329,0,#cccccc,RAMP1
ENSG00000131203,6,#8197f4,IDO1
ENSG00000169583,7,#f45deb,CLIC3
ENSG00000125968,0,#cccccc,ID1
ENSG00000106688,7,#f45deb,SLC1A1
ENSG00000163629,7,#f45deb,PTPN13
ENSG00000198286,0,#cccccc,CARD11
ENSG00000111799,0,#cccccc,COL12A1
ENSG00000146477,7,#f45deb,SLC22A3
ENSG00000155659,6,#8197f4,VSIG4
ENSG00000150556,0,#cccccc,LYPD6B
ENSG00000080618,7,#f45deb,CPB2
ENSG00000135744,0,#cccccc,AGT
ENSG00000117724,7,#f45deb,CENPF
ENSG00000178538,0,#cccccc,CA8
ENSG00000180535,0,#cccccc,BHLHA15
ENSG00000138180,7,#f45deb,CEP55
ENSG00000184985,0,#cccccc,SORCS2
ENSG00000129538,7,#f45deb,RNASE1
ENSG00000179913,7,#f45deb,B3GNT3
ENSG00000095739,0,#cccccc,BAMBI
ENSG00000172236,7,#f45deb,TPSAB1
ENSG00000024526,7,#f45deb,DEPDC1
ENSG00000126016,0,#cccccc,AMOT
ENSG00000094804,7,#f45deb,CDC6
ENSG00000170271,7,#f45deb,FAXDC2
ENSG00000197249,0,#cccccc,SERPINA1
ENSG00000154175,7,#f45deb,ABI3BP
ENSG00000163347,0,#cccccc,CLDN1
ENSG00000186377,0,#cccccc,CYP4X1
ENSG00000225783,0,#cccccc,MIAT
ENSG00000102934,7,#f45deb,PLLP
ENSG00000165124,7,#f45deb,SVEP1
ENSG00000165238,0,#cccccc,WNK2
ENSG00000153234,0,#cccccc,NR4A2
ENSG00000092969,0,#cccccc,TGFB2
ENSG00000278318,0,#cccccc,ZNF229
ENSG00000106366,0,#cccccc,SERPINE1
ENSG00000215018,0,#cccccc,COL28A1
ENSG00000166546,0,#cccccc,BEAN1
ENSG00000211952,1,#f77189,IGHV4-28
ENSG00000168743,7,#f45deb,NPNT
ENSG00000127831,0,#cccccc,VIL1
ENSG00000108846,0,#cccccc,ABCC3
ENSG00000162981,0,#cccccc,LRATD1
ENSG00000146674,0,#cccccc,IGFBP3
ENSG00000138207,7,#f45deb,RBP4
ENSG00000273032,0,#cccccc,DGCR5
ENSG00000138028,7,#f45deb,CGREF1
ENSG00000124749,0,#cccccc,COL21A1
ENSG00000114854,7,#f45deb,TNNC1
ENSG00000188039,7,#f45deb,NWD1
ENSG00000114248,0,#cccccc,LRRC31
ENSG00000172201,7,#f45deb,ID4
ENSG00000150893,0,#cccccc,FREM2
ENSG00000084110,0,#cccccc,HAL
ENSG00000165215,0,#cccccc,CLDN3
ENSG00000064655,0,#cccccc,EYA2
ENSG00000133216,0,#cccccc,EPHB2
ENSG00000182782,0,#cccccc,HCAR2
ENSG00000055118,0,#cccccc,KCNH2
ENSG00000259834,0,#cccccc,AL365361.1
ENSG00000163975,0,#cccccc,MELTF
ENSG00000138135,0,#cccccc,CH25H
ENSG00000132470,0,#cccccc,ITGB4
ENSG00000127954,0,#cccccc,STEAP4
ENSG00000196876,0,#cccccc,SCN8A
ENSG00000188153,0,#cccccc,COL4A5
ENSG00000211974,0,#cccccc,IGHV2-70D
ENSG00000144285,7,#f45deb,SCN1A
ENSG00000105929,0,#cccccc,ATP6V0A4
ENSG00000163884,0,#cccccc,KLF15
ENSG00000084710,0,#cccccc,EFR3B
ENSG00000106278,0,#cccccc,PTPRZ1
ENSG00000198915,0,#cccccc,RASGEF1A
ENSG00000094963,7,#f45deb,FMO2
ENSG00000038427,0,#cccccc,VCAN
ENSG00000102878,3,#82a931,HSF4
ENSG00000164171,0,#cccccc,ITGA2
ENSG00000118193,7,#f45deb,KIF14
ENSG00000170577,0,#cccccc,SIX2
ENSG00000132321,7,#f45deb,IQCA1
ENSG00000158270,6,#8197f4,COLEC12
ENSG00000150594,0,#cccccc,ADRA2A
ENSG00000140807,7,#f45deb,NKD1
ENSG00000123572,0,#cccccc,NRK
ENSG00000102359,0,#cccccc,SRPX2
ENSG00000214652,0,#cccccc,ZNF727
ENSG00000113448,0,#cccccc,PDE4D
ENSG00000157765,0,#cccccc,SLC34A2
ENSG00000112742,7,#f45deb,TTK
ENSG00000029153,0,#cccccc,ARNTL2
ENSG00000110492,7,#f45deb,MDK
ENSG00000126787,7,#f45deb,DLGAP5
ENSG00000170345,7,#f45deb,FOS
ENSG00000242371,1,#f77189,IGKV1-39
ENSG00000152580,7,#f45deb,IGSF10
ENSG00000143546,0,#cccccc,S100A8
ENSG00000115112,0,#cccccc,TFCP2L1
ENSG00000168497,7,#f45deb,CAVIN2
ENSG00000176945,0,#cccccc,MUC20
ENSG00000171714,7,#f45deb,ANO5
ENSG00000128342,0,#cccccc,LIF
ENSG00000187955,5,#37aabb,COL14A1
ENSG00000251546,1,#f77189,IGKV1D-39
ENSG00000104760,0,#cccccc,FGL1
ENSG00000170890,7,#f45deb,PLA2G1B
ENSG00000106804,0,#cccccc,C5
ENSG00000184828,7,#f45deb,ZBTB7C
ENSG00000148082,7,#f45deb,SHC3
ENSG00000235584,7,#f45deb,AC008268.1
ENSG00000196092,0,#cccccc,PAX5
ENSG00000277363,0,#cccccc,SRCIN1
ENSG00000224041,0,#cccccc,IGKV3D-15
ENSG00000118432,7,#f45deb,CNR1
ENSG00000158859,0,#cccccc,ADAMTS4
ENSG00000105131,0,#cccccc,EPHX3
ENSG00000131400,0,#cccccc,NAPSA
ENSG00000049540,7,#f45deb,ELN
ENSG00000060982,0,#cccccc,BCAT1
ENSG00000204792,0,#cccccc,LINC01291
ENSG00000171517,0,#cccccc,LPAR3
ENSG00000253368,0,#cccccc,TRNP1
ENSG00000182985,7,#f45deb,CADM1
ENSG00000071539,7,#f45deb,TRIP13
ENSG00000227097,0,#cccccc,RPS28P7
ENSG00000109805,7,#f45deb,NCAPG
ENSG00000115163,7,#f45deb,CENPA
ENSG00000197766,7,#f45deb,CFD
ENSG00000188833,0,#cccccc,ENTPD8
ENSG00000136943,7,#f45deb,CTSV
ENSG00000104951,2,#c69432,IL4I1
ENSG00000078018,0,#cccccc,MAP2
ENSG00000022267,7,#f45deb,FHL1
ENSG00000204839,0,#cccccc,MROH6
ENSG00000135549,0,#cccccc,PKIB
ENSG00000109255,7,#f45deb,NMU
ENSG00000211639,1,#f77189,IGLV4-60
ENSG00000125798,0,#cccccc,FOXA2
ENSG00000181409,7,#f45deb,AATK
ENSG00000162949,0,#cccccc,CAPN13
ENSG00000164741,7,#f45deb,DLC1
ENSG00000162545,0,#cccccc,CAMK2N1
ENSG00000168542,0,#cccccc,COL3A1
ENSG00000043591,7,#f45deb,ADRB1
ENSG00000055732,0,#cccccc,MCOLN3
ENSG00000127585,0,#cccccc,FBXL16
ENSG00000105974,7,#f45deb,CAV1
ENSG00000105376,0,#cccccc,ICAM5
ENSG00000130821,0,#cccccc,SLC6A8
ENSG00000137959,0,#cccccc,IFI44L
ENSG00000120885,7,#f45deb,CLU
ENSG00000237649,7,#f45deb,KIFC1
ENSG00000204950,0,#cccccc,LRRC10B
ENSG00000136542,7,#f45deb,GALNT5
ENSG00000176907,0,#cccccc,TCIM
ENSG00000175265,4,#34af8a,GOLGA8A
ENSG00000153823,7,#f45deb,PID1
ENSG00000248890,7,#f45deb,HHIP-AS1
ENSG00000169248,0,#cccccc,CXCL11
ENSG00000165905,0,#cccccc,LARGE2
ENSG00000215217,7,#f45deb,C5orf49
ENSG00000124215,0,#cccccc,CDH26
ENSG00000065328,7,#f45deb,MCM10
ENSG00000164690,0,#cccccc,SHH
ENSG00000147697,0,#cccccc,GSDMC
ENSG00000197261,0,#cccccc,C6orf141
ENSG00000001084,0,#cccccc,GCLC
ENSG00000181085,0,#cccccc,MAPK15
ENSG00000125845,7,#f45deb,BMP2
ENSG00000068489,7,#f45deb,PRR11
ENSG00000203727,0,#cccccc,SAMD5
ENSG00000176771,7,#f45deb,NCKAP5
ENSG00000168329,7,#f45deb,CX3CR1
ENSG00000004838,7,#f45deb,ZMYND10
ENSG00000169302,0,#cccccc,STK32A
ENSG00000137807,7,#f45deb,KIF23
ENSG00000145386,7,#f45deb,CCNA2
ENSG00000011201,7,#f45deb,ANOS1
ENSG00000168078,7,#f45deb,PBK
ENSG00000204175,7,#f45deb,GPRIN2
ENSG00000103089,0,#cccccc,FA2H
ENSG00000167900,7,#f45deb,TK1
ENSG00000156535,0,#cccccc,CD109
ENSG00000213937,0,#cccccc,CLDN9
ENSG00000167588,7,#f45deb,GPD1
ENSG00000101104,3,#82a931,PABPC1L
ENSG00000065320,0,#cccccc,NTN1
ENSG00000148344,7,#f45deb,PTGES
ENSG00000276547,0,#cccccc,PCDHGB5
ENSG00000267640,0,#cccccc,AC016582.3
ENSG00000198732,0,#cccccc,SMOC1
ENSG00000136244,0,#cccccc,IL6
ENSG00000226777,2,#c69432,FAM30A
ENSG00000101443,0,#cccccc,WFDC2
ENSG00000153162,0,#cccccc,BMP6
ENSG00000128578,7,#f45deb,STRIP2
ENSG00000128594,7,#f45deb,LRRC4
ENSG00000183036,0,#cccccc,PCP4
ENSG00000116141,0,#cccccc,MARK1
ENSG00000181374,0,#cccccc,CCL13
ENSG00000231205,0,#cccccc,ZNF826P
ENSG00000174938,0,#cccccc,SEZ6L2
ENSG00000211970,0,#cccccc,IGHV4-61
ENSG00000154330,7,#f45deb,PGM5
ENSG00000109472,0,#cccccc,CPE
ENSG00000115523,6,#8197f4,GNLY
ENSG00000137033,7,#f45deb,IL33
ENSG00000124491,6,#8197f4,F13A1
ENSG00000181617,0,#cccccc,FDCSP
ENSG00000158486,0,#cccccc,DNAH3
ENSG00000087586,7,#f45deb,AURKA
ENSG00000164749,0,#cccccc,HNF4G
ENSG00000121152,7,#f45deb,NCAPH
ENSG00000179813,7,#f45deb,FAM216B
ENSG00000163239,0,#cccccc,TDRD10
ENSG00000185156,0,#cccccc,MFSD6L
ENSG00000160883,6,#8197f4,HK3
ENSG00000038945,6,#8197f4,MSR1
ENSG00000131781,0,#cccccc,FMO5
ENSG00000111344,0,#cccccc,RASAL1
ENSG00000253451,1,#f77189,IGLV2-28
ENSG00000229391,6,#8197f4,HLA-DRB6
ENSG00000198074,0,#cccccc,AKR1B10
ENSG00000204060,0,#cccccc,FOXO6
ENSG00000179023,0,#cccccc,KLHDC7A
ENSG00000138696,0,#cccccc,BMPR1B
ENSG00000204262,0,#cccccc,COL5A2
ENSG00000131711,0,#cccccc,MAP1B
ENSG00000144354,7,#f45deb,CDCA7
ENSG00000135218,7,#f45deb,CD36
ENSG00000211611,0,#cccccc,IGKV6-21
ENSG00000170522,0,#cccccc,ELOVL6
ENSG00000112541,0,#cccccc,PDE10A
ENSG00000262943,0,#cccccc,ALOX12P2
ENSG00000183248,0,#cccccc,PRR36
ENSG00000136826,0,#cccccc,KLF4
ENSG00000165269,0,#cccccc,AQP7
ENSG00000133110,0,#cccccc,POSTN
ENSG00000076864,0,#cccccc,RAP1GAP
ENSG00000134824,0,#cccccc,FADS2
ENSG00000170312,7,#f45deb,CDK1
ENSG00000163017,7,#f45deb,ACTG2
ENSG00000104237,7,#f45deb,RP1
ENSG00000124602,0,#cccccc,UNC5CL
ENSG00000183317,0,#cccccc,EPHA10
ENSG00000101194,0,#cccccc,SLC17A9
ENSG00000133067,0,#cccccc,LGR6
ENSG00000134057,7,#f45deb,CCNB1
ENSG00000168679,0,#cccccc,SLC16A4
ENSG00000132965,6,#8197f4,ALOX5AP
ENSG00000073792,0,#cccccc,IGF2BP2
ENSG00000173894,7,#f45deb,CBX2
ENSG00000171124,0,#cccccc,FUT3
ENSG00000169607,7,#f45deb,CKAP2L
ENSG00000116661,0,#cccccc,FBXO2
ENSG00000184156,0,#cccccc,KCNQ3
ENSG00000204252,6,#8197f4,HLA-DOA
ENSG00000127129,0,#cccccc,EDN2
ENSG00000137727,0,#cccccc,ARHGAP20
ENSG00000230006,0,#cccccc,ANKRD36BP2
ENSG00000138722,7,#f45deb,MMRN1
ENSG00000203709,0,#cccccc,MIR29B2CHG
ENSG00000235098,0,#cccccc,ANKRD65
ENSG00000173210,7,#f45deb,ABLIM3
ENSG00000167767,0,#cccccc,KRT80
ENSG00000066468,7,#f45deb,FGFR2
ENSG00000103811,7,#f45deb,CTSH
ENSG00000140279,0,#cccccc,DUOX2
ENSG00000211972,0,#cccccc,IGHV3-66
ENSG00000228340,0,#cccccc,MIR646HG
ENSG00000142494,7,#f45deb,SLC47A1
ENSG00000085552,7,#f45deb,IGSF9
ENSG00000211968,0,#cccccc,IGHV1-58
ENSG00000169679,7,#f45deb,BUB1
ENSG00000173947,7,#f45deb,PIFO
ENSG00000281406,0,#cccccc,BLACAT1
ENSG00000213988,0,#cccccc,ZNF90
ENSG00000225698,2,#c69432,IGHV3-72
ENSG00000175544,0,#cccccc,CABP4
ENSG00000256151,0,#cccccc,ADGRD1-AS1
ENSG00000142583,1,#f77189,SLC2A5
ENSG00000137261,0,#cccccc,KIAA0319
ENSG00000162004,0,#cccccc,CCDC78
ENSG00000135643,0,#cccccc,KCNMB4
ENSG00000165810,7,#f45deb,BTNL9
ENSG00000117525,0,#cccccc,F3
ENSG00000162543,0,#cccccc,UBXN10
ENSG00000163145,7,#f45deb,C1QTNF7
ENSG00000151651,0,#cccccc,ADAM8
ENSG00000157456,7,#f45deb,CCNB2
ENSG00000169213,0,#cccccc,RAB3B
ENSG00000204949,7,#f45deb,FAM83A-AS1
ENSG00000171388,0,#cccccc,APLN
ENSG00000166851,7,#f45deb,PLK1
ENSG00000077943,7,#f45deb,ITGA8
ENSG00000112902,7,#f45deb,SEMA5A
ENSG00000075218,7,#f45deb,GTSE1
ENSG00000152128,0,#cccccc,TMEM163
ENSG00000158220,0,#cccccc,ESYT3
ENSG00000134013,0,#cccccc,LOXL2
ENSG00000166123,0,#cccccc,GPT2
ENSG00000080986,7,#f45deb,NDC80
ENSG00000144485,0,#cccccc,HES6
ENSG00000186193,7,#f45deb,SAPCD2
ENSG00000237289,0,#cccccc,CKMT1B
ENSG00000168481,7,#f45deb,LGI3
ENSG00000169715,0,#cccccc,MT1E
ENSG00000157613,0,#cccccc,CREB3L1
ENSG00000127564,7,#f45deb,PKMYT1
ENSG00000180229,0,#cccccc,HERC2P3
ENSG00000163485,0,#cccccc,ADORA1
ENSG00000103269,0,#cccccc,RHBDL1
ENSG00000188959,0,#cccccc,C9orf152
ENSG00000141527,0,#cccccc,CARD14
ENSG00000165309,7,#f45deb,ARMC3
ENSG00000149534,7,#f45deb,MS4A2
ENSG00000162849,0,#cccccc,KIF26B
ENSG00000163923,7,#f45deb,RPL39L
ENSG00000183856,7,#f45deb,IQGAP3
ENSG00000135063,7,#f45deb,FAM189A2
ENSG00000165949,0,#cccccc,IFI27
ENSG00000134775,0,#cccccc,FHOD3
ENSG00000185745,0,#cccccc,IFIT1
ENSG00000187260,0,#cccccc,WDR86
ENSG00000064195,0,#cccccc,DLX3
ENSG00000188783,7,#f45deb,PRELP
ENSG00000211632,1,#f77189,IGKV3D-11
ENSG00000111665,7,#f45deb,CDCA3
ENSG00000130635,0,#cccccc,COL5A1
ENSG00000101187,0,#cccccc,SLCO4A1
ENSG00000167513,7,#f45deb,CDT1
ENSG00000120457,7,#f45deb,KCNJ5
ENSG00000198734,0,#cccccc,F5
ENSG00000156413,0,#cccccc,FUT6
ENSG00000183914,0,#cccccc,DNAH2
ENSG00000137672,7,#f45deb,TRPC6
ENSG00000105290,0,#cccccc,APLP1
ENSG00000081052,7,#f45deb,COL4A4
ENSG00000175287,7,#f45deb,PHYHD1
ENSG00000189221,0,#cccccc,MAOA
ENSG00000185986,0,#cccccc,SDHAP3
ENSG00000180543,0,#cccccc,TSPYL5
ENSG00000189366,0,#cccccc,ALG1L
ENSG00000146555,0,#cccccc,SDK1
ENSG00000154451,6,#8197f4,GBP5
ENSG00000162366,0,#cccccc,PDZK1IP1
ENSG00000128591,0,#cccccc,FLNC
ENSG00000170500,0,#cccccc,LONRF2
ENSG00000166825,0,#cccccc,ANPEP
ENSG00000099958,1,#f77189,DERL3
ENSG00000225138,0,#cccccc,SLC9A3-AS1
ENSG00000196208,0,#cccccc,GREB1
ENSG00000163083,0,#cccccc,INHBB
ENSG00000137077,0,#cccccc,CCL21
ENSG00000132749,7,#f45deb,TESMIN
ENSG00000157214,0,#cccccc,STEAP2
ENSG00000177133,0,#cccccc,PRDM16-DT
ENSG00000007516,0,#cccccc,BAIAP3
ENSG00000167157,0,#cccccc,PRRX2
ENSG00000134569,0,#cccccc,LRP4
ENSG00000156970,7,#f45deb,BUB1B
ENSG00000204291,0,#cccccc,COL15A1
ENSG00000178568,7,#f45deb,ERBB4
ENSG00000167476,0,#cccccc,JSRP1
ENSG00000164237,0,#cccccc,CMBL
ENSG00000164283,0,#cccccc,ESM1
ENSG00000131435,0,#cccccc,PDLIM4
ENSG00000120738,7,#f45deb,EGR1
ENSG00000272636,0,#cccccc,DOC2B
ENSG00000134690,7,#f45deb,CDCA8
ENSG00000170801,0,#cccccc,HTRA3
ENSG00000138308,0,#cccccc,PLA2G12B
ENSG00000101447,7,#f45deb,FAM83D
ENSG00000187889,0,#cccccc,FYB2
ENSG00000168389,7,#f45deb,MFSD2A
ENSG00000188818,0,#cccccc,ZDHHC11
ENSG00000138356,0,#cccccc,AOX1
ENSG00000166126,0,#cccccc,AMN
ENSG00000120129,7,#f45deb,DUSP1
ENSG00000183098,0,#cccccc,GPC6
ENSG00000129195,7,#f45deb,PIMREG
ENSG00000178773,0,#cccccc,CPNE7
ENSG00000215252,4,#34af8a,GOLGA8B
ENSG00000128268,7,#f45deb,MGAT3
ENSG00000076382,7,#f45deb,SPAG5
ENSG00000166405,7,#f45deb,RIC3
ENSG00000229314,0,#cccccc,ORM1
ENSG00000109339,7,#f45deb,MAPK10
ENSG00000107242,7,#f45deb,PIP5K1B
ENSG00000101825,0,#cccccc,MXRA5
ENSG00000035499,7,#f45deb,DEPDC1B
ENSG00000092529,4,#34af8a,CAPN3
ENSG00000204616,0,#cccccc,TRIM31
ENSG00000272398,0,#cccccc,CD24
ENSG00000130675,0,#cccccc,MNX1
ENSG00000186891,0,#cccccc,TNFRSF18
ENSG00000169083,7,#f45deb,AR
ENSG00000253671,0,#cccccc,AC027117.1
ENSG00000122863,0,#cccccc,CHST3
ENSG00000155761,0,#cccccc,SPAG17
ENSG00000072195,0,#cccccc,SPEG
ENSG00000080493,0,#cccccc,SLC4A4
ENSG00000196353,0,#cccccc,CPNE4
ENSG00000187957,0,#cccccc,DNER
ENSG00000144868,0,#cccccc,TMEM108
ENSG00000177181,0,#cccccc,RIMKLA
ENSG00000176092,0,#cccccc,CRYBG2
ENSG00000145536,0,#cccccc,ADAMTS16
ENSG00000132170,0,#cccccc,PPARG
ENSG00000189431,0,#cccccc,RASSF10
ENSG00000144278,0,#cccccc,GALNT13
ENSG00000160957,7,#f45deb,RECQL4
ENSG00000142449,0,#cccccc,FBN3
ENSG00000176788,0,#cccccc,BASP1
ENSG00000268119,0,#cccccc,AC010615.2
ENSG00000067057,7,#f45deb,PFKP
ENSG00000179344,6,#8197f4,HLA-DQB1
ENSG00000180287,0,#cccccc,PLD5
ENSG00000154188,7,#f45deb,ANGPT1
ENSG00000085265,6,#8197f4,FCN1
ENSG00000126709,0,#cccccc,IFI6
ENSG00000172752,7,#f45deb,COL6A5
ENSG00000172031,0,#cccccc,EPHX4
ENSG00000101144,0,#cccccc,BMP7
ENSG00000174640,7,#f45deb,SLCO2A1
ENSG00000121207,0,#cccccc,LRAT
ENSG00000131016,0,#cccccc,AKAP12
ENSG00000273301,0,#cccccc,AC016717.2
ENSG00000162552,0,#cccccc,WNT4
ENSG00000016402,0,#cccccc,IL20RA
ENSG00000221986,0,#cccccc,MYBPHL
ENSG00000048540,0,#cccccc,LMO3
ENSG00000165996,0,#cccccc,HACD1
ENSG00000188158,0,#cccccc,NHS
ENSG00000111058,7,#f45deb,ACSS3
ENSG00000005001,0,#cccccc,PRSS22
ENSG00000197748,7,#f45deb,CFAP43
ENSG00000093009,7,#f45deb,CDC45
ENSG00000141449,0,#cccccc,GREB1L
ENSG00000169750,7,#f45deb,RAC3
ENSG00000121898,0,#cccccc,CPXM2
ENSG00000184613,6,#8197f4,NELL2
ENSG00000111879,0,#cccccc,FAM184A
ENSG00000276043,7,#f45deb,UHRF1
ENSG00000114923,0,#cccccc,SLC4A3
ENSG00000225431,0,#cccccc,LINC01671
ENSG00000164509,0,#cccccc,IL31RA
ENSG00000105852,0,#cccccc,PON3
ENSG00000138778,7,#f45deb,CENPE
ENSG00000119508,7,#f45deb,NR4A3
ENSG00000205795,7,#f45deb,CYS1
ENSG00000159387,0,#cccccc,IRX6
ENSG00000175832,0,#cccccc,ETV4
ENSG00000105976,0,#cccccc,MET
ENSG00000164626,0,#cccccc,KCNK5
ENSG00000006468,7,#f45deb,ETV1
ENSG00000168685,6,#8197f4,IL7R
ENSG00000146122,7,#f45deb,DAAM2
ENSG00000158467,0,#cccccc,AHCYL2
ENSG00000115919,0,#cccccc,KYNU
ENSG00000228232,7,#f45deb,GAPDHP1
ENSG00000183287,7,#f45deb,CCBE1
ENSG00000064205,7,#f45deb,CCN5
ENSG00000106772,0,#cccccc,PRUNE2
ENSG00000224389,0,#cccccc,C4B
ENSG00000003436,0,#cccccc,TFPI
ENSG00000183682,0,#cccccc,BMP8A
ENSG00000198185,0,#cccccc,ZNF334
ENSG00000133687,0,#cccccc,TMTC1
ENSG00000100526,7,#f45deb,CDKN3
ENSG00000132932,7,#f45deb,ATP8A2
ENSG00000172379,7,#f45deb,ARNT2
ENSG00000128298,0,#cccccc,BAIAP2L2
ENSG00000229644,0,#cccccc,NAMPTP1
ENSG00000158481,7,#f45deb,CD1C
ENSG00000214548,0,#cccccc,MEG3
ENSG00000177272,6,#8197f4,KCNA3
ENSG00000101003,7,#f45deb,GINS1
ENSG00000118407,7,#f45deb,FILIP1
ENSG00000138769,0,#cccccc,CDKL2
ENSG00000078098,0,#cccccc,FAP
ENSG00000235162,0,#cccccc,C12orf75
ENSG00000100842,0,#cccccc,EFS
ENSG00000021645,0,#cccccc,NRXN3
ENSG00000113739,0,#cccccc,STC2
ENSG00000154556,0,#cccccc,SORBS2
ENSG00000197506,0,#cccccc,SLC28A3
ENSG00000160188,7,#f45deb,RSPH1
ENSG00000120833,7,#f45deb,SOCS2
ENSG00000105971,7,#f45deb,CAV2
ENSG00000196154,0,#cccccc,S100A4
ENSG00000100453,0,#cccccc,GZMB
ENSG00000276550,4,#34af8a,HERC2P2
ENSG00000187608,0,#cccccc,ISG15
ENSG00000174371,7,#f45deb,EXO1
ENSG00000106819,0,#cccccc,ASPN
ENSG00000058085,0,#cccccc,LAMC2
ENSG00000072571,7,#f45deb,HMMR
ENSG00000173369,6,#8197f4,C1QB
ENSG00000129910,0,#cccccc,CDH15
ENSG00000135114,0,#cccccc,OASL
ENSG00000121075,7,#f45deb,TBX4
ENSG00000143847,0,#cccccc,PPFIA4
ENSG00000039139,0,#cccccc,DNAH5
ENSG00000050555,7,#f45deb,LAMC3
ENSG00000249242,0,#cccccc,TMEM150C
ENSG00000166432,0,#cccccc,ZMAT1
ENSG00000149256,0,#cccccc,TENM4
ENSG00000286722,7,#f45deb,AC009244.1
ENSG00000148357,7,#f45deb,HMCN2
ENSG00000240671,1,#f77189,IGKV1-8
ENSG00000168772,0,#cccccc,CXXC4
ENSG00000175497,0,#cccccc,DPP10
ENSG00000115290,0,#cccccc,GRB14
ENSG00000243710,7,#f45deb,CFAP57
ENSG00000143196,6,#8197f4,DPT
ENSG00000128918,0,#cccccc,ALDH1A2
ENSG00000103257,7,#f45deb,SLC7A5
ENSG00000268388,7,#f45deb,FENDRR
ENSG00000158488,7,#f45deb,CD1E
ENSG00000026751,2,#c69432,SLAMF7
ENSG00000103034,0,#cccccc,NDRG4
ENSG00000137558,0,#cccccc,PI15
ENSG00000155066,0,#cccccc,PROM2
ENSG00000115226,0,#cccccc,FNDC4
ENSG00000115468,0,#cccccc,EFHD1
ENSG00000092850,7,#f45deb,TEKT2
ENSG00000169252,7,#f45deb,ADRB2
ENSG00000170323,7,#f45deb,FABP4
ENSG00000092929,0,#cccccc,UNC13D
ENSG00000113389,7,#f45deb,NPR3
ENSG00000197471,6,#8197f4,SPN
ENSG00000130208,6,#8197f4,APOC1
ENSG00000185760,0,#cccccc,KCNQ5
ENSG00000164109,7,#f45deb,MAD2L1
ENSG00000173372,6,#8197f4,C1QA
ENSG00000078401,7,#f45deb,EDN1
ENSG00000149260,0,#cccccc,CAPN5
ENSG00000136160,7,#f45deb,EDNRB
ENSG00000077152,7,#f45deb,UBE2T
ENSG00000142871,0,#cccccc,CCN1
ENSG00000114812,7,#f45deb,VIPR1
ENSG00000164611,7,#f45deb,PTTG1
ENSG00000221890,0,#cccccc,NPTXR
ENSG00000211445,7,#f45deb,GPX3
ENSG00000115602,7,#f45deb,IL1RL1
ENSG00000164692,0,#cccccc,COL1A2
ENSG00000141682,0,#cccccc,PMAIP1
ENSG00000137563,7,#f45deb,GGH
ENSG00000105374,6,#8197f4,NKG7
ENSG00000101213,0,#cccccc,PTK6
ENSG00000175318,0,#cccccc,GRAMD2A
ENSG00000050438,0,#cccccc,SLC4A8
ENSG00000160307,0,#cccccc,S100B
ENSG00000184226,7,#f45deb,PCDH9
ENSG00000133019,0,#cccccc,CHRM3
ENSG00000131471,7,#f45deb,AOC3
ENSG00000104267,7,#f45deb,CA2
ENSG00000051341,7,#f45deb,POLQ
ENSG00000152402,7,#f45deb,GUCY1A2
ENSG00000197614,0,#cccccc,MFAP5
ENSG00000148926,0,#cccccc,ADM
ENSG00000152661,0,#cccccc,GJA1
ENSG00000146530,0,#cccccc,VWDE
ENSG00000144908,0,#cccccc,ALDH1L1
ENSG00000132185,2,#c69432,FCRLA
ENSG00000092853,7,#f45deb,CLSPN
ENSG00000245532,0,#cccccc,NEAT1
ENSG00000167711,0,#cccccc,SERPINF2
ENSG00000271503,6,#8197f4,CCL5
ENSG00000153012,0,#cccccc,LGI2
ENSG00000177575,6,#8197f4,CD163
ENSG00000186684,0,#cccccc,CYP27C1
ENSG00000131910,0,#cccccc,NR0B2
ENSG00000004468,0,#cccccc,CD38
ENSG00000105219,0,#cccccc,CCNP
ENSG00000132561,0,#cccccc,MATN2
ENSG00000002587,0,#cccccc,HS3ST1
ENSG00000162493,5,#37aabb,PDPN
ENSG00000128683,0,#cccccc,GAD1
ENSG00000187837,0,#cccccc,H1-2
ENSG00000266714,0,#cccccc,MYO15B
ENSG00000266524,7,#f45deb,GDF10
ENSG00000110799,7,#f45deb,VWF
ENSG00000047597,0,#cccccc,XK
ENSG00000153347,7,#f45deb,FAM81B
ENSG00000151715,0,#cccccc,TMEM45B
ENSG00000171877,7,#f45deb,FRMD5
ENSG00000112984,7,#f45deb,KIF20A
ENSG00000088882,0,#cccccc,CPXM1
ENSG00000227507,0,#cccccc,LTB
ENSG00000158258,5,#37aabb,CLSTN2
ENSG00000125378,0,#cccccc,BMP4
ENSG00000104332,0,#cccccc,SFRP1
ENSG00000166278,0,#cccccc,C2
ENSG00000145147,7,#f45deb,SLIT2
ENSG00000181126,0,#cccccc,HLA-V
ENSG00000120262,7,#f45deb,CCDC170
ENSG00000117069,0,#cccccc,ST6GALNAC5
ENSG00000137285,0,#cccccc,TUBB2B
ENSG00000228221,0,#cccccc,LINC00578
ENSG00000244731,0,#cccccc,C4A
ENSG00000157423,7,#f45deb,HYDIN
ENSG00000079385,0,#cccccc,CEACAM1
ENSG00000180644,6,#8197f4,PRF1
ENSG00000101115,0,#cccccc,SALL4
ENSG00000139874,7,#f45deb,SSTR1
ENSG00000245750,0,#cccccc,DRAIC
ENSG00000149554,7,#f45deb,CHEK1
ENSG00000056998,0,#cccccc,GYG2
ENSG00000182175,0,#cccccc,RGMA
ENSG00000133488,7,#f45deb,SEC14L4
ENSG00000226051,0,#cccccc,ZNF503-AS1
ENSG00000120217,6,#8197f4,CD274
ENSG00000133083,0,#cccccc,DCLK1
ENSG00000127863,0,#cccccc,TNFRSF19
ENSG00000121039,0,#cccccc,RDH10
ENSG00000101311,0,#cccccc,FERMT1
ENSG00000170909,6,#8197f4,OSCAR
ENSG00000053918,0,#cccccc,KCNQ1
ENSG00000105894,7,#f45deb,PTN
ENSG00000185274,7,#f45deb,GALNT17
ENSG00000177494,6,#8197f4,ZBED2
ENSG00000177455,2,#c69432,CD19
ENSG00000138160,7,#f45deb,KIF11
ENSG00000140961,0,#cccccc,OSGIN1
ENSG00000159167,0,#cccccc,STC1
ENSG00000069535,7,#f45deb,MAOB
ENSG00000006118,7,#f45deb,TMEM132A
ENSG00000124875,0,#cccccc,CXCL6
ENSG00000204681,0,#cccccc,GABBR1
ENSG00000160593,6,#8197f4,JAML
ENSG00000136286,6,#8197f4,MYO1G
ENSG00000206195,7,#f45deb,DUXAP8
ENSG00000197496,0,#cccccc,SLC2A10
ENSG00000184012,0,#cccccc,TMPRSS2
ENSG00000177943,0,#cccccc,MAMDC4
ENSG00000203799,0,#cccccc,CCDC162P
ENSG00000095917,7,#f45deb,TPSD1
ENSG00000171564,0,#cccccc,FGB
ENSG00000147883,7,#f45deb,CDKN2B
ENSG00000251532,0,#cccccc,AC091849.2
ENSG00000188089,0,#cccccc,PLA2G4E
ENSG00000154839,7,#f45deb,SKA1
ENSG00000139211,0,#cccccc,AMIGO2
ENSG00000162817,0,#cccccc,C1orf115
ENSG00000008735,0,#cccccc,MAPK8IP2
ENSG00000179094,7,#f45deb,PER1
ENSG00000129682,0,#cccccc,FGF13
ENSG00000157388,0,#cccccc,CACNA1D
ENSG00000177508,0,#cccccc,IRX3
ENSG00000260265,0,#cccccc,LINC02562
ENSG00000188171,0,#cccccc,ZNF626
ENSG00000138772,0,#cccccc,ANXA3
ENSG00000233913,0,#cccccc,RPL10P9
ENSG00000117707,0,#cccccc,PROX1
ENSG00000167600,0,#cccccc,CYP2S1
ENSG00000135929,7,#f45deb,CYP27A1
ENSG00000196735,6,#8197f4,HLA-DQA1
ENSG00000075702,7,#f45deb,WDR62
ENSG00000008853,0,#cccccc,RHOBTB2
ENSG00000102962,0,#cccccc,CCL22
ENSG00000109674,7,#f45deb,NEIL3
ENSG00000130054,0,#cccccc,FAM155B
ENSG00000121769,0,#cccccc,FABP3
ENSG00000147642,0,#cccccc,SYBU
ENSG00000172828,0,#cccccc,CES3
ENSG00000171033,0,#cccccc,PKIA
ENSG00000162174,0,#cccccc,ASRGL1
ENSG00000142552,0,#cccccc,RCN3
ENSG00000151914,0,#cccccc,DST
ENSG00000128016,7,#f45deb,ZFP36
ENSG00000101916,6,#8197f4,TLR8
ENSG00000008441,7,#f45deb,NFIX
ENSG00000170231,0,#cccccc,FABP6
ENSG00000167702,0,#cccccc,KIFC2
ENSG00000276600,0,#cccccc,RAB7B
ENSG00000178752,0,#cccccc,ERFE
ENSG00000039537,7,#f45deb,C6
ENSG00000198774,0,#cccccc,RASSF9
ENSG00000111186,0,#cccccc,WNT5B
ENSG00000123201,0,#cccccc,GUCY1B2
ENSG00000172260,7,#f45deb,NEGR1
ENSG00000120093,0,#cccccc,HOXB3
ENSG00000162654,6,#8197f4,GBP4
ENSG00000105173,7,#f45deb,CCNE1
ENSG00000145569,7,#f45deb,OTULINL
ENSG00000104415,0,#cccccc,CCN4
ENSG00000114771,7,#f45deb,AADAC
ENSG00000214796,0,#cccccc,TUBA5P
ENSG00000182836,7,#f45deb,PLCXD3
ENSG00000172005,7,#f45deb,MAL
ENSG00000143341,7,#f45deb,HMCN1
ENSG00000130518,7,#f45deb,IQCN
ENSG00000125730,0,#cccccc,C3
ENSG00000163072,7,#f45deb,NOSTRIN
ENSG00000167771,7,#f45deb,RCOR2
ENSG00000214128,0,#cccccc,TMEM213
ENSG00000154099,7,#f45deb,DNAAF1
ENSG00000049249,0,#cccccc,TNFRSF9
ENSG00000147234,0,#cccccc,FRMPD3
ENSG00000175164,0,#cccccc,ABO
ENSG00000122952,7,#f45deb,ZWINT
ENSG00000134317,0,#cccccc,GRHL1
ENSG00000185101,0,#cccccc,ANO9
ENSG00000088827,6,#8197f4,SIGLEC1
ENSG00000111962,7,#f45deb,UST
ENSG00000176971,7,#f45deb,FIBIN
ENSG00000103569,6,#8197f4,AQP9
ENSG00000152049,0,#cccccc,KCNE4
ENSG00000069702,7,#f45deb,TGFBR3
ENSG00000186417,7,#f45deb,GLDN
ENSG00000196584,7,#f45deb,XRCC2
ENSG00000121005,0,#cccccc,CRISPLD1
ENSG00000166770,0,#cccccc,ZNF667-AS1
ENSG00000164825,0,#cccccc,DEFB1
ENSG00000175352,0,#cccccc,NRIP3
ENSG00000196159,7,#f45deb,FAT4
ENSG00000110848,6,#8197f4,CD69
ENSG00000175899,7,#f45deb,A2M
ENSG00000243063,1,#f77189,IGKV3-7
ENSG00000163734,0,#cccccc,CXCL3
ENSG00000090339,0,#cccccc,ICAM1
ENSG00000180155,0,#cccccc,LYNX1
ENSG00000158106,0,#cccccc,RHPN1
ENSG00000158321,0,#cccccc,AUTS2
ENSG00000132514,6,#8197f4,CLEC10A
ENSG00000203747,6,#8197f4,FCGR3A
ENSG00000277494,7,#f45deb,GPIHBP1
ENSG00000258227,0,#cccccc,CLEC5A
ENSG00000042980,0,#cccccc,ADAM28
ENSG00000121895,0,#cccccc,TMEM156
ENSG00000184113,7,#f45deb,CLDN5
ENSG00000227036,7,#f45deb,LINC00511
ENSG00000104723,0,#cccccc,TUSC3
ENSG00000206075,0,#cccccc,SERPINB5
ENSG00000178882,0,#cccccc,RFLNA
ENSG00000125775,0,#cccccc,SDCBP2
ENSG00000132704,0,#cccccc,FCRL2
ENSG00000154080,7,#f45deb,CHST9
ENSG00000151388,0,#cccccc,ADAMTS12
ENSG00000007174,7,#f45deb,DNAH9
ENSG00000156966,0,#cccccc,B3GNT7
ENSG00000181649,0,#cccccc,PHLDA2
ENSG00000228594,0,#cccccc,FNDC10
ENSG00000170786,0,#cccccc,SDR16C5
ENSG00000164176,0,#cccccc,EDIL3
ENSG00000172543,6,#8197f4,CTSW
ENSG00000169442,6,#8197f4,CD52
ENSG00000225217,0,#cccccc,HSPA7
ENSG00000169418,7,#f45deb,NPR1
ENSG00000140284,0,#cccccc,SLC27A2
ENSG00000182752,0,#cccccc,PAPPA
ENSG00000156968,0,#cccccc,MPV17L
ENSG00000012124,6,#8197f4,CD22
ENSG00000231389,6,#8197f4,HLA-DPA1
ENSG00000172572,0,#cccccc,PDE3A
ENSG00000274750,0,#cccccc,H3C6
ENSG00000162772,7,#f45deb,ATF3
ENSG00000165168,6,#8197f4,CYBB
ENSG00000123689,0,#cccccc,G0S2
ENSG00000141448,7,#f45deb,GATA6
ENSG00000101307,6,#8197f4,SIRPB1
ENSG00000122254,7,#f45deb,HS3ST2
ENSG00000145649,6,#8197f4,GZMA
ENSG00000158373,7,#f45deb,H2BC5
ENSG00000172322,6,#8197f4,CLEC12A
ENSG00000168952,7,#f45deb,STXBP6
ENSG00000163106,7,#f45deb,HPGDS
ENSG00000137819,0,#cccccc,PAQR5
ENSG00000140479,0,#cccccc,PCSK6
ENSG00000206190,6,#8197f4,ATP10A
ENSG00000131153,7,#f45deb,GINS2
ENSG00000239819,1,#f77189,IGKV1D-8
ENSG00000132854,0,#cccccc,KANK4
ENSG00000168077,7,#f45deb,SCARA3
ENSG00000182010,7,#f45deb,RTKN2
ENSG00000185100,0,#cccccc,ADSS1
ENSG00000215788,0,#cccccc,TNFRSF25
ENSG00000168209,0,#cccccc,DDIT4
ENSG00000139998,0,#cccccc,RAB15
ENSG00000154310,0,#cccccc,TNIK
ENSG00000165084,7,#f45deb,C8orf34
ENSG00000135925,0,#cccccc,WNT10A
ENSG00000229415,0,#cccccc,SFTA3
ENSG00000112562,0,#cccccc,SMOC2
ENSG00000090376,0,#cccccc,IRAK3
ENSG00000177191,0,#cccccc,B3GNT8
ENSG00000186973,7,#f45deb,FAM183A
ENSG00000163808,7,#f45deb,KIF15
ENSG00000137941,0,#cccccc,TTLL7
ENSG00000204385,0,#cccccc,SLC44A4
ENSG00000088002,0,#cccccc,SULT2B1
ENSG00000185950,0,#cccccc,IRS2
ENSG00000100234,7,#f45deb,TIMP3
ENSG00000159958,0,#cccccc,TNFRSF13C
ENSG00000153993,0,#cccccc,SEMA3D
ENSG00000153132,0,#cccccc,CLGN
ENSG00000104369,0,#cccccc,JPH1
ENSG00000162782,0,#cccccc,TDRD5
ENSG00000077942,5,#37aabb,FBLN1
ENSG00000184949,0,#cccccc,FAM227A
ENSG00000182667,5,#37aabb,NTM
ENSG00000118596,0,#cccccc,SLC16A7
ENSG00000108465,3,#82a931,CDK5RAP3
ENSG00000159189,6,#8197f4,C1QC
ENSG00000112559,0,#cccccc,MDFI
ENSG00000177098,7,#f45deb,SCN4B
ENSG00000227051,7,#f45deb,C14orf132
ENSG00000073605,0,#cccccc,GSDMB
ENSG00000164659,7,#f45deb,ELAPOR2
ENSG00000185052,0,#cccccc,SLC24A3
ENSG00000106003,0,#cccccc,LFNG
ENSG00000244300,0,#cccccc,GATA2-AS1
ENSG00000184454,0,#cccccc,NCMAP
ENSG00000156218,7,#f45deb,ADAMTSL3
ENSG00000196260,0,#cccccc,SFTA2
ENSG00000006534,0,#cccccc,ALDH3B1
ENSG00000189377,0,#cccccc,CXCL17
ENSG00000179750,0,#cccccc,APOBEC3B
ENSG00000213462,0,#cccccc,ERV3-1
ENSG00000180573,0,#cccccc,H2AC6
ENSG00000090104,6,#8197f4,RGS1
ENSG00000054598,0,#cccccc,FOXC1
ENSG00000113209,0,#cccccc,PCDHB5
ENSG00000092068,0,#cccccc,SLC7A8
ENSG00000213085,7,#f45deb,CFAP45
ENSG00000106089,7,#f45deb,STX1A
ENSG00000133321,0,#cccccc,PLAAT4
ENSG00000152137,7,#f45deb,HSPB8
ENSG00000148053,7,#f45deb,NTRK2
ENSG00000196126,6,#8197f4,HLA-DRB1
ENSG00000163507,7,#f45deb,CIP2A
ENSG00000273802,7,#f45deb,H2BC8
ENSG00000231292,1,#f77189,IGKV1OR2-108
ENSG00000172296,7,#f45deb,SPTLC3
ENSG00000069188,0,#cccccc,SDK2
ENSG00000138821,7,#f45deb,SLC39A8
ENSG00000127083,0,#cccccc,OMD
ENSG00000111341,7,#f45deb,MGP
ENSG00000149527,0,#cccccc,PLCH2
ENSG00000147041,0,#cccccc,SYTL5
ENSG00000172403,7,#f45deb,SYNPO2
ENSG00000013588,0,#cccccc,GPRC5A
ENSG00000197057,7,#f45deb,DTHD1
ENSG00000166165,0,#cccccc,CKB
ENSG00000049283,7,#f45deb,EPN3
ENSG00000167183,0,#cccccc,PRR15L
ENSG00000159588,0,#cccccc,CCDC17
ENSG00000125148,0,#cccccc,MT2A
ENSG00000162482,0,#cccccc,AKR7A3
ENSG00000129514,0,#cccccc,FOXA1
ENSG00000069764,0,#cccccc,PLA2G10
ENSG00000165795,7,#f45deb,NDRG2
ENSG00000151693,0,#cccccc,ASAP2
ENSG00000074211,0,#cccccc,PPP2R2C
ENSG00000167858,7,#f45deb,TEKT1
ENSG00000163563,6,#8197f4,MNDA
ENSG00000136048,7,#f45deb,DRAM1
ENSG00000034239,7,#f45deb,EFCAB1
ENSG00000154734,7,#f45deb,ADAMTS1
ENSG00000119771,7,#f45deb,KLHL29
ENSG00000143369,0,#cccccc,ECM1
ENSG00000162692,0,#cccccc,VCAM1
ENSG00000118523,7,#f45deb,CCN2
ENSG00000135678,7,#f45deb,CPM
ENSG00000104738,7,#f45deb,MCM4
ENSG00000153563,6,#8197f4,CD8A
ENSG00000164035,7,#f45deb,EMCN
ENSG00000137265,2,#c69432,IRF4
ENSG00000196878,0,#cccccc,LAMB3
ENSG00000160886,0,#cccccc,LY6K
ENSG00000100167,0,#cccccc,SEPTIN3
ENSG00000182240,0,#cccccc,BACE2
ENSG00000176920,0,#cccccc,FUT2
ENSG00000186007,0,#cccccc,LEMD1
ENSG00000006327,0,#cccccc,TNFRSF12A
ENSG00000254838,6,#8197f4,GVINP1
ENSG00000054690,0,#cccccc,PLEKHH1
ENSG00000102384,7,#f45deb,CENPI
ENSG00000250722,7,#f45deb,SELENOP
ENSG00000108823,7,#f45deb,SGCA
ENSG00000151725,7,#f45deb,CENPU
ENSG00000135127,0,#cccccc,BICDL1
ENSG00000178947,0,#cccccc,SMIM10L2A
ENSG00000169258,7,#f45deb,GPRIN1
ENSG00000180875,0,#cccccc,GREM2
ENSG00000260220,0,#cccccc,CCDC187
ENSG00000124212,5,#37aabb,PTGIS
ENSG00000198947,7,#f45deb,DMD
ENSG00000196155,0,#cccccc,PLEKHG4
ENSG00000171345,0,#cccccc,KRT19
ENSG00000100078,0,#cccccc,PLA2G3
ENSG00000172348,7,#f45deb,RCAN2
ENSG00000152284,0,#cccccc,TCF7L1
ENSG00000139318,0,#cccccc,DUSP6
ENSG00000154864,7,#f45deb,PIEZO2
ENSG00000140534,7,#f45deb,TICRR
ENSG00000166741,0,#cccccc,NNMT
ENSG00000204128,0,#cccccc,C2orf72
ENSG00000059804,0,#cccccc,SLC2A3
ENSG00000106078,7,#f45deb,COBL
ENSG00000234380,0,#cccccc,LINC01426
ENSG00000011465,7,#f45deb,DCN
ENSG00000165457,6,#8197f4,FOLR2
ENSG00000107562,5,#37aabb,CXCL12
ENSG00000254395,1,#f77189,IGHV4-55
ENSG00000165480,7,#f45deb,SKA3
ENSG00000240694,0,#cccccc,PNMA2
ENSG00000157502,0,#cccccc,PWWP3B
ENSG00000174950,0,#cccccc,CD164L2
ENSG00000158352,7,#f45deb,SHROOM4
ENSG00000255690,0,#cccccc,TRIL
ENSG00000073111,7,#f45deb,MCM2
ENSG00000137309,7,#f45deb,HMGA1
ENSG00000163082,0,#cccccc,SGPP2
ENSG00000130508,0,#cccccc,PXDN
ENSG00000101445,6,#8197f4,PPP1R16B
ENSG00000124406,0,#cccccc,ATP8A1
ENSG00000137491,6,#8197f4,SLCO2B1
ENSG00000171812,0,#cccccc,COL8A2
ENSG00000182472,0,#cccccc,CAPN12
ENSG00000186074,6,#8197f4,CD300LF
ENSG00000157856,7,#f45deb,DRC1
ENSG00000165171,0,#cccccc,METTL27
ENSG00000091651,7,#f45deb,ORC6
ENSG00000267519,0,#cccccc,AC020916.1
ENSG00000157833,7,#f45deb,GAREM2
ENSG00000131620,0,#cccccc,ANO1
ENSG00000185565,7,#f45deb,LSAMP
ENSG00000168658,7,#f45deb,VWA3B
ENSG00000143179,0,#cccccc,UCK2
ENSG00000091986,0,#cccccc,CCDC80
ENSG00000137812,7,#f45deb,KNL1
ENSG00000138316,0,#cccccc,ADAMTS14
ENSG00000189057,7,#f45deb,FAM111B
ENSG00000262655,7,#f45deb,SPON1
ENSG00000130176,7,#f45deb,CNN1
ENSG00000162409,0,#cccccc,PRKAA2
ENSG00000259495,0,#cccccc,AC016705.2
ENSG00000283526,0,#cccccc,PRRT1B
ENSG00000085840,7,#f45deb,ORC1
ENSG00000233695,0,#cccccc,GAS6-AS1
ENSG00000223865,6,#8197f4,HLA-DPB1
ENSG00000060140,7,#f45deb,STYK1
ENSG00000205611,0,#cccccc,LINC01597
ENSG00000006740,7,#f45deb,ARHGAP44
ENSG00000143850,0,#cccccc,PLEKHA6
ENSG00000128242,0,#cccccc,GAL3ST1
ENSG00000198523,5,#37aabb,PLN
ENSG00000258844,7,#f45deb,AL162511.1
ENSG00000198826,7,#f45deb,ARHGAP11A
ENSG00000180447,5,#37aabb,GAS1
ENSG00000046889,7,#f45deb,PREX2
ENSG00000163235,0,#cccccc,TGFA
ENSG00000079156,7,#f45deb,OSBPL6
ENSG00000184058,0,#cccccc,TBX1
ENSG00000184661,7,#f45deb,CDCA2
ENSG00000150471,0,#cccccc,ADGRL3
ENSG00000169116,0,#cccccc,PARM1
ENSG00000048462,1,#f77189,TNFRSF17
ENSG00000137872,7,#f45deb,SEMA6D
ENSG00000164855,0,#cccccc,TMEM184A
ENSG00000149328,0,#cccccc,GLB1L2
ENSG00000115461,0,#cccccc,IGFBP5
ENSG00000089692,0,#cccccc,LAG3
ENSG00000166927,6,#8197f4,MS4A7
ENSG00000139055,0,#cccccc,ERP27
ENSG00000041353,0,#cccccc,RAB27B
ENSG00000112852,0,#cccccc,PCDHB2
ENSG00000272668,0,#cccccc,AL590560.3
ENSG00000075618,0,#cccccc,FSCN1
ENSG00000133134,0,#cccccc,BEX2
ENSG00000088538,0,#cccccc,DOCK3
ENSG00000140285,5,#37aabb,FGF7
ENSG00000008226,7,#f45deb,DLEC1
ENSG00000162078,0,#cccccc,ZG16B
ENSG00000105997,0,#cccccc,HOXA3
ENSG00000129173,7,#f45deb,E2F8
ENSG00000182983,0,#cccccc,ZNF662
ENSG00000103534,0,#cccccc,TMC5
ENSG00000158246,7,#f45deb,TENT5B
ENSG00000152217,7,#f45deb,SETBP1
ENSG00000168754,0,#cccccc,FAM178B
ENSG00000102383,7,#f45deb,ZDHHC15
ENSG00000224397,6,#8197f4,PELATON
ENSG00000111834,7,#f45deb,RSPH4A
ENSG00000105011,7,#f45deb,ASF1B
ENSG00000223572,0,#cccccc,CKMT1A
ENSG00000105989,5,#37aabb,WNT2
ENSG00000121316,0,#cccccc,PLBD1
ENSG00000131080,7,#f45deb,EDA2R
ENSG00000133466,0,#cccccc,C1QTNF6
ENSG00000181458,0,#cccccc,TMEM45A
ENSG00000081237,6,#8197f4,PTPRC
ENSG00000178531,0,#cccccc,CTXN1
ENSG00000112137,7,#f45deb,PHACTR1
ENSG00000180596,0,#cccccc,H2BC4
ENSG00000167434,7,#f45deb,CA4
ENSG00000245848,7,#f45deb,CEBPA
ENSG00000181847,2,#c69432,TIGIT
ENSG00000161888,7,#f45deb,SPC24
ENSG00000113070,7,#f45deb,HBEGF
ENSG00000136014,0,#cccccc,USP44
ENSG00000084731,0,#cccccc,KIF3C
ENSG00000174175,7,#f45deb,SELP
ENSG00000130203,6,#8197f4,APOE
ENSG00000176170,0,#cccccc,SPHK1
ENSG00000109956,0,#cccccc,B3GAT1
ENSG00000173200,0,#cccccc,PARP15
ENSG00000140092,7,#f45deb,FBLN5
ENSG00000186205,0,#cccccc,MTARC1
ENSG00000125319,7,#f45deb,HROB
ENSG00000035664,7,#f45deb,DAPK2
ENSG00000117228,6,#8197f4,GBP1
ENSG00000101230,0,#cccccc,ISM1
ENSG00000185885,0,#cccccc,IFITM1
ENSG00000206538,5,#37aabb,VGLL3
ENSG00000119547,0,#cccccc,ONECUT2
ENSG00000105835,0,#cccccc,NAMPT
ENSG00000122641,0,#cccccc,INHBA
ENSG00000137801,0,#cccccc,THBS1
ENSG00000178038,0,#cccccc,ALS2CL
ENSG00000133800,7,#f45deb,LYVE1
ENSG00000159753,0,#cccccc,CARMIL2
ENSG00000227039,0,#cccccc,ITGB2-AS1
ENSG00000126353,6,#8197f4,CCR7
ENSG00000005379,0,#cccccc,TSPOAP1
ENSG00000237945,0,#cccccc,LINC00649
ENSG00000188883,0,#cccccc,KLRG2
ENSG00000148468,0,#cccccc,FAM171A1
ENSG00000255874,0,#cccccc,PRECSIT
ENSG00000167103,0,#cccccc,PIP5KL1
ENSG00000197479,0,#cccccc,PCDHB11
ENSG00000197928,0,#cccccc,ZNF677
ENSG00000127990,0,#cccccc,SGCE
ENSG00000188257,0,#cccccc,PLA2G2A
ENSG00000187479,7,#f45deb,C11orf96
ENSG00000152669,0,#cccccc,CCNO
ENSG00000186818,6,#8197f4,LILRB4
ENSG00000012779,6,#8197f4,ALOX5
ENSG00000106123,7,#f45deb,EPHB6
ENSG00000116285,0,#cccccc,ERRFI1
ENSG00000169436,0,#cccccc,COL22A1
ENSG00000198695,0,#cccccc,MT-ND6
ENSG00000135094,0,#cccccc,SDS
ENSG00000105479,0,#cccccc,CCDC114
ENSG00000018625,7,#f45deb,ATP1A2
ENSG00000158296,0,#cccccc,SLC13A3
ENSG00000075826,4,#34af8a,SEC31B
ENSG00000144824,0,#cccccc,PHLDB2
ENSG00000171051,6,#8197f4,FPR1
ENSG00000070404,0,#cccccc,FSTL3
ENSG00000142149,0,#cccccc,HUNK
ENSG00000178726,7,#f45deb,THBD
ENSG00000163531,7,#f45deb,NFASC
ENSG00000132517,0,#cccccc,SLC52A1
ENSG00000072133,0,#cccccc,RPS6KA6
ENSG00000188404,6,#8197f4,SELL
ENSG00000106624,0,#cccccc,AEBP1
ENSG00000104892,0,#cccccc,KLC3
ENSG00000189334,0,#cccccc,S100A14
ENSG00000064309,0,#cccccc,CDON
ENSG00000115085,6,#8197f4,ZAP70
ENSG00000261150,0,#cccccc,EPPK1
ENSG00000187583,0,#cccccc,PLEKHN1
ENSG00000152527,7,#f45deb,PLEKHH2
ENSG00000164251,0,#cccccc,F2RL1
ENSG00000157992,0,#cccccc,KRTCAP3
ENSG00000132031,7,#f45deb,MATN3
ENSG00000136689,0,#cccccc,IL1RN
ENSG00000100181,0,#cccccc,TPTEP1
ENSG00000139263,0,#cccccc,LRIG3
ENSG00000183813,6,#8197f4,CCR4
ENSG00000132744,0,#cccccc,ACY3
ENSG00000117114,7,#f45deb,ADGRL2
ENSG00000163431,7,#f45deb,LMOD1
ENSG00000183780,0,#cccccc,SLC35F3
ENSG00000072858,0,#cccccc,SIDT1
ENSG00000285933,0,#cccccc,AP003498.2
ENSG00000073737,0,#cccccc,DHRS9
ENSG00000176842,0,#cccccc,IRX5
ENSG00000161682,0,#cccccc,FAM171A2
ENSG00000130653,0,#cccccc,PNPLA7
ENSG00000135917,7,#f45deb,SLC19A3
ENSG00000082497,0,#cccccc,SERTAD4
ENSG00000188452,0,#cccccc,CERKL
ENSG00000148677,7,#f45deb,ANKRD1
ENSG00000171766,0,#cccccc,GATM
ENSG00000183742,0,#cccccc,MACC1
ENSG00000117122,0,#cccccc,MFAP2
ENSG00000183690,0,#cccccc,EFHC2
ENSG00000135919,0,#cccccc,SERPINE2
ENSG00000107742,7,#f45deb,SPOCK2
ENSG00000166428,0,#cccccc,PLD4
ENSG00000211772,6,#8197f4,TRBC2
ENSG00000143845,0,#cccccc,ETNK2
ENSG00000163359,0,#cccccc,COL6A3
ENSG00000185090,0,#cccccc,MANEAL
ENSG00000091129,0,#cccccc,NRCAM
ENSG00000114446,0,#cccccc,IFT57
ENSG00000106034,6,#8197f4,CPED1
ENSG00000204618,0,#cccccc,RNF39
ENSG00000287263,0,#cccccc,AC008875.3
ENSG00000163520,0,#cccccc,FBLN2
ENSG00000177707,0,#cccccc,NECTIN3
ENSG00000152926,0,#cccccc,ZNF117
ENSG00000143882,0,#cccccc,ATP6V1C2
ENSG00000171385,7,#f45deb,KCND3
ENSG00000230438,0,#cccccc,SERPINB9P1
ENSG00000005844,6,#8197f4,ITGAL
ENSG00000267795,0,#cccccc,SMIM22
ENSG00000157168,7,#f45deb,NRG1
ENSG00000138162,0,#cccccc,TACC2
ENSG00000008323,0,#cccccc,PLEKHG6
ENSG00000154764,0,#cccccc,WNT7A
ENSG00000085999,7,#f45deb,RAD54L
ENSG00000131386,5,#37aabb,GALNT15
ENSG00000130768,0,#cccccc,SMPDL3B
ENSG00000172794,0,#cccccc,RAB37
ENSG00000147443,6,#8197f4,DOK2
ENSG00000102802,0,#cccccc,MEDAG
ENSG00000114646,0,#cccccc,CSPG5
ENSG00000172818,0,#cccccc,OVOL1
ENSG00000100918,0,#cccccc,REC8
ENSG00000283907,0,#cccccc,AD000090.1
ENSG00000100979,0,#cccccc,PLTP
ENSG00000099812,0,#cccccc,MISP
ENSG00000124942,7,#f45deb,AHNAK
ENSG00000151882,0,#cccccc,CCL28
ENSG00000277734,6,#8197f4,TRAC
ENSG00000169432,0,#cccccc,SCN9A
ENSG00000114346,7,#f45deb,ECT2
ENSG00000251039,0,#cccccc,IGKV2D-40
ENSG00000204335,0,#cccccc,SP5
ENSG00000130224,7,#f45deb,LRCH2
ENSG00000143819,0,#cccccc,EPHX1
ENSG00000003137,0,#cccccc,CYP26B1
ENSG00000143382,6,#8197f4,ADAMTSL4
ENSG00000128052,0,#cccccc,KDR
ENSG00000133640,7,#f45deb,LRRIQ1
ENSG00000110693,0,#cccccc,SOX6
ENSG00000111859,7,#f45deb,NEDD9
ENSG00000105707,0,#cccccc,HPN
ENSG00000113594,7,#f45deb,LIFR
ENSG00000170837,0,#cccccc,GPR27
ENSG00000254709,1,#f77189,IGLL5
ENSG00000204287,6,#8197f4,HLA-DRA
ENSG00000228526,0,#cccccc,MIR34AHG
ENSG00000144642,7,#f45deb,RBMS3
ENSG00000184678,0,#cccccc,H2BC21
ENSG00000061656,7,#f45deb,SPAG4
ENSG00000137571,0,#cccccc,SLCO5A1
ENSG00000104368,0,#cccccc,PLAT
ENSG00000068831,6,#8197f4,RASGRP2
ENSG00000100473,7,#f45deb,COCH
ENSG00000044524,0,#cccccc,EPHA3
ENSG00000138061,0,#cccccc,CYP1B1
ENSG00000135046,0,#cccccc,ANXA1
ENSG00000152583,7,#f45deb,SPARCL1
ENSG00000105967,6,#8197f4,TFEC
ENSG00000136492,7,#f45deb,BRIP1
ENSG00000108106,7,#f45deb,UBE2S
ENSG00000142627,0,#cccccc,EPHA2
ENSG00000166803,7,#f45deb,PCLAF
ENSG00000090539,0,#cccccc,CHRD
ENSG00000185761,0,#cccccc,ADAMTSL5
ENSG00000152270,0,#cccccc,PDE3B
ENSG00000258545,7,#f45deb,RHOXF1-AS1
ENSG00000124772,1,#f77189,CPNE5
ENSG00000185269,0,#cccccc,NOTUM
ENSG00000139970,6,#8197f4,RTN1
ENSG00000153707,7,#f45deb,PTPRD
ENSG00000136059,0,#cccccc,VILL
ENSG00000186188,7,#f45deb,FFAR4
ENSG00000179583,6,#8197f4,CIITA
ENSG00000128165,0,#cccccc,ADM2
ENSG00000137267,0,#cccccc,TUBB2A
ENSG00000125869,0,#cccccc,LAMP5
ENSG00000155792,0,#cccccc,DEPTOR
ENSG00000050344,0,#cccccc,NFE2L3
ENSG00000188747,0,#cccccc,NOXA1
ENSG00000119938,0,#cccccc,PPP1R3C
ENSG00000178826,7,#f45deb,TMEM139
ENSG00000170579,0,#cccccc,DLGAP1
ENSG00000196407,0,#cccccc,THEM5
ENSG00000127920,7,#f45deb,GNG11
ENSG00000171522,6,#8197f4,PTGER4
ENSG00000114790,7,#f45deb,ARHGEF26
ENSG00000101282,7,#f45deb,RSPO4
ENSG00000122188,2,#c69432,LAX1
ENSG00000173621,0,#cccccc,LRFN4
ENSG00000159208,0,#cccccc,CIART
ENSG00000185483,7,#f45deb,ROR1
ENSG00000144837,0,#cccccc,PLA1A
ENSG00000223705,3,#82a931,NSUN5P1
ENSG00000196739,0,#cccccc,COL27A1
ENSG00000107281,0,#cccccc,NPDC1
ENSG00000243742,0,#cccccc,RPLP0P2
ENSG00000031081,7,#f45deb,ARHGAP31
ENSG00000186871,7,#f45deb,ERCC6L
ENSG00000188643,0,#cccccc,S100A16
ENSG00000169255,0,#cccccc,B3GALNT1
ENSG00000141526,0,#cccccc,SLC16A3
ENSG00000111247,7,#f45deb,RAD51AP1
ENSG00000218336,0,#cccccc,TENM3
ENSG00000198542,5,#37aabb,ITGBL1
ENSG00000109610,7,#f45deb,SOD3
ENSG00000142632,0,#cccccc,ARHGEF19
ENSG00000183049,0,#cccccc,CAMK1D
ENSG00000125966,0,#cccccc,MMP24
ENSG00000230882,0,#cccccc,AC005077.4
ENSG00000141639,0,#cccccc,MAPK4
ENSG00000164877,0,#cccccc,MICALL2
ENSG00000237686,7,#f45deb,AL109615.3
ENSG00000275004,0,#cccccc,ZNF280B
ENSG00000116667,7,#f45deb,C1orf21
ENSG00000251562,0,#cccccc,MALAT1
ENSG00000125618,0,#cccccc,PAX8
ENSG00000071967,7,#f45deb,CYBRD1
ENSG00000182871,0,#cccccc,COL18A1
ENSG00000077274,0,#cccccc,CAPN6
ENSG00000241399,7,#f45deb,CD302
ENSG00000173209,3,#82a931,AHSA2P
ENSG00000181634,0,#cccccc,TNFSF15
ENSG00000111110,0,#cccccc,PPM1H
ENSG00000173727,7,#f45deb,AP000769.1
ENSG00000183087,7,#f45deb,GAS6
ENSG00000068650,0,#cccccc,ATP11A
ENSG00000115963,0,#cccccc,RND3
ENSG00000279662,7,#f45deb,AC131649.2
ENSG00000103175,7,#f45deb,WFDC1
ENSG00000170011,0,#cccccc,MYRIP
ENSG00000151490,6,#8197f4,PTPRO
ENSG00000118495,0,#cccccc,PLAGL1
ENSG00000158402,7,#f45deb,CDC25C
ENSG00000181690,0,#cccccc,PLAG1
ENSG00000159674,0,#cccccc,SPON2
ENSG00000153930,0,#cccccc,ANKFN1
ENSG00000150625,7,#f45deb,GPM6A
ENSG00000164949,0,#cccccc,GEM
ENSG00000184730,6,#8197f4,APOBR
ENSG00000002933,0,#cccccc,TMEM176A
ENSG00000146411,0,#cccccc,SLC2A12
ENSG00000164879,7,#f45deb,CA3
ENSG00000131018,7,#f45deb,SYNE1
ENSG00000049246,0,#cccccc,PER3
ENSG00000164920,0,#cccccc,OSR2
ENSG00000104213,0,#cccccc,PDGFRL
ENSG00000108700,0,#cccccc,CCL8
ENSG00000162878,0,#cccccc,PKDCC
ENSG00000064270,0,#cccccc,ATP2C2
ENSG00000144063,0,#cccccc,MALL
ENSG00000164687,0,#cccccc,FABP5
ENSG00000175463,6,#8197f4,TBC1D10C
ENSG00000128815,6,#8197f4,WDFY4
ENSG00000165816,0,#cccccc,VWA2
ENSG00000125538,6,#8197f4,IL1B
ENSG00000134533,7,#f45deb,RERG
ENSG00000169896,6,#8197f4,ITGAM
ENSG00000109654,0,#cccccc,TRIM2
ENSG00000163815,7,#f45deb,CLEC3B
ENSG00000243232,0,#cccccc,PCDHAC2
ENSG00000082397,6,#8197f4,EPB41L3
ENSG00000168243,0,#cccccc,GNG4
ENSG00000184500,7,#f45deb,PROS1
ENSG00000182481,7,#f45deb,KPNA2
ENSG00000198431,0,#cccccc,TXNRD1
ENSG00000186854,0,#cccccc,TRABD2A
ENSG00000170624,7,#f45deb,SGCD
ENSG00000159307,7,#f45deb,SCUBE1
ENSG00000154553,0,#cccccc,PDLIM3
ENSG00000010310,0,#cccccc,GIPR
ENSG00000154127,6,#8197f4,UBASH3B
ENSG00000131401,6,#8197f4,NAPSB
ENSG00000128039,0,#cccccc,SRD5A3
ENSG00000139044,0,#cccccc,B4GALNT3
ENSG00000182704,7,#f45deb,TSKU
ENSG00000110811,0,#cccccc,P3H3
ENSG00000143476,7,#f45deb,DTL
ENSG00000177685,0,#cccccc,CRACR2B
ENSG00000151623,7,#f45deb,NR3C2
ENSG00000115380,7,#f45deb,EFEMP1
ENSG00000109107,0,#cccccc,ALDOC
ENSG00000113263,6,#8197f4,ITK
ENSG00000215146,0,#cccccc,BX322639.1
ENSG00000170571,0,#cccccc,EMB
ENSG00000078596,7,#f45deb,ITM2A
ENSG00000156804,0,#cccccc,FBXO32
ENSG00000175793,0,#cccccc,SFN
ENSG00000106538,0,#cccccc,RARRES2
ENSG00000183111,7,#f45deb,ARHGEF37
ENSG00000169439,0,#cccccc,SDC2
ENSG00000269404,6,#8197f4,SPIB
ENSG00000187123,0,#cccccc,LYPD6
ENSG00000121858,0,#cccccc,TNFSF10
ENSG00000217801,0,#cccccc,AL390719.1
ENSG00000169515,0,#cccccc,CCDC8
ENSG00000130487,0,#cccccc,KLHDC7B
ENSG00000278828,7,#f45deb,H3C10
ENSG00000185070,0,#cccccc,FLRT2
ENSG00000171533,7,#f45deb,MAP6
ENSG00000116824,6,#8197f4,CD2
ENSG00000196352,0,#cccccc,CD55
ENSG00000140451,7,#f45deb,PIF1
ENSG00000198722,0,#cccccc,UNC13B
ENSG00000121552,6,#8197f4,CSTA
ENSG00000115648,0,#cccccc,MLPH
ENSG00000151790,0,#cccccc,TDO2
ENSG00000166106,7,#f45deb,ADAMTS15
ENSG00000175920,0,#cccccc,DOK7
ENSG00000188549,0,#cccccc,CCDC9B
ENSG00000150627,0,#cccccc,WDR17
ENSG00000242516,0,#cccccc,LINC00960
ENSG00000221947,0,#cccccc,XKR9
ENSG00000130988,7,#f45deb,RGN
ENSG00000092096,0,#cccccc,SLC22A17
ENSG00000198846,0,#cccccc,TOX
ENSG00000091262,0,#cccccc,ABCC6
ENSG00000182195,0,#cccccc,LDOC1
ENSG00000144802,0,#cccccc,NFKBIZ
ENSG00000115221,0,#cccccc,ITGB6
ENSG00000123095,6,#8197f4,BHLHE41
ENSG00000183486,0,#cccccc,MX2
ENSG00000198626,7,#f45deb,RYR2
ENSG00000127152,6,#8197f4,BCL11B
ENSG00000096060,0,#cccccc,FKBP5
ENSG00000148158,7,#f45deb,SNX30
ENSG00000142273,7,#f45deb,CBLC
ENSG00000155380,0,#cccccc,SLC16A1
ENSG00000159433,7,#f45deb,STARD9
ENSG00000162591,0,#cccccc,MEGF6
ENSG00000134827,0,#cccccc,TCN1
ENSG00000158406,0,#cccccc,H4C8
ENSG00000138834,3,#82a931,MAPK8IP3
ENSG00000115414,0,#cccccc,FN1
ENSG00000018280,6,#8197f4,SLC11A1
ENSG00000204482,6,#8197f4,LST1
ENSG00000106571,0,#cccccc,GLI3
ENSG00000144810,0,#cccccc,COL8A1
ENSG00000091831,0,#cccccc,ESR1
ENSG00000164746,0,#cccccc,C7orf57
ENSG00000145506,7,#f45deb,NKD2
ENSG00000145908,0,#cccccc,ZNF300
ENSG00000146267,0,#cccccc,FAXC
ENSG00000050030,0,#cccccc,NEXMIF
ENSG00000126878,0,#cccccc,AIF1L
ENSG00000203668,0,#cccccc,CHML
ENSG00000138449,7,#f45deb,SLC40A1
ENSG00000079931,0,#cccccc,MOXD1
ENSG00000135245,7,#f45deb,HILPDA
ENSG00000159388,7,#f45deb,BTG2
ENSG00000166670,0,#cccccc,MMP10
ENSG00000134460,2,#c69432,IL2RA
ENSG00000250786,7,#f45deb,SNHG18
ENSG00000106066,6,#8197f4,CPVL
ENSG00000249096,1,#f77189,LINC02362
ENSG00000186301,0,#cccccc,MST1P2
ENSG00000259820,0,#cccccc,AC083843.2
ENSG00000185432,7,#f45deb,METTL7A
ENSG00000115419,0,#cccccc,GLS
ENSG00000117226,0,#cccccc,GBP3
ENSG00000103056,0,#cccccc,SMPD3
ENSG00000238042,0,#cccccc,LINC02257
ENSG00000176293,0,#cccccc,ZNF135
ENSG00000140945,5,#37aabb,CDH13
ENSG00000127329,7,#f45deb,PTPRB
ENSG00000164946,0,#cccccc,FREM1
ENSG00000171241,7,#f45deb,SHCBP1
ENSG00000264112,0,#cccccc,AC015813.1
ENSG00000174099,7,#f45deb,MSRB3
ENSG00000101336,6,#8197f4,HCK
ENSG00000179388,7,#f45deb,EGR3
ENSG00000129009,0,#cccccc,ISLR
ENSG00000253563,0,#cccccc,NKX2-1-AS1
ENSG00000105609,6,#8197f4,LILRB5
ENSG00000154917,0,#cccccc,RAB6B
ENSG00000134508,0,#cccccc,CABLES1
ENSG00000167779,0,#cccccc,IGFBP6
ENSG00000137877,0,#cccccc,SPTBN5
ENSG00000095970,6,#8197f4,TREM2
ENSG00000169403,6,#8197f4,PTAFR
ENSG00000102243,0,#cccccc,VGLL1
ENSG00000196664,6,#8197f4,TLR7
ENSG00000233237,7,#f45deb,LINC00472
ENSG00000167123,0,#cccccc,CERCAM
ENSG00000146918,7,#f45deb,NCAPG2
ENSG00000184515,7,#f45deb,BEX5
ENSG00000151023,7,#f45deb,ENKUR
ENSG00000101412,7,#f45deb,E2F1
ENSG00000023445,0,#cccccc,BIRC3
ENSG00000166147,5,#37aabb,FBN1
ENSG00000116106,0,#cccccc,EPHA4
ENSG00000182621,0,#cccccc,PLCB1
ENSG00000184445,7,#f45deb,KNTC1
ENSG00000011600,6,#8197f4,TYROBP
ENSG00000171049,6,#8197f4,FPR2
ENSG00000099284,0,#cccccc,MACROH2A2
ENSG00000004777,0,#cccccc,ARHGAP33
ENSG00000074527,7,#f45deb,NTN4
ENSG00000140525,7,#f45deb,FANCI
ENSG00000203710,6,#8197f4,CR1
ENSG00000238105,4,#34af8a,GOLGA2P5
ENSG00000122877,6,#8197f4,EGR2
ENSG00000227195,0,#cccccc,MIR663AHG
ENSG00000181631,6,#8197f4,P2RY13
ENSG00000139289,0,#cccccc,PHLDA1
ENSG00000260711,0,#cccccc,AL121839.2
ENSG00000162576,0,#cccccc,MXRA8
ENSG00000170485,0,#cccccc,NPAS2
ENSG00000171747,0,#cccccc,LGALS4
ENSG00000113296,0,#cccccc,THBS4
ENSG00000198554,7,#f45deb,WDHD1
ENSG00000125266,0,#cccccc,EFNB2
ENSG00000182636,7,#f45deb,NDN
ENSG00000100450,6,#8197f4,GZMH
ENSG00000167653,0,#cccccc,PSCA
ENSG00000152779,7,#f45deb,SLC16A12
ENSG00000177679,0,#cccccc,SRRM3
ENSG00000099985,0,#cccccc,OSM
ENSG00000235997,7,#f45deb,LINC01936
ENSG00000154096,0,#cccccc,THY1
ENSG00000215915,0,#cccccc,ATAD3C
ENSG00000169126,7,#f45deb,ARMC4
ENSG00000087510,0,#cccccc,TFAP2C
ENSG00000054179,0,#cccccc,ENTPD2
ENSG00000147804,0,#cccccc,SLC39A4
ENSG00000121716,0,#cccccc,PILRB
ENSG00000214456,0,#cccccc,PLIN5
ENSG00000168502,0,#cccccc,MTCL1
ENSG00000134321,0,#cccccc,RSAD2
ENSG00000136250,6,#8197f4,AOAH
ENSG00000186810,6,#8197f4,CXCR3
ENSG00000177398,0,#cccccc,UMODL1
ENSG00000241244,1,#f77189,IGKV1D-16
ENSG00000172578,6,#8197f4,KLHL6
ENSG00000131773,0,#cccccc,KHDRBS3
ENSG00000134769,0,#cccccc,DTNA
ENSG00000184349,0,#cccccc,EFNA5
ENSG00000070731,7,#f45deb,ST6GALNAC2
ENSG00000132437,0,#cccccc,DDC
ENSG00000155966,7,#f45deb,AFF2
ENSG00000161800,7,#f45deb,RACGAP1
ENSG00000085276,0,#cccccc,MECOM
ENSG00000051180,7,#f45deb,RAD51
ENSG00000187840,7,#f45deb,EIF4EBP1
ENSG00000158315,0,#cccccc,RHBDL2
ENSG00000236345,0,#cccccc,SCAT8
ENSG00000129946,0,#cccccc,SHC2
ENSG00000163659,0,#cccccc,TIPARP
ENSG00000131037,0,#cccccc,EPS8L1
ENSG00000104490,7,#f45deb,NCALD
ENSG00000174123,0,#cccccc,TLR10
ENSG00000105464,0,#cccccc,GRIN2D
ENSG00000064651,0,#cccccc,SLC12A2
ENSG00000147138,6,#8197f4,GPR174
ENSG00000108691,6,#8197f4,CCL2
ENSG00000134363,0,#cccccc,FST
ENSG00000111913,6,#8197f4,RIPOR2
ENSG00000139910,0,#cccccc,NOVA1
ENSG00000086289,0,#cccccc,EPDR1
ENSG00000153395,0,#cccccc,LPCAT1
ENSG00000122778,0,#cccccc,KIAA1549
ENSG00000185499,0,#cccccc,MUC1
ENSG00000150722,0,#cccccc,PPP1R1C
ENSG00000176014,0,#cccccc,TUBB6
ENSG00000147036,0,#cccccc,LANCL3
ENSG00000137331,0,#cccccc,IER3
ENSG00000168405,0,#cccccc,CMAHP
ENSG00000048052,0,#cccccc,HDAC9
ENSG00000068615,7,#f45deb,REEP1
ENSG00000163687,7,#f45deb,DNASE1L3
ENSG00000198851,6,#8197f4,CD3E
ENSG00000140481,7,#f45deb,CCDC33
ENSG00000128573,0,#cccccc,FOXP2
ENSG00000166313,7,#f45deb,APBB1
ENSG00000100625,0,#cccccc,SIX4
ENSG00000137965,0,#cccccc,IFI44
ENSG00000211751,6,#8197f4,TRBC1
ENSG00000204991,0,#cccccc,SPIRE2
ENSG00000012048,7,#f45deb,BRCA1
ENSG00000115525,0,#cccccc,ST3GAL5
ENSG00000146072,0,#cccccc,TNFRSF21
ENSG00000091513,0,#cccccc,TF
ENSG00000184304,0,#cccccc,PRKD1
ENSG00000163462,0,#cccccc,TRIM46
ENSG00000121753,0,#cccccc,ADGRB2
ENSG00000078900,0,#cccccc,TP73
ENSG00000156802,7,#f45deb,ATAD2
ENSG00000198963,0,#cccccc,RORB
ENSG00000154678,7,#f45deb,PDE1C
ENSG00000140057,0,#cccccc,AK7
ENSG00000149380,0,#cccccc,P4HA3
ENSG00000224769,0,#cccccc,MUC20P1
ENSG00000095637,7,#f45deb,SORBS1
ENSG00000160932,0,#cccccc,LY6E
ENSG00000100321,0,#cccccc,SYNGR1
ENSG00000153291,0,#cccccc,SLC25A27
ENSG00000119969,7,#f45deb,HELLS
ENSG00000273151,0,#cccccc,AC073957.3
ENSG00000050165,7,#f45deb,DKK3
ENSG00000106236,0,#cccccc,NPTX2
ENSG00000185215,0,#cccccc,TNFAIP2
ENSG00000153789,7,#f45deb,CIBAR2
ENSG00000112139,7,#f45deb,MDGA1
ENSG00000118526,7,#f45deb,TCF21
ENSG00000137747,0,#cccccc,TMPRSS13
ENSG00000099194,0,#cccccc,SCD
ENSG00000117115,0,#cccccc,PADI2
ENSG00000119681,7,#f45deb,LTBP2
ENSG00000135540,7,#f45deb,NHSL1
ENSG00000173175,0,#cccccc,ADCY5
ENSG00000197457,0,#cccccc,STMN3
ENSG00000166816,0,#cccccc,LDHD
ENSG00000183346,7,#f45deb,CABCOCO1
ENSG00000174469,0,#cccccc,CNTNAP2
ENSG00000128849,7,#f45deb,CGNL1
ENSG00000237807,0,#cccccc,AC022034.1
ENSG00000119147,7,#f45deb,ECRG4
ENSG00000156284,0,#cccccc,CLDN8
ENSG00000116678,7,#f45deb,LEPR
ENSG00000108947,0,#cccccc,EFNB3
ENSG00000171227,7,#f45deb,TMEM37
ENSG00000019505,0,#cccccc,SYT13
ENSG00000121807,6,#8197f4,CCR2
ENSG00000169962,0,#cccccc,TAS1R3
ENSG00000122574,0,#cccccc,WIPF3
ENSG00000253626,0,#cccccc,EIF5AL1
ENSG00000130038,0,#cccccc,CRACR2A
ENSG00000144730,0,#cccccc,IL17RD
ENSG00000134817,7,#f45deb,APLNR
ENSG00000197903,0,#cccccc,H2BC12
ENSG00000189337,7,#f45deb,KAZN
ENSG00000171649,0,#cccccc,ZIK1
ENSG00000257671,0,#cccccc,KRT7-AS
ENSG00000129810,7,#f45deb,SGO1
ENSG00000134516,6,#8197f4,DOCK2
ENSG00000130707,0,#cccccc,ASS1
ENSG00000160856,6,#8197f4,FCRL3
ENSG00000181652,0,#cccccc,ATG9B
ENSG00000174567,0,#cccccc,GOLT1A
ENSG00000181378,7,#f45deb,CFAP65
ENSG00000004848,0,#cccccc,ARX
ENSG00000007933,7,#f45deb,FMO3
ENSG00000143387,0,#cccccc,CTSK
ENSG00000142731,7,#f45deb,PLK4
ENSG00000158813,7,#f45deb,EDA
ENSG00000141294,7,#f45deb,LRRC46
ENSG00000227619,0,#cccccc,AL391056.1
ENSG00000196263,0,#cccccc,ZNF471
ENSG00000118946,7,#f45deb,PCDH17
ENSG00000122035,7,#f45deb,RASL11A
ENSG00000100558,7,#f45deb,PLEK2
ENSG00000153283,6,#8197f4,CD96
ENSG00000173641,7,#f45deb,HSPB7
ENSG00000140398,4,#34af8a,NEIL1
ENSG00000113805,0,#cccccc,CNTN3
ENSG00000176083,6,#8197f4,ZNF683
ENSG00000179954,5,#37aabb,SSC5D
ENSG00000089127,0,#cccccc,OAS1
ENSG00000198786,0,#cccccc,MT-ND5
ENSG00000163362,0,#cccccc,INAVA
ENSG00000173698,0,#cccccc,ADGRG2
ENSG00000164972,7,#f45deb,C9orf24
ENSG00000197405,6,#8197f4,C5AR1
ENSG00000178695,6,#8197f4,KCTD12
ENSG00000177409,6,#8197f4,SAMD9L
ENSG00000127241,7,#f45deb,MASP1
ENSG00000187486,0,#cccccc,KCNJ11
ENSG00000184408,0,#cccccc,KCND2
ENSG00000141293,0,#cccccc,SKAP1
ENSG00000166501,6,#8197f4,PRKCB
ENSG00000076356,7,#f45deb,PLXNA2
ENSG00000166823,0,#cccccc,MESP1
ENSG00000101049,0,#cccccc,SGK2
ENSG00000108830,0,#cccccc,RND2
ENSG00000078114,0,#cccccc,NEBL
ENSG00000019582,6,#8197f4,CD74
ENSG00000151150,0,#cccccc,ANK3
ENSG00000139880,7,#f45deb,CDH24
ENSG00000174600,6,#8197f4,CMKLR1
ENSG00000205502,0,#cccccc,C2CD4B
ENSG00000157766,0,#cccccc,ACAN
ENSG00000283199,7,#f45deb,C13orf46
ENSG00000106565,0,#cccccc,TMEM176B
ENSG00000128602,0,#cccccc,SMO
ENSG00000205364,0,#cccccc,MT1M
ENSG00000066336,6,#8197f4,SPI1
ENSG00000198046,0,#cccccc,ZNF667
ENSG00000157601,0,#cccccc,MX1
ENSG00000214021,4,#34af8a,TTLL3
ENSG00000173198,7,#f45deb,CYSLTR1
ENSG00000130005,0,#cccccc,GAMT
ENSG00000180354,7,#f45deb,MTURN
ENSG00000065675,7,#f45deb,PRKCQ
ENSG00000161896,0,#cccccc,IP6K3
ENSG00000163013,0,#cccccc,FBXO41
ENSG00000167615,4,#34af8a,LENG8
ENSG00000198829,6,#8197f4,SUCNR1
ENSG00000065534,7,#f45deb,MYLK
ENSG00000272141,0,#cccccc,AL390719.2
ENSG00000124785,7,#f45deb,NRN1
ENSG00000196502,7,#f45deb,SULT1A1
ENSG00000157514,7,#f45deb,TSC22D3
ENSG00000143153,0,#cccccc,ATP1B1
ENSG00000187720,7,#f45deb,THSD4
ENSG00000185905,6,#8197f4,C16orf54
ENSG00000143324,0,#cccccc,XPR1
ENSG00000118849,0,#cccccc,RARRES1
ENSG00000203875,0,#cccccc,SNHG5
ENSG00000136010,0,#cccccc,ALDH1L2
ENSG00000124006,0,#cccccc,OBSL1
ENSG00000136869,6,#8197f4,TLR4
ENSG00000196335,0,#cccccc,STK31
ENSG00000177675,0,#cccccc,CD163L1
ENSG00000234614,0,#cccccc,C2CD4D-AS1
ENSG00000270765,7,#f45deb,GAS2L2
ENSG00000123473,7,#f45deb,STIL
ENSG00000144668,7,#f45deb,ITGA9
ENSG00000142677,0,#cccccc,IL22RA1
ENSG00000161929,6,#8197f4,SCIMP
ENSG00000204789,0,#cccccc,ZNF204P
ENSG00000134853,7,#f45deb,PDGFRA
ENSG00000159618,2,#c69432,ADGRG5
ENSG00000131941,0,#cccccc,RHPN2
ENSG00000120693,0,#cccccc,SMAD9
ENSG00000197757,0,#cccccc,HOXC6
ENSG00000087303,0,#cccccc,NID2
ENSG00000120156,7,#f45deb,TEK
ENSG00000111863,7,#f45deb,ADTRP
ENSG00000205213,0,#cccccc,LGR4
ENSG00000166402,7,#f45deb,TUB
ENSG00000161714,0,#cccccc,PLCD3
ENSG00000005249,0,#cccccc,PRKAR2B
ENSG00000197769,0,#cccccc,MAP1LC3C
ENSG00000178623,0,#cccccc,GPR35
ENSG00000132688,7,#f45deb,NES
ENSG00000153093,7,#f45deb,ACOXL
ENSG00000125851,0,#cccccc,PCSK2
ENSG00000168528,0,#cccccc,SERINC2
ENSG00000105088,0,#cccccc,OLFM2
ENSG00000164294,0,#cccccc,GPX8
ENSG00000127586,0,#cccccc,CHTF18
ENSG00000011422,0,#cccccc,PLAUR
ENSG00000154856,7,#f45deb,APCDD1
ENSG00000149564,7,#f45deb,ESAM
ENSG00000134668,0,#cccccc,SPOCD1
ENSG00000127951,6,#8197f4,FGL2
ENSG00000274602,3,#82a931,PI4KAP1
ENSG00000152253,7,#f45deb,SPC25
ENSG00000087842,0,#cccccc,PIR
ENSG00000134339,0,#cccccc,SAA2
ENSG00000146233,7,#f45deb,CYP39A1
ENSG00000197930,7,#f45deb,ERO1A
ENSG00000198682,7,#f45deb,PAPSS2
ENSG00000146648,0,#cccccc,EGFR
ENSG00000166963,0,#cccccc,MAP1A
ENSG00000165495,7,#f45deb,PKNOX2
ENSG00000100336,6,#8197f4,APOL4
ENSG00000140937,0,#cccccc,CDH11
ENSG00000133116,7,#f45deb,KL
ENSG00000046604,0,#cccccc,DSG2
ENSG00000118971,7,#f45deb,CCND2
ENSG00000272674,0,#cccccc,PCDHB16
ENSG00000140749,6,#8197f4,IGSF6
ENSG00000115423,7,#f45deb,DNAH6
ENSG00000272734,0,#cccccc,ADIRF-AS1
ENSG00000139631,4,#34af8a,CSAD
ENSG00000100368,6,#8197f4,CSF2RB
ENSG00000066294,6,#8197f4,CD84
ENSG00000203760,7,#f45deb,CENPW
ENSG00000074370,0,#cccccc,ATP2A3
ENSG00000223573,0,#cccccc,TINCR
ENSG00000115363,0,#cccccc,EVA1A
ENSG00000100290,7,#f45deb,BIK
ENSG00000168398,0,#cccccc,BDKRB2
ENSG00000119866,0,#cccccc,BCL11A
ENSG00000168010,4,#34af8a,ATG16L2
ENSG00000159708,7,#f45deb,LRRC36
ENSG00000136167,6,#8197f4,LCP1
ENSG00000165891,7,#f45deb,E2F7
ENSG00000198719,0,#cccccc,DLL1
ENSG00000248383,0,#cccccc,PCDHAC1
ENSG00000171320,7,#f45deb,ESCO2
ENSG00000178878,0,#cccccc,APOLD1
ENSG00000169604,5,#37aabb,ANTXR1
ENSG00000141574,0,#cccccc,SECTM1
ENSG00000110400,0,#cccccc,NECTIN1
ENSG00000108515,0,#cccccc,ENO3
ENSG00000171163,3,#82a931,ZNF692
ENSG00000164045,7,#f45deb,CDC25A
ENSG00000000938,6,#8197f4,FGR
ENSG00000123094,0,#cccccc,RASSF8
ENSG00000158286,3,#82a931,RNF207
ENSG00000036672,0,#cccccc,USP2
ENSG00000161405,0,#cccccc,IKZF3
ENSG00000087245,0,#cccccc,MMP2
ENSG00000176928,7,#f45deb,GCNT4
ENSG00000188659,7,#f45deb,SAXO2
ENSG00000067191,0,#cccccc,CACNB1
ENSG00000162069,0,#cccccc,BICDL2
ENSG00000140287,7,#f45deb,HDC
ENSG00000250305,7,#f45deb,TRMT9B
ENSG00000112799,6,#8197f4,LY86
ENSG00000244879,0,#cccccc,GABPB1-AS1
ENSG00000139193,2,#c69432,CD27
ENSG00000243479,0,#cccccc,MNX1-AS1
ENSG00000124256,2,#c69432,ZBP1
ENSG00000203499,7,#f45deb,IQANK1
ENSG00000179546,0,#cccccc,HTR1D
ENSG00000237438,0,#cccccc,CECR7
ENSG00000204632,0,#cccccc,HLA-G
ENSG00000163879,0,#cccccc,DNALI1
ENSG00000147180,0,#cccccc,ZNF711
ENSG00000160949,7,#f45deb,TONSL
ENSG00000142910,0,#cccccc,TINAGL1
ENSG00000064989,7,#f45deb,CALCRL
ENSG00000203805,0,#cccccc,PLPP4
ENSG00000240038,0,#cccccc,AMY2B
ENSG00000183779,0,#cccccc,ZNF703
ENSG00000163898,0,#cccccc,LIPH
ENSG00000197774,3,#82a931,EME2
ENSG00000106992,7,#f45deb,AK1
ENSG00000243649,0,#cccccc,CFB
ENSG00000131831,7,#f45deb,RAI2
ENSG00000143512,0,#cccccc,HHIPL2
ENSG00000165716,0,#cccccc,DIPK1B
ENSG00000287315,0,#cccccc,AL670729.3
ENSG00000142185,0,#cccccc,TRPM2
ENSG00000162733,7,#f45deb,DDR2
ENSG00000123977,0,#cccccc,DAW1
ENSG00000114200,7,#f45deb,BCHE
ENSG00000174348,5,#37aabb,PODN
ENSG00000066735,7,#f45deb,KIF26A
ENSG00000173110,0,#cccccc,HSPA6
ENSG00000005187,0,#cccccc,ACSM3
ENSG00000172889,0,#cccccc,EGFL7
ENSG00000154760,0,#cccccc,SLFN13
ENSG00000105928,0,#cccccc,GSDME
ENSG00000236609,0,#cccccc,ZNF853
ENSG00000140968,6,#8197f4,IRF8
ENSG00000230795,0,#cccccc,HLA-K
ENSG00000148488,7,#f45deb,ST8SIA6
ENSG00000139329,0,#cccccc,LUM
ENSG00000151090,7,#f45deb,THRB
ENSG00000145703,6,#8197f4,IQGAP2
ENSG00000019991,7,#f45deb,HGF
ENSG00000185585,0,#cccccc,OLFML2A
ENSG00000020577,0,#cccccc,SAMD4A
ENSG00000111907,0,#cccccc,TPD52L1
ENSG00000197594,0,#cccccc,ENPP1
ENSG00000143217,0,#cccccc,NECTIN4
ENSG00000170962,0,#cccccc,PDGFD
ENSG00000126861,7,#f45deb,OMG
ENSG00000128283,0,#cccccc,CDC42EP1
ENSG00000108582,0,#cccccc,CPD
ENSG00000162062,7,#f45deb,TEDC2
ENSG00000275302,6,#8197f4,CCL4
ENSG00000166523,6,#8197f4,CLEC4E
ENSG00000174844,7,#f45deb,DNAH12
ENSG00000125355,6,#8197f4,TMEM255A
ENSG00000179532,4,#34af8a,DNHD1
ENSG00000113083,0,#cccccc,LOX
ENSG00000101335,7,#f45deb,MYL9
ENSG00000083857,0,#cccccc,FAT1
ENSG00000185467,0,#cccccc,KPNA7
ENSG00000137501,0,#cccccc,SYTL2
ENSG00000144476,0,#cccccc,ACKR3
ENSG00000170369,0,#cccccc,CST2
ENSG00000167641,7,#f45deb,PPP1R14A
ENSG00000143333,0,#cccccc,RGS16
ENSG00000175505,0,#cccccc,CLCF1
ENSG00000224945,0,#cccccc,AL353150.1
ENSG00000184731,0,#cccccc,FAM110C
ENSG00000109452,0,#cccccc,INPP4B
ENSG00000164442,7,#f45deb,CITED2
ENSG00000166347,0,#cccccc,CYB5A
ENSG00000185532,7,#f45deb,PRKG1
ENSG00000158055,0,#cccccc,GRHL3
ENSG00000243970,4,#34af8a,PPIEL
ENSG00000221869,0,#cccccc,CEBPD
ENSG00000144152,0,#cccccc,FBLN7
ENSG00000144366,0,#cccccc,GULP1
ENSG00000106511,7,#f45deb,MEOX2
ENSG00000005108,0,#cccccc,THSD7A
ENSG00000171840,0,#cccccc,NINJ2
ENSG00000154920,7,#f45deb,EME1
ENSG00000165140,7,#f45deb,FBP1
ENSG00000079308,7,#f45deb,TNS1
ENSG00000102678,0,#cccccc,FGF9
ENSG00000176438,6,#8197f4,SYNE3
ENSG00000094755,0,#cccccc,GABRP
ENSG00000085514,6,#8197f4,PILRA
ENSG00000170412,0,#cccccc,GPRC5C
ENSG00000188372,7,#f45deb,ZP3
ENSG00000138669,7,#f45deb,PRKG2
ENSG00000262772,0,#cccccc,LINC01977
ENSG00000122870,0,#cccccc,BICC1
ENSG00000205336,0,#cccccc,ADGRG1
ENSG00000099139,7,#f45deb,PCSK5
ENSG00000135750,0,#cccccc,KCNK1
ENSG00000267121,0,#cccccc,AC008105.3
ENSG00000172243,6,#8197f4,CLEC7A
ENSG00000128284,6,#8197f4,APOL3
ENSG00000166510,7,#f45deb,CCDC68
ENSG00000259342,0,#cccccc,AC025580.1
ENSG00000100836,3,#82a931,PABPN1
ENSG00000170558,0,#cccccc,CDH2
ENSG00000079215,6,#8197f4,SLC1A3
ENSG00000198948,7,#f45deb,MFAP3L
ENSG00000164197,7,#f45deb,RNF180
ENSG00000171208,7,#f45deb,NETO2
ENSG00000143147,0,#cccccc,GPR161
ENSG00000173898,7,#f45deb,SPTBN2
ENSG00000115339,0,#cccccc,GALNT3
ENSG00000138944,0,#cccccc,SHISAL1
ENSG00000132530,0,#cccccc,XAF1
ENSG00000101670,0,#cccccc,LIPG
ENSG00000187210,0,#cccccc,GCNT1
ENSG00000161249,0,#cccccc,DMKN
ENSG00000046653,7,#f45deb,GPM6B
ENSG00000101276,0,#cccccc,SLC52A3
ENSG00000113368,7,#f45deb,LMNB1
ENSG00000116701,6,#8197f4,NCF2
ENSG00000138080,0,#cccccc,EMILIN1
ENSG00000106462,7,#f45deb,EZH2
ENSG00000122862,6,#8197f4,SRGN
ENSG00000142173,0,#cccccc,COL6A2
ENSG00000137273,7,#f45deb,FOXF2
ENSG00000143878,0,#cccccc,RHOB
ENSG00000196169,0,#cccccc,KIF19
ENSG00000255399,7,#f45deb,TBX5-AS1
ENSG00000079337,0,#cccccc,RAPGEF3
ENSG00000162572,0,#cccccc,SCNN1D
ENSG00000212694,0,#cccccc,LINC01089
ENSG00000173762,0,#cccccc,CD7
ENSG00000135083,0,#cccccc,CCNJL
ENSG00000167964,0,#cccccc,RAB26
ENSG00000173706,7,#f45deb,HEG1
ENSG00000121068,7,#f45deb,TBX2
ENSG00000069431,7,#f45deb,ABCC9
ENSG00000142765,0,#cccccc,SYTL1
ENSG00000102760,7,#f45deb,RGCC
ENSG00000197646,6,#8197f4,PDCD1LG2
ENSG00000164619,7,#f45deb,BMPER
ENSG00000165730,0,#cccccc,STOX1
ENSG00000119986,0,#cccccc,AVPI1
ENSG00000127528,7,#f45deb,KLF2
ENSG00000107099,6,#8197f4,DOCK8
ENSG00000276644,7,#f45deb,DACH1
ENSG00000154736,0,#cccccc,ADAMTS5
ENSG00000143248,7,#f45deb,RGS5
ENSG00000168785,0,#cccccc,TSPAN5
ENSG00000160791,6,#8197f4,CCR5
ENSG00000122420,7,#f45deb,PTGFR
ENSG00000204219,0,#cccccc,TCEA3
ENSG00000197124,0,#cccccc,ZNF682
ENSG00000160255,6,#8197f4,ITGB2
ENSG00000102970,0,#cccccc,CCL17
ENSG00000123219,7,#f45deb,CENPK
ENSG00000182580,0,#cccccc,EPHB3
ENSG00000132386,0,#cccccc,SERPINF1
ENSG00000167617,0,#cccccc,CDC42EP5
ENSG00000116717,0,#cccccc,GADD45A
ENSG00000134539,6,#8197f4,KLRD1
ENSG00000177614,0,#cccccc,PGBD5
ENSG00000110448,6,#8197f4,CD5
ENSG00000165633,7,#f45deb,VSTM4
ENSG00000169908,0,#cccccc,TM4SF1
ENSG00000105810,0,#cccccc,CDK6
ENSG00000176485,0,#cccccc,PLAAT3
ENSG00000149090,0,#cccccc,PAMR1
ENSG00000133246,6,#8197f4,PRAM1
ENSG00000117616,4,#34af8a,RSRP1
ENSG00000175600,0,#cccccc,SUGCT
ENSG00000157227,0,#cccccc,MMP14
ENSG00000116741,0,#cccccc,RGS2
ENSG00000262580,3,#82a931,AC087741.1
ENSG00000119655,0,#cccccc,NPC2
ENSG00000125170,0,#cccccc,DOK4
ENSG00000136573,0,#cccccc,BLK
ENSG00000014914,0,#cccccc,MTMR11
ENSG00000123405,0,#cccccc,NFE2
ENSG00000280734,0,#cccccc,LINC01232
ENSG00000237943,0,#cccccc,PRKCQ-AS1
ENSG00000170961,0,#cccccc,HAS2
ENSG00000106927,0,#cccccc,AMBP
ENSG00000110079,6,#8197f4,MS4A4A
ENSG00000233680,0,#cccccc,HNRNPA1P27
ENSG00000135362,6,#8197f4,PRR5L
ENSG00000082074,6,#8197f4,FYB1
ENSG00000182809,0,#cccccc,CRIP2
ENSG00000141052,7,#f45deb,MYOCD
ENSG00000205038,7,#f45deb,PKHD1L1
ENSG00000089041,6,#8197f4,P2RX7
ENSG00000196569,7,#f45deb,LAMA2
ENSG00000196482,0,#cccccc,ESRRG
ENSG00000100385,6,#8197f4,IL2RB
ENSG00000141401,0,#cccccc,IMPA2
ENSG00000112297,0,#cccccc,CRYBG1
ENSG00000109046,0,#cccccc,WSB1
ENSG00000170873,0,#cccccc,MTSS1
ENSG00000145244,5,#37aabb,CORIN
ENSG00000228742,0,#cccccc,LINC02577
ENSG00000117020,5,#37aabb,AKT3
ENSG00000115956,6,#8197f4,PLEK
ENSG00000240065,0,#cccccc,PSMB9
ENSG00000196557,0,#cccccc,CACNA1H
ENSG00000226015,0,#cccccc,CCT8P1
ENSG00000086300,6,#8197f4,SNX10
ENSG00000140379,6,#8197f4,BCL2A1
ENSG00000109846,7,#f45deb,CRYAB
ENSG00000249158,0,#cccccc,PCDHA11
ENSG00000184381,0,#cccccc,PLA2G6
ENSG00000102302,0,#cccccc,FGD1
ENSG00000101255,7,#f45deb,TRIB3
ENSG00000007237,7,#f45deb,GAS7
ENSG00000103253,0,#cccccc,HAGHL
ENSG00000129235,0,#cccccc,TXNDC17
ENSG00000000971,0,#cccccc,CFH
ENSG00000179348,7,#f45deb,GATA2
ENSG00000164236,6,#8197f4,ANKRD33B
ENSG00000088305,7,#f45deb,DNMT3B
ENSG00000280285,0,#cccccc,AC108215.1
ENSG00000281990,0,#cccccc,IGHV1-69-2
ENSG00000100626,7,#f45deb,GALNT16
ENSG00000189056,0,#cccccc,RELN
ENSG00000167286,6,#8197f4,CD3D
ENSG00000116991,0,#cccccc,SIPA1L2
ENSG00000134531,0,#cccccc,EMP1
ENSG00000224078,0,#cccccc,SNHG14
ENSG00000164684,0,#cccccc,ZNF704
ENSG00000099864,7,#f45deb,PALM
ENSG00000126970,0,#cccccc,ZC4H2
ENSG00000123892,0,#cccccc,RAB38
ENSG00000164935,6,#8197f4,DCSTAMP
ENSG00000176029,0,#cccccc,C11orf16
ENSG00000136235,6,#8197f4,GPNMB
ENSG00000176533,7,#f45deb,GNG7
ENSG00000182492,0,#cccccc,BGN
ENSG00000105523,0,#cccccc,FAM83E
ENSG00000164070,0,#cccccc,HSPA4L
ENSG00000214357,0,#cccccc,NEURL1B
ENSG00000129038,0,#cccccc,LOXL1
ENSG00000154358,0,#cccccc,OBSCN
ENSG00000102409,7,#f45deb,BEX4
ENSG00000112414,0,#cccccc,ADGRG6
ENSG00000109762,7,#f45deb,SNX25
ENSG00000173890,0,#cccccc,GPR160
ENSG00000172215,6,#8197f4,CXCR6
ENSG00000105227,7,#f45deb,PRX
ENSG00000107736,7,#f45deb,CDH23
ENSG00000114251,0,#cccccc,WNT5A
ENSG00000163535,7,#f45deb,SGO2
ENSG00000178965,7,#f45deb,ERICH3
ENSG00000179144,6,#8197f4,GIMAP7
ENSG00000135052,7,#f45deb,GOLM1
ENSG00000122735,7,#f45deb,DNAI1
ENSG00000017483,0,#cccccc,SLC38A5
ENSG00000169508,6,#8197f4,GPR183
ENSG00000013810,7,#f45deb,TACC3
ENSG00000185250,7,#f45deb,PPIL6
ENSG00000172594,0,#cccccc,SMPDL3A
ENSG00000115590,0,#cccccc,IL1R2
ENSG00000155754,0,#cccccc,C2CD6
ENSG00000184254,0,#cccccc,ALDH1A3
ENSG00000111912,0,#cccccc,NCOA7
ENSG00000128266,0,#cccccc,GNAZ
ENSG00000156299,6,#8197f4,TIAM1
ENSG00000104894,6,#8197f4,CD37
ENSG00000136982,7,#f45deb,DSCC1
ENSG00000142279,7,#f45deb,WTIP
ENSG00000140511,2,#c69432,HAPLN3
ENSG00000147251,6,#8197f4,DOCK11
ENSG00000143603,0,#cccccc,KCNN3
ENSG00000236017,3,#82a931,ASMTL-AS1
ENSG00000197859,7,#f45deb,ADAMTSL2
ENSG00000187244,0,#cccccc,BCAM
ENSG00000104341,0,#cccccc,LAPTM4B
ENSG00000235568,6,#8197f4,NFAM1
ENSG00000021826,0,#cccccc,CPS1
ENSG00000142621,0,#cccccc,FHAD1
ENSG00000113532,0,#cccccc,ST8SIA4
ENSG00000117091,6,#8197f4,CD48
ENSG00000143816,0,#cccccc,WNT9A
ENSG00000204442,0,#cccccc,FAM155A
ENSG00000113657,0,#cccccc,DPYSL3
ENSG00000155011,7,#f45deb,DKK2
ENSG00000009694,0,#cccccc,TENM1
ENSG00000065621,0,#cccccc,GSTO2
ENSG00000166173,0,#cccccc,LARP6
ENSG00000198467,0,#cccccc,TPM2
ENSG00000183160,5,#37aabb,TMEM119
ENSG00000131187,7,#f45deb,F12
ENSG00000159640,7,#f45deb,ACE
ENSG00000168032,0,#cccccc,ENTPD3
ENSG00000009790,6,#8197f4,TRAF3IP3
ENSG00000120708,0,#cccccc,TGFBI
ENSG00000130164,7,#f45deb,LDLR
ENSG00000166450,0,#cccccc,PRTG
ENSG00000242779,0,#cccccc,ZNF702P
ENSG00000087116,0,#cccccc,ADAMTS2
ENSG00000176399,0,#cccccc,DMRTA1
ENSG00000177694,0,#cccccc,NAALADL2
ENSG00000125810,7,#f45deb,CD93
ENSG00000133256,0,#cccccc,PDE6B
ENSG00000166250,0,#cccccc,CLMP
ENSG00000121797,6,#8197f4,CCRL2
ENSG00000075223,0,#cccccc,SEMA3C
ENSG00000188064,0,#cccccc,WNT7B
ENSG00000135111,7,#f45deb,TBX3
ENSG00000143127,7,#f45deb,ITGA10
ENSG00000123338,6,#8197f4,NCKAP1L
ENSG00000003096,0,#cccccc,KLHL13
ENSG00000259207,0,#cccccc,ITGB3
ENSG00000101470,0,#cccccc,TNNC2
ENSG00000119917,6,#8197f4,IFIT3
ENSG00000187474,6,#8197f4,FPR3
ENSG00000164125,0,#cccccc,GASK1B
ENSG00000155962,0,#cccccc,CLIC2
ENSG00000112232,7,#f45deb,KHDRBS2
ENSG00000134215,0,#cccccc,VAV3
ENSG00000185168,0,#cccccc,LINC00482
ENSG00000119922,6,#8197f4,IFIT2
ENSG00000169710,0,#cccccc,FASN
ENSG00000188505,0,#cccccc,NCCRP1
ENSG00000185811,6,#8197f4,IKZF1
ENSG00000197872,6,#8197f4,CYRIA
ENSG00000069812,0,#cccccc,HES2
ENSG00000099960,0,#cccccc,SLC7A4
ENSG00000205002,7,#f45deb,AARD
ENSG00000173482,7,#f45deb,PTPRM
ENSG00000131459,0,#cccccc,GFPT2
ENSG00000151136,0,#cccccc,BTBD11
ENSG00000121440,7,#f45deb,PDZRN3
ENSG00000162931,0,#cccccc,TRIM17
ENSG00000106976,0,#cccccc,DNM1
ENSG00000007968,7,#f45deb,E2F2
ENSG00000214425,0,#cccccc,LRRC37A4P
ENSG00000185332,0,#cccccc,TMEM105
ENSG00000101955,7,#f45deb,SRPX
ENSG00000166503,0,#cccccc,HDGFL3
ENSG00000009950,0,#cccccc,MLXIPL
ENSG00000162747,0,#cccccc,FCGR3B
ENSG00000282826,0,#cccccc,FRG1CP
ENSG00000138166,0,#cccccc,DUSP5
ENSG00000243069,0,#cccccc,ARHGEF26-AS1
ENSG00000125144,0,#cccccc,MT1G
ENSG00000133561,6,#8197f4,GIMAP6
ENSG00000198959,6,#8197f4,TGM2
ENSG00000249859,0,#cccccc,PVT1
ENSG00000197467,7,#f45deb,COL13A1
ENSG00000109814,0,#cccccc,UGDH
ENSG00000172716,6,#8197f4,SLFN11
ENSG00000137960,7,#f45deb,GIPC2
ENSG00000112379,0,#cccccc,ARFGEF3
ENSG00000175040,0,#cccccc,CHST2
ENSG00000118515,7,#f45deb,SGK1
ENSG00000221978,3,#82a931,CCNL2
ENSG00000008311,0,#cccccc,AASS
ENSG00000168646,7,#f45deb,AXIN2
ENSG00000137462,7,#f45deb,TLR2
ENSG00000223648,0,#cccccc,IGHV3-64
ENSG00000115758,0,#cccccc,ODC1
ENSG00000198363,0,#cccccc,ASPH
ENSG00000189350,7,#f45deb,TOGARAM2
ENSG00000168140,0,#cccccc,VASN
ENSG00000074706,0,#cccccc,IPCEF1
ENSG00000168386,5,#37aabb,FILIP1L
ENSG00000154654,7,#f45deb,NCAM2
ENSG00000135119,7,#f45deb,RNFT2
ENSG00000132837,0,#cccccc,DMGDH
ENSG00000101265,6,#8197f4,RASSF2
ENSG00000196123,3,#82a931,KIAA0895L
ENSG00000158517,6,#8197f4,NCF1
ENSG00000099260,7,#f45deb,PALMD
ENSG00000163823,6,#8197f4,CCR1
ENSG00000111275,7,#f45deb,ALDH2
ENSG00000100196,0,#cccccc,KDELR3
ENSG00000143110,6,#8197f4,C1orf162
ENSG00000269190,0,#cccccc,FBXO17
ENSG00000171115,7,#f45deb,GIMAP8
ENSG00000114841,4,#34af8a,DNAH1
ENSG00000169783,0,#cccccc,LINGO1
ENSG00000107796,5,#37aabb,ACTA2
ENSG00000162739,6,#8197f4,SLAMF6
ENSG00000171659,6,#8197f4,GPR34
ENSG00000185633,0,#cccccc,NDUFA4L2
ENSG00000105767,0,#cccccc,CADM4
ENSG00000172915,0,#cccccc,NBEA
ENSG00000196090,7,#f45deb,PTPRT
ENSG00000066629,7,#f45deb,EML1
ENSG00000078589,6,#8197f4,P2RY10
ENSG00000142156,0,#cccccc,COL6A1
ENSG00000137135,7,#f45deb,ARHGEF39
ENSG00000141696,7,#f45deb,P3H4
ENSG00000197629,6,#8197f4,MPEG1
ENSG00000167613,6,#8197f4,LAIR1
ENSG00000170927,0,#cccccc,PKHD1
ENSG00000181790,0,#cccccc,ADGRB1
ENSG00000214263,0,#cccccc,RPSAP53
ENSG00000206052,7,#f45deb,DOK6
ENSG00000166473,0,#cccccc,PKD1L2
ENSG00000179862,0,#cccccc,CITED4
ENSG00000163701,0,#cccccc,IL17RE
ENSG00000197119,0,#cccccc,SLC25A29
ENSG00000240204,0,#cccccc,SMKR1
ENSG00000067840,0,#cccccc,PDZD4
ENSG00000204257,6,#8197f4,HLA-DMA
ENSG00000259153,7,#f45deb,AC004816.1
ENSG00000136859,0,#cccccc,ANGPTL2
ENSG00000149927,0,#cccccc,DOC2A
ENSG00000117594,6,#8197f4,HSD11B1
ENSG00000077984,6,#8197f4,CST7
ENSG00000234771,0,#cccccc,SLC25A25-AS1
ENSG00000158869,6,#8197f4,FCER1G
ENSG00000165821,0,#cccccc,SALL2
ENSG00000162745,0,#cccccc,OLFML2B
ENSG00000144369,0,#cccccc,FAM171B
ENSG00000213853,7,#f45deb,EMP2
ENSG00000154262,7,#f45deb,ABCA6
ENSG00000185033,7,#f45deb,SEMA4B
ENSG00000089012,2,#c69432,SIRPG
ENSG00000138193,7,#f45deb,PLCE1
ENSG00000112319,0,#cccccc,EYA4
ENSG00000106823,7,#f45deb,ECM2
ENSG00000130222,0,#cccccc,GADD45G
ENSG00000129295,0,#cccccc,LRRC6
ENSG00000143365,0,#cccccc,RORC
ENSG00000072163,7,#f45deb,LIMS2
ENSG00000156675,7,#f45deb,RAB11FIP1
ENSG00000108379,0,#cccccc,WNT3
ENSG00000140105,6,#8197f4,WARS1
ENSG00000167105,0,#cccccc,TMEM92
ENSG00000280202,0,#cccccc,AC005831.1
ENSG00000214944,0,#cccccc,ARHGEF28
ENSG00000162511,6,#8197f4,LAPTM5
ENSG00000134242,6,#8197f4,PTPN22
ENSG00000198223,6,#8197f4,CSF2RA
ENSG00000155465,6,#8197f4,SLC7A7
ENSG00000166025,7,#f45deb,AMOTL1
ENSG00000137474,0,#cccccc,MYO7A
ENSG00000091592,0,#cccccc,NLRP1
ENSG00000182866,6,#8197f4,LCK
ENSG00000065911,7,#f45deb,MTHFD2
ENSG00000277893,0,#cccccc,SRD5A2
ENSG00000263893,7,#f45deb,AC080037.2
ENSG00000137841,0,#cccccc,PLCB2
ENSG00000228509,0,#cccccc,AC006460.1
ENSG00000183010,7,#f45deb,PYCR1
ENSG00000238164,0,#cccccc,TNFRSF14-AS1
ENSG00000124203,6,#8197f4,ZNF831
ENSG00000099204,0,#cccccc,ABLIM1
ENSG00000184557,0,#cccccc,SOCS3
ENSG00000145362,0,#cccccc,ANK2
ENSG00000156113,6,#8197f4,KCNMA1
ENSG00000244682,0,#cccccc,FCGR2C
ENSG00000188483,7,#f45deb,IER5L
ENSG00000087076,0,#cccccc,HSD17B14
ENSG00000123610,0,#cccccc,TNFAIP6
ENSG00000008517,0,#cccccc,IL32
ENSG00000136997,0,#cccccc,MYC
ENSG00000089820,0,#cccccc,ARHGAP4
ENSG00000136425,0,#cccccc,CIB2
ENSG00000161243,0,#cccccc,FBXO27
ENSG00000198771,6,#8197f4,RCSD1
ENSG00000139926,0,#cccccc,FRMD6
ENSG00000131797,0,#cccccc,CLUHP3
ENSG00000224557,6,#8197f4,HLA-DPB2
ENSG00000124102,0,#cccccc,PI3
ENSG00000135604,6,#8197f4,STX11
ENSG00000125657,0,#cccccc,TNFSF9
ENSG00000149596,7,#f45deb,JPH2
ENSG00000122122,6,#8197f4,SASH3
ENSG00000010327,6,#8197f4,STAB1
ENSG00000102575,6,#8197f4,ACP5
ENSG00000239467,0,#cccccc,AC007405.3
ENSG00000126368,0,#cccccc,NR1D1
ENSG00000127423,7,#f45deb,AUNIP
ENSG00000185862,6,#8197f4,EVI2B
ENSG00000092964,7,#f45deb,DPYSL2
ENSG00000100228,0,#cccccc,RAB36
ENSG00000159399,0,#cccccc,HK2
ENSG00000080573,0,#cccccc,COL5A3
ENSG00000138131,0,#cccccc,LOXL4
ENSG00000112303,6,#8197f4,VNN2
ENSG00000087589,7,#f45deb,CASS4
ENSG00000070190,0,#cccccc,DAPP1
ENSG00000143851,2,#c69432,PTPN7
ENSG00000225492,6,#8197f4,GBP1P1
ENSG00000132970,7,#f45deb,WASF3
ENSG00000165434,0,#cccccc,PGM2L1
ENSG00000276168,0,#cccccc,RN7SL1
ENSG00000205517,0,#cccccc,RGL3
ENSG00000149591,5,#37aabb,TAGLN
ENSG00000168917,0,#cccccc,SLC35G2
ENSG00000204642,6,#8197f4,HLA-F
ENSG00000219438,0,#cccccc,TAFA5
ENSG00000111674,0,#cccccc,ENO2
ENSG00000088826,0,#cccccc,SMOX
ENSG00000142405,0,#cccccc,NLRP12
ENSG00000175130,7,#f45deb,MARCKSL1
ENSG00000107165,7,#f45deb,TYRP1
ENSG00000245694,0,#cccccc,CRNDE
ENSG00000100767,0,#cccccc,PAPLN
ENSG00000159164,0,#cccccc,SV2A
ENSG00000281398,0,#cccccc,SNHG4
ENSG00000111331,0,#cccccc,OAS3
ENSG00000110446,6,#8197f4,SLC15A3
ENSG00000147536,7,#f45deb,GINS4
ENSG00000008394,0,#cccccc,MGST1
ENSG00000261373,7,#f45deb,VPS9D1-AS1
ENSG00000123342,7,#f45deb,MMP19
ENSG00000129675,6,#8197f4,ARHGEF6
ENSG00000176595,0,#cccccc,KBTBD11
ENSG00000171860,6,#8197f4,C3AR1
ENSG00000146192,6,#8197f4,FGD2
ENSG00000206341,0,#cccccc,HLA-H
ENSG00000167759,0,#cccccc,KLK13
ENSG00000198795,7,#f45deb,ZNF521
ENSG00000203999,7,#f45deb,LINC01270
ENSG00000103942,0,#cccccc,HOMER2
ENSG00000011028,5,#37aabb,MRC2
ENSG00000231013,0,#cccccc,SCTR-AS1
ENSG00000072274,0,#cccccc,TFRC
ENSG00000111012,0,#cccccc,CYP27B1
ENSG00000163814,0,#cccccc,CDCP1
ENSG00000101850,0,#cccccc,GPR143
ENSG00000144115,0,#cccccc,THNSL2
ENSG00000165757,7,#f45deb,JCAD
ENSG00000137266,0,#cccccc,SLC22A23
ENSG00000173531,0,#cccccc,MST1
ENSG00000150687,0,#cccccc,PRSS23
ENSG00000104290,0,#cccccc,FZD3
ENSG00000167850,6,#8197f4,CD300C
ENSG00000186407,6,#8197f4,CD300E
ENSG00000169129,0,#cccccc,AFAP1L2
ENSG00000165507,7,#f45deb,DEPP1
ENSG00000158714,6,#8197f4,SLAMF8
ENSG00000176046,7,#f45deb,NUPR1
ENSG00000013725,6,#8197f4,CD6
ENSG00000172349,6,#8197f4,IL16
ENSG00000165626,0,#cccccc,BEND7
ENSG00000117632,7,#f45deb,STMN1
ENSG00000100968,0,#cccccc,NFATC4
ENSG00000173918,5,#37aabb,C1QTNF1
ENSG00000135480,0,#cccccc,KRT7
ENSG00000157570,7,#f45deb,TSPAN18
ENSG00000090924,0,#cccccc,PLEKHG2
ENSG00000143552,0,#cccccc,NUP210L
ENSG00000204161,6,#8197f4,TMEM273
ENSG00000267296,0,#cccccc,CEBPA-DT
ENSG00000116132,0,#cccccc,PRRX1
ENSG00000119714,0,#cccccc,GPR68
ENSG00000186462,7,#f45deb,NAP1L2
ENSG00000090006,7,#f45deb,LTBP4
ENSG00000188130,0,#cccccc,MAPK12
ENSG00000117791,7,#f45deb,MTARC2
ENSG00000119698,7,#f45deb,PPP4R4
ENSG00000169184,0,#cccccc,MN1
ENSG00000235109,0,#cccccc,ZSCAN31
ENSG00000111335,0,#cccccc,OAS2
ENSG00000164929,0,#cccccc,BAALC
ENSG00000155657,0,#cccccc,TTN
ENSG00000161996,3,#82a931,WDR90
ENSG00000233058,0,#cccccc,LINC00884
ENSG00000106415,0,#cccccc,GLCCI1
ENSG00000084636,0,#cccccc,COL16A1
ENSG00000203797,6,#8197f4,DDO
ENSG00000189120,0,#cccccc,SP6
ENSG00000091409,0,#cccccc,ITGA6
ENSG00000146592,0,#cccccc,CREB5
ENSG00000137691,7,#f45deb,CFAP300
ENSG00000224660,4,#34af8a,SH3BP5-AS1
ENSG00000228288,7,#f45deb,PCAT6
ENSG00000162063,7,#f45deb,CCNF
ENSG00000138623,0,#cccccc,SEMA7A
ENSG00000163590,0,#cccccc,PPM1L
ENSG00000262877,0,#cccccc,AC110285.2
ENSG00000198563,3,#82a931,DDX39B
ENSG00000156042,0,#cccccc,CFAP70
ENSG00000140678,6,#8197f4,ITGAX
ENSG00000198821,6,#8197f4,CD247
ENSG00000112320,7,#f45deb,SOBP
ENSG00000124813,0,#cccccc,RUNX2
ENSG00000214279,3,#82a931,SCART1
ENSG00000146070,6,#8197f4,PLA2G7
ENSG00000112769,5,#37aabb,LAMA4
ENSG00000242732,7,#f45deb,RTL5
ENSG00000176597,0,#cccccc,B3GNT5
ENSG00000149573,0,#cccccc,MPZL2
ENSG00000287906,0,#cccccc,AC127526.5
ENSG00000146242,0,#cccccc,TPBG
ENSG00000005884,0,#cccccc,ITGA3
ENSG00000196730,7,#f45deb,DAPK1
ENSG00000168899,0,#cccccc,VAMP5
ENSG00000204136,6,#8197f4,GGTA1
ENSG00000159166,0,#cccccc,LAD1
ENSG00000170458,6,#8197f4,CD14
ENSG00000116675,0,#cccccc,DNAJC6
ENSG00000267123,7,#f45deb,SCAT1
ENSG00000137962,0,#cccccc,ARHGAP29
ENSG00000160654,6,#8197f4,CD3G
ENSG00000169047,0,#cccccc,IRS1
ENSG00000164742,0,#cccccc,ADCY1
ENSG00000013297,0,#cccccc,CLDN11
ENSG00000182263,0,#cccccc,FIGN
ENSG00000170899,0,#cccccc,GSTA4
ENSG00000090661,0,#cccccc,CERS4
ENSG00000178814,0,#cccccc,OPLAH
ENSG00000167880,0,#cccccc,EVPL
ENSG00000112796,0,#cccccc,ENPP5
ENSG00000225630,0,#cccccc,MTND2P28
ENSG00000150337,6,#8197f4,FCGR1A
ENSG00000187726,0,#cccccc,DNAJB13
ENSG00000116774,0,#cccccc,OLFML3
ENSG00000228278,0,#cccccc,ORM2
ENSG00000108984,0,#cccccc,MAP2K6
ENSG00000186212,0,#cccccc,SOWAHB
ENSG00000211597,1,#f77189,IGKJ1
ENSG00000268903,0,#cccccc,AL627309.6
ENSG00000079102,7,#f45deb,RUNX1T1
ENSG00000175857,6,#8197f4,GAPT
ENSG00000215105,0,#cccccc,TTC3P1
ENSG00000176244,0,#cccccc,ACBD7
ENSG00000116771,7,#f45deb,AGMAT
ENSG00000197956,0,#cccccc,S100A6
ENSG00000276180,7,#f45deb,H4C9
ENSG00000159871,0,#cccccc,LYPD5
ENSG00000189045,0,#cccccc,ANKDD1B
ENSG00000123096,0,#cccccc,SSPN
ENSG00000160072,0,#cccccc,ATAD3B
ENSG00000187741,7,#f45deb,FANCA
ENSG00000023171,0,#cccccc,GRAMD1B
ENSG00000141068,0,#cccccc,KSR1
ENSG00000135205,7,#f45deb,CCDC146
ENSG00000112394,0,#cccccc,SLC16A10
ENSG00000198720,0,#cccccc,ANKRD13B
ENSG00000157927,7,#f45deb,RADIL
ENSG00000170989,7,#f45deb,S1PR1
ENSG00000049323,0,#cccccc,LTBP1
ENSG00000154229,0,#cccccc,PRKCA
ENSG00000276070,0,#cccccc,CCL4L2
ENSG00000090776,0,#cccccc,EFNB1
ENSG00000184465,0,#cccccc,WDR27
ENSG00000237440,0,#cccccc,ZNF737
ENSG00000175906,0,#cccccc,ARL4D
ENSG00000158747,0,#cccccc,NBL1
ENSG00000028277,2,#c69432,POU2F2
ENSG00000137709,0,#cccccc,POU2F3
ENSG00000177469,7,#f45deb,CAVIN1
ENSG00000134061,6,#8197f4,CD180
ENSG00000065413,6,#8197f4,ANKRD44
ENSG00000175643,7,#f45deb,RMI2
ENSG00000176435,7,#f45deb,CLEC14A
ENSG00000133574,6,#8197f4,GIMAP4
ENSG00000273142,0,#cccccc,LINC02604
ENSG00000112149,6,#8197f4,CD83
ENSG00000203685,0,#cccccc,STUM
ENSG00000272379,7,#f45deb,AL008729.2
ENSG00000134755,0,#cccccc,DSC2
ENSG00000196562,0,#cccccc,SULF2
ENSG00000155629,6,#8197f4,PIK3AP1
ENSG00000151067,5,#37aabb,CACNA1C
ENSG00000183801,7,#f45deb,OLFML1
ENSG00000063180,0,#cccccc,CA11
ENSG00000089225,7,#f45deb,TBX5
ENSG00000171243,7,#f45deb,SOSTDC1
ENSG00000153064,7,#f45deb,BANK1
ENSG00000120075,0,#cccccc,HOXB5
ENSG00000268362,0,#cccccc,AC092279.1
ENSG00000213553,0,#cccccc,RPLP0P6
ENSG00000174326,7,#f45deb,SLC16A11
ENSG00000049759,0,#cccccc,NEDD4L
ENSG00000091879,0,#cccccc,ANGPT2
ENSG00000105383,6,#8197f4,CD33
ENSG00000077264,0,#cccccc,PAK3
ENSG00000111666,0,#cccccc,CHPT1
ENSG00000280399,0,#cccccc,AC022497.1
ENSG00000007312,2,#c69432,CD79B
ENSG00000169435,0,#cccccc,RASSF6
ENSG00000122694,6,#8197f4,GLIPR2
ENSG00000120915,7,#f45deb,EPHX2
ENSG00000127561,0,#cccccc,SYNGR3
ENSG00000186517,6,#8197f4,ARHGAP30
ENSG00000102996,0,#cccccc,MMP15
ENSG00000106077,0,#cccccc,ABHD11
ENSG00000115718,0,#cccccc,PROC
ENSG00000174946,6,#8197f4,GPR171
ENSG00000131042,6,#8197f4,LILRB2
ENSG00000173599,0,#cccccc,PC
ENSG00000064042,7,#f45deb,LIMCH1
ENSG00000144891,7,#f45deb,AGTR1
ENSG00000183918,6,#8197f4,SH2D1A
ENSG00000060656,0,#cccccc,PTPRU
ENSG00000134202,0,#cccccc,GSTM3
ENSG00000151498,0,#cccccc,ACAD8
ENSG00000262097,7,#f45deb,LINC02185
ENSG00000151320,0,#cccccc,AKAP6
ENSG00000242125,0,#cccccc,SNHG3
ENSG00000162595,0,#cccccc,DIRAS3
ENSG00000100162,7,#f45deb,CENPM
ENSG00000081026,7,#f45deb,MAGI3
ENSG00000123700,0,#cccccc,KCNJ2
ENSG00000164309,0,#cccccc,CMYA5
ENSG00000114654,7,#f45deb,EFCC1
ENSG00000076003,7,#f45deb,MCM6
ENSG00000214290,0,#cccccc,COLCA2
ENSG00000166831,0,#cccccc,RBPMS2
ENSG00000198648,0,#cccccc,STK39
ENSG00000112715,0,#cccccc,VEGFA
ENSG00000072694,6,#8197f4,FCGR2B
ENSG00000171236,0,#cccccc,LRG1
ENSG00000151332,0,#cccccc,MBIP
ENSG00000162998,0,#cccccc,FRZB
ENSG00000095383,0,#cccccc,TBC1D2
ENSG00000099998,0,#cccccc,GGT5
ENSG00000163599,2,#c69432,CTLA4
ENSG00000099769,0,#cccccc,IGFALS
ENSG00000172986,0,#cccccc,GXYLT2
ENSG00000102349,0,#cccccc,KLF8
ENSG00000198624,7,#f45deb,CCDC69
ENSG00000242574,6,#8197f4,HLA-DMB
ENSG00000143226,6,#8197f4,FCGR2A
ENSG00000146966,7,#f45deb,DENND2A
ENSG00000058091,0,#cccccc,CDK14
ENSG00000085831,0,#cccccc,TTC39A
ENSG00000108405,6,#8197f4,P2RX1
ENSG00000120594,7,#f45deb,PLXDC2
ENSG00000172116,6,#8197f4,CD8B
ENSG00000100479,7,#f45deb,POLE2
ENSG00000215458,0,#cccccc,AATBC
ENSG00000137393,7,#f45deb,RNF144B
ENSG00000135697,0,#cccccc,BCO1
ENSG00000160179,0,#cccccc,ABCG1
ENSG00000167280,0,#cccccc,ENGASE
ENSG00000186472,0,#cccccc,PCLO
ENSG00000197959,0,#cccccc,DNM3
ENSG00000119943,0,#cccccc,PYROXD2
ENSG00000231789,0,#cccccc,PIK3CD-AS2
ENSG00000275896,0,#cccccc,PRSS2
ENSG00000261236,7,#f45deb,BOP1
ENSG00000230487,0,#cccccc,PSMG3-AS1
ENSG00000242086,0,#cccccc,MUC20-OT1
ENSG00000101417,7,#f45deb,PXMP4
ENSG00000245164,0,#cccccc,LINC00861
ENSG00000230873,7,#f45deb,STMND1
ENSG00000115165,6,#8197f4,CYTIP
ENSG00000010671,6,#8197f4,BTK
ENSG00000186166,4,#34af8a,CENATAC
ENSG00000131378,7,#f45deb,RFTN1
ENSG00000106025,0,#cccccc,TSPAN12
ENSG00000143401,7,#f45deb,ANP32E
ENSG00000073910,7,#f45deb,FRY
ENSG00000026508,6,#8197f4,CD44
ENSG00000166979,0,#cccccc,EVA1C
ENSG00000240184,7,#f45deb,PCDHGC3
ENSG00000086991,0,#cccccc,NOX4
ENSG00000116729,0,#cccccc,WLS
ENSG00000183508,0,#cccccc,TENT5C
ENSG00000183833,7,#f45deb,CFAP91
ENSG00000221866,5,#37aabb,PLXNA4
ENSG00000160606,0,#cccccc,TLCD1
ENSG00000155926,6,#8197f4,SLA
ENSG00000171056,7,#f45deb,SOX7
ENSG00000142319,0,#cccccc,SLC6A3
ENSG00000211599,0,#cccccc,IGKV5-2
ENSG00000197142,0,#cccccc,ACSL5
ENSG00000282122,0,#cccccc,IGHV7-4-1
ENSG00000112214,7,#f45deb,FHL5
ENSG00000157554,7,#f45deb,ERG
ENSG00000093072,6,#8197f4,ADA2
ENSG00000119946,0,#cccccc,CNNM1
ENSG00000164691,6,#8197f4,TAGAP
ENSG00000067798,0,#cccccc,NAV3
ENSG00000102096,1,#f77189,PIM2
ENSG00000225855,3,#82a931,RUSC1-AS1
ENSG00000205978,0,#cccccc,NYNRIN
ENSG00000147027,7,#f45deb,TMEM47
ENSG00000143554,7,#f45deb,SLC27A3
ENSG00000249669,0,#cccccc,CARMN
ENSG00000144057,0,#cccccc,ST6GAL2
ENSG00000125735,0,#cccccc,TNFSF14
ENSG00000061455,7,#f45deb,PRDM6
ENSG00000163918,7,#f45deb,RFC4
ENSG00000182463,0,#cccccc,TSHZ2
ENSG00000171451,0,#cccccc,DSEL
ENSG00000121904,0,#cccccc,CSMD2
ENSG00000147231,7,#f45deb,RADX
ENSG00000136918,7,#f45deb,WDR38
ENSG00000154133,7,#f45deb,ROBO4
ENSG00000197653,7,#f45deb,DNAH10
ENSG00000173546,0,#cccccc,CSPG4
ENSG00000144481,0,#cccccc,TRPM8
ENSG00000255197,6,#8197f4,AC090559.1
ENSG00000253552,0,#cccccc,HOXA-AS2
ENSG00000171444,7,#f45deb,MCC
ENSG00000133962,0,#cccccc,CATSPERB
ENSG00000270069,0,#cccccc,MIR222HG
ENSG00000137752,6,#8197f4,CASP1
ENSG00000179902,7,#f45deb,C1orf194
ENSG00000235703,4,#34af8a,LINC00894
ENSG00000127507,0,#cccccc,ADGRE2
ENSG00000187492,7,#f45deb,CDHR4
ENSG00000104313,0,#cccccc,EYA1
ENSG00000154930,0,#cccccc,ACSS1
ENSG00000112773,0,#cccccc,TENT5A
ENSG00000273604,7,#f45deb,EPOP
ENSG00000166086,5,#37aabb,JAM3
ENSG00000172824,0,#cccccc,CES4A
ENSG00000048740,7,#f45deb,CELF2
ENSG00000103489,0,#cccccc,XYLT1
ENSG00000136842,7,#f45deb,TMOD1
ENSG00000188389,2,#c69432,PDCD1
ENSG00000147872,0,#cccccc,PLIN2
ENSG00000180061,6,#8197f4,TMEM150B
ENSG00000106333,0,#cccccc,PCOLCE
ENSG00000225969,0,#cccccc,ABHD11-AS1
ENSG00000152256,7,#f45deb,PDK1
ENSG00000226383,0,#cccccc,LINC01876
ENSG00000110852,6,#8197f4,CLEC2B
ENSG00000108950,0,#cccccc,FAM20A
ENSG00000196724,0,#cccccc,ZNF418
ENSG00000178031,5,#37aabb,ADAMTSL1
ENSG00000170153,0,#cccccc,RNF150
ENSG00000049768,2,#c69432,FOXP3
ENSG00000142347,6,#8197f4,MYO1F
ENSG00000169891,7,#f45deb,REPS2
ENSG00000164683,0,#cccccc,HEY1
ENSG00000206530,0,#cccccc,CFAP44
ENSG00000135842,0,#cccccc,NIBAN1
ENSG00000167524,0,#cccccc,RSKR
ENSG00000109738,0,#cccccc,GLRB
ENSG00000248124,0,#cccccc,RRN3P1
ENSG00000104972,6,#8197f4,LILRB1
ENSG00000182378,0,#cccccc,PLCXD1
ENSG00000020633,6,#8197f4,RUNX3
ENSG00000141506,6,#8197f4,PIK3R5
ENSG00000172673,6,#8197f4,THEMIS
ENSG00000122691,0,#cccccc,TWIST1
ENSG00000276710,0,#cccccc,CSPG4P10
ENSG00000196628,7,#f45deb,TCF4
ENSG00000177732,0,#cccccc,SOX12
ENSG00000186567,0,#cccccc,CEACAM19
ENSG00000140526,0,#cccccc,ABHD2
ENSG00000276850,0,#cccccc,AC245041.2
ENSG00000123975,7,#f45deb,CKS2
ENSG00000088881,0,#cccccc,EBF4
ENSG00000274173,0,#cccccc,AL035661.1
ENSG00000235174,0,#cccccc,RPL39P3
ENSG00000204323,0,#cccccc,SMIM5
ENSG00000134871,5,#37aabb,COL4A2
ENSG00000185522,0,#cccccc,LMNTD2
ENSG00000146374,0,#cccccc,RSPO3
ENSG00000015413,0,#cccccc,DPEP1
ENSG00000175267,7,#f45deb,VWA3A
ENSG00000110628,0,#cccccc,SLC22A18
ENSG00000178562,6,#8197f4,CD28
ENSG00000104419,0,#cccccc,NDRG1
ENSG00000111199,0,#cccccc,TRPV4
ENSG00000162639,0,#cccccc,HENMT1
ENSG00000239998,0,#cccccc,LILRA2
ENSG00000069667,7,#f45deb,RORA
ENSG00000007908,7,#f45deb,SELE
ENSG00000067606,0,#cccccc,PRKCZ
ENSG00000164867,0,#cccccc,NOS3
ENSG00000124191,6,#8197f4,TOX2
ENSG00000261326,0,#cccccc,LINC01355
ENSG00000100079,6,#8197f4,LGALS2
ENSG00000247095,0,#cccccc,MIR210HG
ENSG00000137198,0,#cccccc,GMPR
ENSG00000164181,0,#cccccc,ELOVL7
ENSG00000176641,7,#f45deb,RNF152
ENSG00000109794,0,#cccccc,FAM149A
ENSG00000287778,0,#cccccc,AC006230.1
ENSG00000234741,0,#cccccc,GAS5
ENSG00000105427,0,#cccccc,CNFN
ENSG00000104918,7,#f45deb,RETN
ENSG00000171811,7,#f45deb,CFAP46
ENSG00000110876,6,#8197f4,SELPLG
ENSG00000110436,0,#cccccc,SLC1A2
ENSG00000103260,0,#cccccc,METRN
ENSG00000168675,6,#8197f4,LDLRAD4
ENSG00000175294,0,#cccccc,CATSPER1
ENSG00000177788,0,#cccccc,AL162595.1
ENSG00000189159,7,#f45deb,JPT1
ENSG00000140853,0,#cccccc,NLRC5
ENSG00000275410,0,#cccccc,HNF1B
ENSG00000106178,6,#8197f4,CCL24
ENSG00000139572,0,#cccccc,GPR84
ENSG00000155307,6,#8197f4,SAMSN1
ENSG00000265972,7,#f45deb,TXNIP
ENSG00000234745,6,#8197f4,HLA-B
ENSG00000147614,6,#8197f4,ATP6V0D2
ENSG00000185015,0,#cccccc,CA13
ENSG00000183044,0,#cccccc,ABAT
ENSG00000153071,6,#8197f4,DAB2
ENSG00000251664,7,#f45deb,PCDHA12
ENSG00000086619,0,#cccccc,ERO1B
ENSG00000110077,6,#8197f4,MS4A6A
ENSG00000283646,0,#cccccc,LINC02009
ENSG00000079819,6,#8197f4,EPB41L2
ENSG00000169554,6,#8197f4,ZEB2
ENSG00000169071,0,#cccccc,ROR2
ENSG00000173852,0,#cccccc,DPY19L1
ENSG00000082196,0,#cccccc,C1QTNF3
ENSG00000130413,0,#cccccc,STK33
ENSG00000152642,0,#cccccc,GPD1L
ENSG00000176387,0,#cccccc,HSD11B2
ENSG00000135636,6,#8197f4,DYSF
ENSG00000187653,0,#cccccc,TMSB4XP8
ENSG00000095539,0,#cccccc,SEMA4G
ENSG00000021300,0,#cccccc,PLEKHB1
ENSG00000137628,0,#cccccc,DDX60
ENSG00000250056,0,#cccccc,LINC01018
ENSG00000072818,6,#8197f4,ACAP1
ENSG00000163689,0,#cccccc,CFAP20DC
ENSG00000118503,6,#8197f4,TNFAIP3
ENSG00000130702,0,#cccccc,LAMA5
ENSG00000171847,0,#cccccc,FAM90A1
ENSG00000169122,7,#f45deb,FAM110B
ENSG00000110455,0,#cccccc,ACCS
ENSG00000136514,0,#cccccc,RTP4
ENSG00000204131,7,#f45deb,NHSL2
ENSG00000145247,7,#f45deb,OCIAD2
ENSG00000204531,0,#cccccc,POU5F1
ENSG00000254521,0,#cccccc,SIGLEC12
ENSG00000138685,7,#f45deb,FGF2
ENSG00000251138,0,#cccccc,LINC02882
ENSG00000003249,7,#f45deb,DBNDD1
ENSG00000260997,0,#cccccc,AC004847.1
ENSG00000265107,7,#f45deb,GJA5
ENSG00000157557,0,#cccccc,ETS2
ENSG00000143119,6,#8197f4,CD53
ENSG00000167077,2,#c69432,MEI1
ENSG00000164078,0,#cccccc,MST1R
ENSG00000010610,6,#8197f4,CD4
ENSG00000069493,0,#cccccc,CLEC2D
ENSG00000244067,0,#cccccc,GSTA2
ENSG00000180902,0,#cccccc,D2HGDH
ENSG00000147454,0,#cccccc,SLC25A37
ENSG00000247134,0,#cccccc,AC090204.1
ENSG00000164116,7,#f45deb,GUCY1A1
ENSG00000128274,0,#cccccc,A4GALT
ENSG00000255248,0,#cccccc,MIR100HG
ENSG00000109265,0,#cccccc,CRACD
ENSG00000175489,6,#8197f4,LRRC25
ENSG00000259772,0,#cccccc,AC012236.1
ENSG00000179776,7,#f45deb,CDH5
ENSG00000026025,6,#8197f4,VIM
ENSG00000234456,7,#f45deb,MAGI2-AS3
ENSG00000088386,0,#cccccc,SLC15A1
ENSG00000090659,6,#8197f4,CD209
ENSG00000099860,7,#f45deb,GADD45B
ENSG00000226453,0,#cccccc,LINC02542
ENSG00000103710,7,#f45deb,RASL12
ENSG00000178860,0,#cccccc,MSC
ENSG00000164761,0,#cccccc,TNFRSF11B
ENSG00000082512,0,#cccccc,TRAF5
ENSG00000111319,0,#cccccc,SCNN1A
ENSG00000149451,7,#f45deb,ADAM33
ENSG00000165617,0,#cccccc,DACT1
ENSG00000153885,0,#cccccc,KCTD15
ENSG00000124216,0,#cccccc,SNAI1
ENSG00000175471,0,#cccccc,MCTP1
ENSG00000013619,0,#cccccc,MAMLD1
ENSG00000182162,6,#8197f4,P2RY8
ENSG00000126217,0,#cccccc,MCF2L
ENSG00000117152,0,#cccccc,RGS4
ENSG00000160712,7,#f45deb,IL6R
ENSG00000162894,6,#8197f4,FCMR
ENSG00000115507,7,#f45deb,OTX1
ENSG00000173207,7,#f45deb,CKS1B
ENSG00000091073,0,#cccccc,DTX2
ENSG00000135472,0,#cccccc,FAIM2
ENSG00000168496,7,#f45deb,FEN1
ENSG00000112290,0,#cccccc,WASF1
ENSG00000172935,5,#37aabb,MRGPRF
ENSG00000185436,0,#cccccc,IFNLR1
ENSG00000116852,0,#cccccc,KIF21B
ENSG00000261040,0,#cccccc,WFDC21P
ENSG00000106780,0,#cccccc,MEGF9
ENSG00000019549,0,#cccccc,SNAI2
ENSG00000244482,6,#8197f4,LILRA6
ENSG00000141655,0,#cccccc,TNFRSF11A
ENSG00000049130,0,#cccccc,KITLG
ENSG00000224383,7,#f45deb,PRR29
ENSG00000052795,0,#cccccc,FNIP2
ENSG00000187961,0,#cccccc,KLHL17
ENSG00000167261,6,#8197f4,DPEP2
ENSG00000129993,7,#f45deb,CBFA2T3
ENSG00000138182,7,#f45deb,KIF20B
ENSG00000136928,0,#cccccc,GABBR2
ENSG00000183347,0,#cccccc,GBP6
ENSG00000062282,0,#cccccc,DGAT2
ENSG00000114805,0,#cccccc,PLCH1
ENSG00000122679,7,#f45deb,RAMP3
ENSG00000233476,0,#cccccc,EEF1A1P6
ENSG00000122224,6,#8197f4,LY9
ENSG00000204397,6,#8197f4,CARD16
ENSG00000184916,0,#cccccc,JAG2
ENSG00000162631,7,#f45deb,NTNG1
ENSG00000075340,0,#cccccc,ADD2
ENSG00000187240,7,#f45deb,DYNC2H1
ENSG00000137642,0,#cccccc,SORL1
ENSG00000243753,6,#8197f4,HLA-L
ENSG00000261115,0,#cccccc,TMEM178B
ENSG00000105655,0,#cccccc,ISYNA1
ENSG00000077157,7,#f45deb,PPP1R12B
ENSG00000138346,7,#f45deb,DNA2
ENSG00000215386,7,#f45deb,MIR99AHG
ENSG00000171617,0,#cccccc,ENC1
ENSG00000127084,6,#8197f4,FGD3
ENSG00000149294,0,#cccccc,NCAM1
ENSG00000167552,0,#cccccc,TUBA1A
ENSG00000206337,6,#8197f4,HCP5
ENSG00000147526,7,#f45deb,TACC1
ENSG00000165490,7,#f45deb,DDIAS
ENSG00000136379,0,#cccccc,ABHD17C
ENSG00000112981,7,#f45deb,NME5
ENSG00000187193,0,#cccccc,MT1X
ENSG00000135373,0,#cccccc,EHF
ENSG00000188227,0,#cccccc,ZNF793
ENSG00000177335,0,#cccccc,C8orf31
ENSG00000155974,0,#cccccc,GRIP1
ENSG00000183048,7,#f45deb,SLC25A10
ENSG00000105366,6,#8197f4,SIGLEC8
ENSG00000165959,0,#cccccc,CLMN
ENSG00000143867,7,#f45deb,OSR1
ENSG00000182568,7,#f45deb,SATB1
ENSG00000135426,6,#8197f4,TESPA1
ENSG00000100307,7,#f45deb,CBX7
ENSG00000092421,7,#f45deb,SEMA6A
ENSG00000185477,0,#cccccc,GPRIN3
ENSG00000180921,0,#cccccc,FAM83H
ENSG00000226887,0,#cccccc,ERVMER34-1
ENSG00000171992,7,#f45deb,SYNPO
ENSG00000253304,0,#cccccc,TMEM200B
ENSG00000074590,0,#cccccc,NUAK1
ENSG00000077782,0,#cccccc,FGFR1
ENSG00000064763,0,#cccccc,FAR2
ENSG00000118257,0,#cccccc,NRP2
ENSG00000007264,6,#8197f4,MATK
ENSG00000179909,0,#cccccc,ZNF154
ENSG00000182578,6,#8197f4,CSF1R
ENSG00000145864,0,#cccccc,GABRB2
ENSG00000232040,0,#cccccc,ZBED9
ENSG00000102524,6,#8197f4,TNFSF13B
ENSG00000079462,7,#f45deb,PAFAH1B3
ENSG00000161328,0,#cccccc,LRRC56
ENSG00000259225,6,#8197f4,LINC02345
ENSG00000152763,7,#f45deb,DNAI4
ENSG00000175264,0,#cccccc,CHST1
ENSG00000176171,0,#cccccc,BNIP3
ENSG00000250742,0,#cccccc,LINC02381
ENSG00000166341,5,#37aabb,DCHS1
ENSG00000196209,6,#8197f4,SIRPB2
ENSG00000188766,0,#cccccc,SPRED3
ENSG00000135074,0,#cccccc,ADAM19
ENSG00000105851,6,#8197f4,PIK3CG
ENSG00000117318,0,#cccccc,ID3
ENSG00000163945,0,#cccccc,UVSSA
ENSG00000272168,0,#cccccc,CASC15
ENSG00000196083,0,#cccccc,IL1RAP
ENSG00000151617,5,#37aabb,EDNRA
ENSG00000179178,0,#cccccc,TMEM125
ENSG00000124766,7,#f45deb,SOX4
ENSG00000214530,0,#cccccc,STARD10
ENSG00000167601,6,#8197f4,AXL
ENSG00000168993,0,#cccccc,CPLX1
ENSG00000183696,0,#cccccc,UPP1
ENSG00000287252,0,#cccccc,AL009179.1
ENSG00000110665,6,#8197f4,C11orf21
ENSG00000091622,0,#cccccc,PITPNM3
ENSG00000162373,0,#cccccc,BEND5
ENSG00000169313,6,#8197f4,P2RY12
ENSG00000249915,0,#cccccc,PDCD6
ENSG00000137507,7,#f45deb,LRRC32
ENSG00000248905,0,#cccccc,FMN1
ENSG00000136378,0,#cccccc,ADAMTS7
ENSG00000157654,7,#f45deb,PALM2AKAP2
ENSG00000076641,0,#cccccc,PAG1
ENSG00000136854,0,#cccccc,STXBP1
ENSG00000135077,6,#8197f4,HAVCR2
ENSG00000149781,6,#8197f4,FERMT3
ENSG00000129757,7,#f45deb,CDKN1C
ENSG00000169241,7,#f45deb,SLC50A1
ENSG00000173917,0,#cccccc,HOXB2
ENSG00000085662,0,#cccccc,AKR1B1
ENSG00000167535,0,#cccccc,CACNB3
ENSG00000144724,7,#f45deb,PTPRG
ENSG00000111602,7,#f45deb,TIMELESS
ENSG00000188486,7,#f45deb,H2AX
ENSG00000117600,7,#f45deb,PLPPR4
ENSG00000079263,6,#8197f4,SP140
ENSG00000156049,0,#cccccc,GNA14
ENSG00000187510,0,#cccccc,PLEKHG7
ENSG00000198053,6,#8197f4,SIRPA
ENSG00000115257,0,#cccccc,PCSK4
ENSG00000261716,0,#cccccc,H2BC20P
ENSG00000103196,5,#37aabb,CRISPLD2
ENSG00000154165,0,#cccccc,GPR15
ENSG00000127824,0,#cccccc,TUBA4A
ENSG00000287562,0,#cccccc,AL109615.4
ENSG00000136960,7,#f45deb,ENPP2
ENSG00000149131,6,#8197f4,SERPING1
ENSG00000100351,6,#8197f4,GRAP2
ENSG00000198759,6,#8197f4,EGFL6
ENSG00000091181,7,#f45deb,IL5RA
ENSG00000254827,0,#cccccc,SLC22A18AS
ENSG00000265298,0,#cccccc,AC132812.1
ENSG00000186998,0,#cccccc,EMID1
ENSG00000074416,7,#f45deb,MGLL
ENSG00000204866,0,#cccccc,IGFL2
ENSG00000182168,5,#37aabb,UNC5C
ENSG00000158050,6,#8197f4,DUSP2
ENSG00000182853,0,#cccccc,VMO1
ENSG00000204740,0,#cccccc,MALRD1
ENSG00000185630,0,#cccccc,PBX1
ENSG00000066056,7,#f45deb,TIE1
ENSG00000188002,0,#cccccc,AC026412.1
ENSG00000115598,0,#cccccc,IL1RL2
ENSG00000143578,6,#8197f4,CREB3L4
ENSG00000156127,0,#cccccc,BATF
ENSG00000187498,0,#cccccc,COL4A1
ENSG00000127533,7,#f45deb,F2RL3
ENSG00000106327,7,#f45deb,TFR2
ENSG00000087258,0,#cccccc,GNAO1
ENSG00000111077,7,#f45deb,TNS2
ENSG00000117090,6,#8197f4,SLAMF1
ENSG00000269821,0,#cccccc,KCNQ1OT1
ENSG00000204472,6,#8197f4,AIF1
ENSG00000144712,0,#cccccc,CAND2
ENSG00000184489,0,#cccccc,PTP4A3
ENSG00000184384,0,#cccccc,MAML2
ENSG00000212916,0,#cccccc,MAP10
ENSG00000183484,0,#cccccc,GPR132
ENSG00000175745,7,#f45deb,NR2F1
ENSG00000064687,0,#cccccc,ABCA7
ENSG00000186281,0,#cccccc,GPAT2
ENSG00000186868,0,#cccccc,MAPT
ENSG00000135253,0,#cccccc,KCP
ENSG00000162614,7,#f45deb,NEXN
ENSG00000186806,0,#cccccc,VSIG10L
ENSG00000136153,7,#f45deb,LMO7
ENSG00000081181,0,#cccccc,ARG2
ENSG00000119042,0,#cccccc,SATB2
ENSG00000105559,0,#cccccc,PLEKHA4
ENSG00000213903,0,#cccccc,LTB4R
ENSG00000138792,0,#cccccc,ENPEP
ENSG00000143630,0,#cccccc,HCN3
ENSG00000187824,7,#f45deb,TMEM220
ENSG00000237187,0,#cccccc,NR2F1-AS1
ENSG00000152582,0,#cccccc,SPEF2
ENSG00000145491,7,#f45deb,ROPN1L
ENSG00000168421,0,#cccccc,RHOH
ENSG00000077063,0,#cccccc,CTTNBP2
ENSG00000124225,0,#cccccc,PMEPA1
ENSG00000107130,0,#cccccc,NCS1
ENSG00000170425,0,#cccccc,ADORA2B
ENSG00000099256,7,#f45deb,PRTFDC1
ENSG00000203780,0,#cccccc,FANK1
ENSG00000198208,0,#cccccc,RPS6KL1
ENSG00000076706,0,#cccccc,MCAM
ENSG00000186204,0,#cccccc,CYP4F12
ENSG00000064225,7,#f45deb,ST3GAL6
ENSG00000173068,5,#37aabb,BNC2
ENSG00000259972,4,#34af8a,AC009120.2
ENSG00000182389,7,#f45deb,CACNB4
ENSG00000176884,0,#cccccc,GRIN1
ENSG00000159247,0,#cccccc,TUBBP5
ENSG00000125347,6,#8197f4,IRF1
ENSG00000175538,0,#cccccc,KCNE3
ENSG00000163762,0,#cccccc,TM4SF18
ENSG00000170190,0,#cccccc,SLC16A5
ENSG00000280138,0,#cccccc,AC027290.2
ENSG00000130827,0,#cccccc,PLXNA3
ENSG00000183580,7,#f45deb,FBXL7
ENSG00000149948,0,#cccccc,HMGA2
ENSG00000253846,0,#cccccc,PCDHGA10
ENSG00000119862,7,#f45deb,LGALSL
ENSG00000174501,0,#cccccc,ANKRD36C
ENSG00000163463,3,#82a931,KRTCAP2
ENSG00000123384,5,#37aabb,LRP1
ENSG00000239672,7,#f45deb,NME1
ENSG00000108852,0,#cccccc,MPP2
ENSG00000011638,0,#cccccc,TMEM159
ENSG00000174807,0,#cccccc,CD248
ENSG00000112378,0,#cccccc,PERP
ENSG00000145545,0,#cccccc,SRD5A1
ENSG00000225614,0,#cccccc,ZNF469
ENSG00000164627,7,#f45deb,KIF6
ENSG00000125384,0,#cccccc,PTGER2
ENSG00000132359,0,#cccccc,RAP1GAP2
ENSG00000163638,0,#cccccc,ADAMTS9
ENSG00000097046,7,#f45deb,CDC7
ENSG00000160211,0,#cccccc,G6PD
ENSG00000119630,0,#cccccc,PGF
ENSG00000286214,0,#cccccc,AUXG01000058.1
ENSG00000137078,6,#8197f4,SIT1
ENSG00000096996,6,#8197f4,IL12RB1
ENSG00000144857,5,#37aabb,BOC
ENSG00000249992,0,#cccccc,TMEM158
ENSG00000130592,6,#8197f4,LSP1
ENSG00000136490,0,#cccccc,LIMD2
ENSG00000205413,0,#cccccc,SAMD9
ENSG00000240859,0,#cccccc,AC093627.4
ENSG00000101846,0,#cccccc,STS
ENSG00000121361,0,#cccccc,KCNJ8
ENSG00000188641,6,#8197f4,DPYD
ENSG00000239713,6,#8197f4,APOBEC3G
ENSG00000121297,5,#37aabb,TSHZ3
ENSG00000146410,7,#f45deb,MTFR2
ENSG00000204711,0,#cccccc,C9orf135
ENSG00000242640,7,#f45deb,RPS29P11
ENSG00000115041,0,#cccccc,KCNIP3
ENSG00000267107,7,#f45deb,PCAT19
ENSG00000085465,0,#cccccc,OVGP1
ENSG00000167074,7,#f45deb,TEF
ENSG00000213366,0,#cccccc,GSTM2
ENSG00000179314,7,#f45deb,WSCD1
ENSG00000143842,0,#cccccc,SOX13
ENSG00000147168,6,#8197f4,IL2RG
ENSG00000130475,0,#cccccc,FCHO1
ENSG00000173137,0,#cccccc,ADCK5
ENSG00000076716,0,#cccccc,GPC4
ENSG00000139865,0,#cccccc,TTC6
ENSG00000214826,0,#cccccc,DDX12P
ENSG00000155511,7,#f45deb,GRIA1
ENSG00000188613,0,#cccccc,NANOS1
ENSG00000188921,7,#f45deb,HACD4
ENSG00000223745,0,#cccccc,CCDC18-AS1
ENSG00000132274,6,#8197f4,TRIM22
ENSG00000196689,0,#cccccc,TRPV1
ENSG00000272645,3,#82a931,GTF2IP20
ENSG00000165029,6,#8197f4,ABCA1
ENSG00000151224,0,#cccccc,MAT1A
ENSG00000169064,7,#f45deb,ZBBX
ENSG00000111424,0,#cccccc,VDR
ENSG00000185480,7,#f45deb,PARPBP
ENSG00000153531,0,#cccccc,ADPRHL1
ENSG00000170421,0,#cccccc,KRT8
ENSG00000180801,0,#cccccc,ARSJ
ENSG00000105426,0,#cccccc,PTPRS
ENSG00000140450,7,#f45deb,ARRDC4
ENSG00000166562,0,#cccccc,SEC11C
ENSG00000164342,0,#cccccc,TLR3
ENSG00000254285,0,#cccccc,KRT8P3
ENSG00000176428,0,#cccccc,VPS37D
ENSG00000112208,0,#cccccc,BAG2
ENSG00000141519,0,#cccccc,CCDC40
ENSG00000183762,0,#cccccc,KREMEN1
ENSG00000107485,6,#8197f4,GATA3
ENSG00000082175,7,#f45deb,PGR
ENSG00000067082,7,#f45deb,KLF6
ENSG00000167984,6,#8197f4,NLRC3
ENSG00000273820,0,#cccccc,USP27X
ENSG00000089472,5,#37aabb,HEPH
ENSG00000168394,0,#cccccc,TAP1
ENSG00000102032,6,#8197f4,RENBP
ENSG00000065833,0,#cccccc,ME1
ENSG00000172575,0,#cccccc,RASGRP1
ENSG00000149243,0,#cccccc,KLHL35
ENSG00000139946,0,#cccccc,PELI2
ENSG00000239975,0,#cccccc,IGKV1D-33
ENSG00000182963,0,#cccccc,GJC1
ENSG00000134369,0,#cccccc,NAV1
ENSG00000174791,0,#cccccc,RIN1
ENSG00000050628,0,#cccccc,PTGER3
ENSG00000121281,0,#cccccc,ADCY7
ENSG00000151468,0,#cccccc,CCDC3
ENSG00000137834,7,#f45deb,SMAD6
ENSG00000140403,0,#cccccc,DNAJA4
ENSG00000110324,6,#8197f4,IL10RA
ENSG00000102886,0,#cccccc,GDPD3
ENSG00000176749,0,#cccccc,CDK5R1
ENSG00000149970,7,#f45deb,CNKSR2
ENSG00000164418,0,#cccccc,GRIK2
ENSG00000123191,0,#cccccc,ATP7B
ENSG00000246223,0,#cccccc,LINC01550
ENSG00000168961,0,#cccccc,LGALS9
ENSG00000157193,7,#f45deb,LRP8
ENSG00000111716,7,#f45deb,LDHB
ENSG00000165804,0,#cccccc,ZNF219
ENSG00000185818,0,#cccccc,NAT8L
ENSG00000184305,0,#cccccc,CCSER1
ENSG00000178445,0,#cccccc,GLDC
ENSG00000113578,0,#cccccc,FGF1
ENSG00000187678,7,#f45deb,SPRY4
ENSG00000057704,0,#cccccc,TMCC3
ENSG00000168916,0,#cccccc,ZNF608
ENSG00000111728,6,#8197f4,ST8SIA1
ENSG00000108242,0,#cccccc,CYP2C18
ENSG00000143858,0,#cccccc,SYT2
ENSG00000164292,0,#cccccc,RHOBTB3
ENSG00000236901,0,#cccccc,MIR600HG
ENSG00000050730,6,#8197f4,TNIP3
ENSG00000160233,0,#cccccc,LRRC3
ENSG00000125257,0,#cccccc,ABCC4
ENSG00000229155,7,#f45deb,LINC02038
ENSG00000149212,0,#cccccc,SESN3
ENSG00000234602,0,#cccccc,MCIDAS
ENSG00000162496,0,#cccccc,DHRS3
ENSG00000166780,0,#cccccc,BMERB1
ENSG00000105357,0,#cccccc,MYH14
ENSG00000198879,0,#cccccc,SFMBT2
ENSG00000196814,7,#f45deb,MVB12B
ENSG00000225489,7,#f45deb,AL354707.1
ENSG00000198468,0,#cccccc,FLVCR1-DT
ENSG00000102879,6,#8197f4,CORO1A
ENSG00000107317,7,#f45deb,PTGDS
ENSG00000133106,0,#cccccc,EPSTI1
ENSG00000107719,7,#f45deb,PALD1
ENSG00000183023,6,#8197f4,SLC8A1
ENSG00000282600,1,#f77189,IGHV3-69-1
ENSG00000179698,0,#cccccc,WDR97
ENSG00000188290,0,#cccccc,HES4
ENSG00000260549,0,#cccccc,MT1L
ENSG00000173559,0,#cccccc,NABP1
ENSG00000054219,6,#8197f4,LY75
ENSG00000142512,6,#8197f4,SIGLEC10
ENSG00000121380,0,#cccccc,BCL2L14
ENSG00000196177,0,#cccccc,ACADSB
ENSG00000033170,0,#cccccc,FUT8
ENSG00000254415,6,#8197f4,SIGLEC14
ENSG00000095397,0,#cccccc,WHRN
ENSG00000177791,7,#f45deb,MYOZ1
ENSG00000157734,7,#f45deb,SNX22
ENSG00000106258,0,#cccccc,CYP3A5
ENSG00000184371,6,#8197f4,CSF1
ENSG00000169862,0,#cccccc,CTNND2
ENSG00000101017,6,#8197f4,CD40
ENSG00000043462,6,#8197f4,LCP2
ENSG00000112299,0,#cccccc,VNN1
ENSG00000130701,0,#cccccc,RBBP8NL
ENSG00000204334,0,#cccccc,ERICH2
ENSG00000010030,0,#cccccc,ETV7
ENSG00000211961,0,#cccccc,IGHV1-45
ENSG00000171016,0,#cccccc,PYGO1
ENSG00000149485,0,#cccccc,FADS1
ENSG00000114013,6,#8197f4,CD86
ENSG00000153898,6,#8197f4,MCOLN2
ENSG00000130755,6,#8197f4,GMFG
ENSG00000150782,0,#cccccc,IL18
ENSG00000085117,0,#cccccc,CD82
ENSG00000174705,0,#cccccc,SH3PXD2B
ENSG00000105613,7,#f45deb,MAST1
ENSG00000285796,0,#cccccc,AL162458.1
ENSG00000101463,0,#cccccc,SYNDIG1
ENSG00000163040,0,#cccccc,CCDC74A
ENSG00000136274,0,#cccccc,NACAD
ENSG00000123146,6,#8197f4,ADGRE5
ENSG00000120820,5,#37aabb,GLT8D2
ENSG00000111371,0,#cccccc,SLC38A1
ENSG00000232956,0,#cccccc,SNHG15
ENSG00000148483,6,#8197f4,TMEM236
ENSG00000124243,0,#cccccc,BCAS4
ENSG00000146067,4,#34af8a,FAM193B
ENSG00000136237,7,#f45deb,RAPGEF5
ENSG00000134285,0,#cccccc,FKBP11
ENSG00000114737,0,#cccccc,CISH
ENSG00000237550,0,#cccccc,AC243919.1
ENSG00000143590,7,#f45deb,EFNA3
ENSG00000101384,0,#cccccc,JAG1
ENSG00000105854,0,#cccccc,PON2
ENSG00000242294,3,#82a931,STAG3L5P
ENSG00000104814,6,#8197f4,MAP4K1
ENSG00000183091,0,#cccccc,NEB
ENSG00000188042,0,#cccccc,ARL4C
ENSG00000134253,0,#cccccc,TRIM45
ENSG00000144648,0,#cccccc,ACKR2
ENSG00000160352,0,#cccccc,ZNF714
ENSG00000141540,0,#cccccc,TTYH2
ENSG00000006025,0,#cccccc,OSBPL7
ENSG00000243156,0,#cccccc,MICAL3
ENSG00000177606,7,#f45deb,JUN
ENSG00000146285,6,#8197f4,SCML4
ENSG00000250510,7,#f45deb,GPR162
ENSG00000249007,0,#cccccc,AL691482.3
ENSG00000185513,0,#cccccc,L3MBTL1
ENSG00000133985,0,#cccccc,TTC9
ENSG00000110934,6,#8197f4,BIN2
ENSG00000138735,7,#f45deb,PDE5A
ENSG00000154721,7,#f45deb,JAM2
ENSG00000145819,0,#cccccc,ARHGAP26
ENSG00000154783,7,#f45deb,FGD5
ENSG00000116157,0,#cccccc,GPX7
ENSG00000158856,0,#cccccc,DMTN
ENSG00000105639,2,#c69432,JAK3
ENSG00000074660,7,#f45deb,SCARF1
ENSG00000116194,7,#f45deb,ANGPTL1
ENSG00000259120,0,#cccccc,SMIM6
ENSG00000197728,0,#cccccc,RPS26
ENSG00000107249,0,#cccccc,GLIS3
ENSG00000125910,7,#f45deb,S1PR4
ENSG00000187116,6,#8197f4,LILRA5
ENSG00000250120,0,#cccccc,PCDHA10
ENSG00000103522,2,#c69432,IL21R
ENSG00000282608,6,#8197f4,ADORA3
ENSG00000097096,0,#cccccc,SYDE2
ENSG00000091136,0,#cccccc,LAMB1
ENSG00000085741,7,#f45deb,WNT11
ENSG00000153956,0,#cccccc,CACNA2D1
ENSG00000111640,7,#f45deb,GAPDH
ENSG00000189143,0,#cccccc,CLDN4
ENSG00000114698,7,#f45deb,PLSCR4
ENSG00000150873,7,#f45deb,C2orf50
ENSG00000160323,0,#cccccc,ADAMTS13
ENSG00000162105,0,#cccccc,SHANK2
ENSG00000020181,5,#37aabb,ADGRA2
ENSG00000118898,0,#cccccc,PPL
ENSG00000151491,0,#cccccc,EPS8
ENSG00000161835,7,#f45deb,TAMALIN
ENSG00000111181,6,#8197f4,SLC6A12
ENSG00000142798,0,#cccccc,HSPG2
ENSG00000125285,0,#cccccc,SOX21
ENSG00000227615,0,#cccccc,AP001324.1
ENSG00000198417,0,#cccccc,MT1F
ENSG00000133424,0,#cccccc,LARGE1
ENSG00000251432,0,#cccccc,LINC02615
ENSG00000108352,0,#cccccc,RAPGEFL1
ENSG00000163874,0,#cccccc,ZC3H12A
ENSG00000151726,0,#cccccc,ACSL1
ENSG00000140030,6,#8197f4,GPR65
ENSG00000160219,6,#8197f4,GAB3
ENSG00000168970,4,#34af8a,JMJD7-PLA2G4B
ENSG00000254122,7,#f45deb,PCDHGB7
ENSG00000142227,6,#8197f4,EMP3
ENSG00000121621,7,#f45deb,KIF18A
ENSG00000108813,0,#cccccc,DLX4
ENSG00000130940,0,#cccccc,CASZ1
ENSG00000100504,0,#cccccc,PYGL
ENSG00000143797,0,#cccccc,MBOAT2
ENSG00000067141,0,#cccccc,NEO1
ENSG00000147100,0,#cccccc,SLC16A2
ENSG00000147570,6,#8197f4,DNAJC5B
ENSG00000198873,7,#f45deb,GRK5
ENSG00000115415,0,#cccccc,STAT1
ENSG00000151917,0,#cccccc,BEND6
ENSG00000113361,7,#f45deb,CDH6
ENSG00000135185,7,#f45deb,TMEM243
ENSG00000163293,0,#cccccc,NIPAL1
ENSG00000183741,0,#cccccc,CBX6
ENSG00000197299,7,#f45deb,BLM
ENSG00000104635,0,#cccccc,SLC39A14
ENSG00000204540,0,#cccccc,PSORS1C1
ENSG00000121236,0,#cccccc,TRIM6
ENSG00000111218,0,#cccccc,PRMT8
ENSG00000152154,0,#cccccc,TMEM178A
ENSG00000134184,0,#cccccc,GSTM1
ENSG00000169684,0,#cccccc,CHRNA5
ENSG00000147813,0,#cccccc,NAPRT
ENSG00000132436,7,#f45deb,FIGNL1
ENSG00000054938,0,#cccccc,CHRDL2
ENSG00000102466,7,#f45deb,FGF14
ENSG00000243449,7,#f45deb,C4orf48
ENSG00000026103,6,#8197f4,FAS
ENSG00000127955,0,#cccccc,GNAI1
ENSG00000185189,0,#cccccc,NRBP2
ENSG00000124780,7,#f45deb,KCNK17
ENSG00000196074,0,#cccccc,SYCP2
ENSG00000025039,0,#cccccc,RRAGD
ENSG00000013573,7,#f45deb,DDX11
ENSG00000197582,0,#cccccc,GPX1P1
ENSG00000134463,0,#cccccc,ECHDC3
ENSG00000151702,6,#8197f4,FLI1
ENSG00000124126,6,#8197f4,PREX1
ENSG00000198736,0,#cccccc,MSRB1
ENSG00000137486,7,#f45deb,ARRB1
ENSG00000168004,0,#cccccc,PLAAT5
ENSG00000101000,0,#cccccc,PROCR
ENSG00000083454,0,#cccccc,P2RX5
ENSG00000174080,0,#cccccc,CTSF
ENSG00000065361,0,#cccccc,ERBB3
ENSG00000197540,6,#8197f4,GZMM
ENSG00000144655,7,#f45deb,CSRNP1
ENSG00000149809,0,#cccccc,TM7SF2
ENSG00000129450,6,#8197f4,SIGLEC9
ENSG00000117461,0,#cccccc,PIK3R3
ENSG00000182534,0,#cccccc,MXRA7
ENSG00000154258,7,#f45deb,ABCA9
ENSG00000142303,0,#cccccc,ADAMTS10
ENSG00000132793,0,#cccccc,LPIN3
ENSG00000168062,0,#cccccc,BATF2
ENSG00000234678,0,#cccccc,ELF3-AS1
ENSG00000162814,0,#cccccc,SPATA17
ENSG00000155850,0,#cccccc,SLC26A2
ENSG00000164850,7,#f45deb,GPER1
ENSG00000213442,0,#cccccc,RPL18AP3
ENSG00000161638,0,#cccccc,ITGA5
ENSG00000228486,4,#34af8a,C2orf92
ENSG00000179456,0,#cccccc,ZBTB18
ENSG00000172346,5,#37aabb,CSDC2
ENSG00000138411,7,#f45deb,HECW2
ENSG00000136352,0,#cccccc,NKX2-1
ENSG00000134222,7,#f45deb,PSRC1
ENSG00000103647,7,#f45deb,CORO2B
ENSG00000241106,6,#8197f4,HLA-DOB
ENSG00000144395,7,#f45deb,CCDC150
ENSG00000247516,0,#cccccc,MIR4458HG
ENSG00000134954,6,#8197f4,ETS1
ENSG00000244486,5,#37aabb,SCARF2
ENSG00000242887,1,#f77189,IGHJ3
ENSG00000197380,7,#f45deb,DACT3
ENSG00000081059,0,#cccccc,TCF7
ENSG00000133026,7,#f45deb,MYH10
ENSG00000010319,7,#f45deb,SEMA3G
ENSG00000139292,0,#cccccc,LGR5
ENSG00000144619,7,#f45deb,CNTN4
ENSG00000134201,7,#f45deb,GSTM5
ENSG00000152495,6,#8197f4,CAMK4
ENSG00000173156,0,#cccccc,RHOD
ENSG00000166016,0,#cccccc,ABTB2
ENSG00000128340,6,#8197f4,RAC2
ENSG00000117016,0,#cccccc,RIMS3
ENSG00000119138,7,#f45deb,KLF9
ENSG00000228315,4,#34af8a,GUSBP11
ENSG00000142609,7,#f45deb,CFAP74
ENSG00000184588,6,#8197f4,PDE4B
ENSG00000112576,0,#cccccc,CCND3
ENSG00000166265,7,#f45deb,CYYR1
ENSG00000105122,6,#8197f4,RASAL3
ENSG00000186642,7,#f45deb,PDE2A
ENSG00000105492,6,#8197f4,SIGLEC6
ENSG00000164087,7,#f45deb,POC1A
ENSG00000273373,0,#cccccc,AL355488.1
ENSG00000213928,0,#cccccc,IRF9
ENSG00000110318,0,#cccccc,CEP126
ENSG00000221923,0,#cccccc,ZNF880
ENSG00000160781,0,#cccccc,PAQR6
ENSG00000100342,0,#cccccc,APOL1
ENSG00000167208,6,#8197f4,SNX20
ENSG00000116962,0,#cccccc,NID1
ENSG00000171435,0,#cccccc,KSR2
ENSG00000197461,7,#f45deb,PDGFA
ENSG00000147799,0,#cccccc,ARHGAP39
ENSG00000100116,0,#cccccc,GCAT
ENSG00000196295,4,#34af8a,GARS1-DT
ENSG00000198075,7,#f45deb,SULT1C4
ENSG00000188706,0,#cccccc,ZDHHC9
ENSG00000269834,0,#cccccc,ZNF528-AS1
ENSG00000178199,0,#cccccc,ZC3H12D
ENSG00000139597,6,#8197f4,N4BP2L1
ENSG00000179406,3,#82a931,LINC00174
ENSG00000104524,7,#f45deb,PYCR3
ENSG00000036448,7,#f45deb,MYOM2
ENSG00000104447,0,#cccccc,TRPS1
ENSG00000173535,0,#cccccc,TNFRSF10C
ENSG00000088756,0,#cccccc,ARHGAP28
ENSG00000168918,6,#8197f4,INPP5D
ENSG00000167701,0,#cccccc,GPT
ENSG00000167037,0,#cccccc,SGSM1
ENSG00000118777,7,#f45deb,ABCG2
ENSG00000138964,6,#8197f4,PARVG
ENSG00000204381,0,#cccccc,LAYN
ENSG00000164764,7,#f45deb,SBSPON
ENSG00000154134,0,#cccccc,ROBO3
ENSG00000113140,0,#cccccc,SPARC
ENSG00000100522,7,#f45deb,GNPNAT1
ENSG00000204815,7,#f45deb,TTC25
ENSG00000101004,0,#cccccc,NINL
ENSG00000147459,0,#cccccc,DOCK5
ENSG00000230202,0,#cccccc,AL450405.1
ENSG00000170525,0,#cccccc,PFKFB3
ENSG00000283098,0,#cccccc,AL132857.1
ENSG00000169992,0,#cccccc,NLGN2
ENSG00000073464,0,#cccccc,CLCN4
ENSG00000221955,7,#f45deb,SLC12A8
ENSG00000261534,0,#cccccc,AL596244.1
ENSG00000118997,7,#f45deb,DNAH7
ENSG00000258498,7,#f45deb,DIO3OS
ENSG00000110042,0,#cccccc,DTX4
ENSG00000198121,0,#cccccc,LPAR1
ENSG00000163393,0,#cccccc,SLC22A15
ENSG00000176383,7,#f45deb,B3GNT4
ENSG00000130294,0,#cccccc,KIF1A
ENSG00000058866,0,#cccccc,DGKG
ENSG00000078725,0,#cccccc,BRINP1
ENSG00000140443,0,#cccccc,IGF1R
ENSG00000102265,0,#cccccc,TIMP1
ENSG00000152503,0,#cccccc,TRIM36
ENSG00000172167,7,#f45deb,MTBP
ENSG00000115884,0,#cccccc,SDC1
ENSG00000267530,7,#f45deb,LINC01836
ENSG00000128965,0,#cccccc,CHAC1
ENSG00000261971,0,#cccccc,MMP25-AS1
ENSG00000127946,0,#cccccc,HIP1
ENSG00000204577,6,#8197f4,LILRB3
ENSG00000136881,0,#cccccc,BAAT
ENSG00000173705,0,#cccccc,SUSD5
ENSG00000143434,0,#cccccc,SEMA6C
ENSG00000111796,6,#8197f4,KLRB1
ENSG00000174837,6,#8197f4,ADGRE1
ENSG00000150281,0,#cccccc,CTF1
ENSG00000074181,0,#cccccc,NOTCH3
ENSG00000070778,7,#f45deb,PTPN21
ENSG00000101457,0,#cccccc,DNTTIP1
ENSG00000272556,0,#cccccc,GTF2IP13
ENSG00000180694,0,#cccccc,TMEM64
ENSG00000168453,0,#cccccc,HR
ENSG00000146733,7,#f45deb,PSPH
ENSG00000133665,7,#f45deb,DYDC2
ENSG00000274605,0,#cccccc,PCCA-DT
ENSG00000163565,0,#cccccc,IFI16
ENSG00000118308,6,#8197f4,IRAG2
ENSG00000205363,7,#f45deb,INSYN1
ENSG00000180340,0,#cccccc,FZD2
ENSG00000113721,5,#37aabb,PDGFRB
ENSG00000227191,6,#8197f4,TRGC2
ENSG00000162630,0,#cccccc,B3GALT2
ENSG00000026652,0,#cccccc,AGPAT4
ENSG00000163435,0,#cccccc,ELF3
ENSG00000142920,0,#cccccc,AZIN2
ENSG00000101224,0,#cccccc,CDC25B
ENSG00000198517,0,#cccccc,MAFK
ENSG00000024422,7,#f45deb,EHD2
ENSG00000255769,0,#cccccc,GOLGA2P10
ENSG00000163430,0,#cccccc,FSTL1
ENSG00000101134,0,#cccccc,DOK5
ENSG00000181444,0,#cccccc,ZNF467
ENSG00000162755,0,#cccccc,KLHDC9
ENSG00000253729,7,#f45deb,PRKDC
ENSG00000251442,6,#8197f4,LINC01094
ENSG00000163600,6,#8197f4,ICOS
ENSG00000198888,0,#cccccc,MT-ND1
ENSG00000101347,6,#8197f4,SAMHD1
ENSG00000110881,0,#cccccc,ASIC1
ENSG00000197093,0,#cccccc,GAL3ST4
ENSG00000280099,0,#cccccc,AL603750.1
ENSG00000187688,6,#8197f4,TRPV2
ENSG00000116985,0,#cccccc,BMP8B
ENSG00000167700,0,#cccccc,MFSD3
ENSG00000168234,0,#cccccc,TTC39C
ENSG00000026036,3,#82a931,RTEL1-TNFRSF6B
ENSG00000167747,7,#f45deb,C19orf48
ENSG00000117834,7,#f45deb,SLC5A9
ENSG00000038295,7,#f45deb,TLL1
ENSG00000162599,0,#cccccc,NFIA
ENSG00000134198,5,#37aabb,TSPAN2
ENSG00000161267,0,#cccccc,BDH1
ENSG00000071242,7,#f45deb,RPS6KA2
ENSG00000119686,6,#8197f4,FLVCR2
ENSG00000189343,0,#cccccc,RPS2P46
ENSG00000272068,0,#cccccc,AL365181.2
ENSG00000136732,6,#8197f4,GYPC
ENSG00000213949,7,#f45deb,ITGA1
ENSG00000169903,0,#cccccc,TM4SF4
ENSG00000107798,6,#8197f4,LIPA
ENSG00000257588,0,#cccccc,AC025154.2
ENSG00000102890,0,#cccccc,ELMO3
ENSG00000102174,0,#cccccc,PHEX
ENSG00000102048,0,#cccccc,ASB9
ENSG00000103241,7,#f45deb,FOXF1
ENSG00000177989,0,#cccccc,ODF3B
ENSG00000151718,7,#f45deb,WWC2
ENSG00000226137,0,#cccccc,BAIAP2-DT
ENSG00000108960,0,#cccccc,MMD
ENSG00000181350,0,#cccccc,LRRC75A
ENSG00000150637,6,#8197f4,CD226
ENSG00000057019,0,#cccccc,DCBLD2
ENSG00000198768,0,#cccccc,APCDD1L
ENSG00000100292,6,#8197f4,HMOX1
ENSG00000167861,0,#cccccc,HID1
ENSG00000244405,7,#f45deb,ETV5
ENSG00000176619,7,#f45deb,LMNB2
ENSG00000162104,7,#f45deb,ADCY9
ENSG00000037280,7,#f45deb,FLT4
ENSG00000250067,3,#82a931,YJEFN3
ENSG00000116983,0,#cccccc,HPCAL4
ENSG00000086696,0,#cccccc,HSD17B2
ENSG00000056558,0,#cccccc,TRAF1
ENSG00000198763,0,#cccccc,MT-ND2
ENSG00000214708,7,#f45deb,AC116407.1
ENSG00000111057,7,#f45deb,KRT18
ENSG00000159259,7,#f45deb,CHAF1B
ENSG00000130303,0,#cccccc,BST2
ENSG00000253339,0,#cccccc,AC111149.2
ENSG00000171291,0,#cccccc,ZNF439
ENSG00000178026,0,#cccccc,LRRC75B
ENSG00000185112,0,#cccccc,FAM43A
ENSG00000162676,6,#8197f4,GFI1
ENSG00000105538,7,#f45deb,RASIP1
ENSG00000170214,0,#cccccc,ADRA1B
ENSG00000174059,7,#f45deb,CD34
ENSG00000184925,0,#cccccc,LCN12
ENSG00000148175,7,#f45deb,STOM
ENSG00000204103,6,#8197f4,MAFB
ENSG00000134070,0,#cccccc,IRAK2
ENSG00000134256,6,#8197f4,CD101
ENSG00000169242,0,#cccccc,EFNA1
ENSG00000136295,0,#cccccc,TTYH3
ENSG00000131398,0,#cccccc,KCNC3
ENSG00000260565,4,#34af8a,ERVK13-1
ENSG00000250328,0,#cccccc,MGC32805
ENSG00000267128,0,#cccccc,RNF157-AS1
ENSG00000175455,0,#cccccc,CCDC14
ENSG00000087903,7,#f45deb,RFX2
ENSG00000083720,0,#cccccc,OXCT1
ENSG00000178150,0,#cccccc,ZNF114
ENSG00000086730,6,#8197f4,LAT2
ENSG00000170915,7,#f45deb,PAQR8
ENSG00000231991,0,#cccccc,ANXA2P2
ENSG00000147852,0,#cccccc,VLDLR
ENSG00000154548,0,#cccccc,SRSF12
ENSG00000179820,0,#cccccc,MYADM
ENSG00000213398,0,#cccccc,LCAT
ENSG00000196632,0,#cccccc,WNK3
ENSG00000163519,6,#8197f4,TRAT1
ENSG00000015285,6,#8197f4,WAS
ENSG00000100068,0,#cccccc,LRP5L
ENSG00000120162,6,#8197f4,MOB3B
ENSG00000198780,0,#cccccc,FAM169A
ENSG00000182253,7,#f45deb,SYNM
ENSG00000134955,6,#8197f4,SLC37A2
ENSG00000121957,0,#cccccc,GPSM2
ENSG00000256802,0,#cccccc,AC022613.1
ENSG00000111788,0,#cccccc,AC009533.1
ENSG00000196924,0,#cccccc,FLNA
ENSG00000180871,7,#f45deb,CXCR2
ENSG00000196711,0,#cccccc,ALKAL1
ENSG00000204634,0,#cccccc,TBC1D8
ENSG00000255717,7,#f45deb,SNHG1
ENSG00000141622,0,#cccccc,RNF165
ENSG00000269858,4,#34af8a,EGLN2
ENSG00000107821,0,#cccccc,KAZALD1
ENSG00000163453,5,#37aabb,IGFBP7
ENSG00000150630,0,#cccccc,VEGFC
ENSG00000121966,6,#8197f4,CXCR4
ENSG00000174899,0,#cccccc,SLC66A1L
ENSG00000157470,0,#cccccc,FAM81A
ENSG00000139734,0,#cccccc,DIAPH3
ENSG00000108375,0,#cccccc,RNF43
ENSG00000227671,0,#cccccc,AL390728.4
ENSG00000139174,7,#f45deb,PRICKLE1
ENSG00000185133,0,#cccccc,INPP5J
ENSG00000171680,0,#cccccc,PLEKHG5
ENSG00000104998,0,#cccccc,IL27RA
ENSG00000150995,7,#f45deb,ITPR1
ENSG00000205403,0,#cccccc,CFI
ENSG00000010932,0,#cccccc,FMO1
ENSG00000225697,0,#cccccc,SLC26A6
ENSG00000213203,6,#8197f4,GIMAP1
ENSG00000179240,0,#cccccc,GVQW3
ENSG00000162706,6,#8197f4,CADM3
ENSG00000156427,0,#cccccc,FGF18
ENSG00000116016,7,#f45deb,EPAS1
ENSG00000163354,0,#cccccc,DCST2
ENSG00000106852,7,#f45deb,LHX6
ENSG00000245849,4,#34af8a,RAD51-AS1
ENSG00000115841,7,#f45deb,RMDN2
ENSG00000054277,0,#cccccc,OPN3
ENSG00000157368,7,#f45deb,IL34
ENSG00000167676,0,#cccccc,PLIN4
ENSG00000160326,6,#8197f4,SLC2A6
ENSG00000110660,7,#f45deb,SLC35F2
ENSG00000183765,7,#f45deb,CHEK2
ENSG00000129422,0,#cccccc,MTUS1
ENSG00000106546,0,#cccccc,AHR
ENSG00000108511,0,#cccccc,HOXB6
ENSG00000115604,6,#8197f4,IL18R1
ENSG00000269113,0,#cccccc,TRABD2B
ENSG00000204396,0,#cccccc,VWA7
ENSG00000075643,0,#cccccc,MOCOS
ENSG00000135905,6,#8197f4,DOCK10
ENSG00000187185,0,#cccccc,AC092118.1
ENSG00000121691,7,#f45deb,CAT
ENSG00000129595,7,#f45deb,EPB41L4A
ENSG00000057657,0,#cccccc,PRDM1
ENSG00000182326,0,#cccccc,C1S
ENSG00000114115,0,#cccccc,RBP1
ENSG00000081189,7,#f45deb,MEF2C
ENSG00000226608,0,#cccccc,FTLP3
ENSG00000185561,7,#f45deb,TLCD2
ENSG00000163513,7,#f45deb,TGFBR2
ENSG00000126218,7,#f45deb,F10
ENSG00000163508,6,#8197f4,EOMES
ENSG00000076555,7,#f45deb,ACACB
ENSG00000170955,0,#cccccc,CAVIN3
ENSG00000155846,6,#8197f4,PPARGC1B
ENSG00000163564,6,#8197f4,PYHIN1
ENSG00000108342,0,#cccccc,CSF3
ENSG00000271605,6,#8197f4,MILR1
ENSG00000213071,7,#f45deb,LPAL2
ENSG00000187068,0,#cccccc,C3orf70
ENSG00000263961,7,#f45deb,RHEX
ENSG00000152078,0,#cccccc,TLCD4
ENSG00000158163,0,#cccccc,DZIP1L
ENSG00000155849,7,#f45deb,ELMO1
ENSG00000167895,6,#8197f4,TMC8
ENSG00000149557,7,#f45deb,FEZ1
ENSG00000144426,0,#cccccc,NBEAL1
ENSG00000168071,0,#cccccc,CCDC88B
ENSG00000088726,0,#cccccc,TMEM40
ENSG00000181104,0,#cccccc,F2R
ENSG00000128656,0,#cccccc,CHN1
ENSG00000088387,7,#f45deb,DOCK9
ENSG00000136052,0,#cccccc,SLC41A2
ENSG00000113810,7,#f45deb,SMC4
ENSG00000129116,0,#cccccc,PALLD
ENSG00000267508,0,#cccccc,ZNF285
ENSG00000137726,7,#f45deb,FXYD6
ENSG00000165568,0,#cccccc,AKR1E2
ENSG00000100097,0,#cccccc,LGALS1
ENSG00000123119,7,#f45deb,NECAB1
ENSG00000173258,0,#cccccc,ZNF483
ENSG00000141934,7,#f45deb,PLPP2
ENSG00000115232,6,#8197f4,ITGA4
ENSG00000148200,0,#cccccc,NR6A1
ENSG00000132182,0,#cccccc,NUP210
ENSG00000124615,7,#f45deb,MOCS1
ENSG00000167191,0,#cccccc,GPRC5B
ENSG00000204410,3,#82a931,MSH5
ENSG00000172156,0,#cccccc,CCL11
ENSG00000178473,0,#cccccc,UCN3
ENSG00000172638,5,#37aabb,EFEMP2
ENSG00000105289,0,#cccccc,TJP3
ENSG00000131584,0,#cccccc,ACAP3
ENSG00000126947,7,#f45deb,ARMCX1
ENSG00000231752,0,#cccccc,EMBP1
ENSG00000138639,7,#f45deb,ARHGAP24
ENSG00000109943,6,#8197f4,CRTAM
ENSG00000126803,0,#cccccc,HSPA2
ENSG00000112964,7,#f45deb,GHR
ENSG00000025708,0,#cccccc,TYMP
ENSG00000166073,0,#cccccc,GPR176
ENSG00000215030,0,#cccccc,RPL13P12
ENSG00000004776,7,#f45deb,HSPB6
ENSG00000183145,0,#cccccc,RIPPLY3
ENSG00000169914,0,#cccccc,OTUD3
ENSG00000236699,0,#cccccc,ARHGEF38
ENSG00000086205,0,#cccccc,FOLH1
ENSG00000145990,7,#f45deb,GFOD1
ENSG00000158716,0,#cccccc,DUSP23
ENSG00000197558,0,#cccccc,SSPOP
ENSG00000082014,0,#cccccc,SMARCD3
ENSG00000131370,7,#f45deb,SH3BP5
ENSG00000180096,6,#8197f4,SEPTIN1
ENSG00000247746,0,#cccccc,USP51
ENSG00000139835,0,#cccccc,GRTP1
ENSG00000138678,0,#cccccc,GPAT3
ENSG00000112972,0,#cccccc,HMGCS1
ENSG00000139626,2,#c69432,ITGB7
ENSG00000134532,7,#f45deb,SOX5
ENSG00000101871,0,#cccccc,MID1
ENSG00000128408,0,#cccccc,RIBC2
ENSG00000183853,5,#37aabb,KIRREL1
ENSG00000173114,7,#f45deb,LRRN3
ENSG00000228203,7,#f45deb,GRASLND
ENSG00000157110,0,#cccccc,RBPMS
ENSG00000173269,7,#f45deb,MMRN2
ENSG00000124224,0,#cccccc,PPP4R1L
ENSG00000077420,6,#8197f4,APBB1IP
ENSG00000196220,0,#cccccc,SRGAP3
ENSG00000198108,0,#cccccc,CHSY3
ENSG00000186088,7,#f45deb,GSAP
ENSG00000143167,7,#f45deb,GPA33
ENSG00000102554,0,#cccccc,KLF5
ENSG00000128610,0,#cccccc,FEZF1
ENSG00000158292,0,#cccccc,GPR153
ENSG00000074047,0,#cccccc,GLI2
ENSG00000120149,0,#cccccc,MSX2
ENSG00000134716,0,#cccccc,CYP2J2
ENSG00000222009,0,#cccccc,BTBD19
ENSG00000197989,0,#cccccc,SNHG12
ENSG00000132698,0,#cccccc,RAB25
ENSG00000287189,7,#f45deb,AL121956.7
ENSG00000122176,5,#37aabb,FMOD
ENSG00000173848,0,#cccccc,NET1
ENSG00000189129,7,#f45deb,PLAC9
ENSG00000185920,7,#f45deb,PTCH1
ENSG00000008513,0,#cccccc,ST3GAL1
ENSG00000150938,7,#f45deb,CRIM1
ENSG00000171408,7,#f45deb,PDE7B
ENSG00000135916,0,#cccccc,ITM2C
ENSG00000133519,0,#cccccc,ZDHHC8P1
ENSG00000070729,0,#cccccc,CNGB1
ENSG00000165929,0,#cccccc,TC2N
ENSG00000068366,0,#cccccc,ACSL4
ENSG00000286289,7,#f45deb,AL133482.1
ENSG00000196839,0,#cccccc,ADA
ENSG00000166532,0,#cccccc,RIMKLB
ENSG00000103187,6,#8197f4,COTL1
ENSG00000176463,7,#f45deb,SLCO3A1
ENSG00000163154,6,#8197f4,TNFAIP8L2
ENSG00000171777,6,#8197f4,RASGRP4
ENSG00000228065,0,#cccccc,LINC01515
ENSG00000169744,7,#f45deb,LDB2
ENSG00000146904,0,#cccccc,EPHA1
ENSG00000143344,7,#f45deb,RGL1
ENSG00000071282,7,#f45deb,LMCD1
ENSG00000144191,0,#cccccc,CNGA3
ENSG00000160145,0,#cccccc,KALRN
ENSG00000128512,7,#f45deb,DOCK4
ENSG00000112419,7,#f45deb,PHACTR2
ENSG00000124507,0,#cccccc,PACSIN1
ENSG00000184292,0,#cccccc,TACSTD2
ENSG00000163534,0,#cccccc,FCRL1
ENSG00000185842,7,#f45deb,DNAH14
ENSG00000161960,4,#34af8a,EIF4A1
ENSG00000112182,0,#cccccc,BACH2
ENSG00000173530,0,#cccccc,TNFRSF10D
ENSG00000158457,0,#cccccc,TSPAN33
ENSG00000229754,6,#8197f4,CXCR2P1
ENSG00000102935,7,#f45deb,ZNF423
ENSG00000166508,7,#f45deb,MCM7
ENSG00000114857,4,#34af8a,NKTR
ENSG00000174808,0,#cccccc,BTC
ENSG00000167371,0,#cccccc,PRRT2
ENSG00000214193,0,#cccccc,SH3D21
ENSG00000099625,0,#cccccc,CBARP
ENSG00000132680,3,#82a931,KHDC4
ENSG00000145623,0,#cccccc,OSMR
ENSG00000265206,0,#cccccc,AC004687.1
ENSG00000088899,0,#cccccc,LZTS3
ENSG00000182648,0,#cccccc,LINC01006
ENSG00000143355,0,#cccccc,LHX9
ENSG00000117643,6,#8197f4,MAN1C1
ENSG00000164023,7,#f45deb,SGMS2
ENSG00000130720,0,#cccccc,FIBCD1
ENSG00000123329,6,#8197f4,ARHGAP9
ENSG00000174944,7,#f45deb,P2RY14
ENSG00000140538,7,#f45deb,NTRK3
ENSG00000213468,0,#cccccc,FIRRE
ENSG00000131055,7,#f45deb,COX4I2
ENSG00000139190,0,#cccccc,VAMP1
ENSG00000129244,7,#f45deb,ATP1B2
ENSG00000108448,0,#cccccc,TRIM16L
ENSG00000187372,0,#cccccc,PCDHB13
ENSG00000100365,6,#8197f4,NCF4
ENSG00000235961,0,#cccccc,PNMA6A
ENSG00000113758,7,#f45deb,DBN1
ENSG00000128872,6,#8197f4,TMOD2
ENSG00000123453,0,#cccccc,SARDH
ENSG00000170382,0,#cccccc,LRRN2
ENSG00000172292,0,#cccccc,CERS6
ENSG00000069424,6,#8197f4,KCNAB2
ENSG00000204186,0,#cccccc,ZDBF2
ENSG00000113369,0,#cccccc,ARRDC3
ENSG00000268686,0,#cccccc,AC010643.1
ENSG00000185338,0,#cccccc,SOCS1
ENSG00000106560,6,#8197f4,GIMAP2
ENSG00000115902,0,#cccccc,SLC1A4
ENSG00000173320,0,#cccccc,STOX2
ENSG00000108773,0,#cccccc,KAT2A
ENSG00000110328,7,#f45deb,GALNT18
ENSG00000103021,0,#cccccc,CCDC113
ENSG00000143375,0,#cccccc,CGN
ENSG00000160284,0,#cccccc,SPATC1L
ENSG00000284753,7,#f45deb,EEF1AKMT4
ENSG00000135454,0,#cccccc,B4GALNT1
ENSG00000182575,7,#f45deb,NXPH3
ENSG00000203778,0,#cccccc,FAM229B
ENSG00000168306,0,#cccccc,ACOX2
ENSG00000279382,4,#34af8a,AC018665.1
ENSG00000128203,0,#cccccc,ASPHD2
ENSG00000087494,0,#cccccc,PTHLH
ENSG00000118276,0,#cccccc,B4GALT6
ENSG00000187634,0,#cccccc,SAMD11
ENSG00000035862,5,#37aabb,TIMP2
ENSG00000196937,0,#cccccc,FAM3C
ENSG00000158806,0,#cccccc,NPM2
ENSG00000141576,0,#cccccc,RNF157
ENSG00000161692,7,#f45deb,DBF4B
ENSG00000131477,7,#f45deb,RAMP2
ENSG00000248712,0,#cccccc,CCDC153
ENSG00000185900,0,#cccccc,POMK
ENSG00000247982,0,#cccccc,LINC00926
ENSG00000238045,0,#cccccc,AC009133.1
ENSG00000166033,0,#cccccc,HTRA1
ENSG00000115738,0,#cccccc,ID2
ENSG00000150753,7,#f45deb,CCT5
ENSG00000109586,0,#cccccc,GALNT7
ENSG00000283041,0,#cccccc,AC008038.1
ENSG00000230838,0,#cccccc,LINC01614
ENSG00000178821,0,#cccccc,TMEM52
ENSG00000143776,0,#cccccc,CDC42BPA
ENSG00000128833,0,#cccccc,MYO5C
ENSG00000239887,0,#cccccc,C1orf226
ENSG00000138448,0,#cccccc,ITGAV
ENSG00000004478,7,#f45deb,FKBP4
ENSG00000189369,7,#f45deb,GSPT2
ENSG00000106683,0,#cccccc,LIMK1
ENSG00000188060,0,#cccccc,RAB42
ENSG00000152213,6,#8197f4,ARL11
ENSG00000130775,6,#8197f4,THEMIS2
ENSG00000162711,6,#8197f4,NLRP3
ENSG00000197696,0,#cccccc,NMB
ENSG00000185697,0,#cccccc,MYBL1
ENSG00000177706,0,#cccccc,FAM20C
ENSG00000198743,0,#cccccc,SLC5A3
ENSG00000103742,0,#cccccc,IGDCC4
ENSG00000128383,6,#8197f4,APOBEC3A
ENSG00000255310,7,#f45deb,AF131215.5
ENSG00000114315,0,#cccccc,HES1
ENSG00000175305,7,#f45deb,CCNE2
ENSG00000205885,0,#cccccc,C1RL-AS1
ENSG00000121933,0,#cccccc,TMIGD3
ENSG00000161010,4,#34af8a,MRNIP
ENSG00000177103,0,#cccccc,DSCAML1
ENSG00000110013,0,#cccccc,SIAE
ENSG00000141854,0,#cccccc,MISP3
ENSG00000121310,4,#34af8a,ECHDC2
ENSG00000101222,7,#f45deb,SPEF1
ENSG00000237973,0,#cccccc,MTCO1P12
ENSG00000106484,7,#f45deb,MEST
ENSG00000164400,0,#cccccc,CSF2
ENSG00000147003,0,#cccccc,CLTRN
ENSG00000100906,0,#cccccc,NFKBIA
ENSG00000158113,0,#cccccc,LRRC43
ENSG00000196935,0,#cccccc,SRGAP1
ENSG00000169855,0,#cccccc,ROBO1
ENSG00000179241,0,#cccccc,LDLRAD3
ENSG00000247828,0,#cccccc,TMEM161B-AS1
ENSG00000163995,0,#cccccc,ABLIM2
ENSG00000198435,0,#cccccc,NRARP
ENSG00000007129,6,#8197f4,CEACAM21
ENSG00000128917,0,#cccccc,DLL4
ENSG00000198938,0,#cccccc,MT-CO3
ENSG00000183826,0,#cccccc,BTBD9
ENSG00000132554,7,#f45deb,RGS22
ENSG00000137310,7,#f45deb,TCF19
ENSG00000104953,0,#cccccc,TLE6
ENSG00000171310,0,#cccccc,CHST11
ENSG00000243364,7,#f45deb,EFNA4
ENSG00000119632,0,#cccccc,IFI27L2
ENSG00000205084,0,#cccccc,TMEM231
ENSG00000214274,0,#cccccc,ANG
ENSG00000130881,0,#cccccc,LRP3
ENSG00000147655,7,#f45deb,RSPO2
ENSG00000148803,0,#cccccc,FUOM
ENSG00000130300,0,#cccccc,PLVAP
ENSG00000134115,7,#f45deb,CNTN6
ENSG00000122591,0,#cccccc,FAM126A
ENSG00000146094,6,#8197f4,DOK3
ENSG00000277476,0,#cccccc,AC005332.5
ENSG00000177602,7,#f45deb,HASPIN
ENSG00000186529,0,#cccccc,CYP4F3
ENSG00000213160,0,#cccccc,KLHL23
ENSG00000178053,0,#cccccc,MLF1
ENSG00000100197,0,#cccccc,CYP2D6
ENSG00000171791,0,#cccccc,BCL2
ENSG00000198712,0,#cccccc,MT-CO2
ENSG00000205181,0,#cccccc,LINC00654
ENSG00000138119,0,#cccccc,MYOF
ENSG00000110723,0,#cccccc,EXPH5
ENSG00000002746,0,#cccccc,HECW1
ENSG00000180611,0,#cccccc,MB21D2
ENSG00000135740,0,#cccccc,SLC9A5
ENSG00000251364,0,#cccccc,AC107884.1
ENSG00000151655,0,#cccccc,ITIH2
ENSG00000134107,0,#cccccc,BHLHE40
ENSG00000092470,7,#f45deb,WDR76
ENSG00000258441,0,#cccccc,LINC00641
ENSG00000086570,0,#cccccc,FAT2
ENSG00000138646,0,#cccccc,HERC5
ENSG00000183763,7,#f45deb,TRAIP
ENSG00000128944,7,#f45deb,KNSTRN
ENSG00000220785,0,#cccccc,MTMR9LP
ENSG00000180879,0,#cccccc,SSR4
ENSG00000149054,0,#cccccc,ZNF215
ENSG00000173457,7,#f45deb,PPP1R14B
ENSG00000184545,0,#cccccc,DUSP8
ENSG00000140368,6,#8197f4,PSTPIP1
ENSG00000243244,5,#37aabb,STON1
ENSG00000165644,0,#cccccc,COMTD1
ENSG00000137343,3,#82a931,ATAT1
ENSG00000118307,7,#f45deb,CFAP94
ENSG00000154217,0,#cccccc,PITPNC1
ENSG00000189233,2,#c69432,NUGGC
ENSG00000120913,7,#f45deb,PDLIM2
ENSG00000166928,6,#8197f4,MS4A14
ENSG00000111885,6,#8197f4,MAN1A1
ENSG00000167393,0,#cccccc,PPP2R3B
ENSG00000189184,7,#f45deb,PCDH18
ENSG00000196511,6,#8197f4,TPK1
ENSG00000250208,0,#cccccc,FZD10-AS1
ENSG00000116574,0,#cccccc,RHOU
ENSG00000196268,0,#cccccc,ZNF493
ENSG00000123685,0,#cccccc,BATF3
ENSG00000141497,7,#f45deb,ZMYND15
ENSG00000262001,0,#cccccc,DLGAP1-AS2
ENSG00000169689,7,#f45deb,CENPX
ENSG00000213347,0,#cccccc,MXD3
ENSG00000182118,0,#cccccc,FAM89A
ENSG00000197444,0,#cccccc,OGDHL
ENSG00000148516,7,#f45deb,ZEB1
ENSG00000132481,0,#cccccc,TRIM47
ENSG00000148541,7,#f45deb,FAM13C
ENSG00000230650,0,#cccccc,AC140479.2
ENSG00000134326,0,#cccccc,CMPK2
ENSG00000184363,7,#f45deb,PKP3
ENSG00000134884,0,#cccccc,ARGLU1
ENSG00000085563,7,#f45deb,ABCB1
ENSG00000279518,0,#cccccc,AC083843.3
ENSG00000167680,0,#cccccc,SEMA6B
ENSG00000203650,7,#f45deb,LINC01285
ENSG00000137460,0,#cccccc,FHDC1
ENSG00000169856,0,#cccccc,ONECUT1
ENSG00000181392,0,#cccccc,SYNE4
ENSG00000163584,7,#f45deb,RPL22L1
ENSG00000237523,7,#f45deb,LINC00857
ENSG00000117586,0,#cccccc,TNFSF4
ENSG00000104522,0,#cccccc,GFUS
ENSG00000153044,7,#f45deb,CENPH
ENSG00000275832,7,#f45deb,ARHGAP23
ENSG00000198353,0,#cccccc,HOXC4
ENSG00000116990,0,#cccccc,MYCL
ENSG00000091106,6,#8197f4,NLRC4
ENSG00000198794,0,#cccccc,SCAMP5
ENSG00000126860,6,#8197f4,EVI2A
ENSG00000163207,0,#cccccc,IVL
ENSG00000235505,6,#8197f4,CASP4LP
ENSG00000172985,0,#cccccc,SH3RF3
ENSG00000167080,0,#cccccc,B4GALNT2
ENSG00000180900,0,#cccccc,SCRIB
ENSG00000139514,0,#cccccc,SLC7A1
ENSG00000229152,0,#cccccc,ANKRD10-IT1
ENSG00000081853,0,#cccccc,PCDHGA2
ENSG00000230551,0,#cccccc,AC021078.1
ENSG00000152117,3,#82a931,SMPD4BP
ENSG00000166582,0,#cccccc,CENPV
ENSG00000158423,0,#cccccc,RIBC1
ENSG00000183250,0,#cccccc,LINC01547
ENSG00000139737,0,#cccccc,SLAIN1
ENSG00000187800,7,#f45deb,PEAR1
ENSG00000163704,0,#cccccc,PRRT3
ENSG00000123989,0,#cccccc,CHPF
ENSG00000184574,0,#cccccc,LPAR5
ENSG00000176208,7,#f45deb,ATAD5
ENSG00000089327,0,#cccccc,FXYD5
ENSG00000137831,5,#37aabb,UACA
ENSG00000154265,0,#cccccc,ABCA5
ENSG00000109944,7,#f45deb,JHY
ENSG00000138771,0,#cccccc,SHROOM3
ENSG00000166436,0,#cccccc,TRIM66
ENSG00000157510,7,#f45deb,AFAP1L1
ENSG00000102452,0,#cccccc,NALCN
ENSG00000170175,0,#cccccc,CHRNB1
ENSG00000187796,6,#8197f4,CARD9
ENSG00000171223,0,#cccccc,JUNB
ENSG00000185507,0,#cccccc,IRF7
ENSG00000162415,0,#cccccc,ZSWIM5
ENSG00000170542,6,#8197f4,SERPINB9
ENSG00000165591,0,#cccccc,FAAH2
ENSG00000153721,0,#cccccc,CNKSR3
ENSG00000157240,0,#cccccc,FZD1
ENSG00000105270,0,#cccccc,CLIP3
ENSG00000198844,7,#f45deb,ARHGEF15
ENSG00000163032,0,#cccccc,VSNL1
ENSG00000165323,7,#f45deb,FAT3
ENSG00000008277,0,#cccccc,ADAM22
ENSG00000104450,0,#cccccc,SPAG1
ENSG00000170779,7,#f45deb,CDCA4
ENSG00000162073,0,#cccccc,PAQR4
ENSG00000160801,7,#f45deb,PTH1R
ENSG00000111817,6,#8197f4,DSE
ENSG00000082684,0,#cccccc,SEMA5B
ENSG00000267383,0,#cccccc,AC011447.3
ENSG00000197852,7,#f45deb,INKA2
ENSG00000140931,0,#cccccc,CMTM3
ENSG00000175147,0,#cccccc,TMEM51-AS1
ENSG00000167996,0,#cccccc,FTH1
ENSG00000161940,7,#f45deb,BCL6B
ENSG00000221926,0,#cccccc,TRIM16
ENSG00000071794,0,#cccccc,HLTF
ENSG00000278709,0,#cccccc,NKILA
ENSG00000230937,0,#cccccc,MIR205HG
ENSG00000115616,0,#cccccc,SLC9A2
ENSG00000278864,0,#cccccc,AC055811.4
ENSG00000287051,0,#cccccc,AC121757.2
ENSG00000223749,0,#cccccc,MIR503HG
ENSG00000177595,0,#cccccc,PIDD1
ENSG00000188157,0,#cccccc,AGRN
ENSG00000109743,6,#8197f4,BST1
ENSG00000144959,0,#cccccc,NCEH1
ENSG00000141232,0,#cccccc,TOB1
ENSG00000176834,0,#cccccc,VSIG10
ENSG00000130052,7,#f45deb,STARD8
ENSG00000100065,0,#cccccc,CARD10
ENSG00000166578,0,#cccccc,IQCD
ENSG00000254109,0,#cccccc,RBPMS-AS1
ENSG00000213626,7,#f45deb,LBH
ENSG00000224307,7,#f45deb,AL161785.1
ENSG00000055163,0,#cccccc,CYFIP2
ENSG00000165300,0,#cccccc,SLITRK5
ENSG00000117009,6,#8197f4,KMO
ENSG00000115107,0,#cccccc,STEAP3
ENSG00000213186,7,#f45deb,TRIM59
ENSG00000120278,0,#cccccc,PLEKHG1
ENSG00000147592,0,#cccccc,LACTB2
ENSG00000256969,0,#cccccc,AC084375.1
ENSG00000136999,0,#cccccc,CCN3
ENSG00000100311,0,#cccccc,PDGFB
ENSG00000160345,7,#f45deb,C9orf116
ENSG00000180263,0,#cccccc,FGD6
ENSG00000146021,0,#cccccc,KLHL3
ENSG00000069020,0,#cccccc,MAST4
ENSG00000189060,7,#f45deb,H1-0
ENSG00000072952,5,#37aabb,IRAG1
ENSG00000111087,0,#cccccc,GLI1
ENSG00000091137,0,#cccccc,SLC26A4
ENSG00000204516,0,#cccccc,MICB
ENSG00000113108,4,#34af8a,APBB3
ENSG00000076344,0,#cccccc,RGS11
ENSG00000144554,7,#f45deb,FANCD2
ENSG00000006634,7,#f45deb,DBF4
ENSG00000143036,0,#cccccc,SLC44A3
ENSG00000233834,0,#cccccc,AC005083.1
ENSG00000156103,0,#cccccc,MMP16
ENSG00000107551,0,#cccccc,RASSF4
ENSG00000061337,0,#cccccc,LZTS1
ENSG00000232810,6,#8197f4,TNF
ENSG00000138640,0,#cccccc,FAM13A
ENSG00000095303,6,#8197f4,PTGS1
ENSG00000121690,0,#cccccc,DEPDC7
ENSG00000065054,0,#cccccc,SLC9A3R2
ENSG00000185442,0,#cccccc,FAM174B
ENSG00000109099,7,#f45deb,PMP22
ENSG00000135407,0,#cccccc,AVIL
ENSG00000127124,6,#8197f4,HIVEP3
ENSG00000168143,0,#cccccc,FAM83B
ENSG00000186479,0,#cccccc,RGS7BP
ENSG00000206503,0,#cccccc,HLA-A
ENSG00000261371,7,#f45deb,PECAM1
ENSG00000286156,0,#cccccc,AC026273.1
ENSG00000126882,6,#8197f4,FAM78A
ENSG00000166596,7,#f45deb,CFAP52
ENSG00000132205,6,#8197f4,EMILIN2
ENSG00000184005,7,#f45deb,ST6GALNAC3
ENSG00000167608,0,#cccccc,TMC4
ENSG00000100003,0,#cccccc,SEC14L2
ENSG00000160972,0,#cccccc,PPP1R16A
ENSG00000121653,0,#cccccc,MAPK8IP1
ENSG00000118473,5,#37aabb,SGIP1
ENSG00000165389,0,#cccccc,SPTSSA
ENSG00000104324,7,#f45deb,CPQ
ENSG00000149418,0,#cccccc,ST14
ENSG00000119411,0,#cccccc,BSPRY
ENSG00000171502,0,#cccccc,COL24A1
ENSG00000206573,0,#cccccc,THUMPD3-AS1
ENSG00000148143,0,#cccccc,ZNF462
ENSG00000160401,7,#f45deb,CFAP157
ENSG00000232573,0,#cccccc,RPL3P4
ENSG00000152104,0,#cccccc,PTPN14
ENSG00000164318,0,#cccccc,EGFLAM
ENSG00000186469,6,#8197f4,GNG2
ENSG00000164050,0,#cccccc,PLXNB1
ENSG00000185386,0,#cccccc,MAPK11
ENSG00000174564,0,#cccccc,IL20RB
ENSG00000178175,7,#f45deb,ZNF366
ENSG00000173578,6,#8197f4,XCR1
ENSG00000064201,6,#8197f4,TSPAN32
ENSG00000110092,0,#cccccc,CCND1
ENSG00000101460,0,#cccccc,MAP1LC3A
ENSG00000172817,0,#cccccc,CYP7B1
ENSG00000214176,0,#cccccc,PLEKHM1P1
ENSG00000197134,0,#cccccc,ZNF257
ENSG00000115594,7,#f45deb,IL1R1
ENSG00000183734,0,#cccccc,ASCL2
ENSG00000198814,0,#cccccc,GK
ENSG00000166148,0,#cccccc,AVPR1A
ENSG00000147408,0,#cccccc,CSGALNACT1
ENSG00000047634,0,#cccccc,SCML1
ENSG00000119699,0,#cccccc,TGFB3
ENSG00000137843,0,#cccccc,PAK6
ENSG00000131188,7,#f45deb,PRR7
ENSG00000129474,0,#cccccc,AJUBA
ENSG00000085063,7,#f45deb,CD59
ENSG00000164649,0,#cccccc,CDCA7L
ENSG00000118513,0,#cccccc,MYB
ENSG00000229474,0,#cccccc,PATL2
ENSG00000197943,6,#8197f4,PLCG2
ENSG00000104081,0,#cccccc,BMF
ENSG00000235217,0,#cccccc,TSPY26P
ENSG00000124171,0,#cccccc,PARD6B
ENSG00000165178,6,#8197f4,NCF1C
ENSG00000233608,0,#cccccc,TWIST2
ENSG00000106829,7,#f45deb,TLE4
ENSG00000136040,6,#8197f4,PLXNC1
ENSG00000163909,7,#f45deb,HEYL
ENSG00000126822,0,#cccccc,PLEKHG3
ENSG00000130830,6,#8197f4,MPP1
ENSG00000167306,0,#cccccc,MYO5B
ENSG00000135838,6,#8197f4,NPL
ENSG00000271533,0,#cccccc,Z83843.1
ENSG00000275895,0,#cccccc,U2AF1L5
ENSG00000283787,0,#cccccc,PRR33
ENSG00000116117,7,#f45deb,PARD3B
ENSG00000064300,0,#cccccc,NGFR
ENSG00000187535,0,#cccccc,IFT140
ENSG00000006625,7,#f45deb,GGCT
ENSG00000273230,0,#cccccc,AC102953.2
ENSG00000161653,0,#cccccc,NAGS
ENSG00000142235,0,#cccccc,LMTK3
ENSG00000243679,0,#cccccc,AC018638.5
ENSG00000063660,0,#cccccc,GPC1
ENSG00000138606,0,#cccccc,SHF
ENSG00000219607,0,#cccccc,PPP1R3G
ENSG00000173281,0,#cccccc,PPP1R3B
ENSG00000149575,7,#f45deb,SCN2B
ENSG00000205890,0,#cccccc,AC108134.1
ENSG00000187098,6,#8197f4,MITF
ENSG00000145860,0,#cccccc,RNF145
ENSG00000127252,0,#cccccc,PLAAT1
ENSG00000109084,0,#cccccc,TMEM97
ENSG00000164403,0,#cccccc,SHROOM1
ENSG00000285373,0,#cccccc,LINC02478
ENSG00000281490,0,#cccccc,CICP14
ENSG00000155957,0,#cccccc,TMBIM4
ENSG00000147255,0,#cccccc,IGSF1
ENSG00000154822,6,#8197f4,PLCL2
ENSG00000163131,6,#8197f4,CTSS
ENSG00000163219,6,#8197f4,ARHGAP25
ENSG00000178662,0,#cccccc,CSRNP3
ENSG00000052344,0,#cccccc,PRSS8
ENSG00000166813,0,#cccccc,KIF7
ENSG00000079482,0,#cccccc,OPHN1
ENSG00000047648,7,#f45deb,ARHGAP6
ENSG00000118922,0,#cccccc,KLF12
ENSG00000138670,7,#f45deb,RASGEF1B
ENSG00000198932,7,#f45deb,GPRASP1
ENSG00000131015,0,#cccccc,ULBP2
ENSG00000111671,0,#cccccc,SPSB2
ENSG00000072210,0,#cccccc,ALDH3A2
ENSG00000262714,0,#cccccc,AC007342.5
ENSG00000100055,6,#8197f4,CYTH4
ENSG00000008256,0,#cccccc,CYTH3
ENSG00000149503,7,#f45deb,INCENP
ENSG00000167799,0,#cccccc,NUDT8
ENSG00000262468,0,#cccccc,LINC01569
ENSG00000102245,6,#8197f4,CD40LG
ENSG00000182134,0,#cccccc,TDRKH
ENSG00000159648,0,#cccccc,TEPP
ENSG00000261786,0,#cccccc,AC006058.1
ENSG00000196872,0,#cccccc,CRACDL
ENSG00000150551,0,#cccccc,LYPD1
ENSG00000228253,0,#cccccc,MT-ATP8
ENSG00000137124,0,#cccccc,ALDH1B1
ENSG00000170442,0,#cccccc,KRT86
ENSG00000172159,7,#f45deb,FRMD3
ENSG00000180071,0,#cccccc,ANKRD18A
ENSG00000132718,5,#37aabb,SYT11
ENSG00000260260,0,#cccccc,SNHG19
ENSG00000187513,7,#f45deb,GJA4
ENSG00000204301,7,#f45deb,NOTCH4
ENSG00000072786,6,#8197f4,STK10
ENSG00000162804,0,#cccccc,SNED1
ENSG00000182325,0,#cccccc,FBXL6
ENSG00000065923,0,#cccccc,SLC9A7
ENSG00000099889,0,#cccccc,ARVCF
ENSG00000164104,7,#f45deb,HMGB2
ENSG00000156140,0,#cccccc,ADAMTS3
ENSG00000278259,7,#f45deb,MYO19
ENSG00000136158,0,#cccccc,SPRY2
ENSG00000071909,0,#cccccc,MYO3B
ENSG00000109501,7,#f45deb,WFS1
ENSG00000073861,6,#8197f4,TBX21
ENSG00000152784,0,#cccccc,PRDM8
ENSG00000113569,7,#f45deb,NUP155
ENSG00000136111,6,#8197f4,TBC1D4
ENSG00000128709,0,#cccccc,HOXD9
ENSG00000139971,0,#cccccc,ARMH4
ENSG00000182022,0,#cccccc,CHST15
ENSG00000139438,0,#cccccc,FAM222A
ENSG00000104687,0,#cccccc,GSR
ENSG00000285108,0,#cccccc,AC103718.1
ENSG00000133624,4,#34af8a,ZNF767P
ENSG00000196696,3,#82a931,PDXDC2P-NPIPB14P
ENSG00000274512,0,#cccccc,TBC1D3L
ENSG00000112699,0,#cccccc,GMDS
ENSG00000006042,0,#cccccc,TMEM98
ENSG00000242861,0,#cccccc,AL591895.1
ENSG00000227775,0,#cccccc,AL031282.1
ENSG00000189420,7,#f45deb,ZFP92
ENSG00000198088,0,#cccccc,NUP62CL
ENSG00000250571,0,#cccccc,GLI4
ENSG00000148908,0,#cccccc,RGS10
ENSG00000131634,7,#f45deb,TMEM204
ENSG00000198003,7,#f45deb,CCDC151
ENSG00000000460,7,#f45deb,C1orf112
ENSG00000106211,0,#cccccc,HSPB1
ENSG00000196196,7,#f45deb,HRCT1
ENSG00000276085,0,#cccccc,CCL3L3
ENSG00000112276,0,#cccccc,BVES
ENSG00000162616,0,#cccccc,DNAJB4
ENSG00000148841,7,#f45deb,ITPRIP
ENSG00000130762,0,#cccccc,ARHGEF16
ENSG00000215440,0,#cccccc,NPEPL1
ENSG00000005243,0,#cccccc,COPZ2
ENSG00000114019,0,#cccccc,AMOTL2
ENSG00000230590,0,#cccccc,FTX
ENSG00000203883,7,#f45deb,SOX18
ENSG00000162769,0,#cccccc,FLVCR1
ENSG00000160191,0,#cccccc,PDE9A
ENSG00000233251,7,#f45deb,AC007743.1
ENSG00000109790,0,#cccccc,KLHL5
ENSG00000149679,0,#cccccc,CABLES2
ENSG00000116191,0,#cccccc,RALGPS2
ENSG00000067445,0,#cccccc,TRO
ENSG00000274180,7,#f45deb,NATD1
ENSG00000204525,6,#8197f4,HLA-C
ENSG00000188596,0,#cccccc,CFAP54
ENSG00000196793,7,#f45deb,ZNF239
ENSG00000183421,0,#cccccc,RIPK4
ENSG00000007392,3,#82a931,LUC7L
ENSG00000106665,0,#cccccc,CLIP2
ENSG00000102755,0,#cccccc,FLT1
ENSG00000262185,0,#cccccc,LINC02861
ENSG00000128228,0,#cccccc,SDF2L1
ENSG00000087086,0,#cccccc,FTL
ENSG00000102003,0,#cccccc,SYP
ENSG00000005448,0,#cccccc,WDR54
ENSG00000100350,0,#cccccc,FOXRED2
ENSG00000265190,0,#cccccc,ANXA8
ENSG00000129467,7,#f45deb,ADCY4
ENSG00000126785,7,#f45deb,RHOJ
ENSG00000213967,0,#cccccc,ZNF726
ENSG00000185010,7,#f45deb,F8
ENSG00000081923,0,#cccccc,ATP8B1
ENSG00000242534,0,#cccccc,IGKV2D-28
ENSG00000115896,7,#f45deb,PLCL1
ENSG00000168734,0,#cccccc,PKIG
ENSG00000262814,7,#f45deb,MRPL12
ENSG00000128311,0,#cccccc,TST
ENSG00000248527,0,#cccccc,MTATP6P1
ENSG00000136367,0,#cccccc,ZFHX2
ENSG00000213190,0,#cccccc,MLLT11
ENSG00000064393,0,#cccccc,HIPK2
ENSG00000183578,0,#cccccc,TNFAIP8L3
ENSG00000128059,7,#f45deb,PPAT
ENSG00000232593,0,#cccccc,KANTR
ENSG00000166762,0,#cccccc,CATSPER2
ENSG00000131368,0,#cccccc,MRPS25
ENSG00000178033,5,#37aabb,CALHM5
ENSG00000075884,6,#8197f4,ARHGAP15
ENSG00000105246,6,#8197f4,EBI3
ENSG00000039523,0,#cccccc,RIPOR1
ENSG00000182379,0,#cccccc,NXPH4
ENSG00000129596,7,#f45deb,CDO1
ENSG00000105499,6,#8197f4,PLA2G4C
ENSG00000096093,0,#cccccc,EFHC1
ENSG00000164574,0,#cccccc,GALNT10
ENSG00000196141,0,#cccccc,SPATS2L
ENSG00000106991,7,#f45deb,ENG
ENSG00000236871,3,#82a931,LINC00106
ENSG00000101680,0,#cccccc,LAMA1
ENSG00000183722,7,#f45deb,LHFPL6
ENSG00000180353,6,#8197f4,HCLS1
ENSG00000160888,0,#cccccc,IER2
ENSG00000198727,0,#cccccc,MT-CYB
ENSG00000106070,0,#cccccc,GRB10
ENSG00000114450,0,#cccccc,GNB4
ENSG00000163218,0,#cccccc,PGLYRP4
ENSG00000184584,0,#cccccc,STING1
ENSG00000065357,0,#cccccc,DGKA
ENSG00000172508,0,#cccccc,CARNS1
ENSG00000080947,4,#34af8a,CROCCP3
ENSG00000105926,0,#cccccc,MPP6
ENSG00000113504,0,#cccccc,SLC12A7
ENSG00000149218,0,#cccccc,ENDOD1
ENSG00000135272,0,#cccccc,MDFIC
ENSG00000137878,7,#f45deb,GCOM1
ENSG00000270605,0,#cccccc,AL353622.1
ENSG00000263272,4,#34af8a,AC004148.1
ENSG00000093134,0,#cccccc,VNN3
ENSG00000198478,0,#cccccc,SH3BGRL2
ENSG00000100302,0,#cccccc,RASD2
ENSG00000177374,5,#37aabb,HIC1
ENSG00000225032,0,#cccccc,AL162586.1
ENSG00000115353,0,#cccccc,TACR1
ENSG00000006062,6,#8197f4,MAP3K14
ENSG00000213918,0,#cccccc,DNASE1
ENSG00000286646,6,#8197f4,AL121933.2
ENSG00000167178,0,#cccccc,ISLR2
ENSG00000232229,0,#cccccc,LINC00865
ENSG00000236144,0,#cccccc,TMEM147-AS1
ENSG00000248608,0,#cccccc,AC133963.1
ENSG00000006282,0,#cccccc,SPATA20
ENSG00000225285,0,#cccccc,LINC01770
ENSG00000123104,0,#cccccc,ITPR2
ENSG00000134504,0,#cccccc,KCTD1
ENSG00000174004,6,#8197f4,NRROS
ENSG00000188185,0,#cccccc,LINC00265
ENSG00000141469,7,#f45deb,SLC14A1
ENSG00000125850,0,#cccccc,OVOL2
ENSG00000173838,0,#cccccc,MARCHF10
ENSG00000158062,0,#cccccc,UBXN11
ENSG00000069399,0,#cccccc,BCL3
ENSG00000071246,5,#37aabb,VASH1
ENSG00000001617,0,#cccccc,SEMA3F
ENSG00000181804,6,#8197f4,SLC9A9
ENSG00000165655,0,#cccccc,ZNF503
ENSG00000213983,0,#cccccc,AP1G2
ENSG00000140939,0,#cccccc,NOL3
ENSG00000135338,0,#cccccc,LCA5
ENSG00000182218,0,#cccccc,HHIPL1
ENSG00000164484,0,#cccccc,TMEM200A
ENSG00000165244,7,#f45deb,ZNF367
ENSG00000236552,0,#cccccc,RPL13AP5
ENSG00000113319,0,#cccccc,RASGRF2
ENSG00000183688,5,#37aabb,RFLNB
ENSG00000183876,0,#cccccc,ARSI
ENSG00000158555,0,#cccccc,GDPD5
ENSG00000122707,7,#f45deb,RECK
ENSG00000197565,0,#cccccc,COL4A6
ENSG00000147113,7,#f45deb,DIPK2B
ENSG00000197892,0,#cccccc,KIF13B
ENSG00000147650,0,#cccccc,LRP12
ENSG00000162924,0,#cccccc,REL
ENSG00000104763,7,#f45deb,ASAH1
ENSG00000152518,6,#8197f4,ZFP36L2
ENSG00000010810,6,#8197f4,FYN
ENSG00000161381,0,#cccccc,PLXDC1
ENSG00000167604,0,#cccccc,NFKBID
ENSG00000169692,0,#cccccc,AGPAT2
ENSG00000129680,0,#cccccc,MAP7D3
ENSG00000125772,0,#cccccc,GPCPD1
ENSG00000166750,0,#cccccc,SLFN5
ENSG00000109771,7,#f45deb,LRP2BP
ENSG00000124496,0,#cccccc,TRERF1
ENSG00000173166,0,#cccccc,RAPH1
ENSG00000139146,0,#cccccc,SINHCAF
ENSG00000225434,0,#cccccc,LINC01504
ENSG00000267750,0,#cccccc,RUNDC3A-AS1
ENSG00000166446,0,#cccccc,CDYL2
ENSG00000174804,7,#f45deb,FZD4
ENSG00000091656,0,#cccccc,ZFHX4
ENSG00000114268,0,#cccccc,PFKFB4
ENSG00000140682,5,#37aabb,TGFB1I1
ENSG00000181588,0,#cccccc,MEX3D
ENSG00000188001,7,#f45deb,TPRG1
ENSG00000181036,6,#8197f4,FCRL6
ENSG00000163545,0,#cccccc,NUAK2
ENSG00000105339,7,#f45deb,DENND3
ENSG00000171488,6,#8197f4,LRRC8C
ENSG00000115252,0,#cccccc,PDE1A
ENSG00000197978,0,#cccccc,GOLGA6L9
ENSG00000067177,7,#f45deb,PHKA1
ENSG00000128159,4,#34af8a,TUBGCP6
ENSG00000224093,0,#cccccc,BCAR3-AS1
ENSG00000078814,0,#cccccc,MYH7B
ENSG00000165923,0,#cccccc,AGBL2
ENSG00000116133,0,#cccccc,DHCR24
ENSG00000188677,0,#cccccc,PARVB
ENSG00000148734,0,#cccccc,NPFFR1
ENSG00000152611,7,#f45deb,CAPSL
ENSG00000135047,0,#cccccc,CTSL
ENSG00000136810,0,#cccccc,TXN
ENSG00000161647,0,#cccccc,MPP3
ENSG00000138593,7,#f45deb,SECISBP2L
ENSG00000276566,0,#cccccc,IGKV1D-13
ENSG00000234420,0,#cccccc,ZNF37BP
ENSG00000106004,7,#f45deb,HOXA5
ENSG00000106952,6,#8197f4,TNFSF8
ENSG00000111801,6,#8197f4,BTN3A3
ENSG00000100417,0,#cccccc,PMM1
ENSG00000172244,7,#f45deb,C5orf34
ENSG00000213420,0,#cccccc,GPC2
ENSG00000186638,0,#cccccc,KIF24
ENSG00000010295,6,#8197f4,IFFO1
ENSG00000162390,0,#cccccc,ACOT11
ENSG00000229043,0,#cccccc,ZFAND2A-DT
ENSG00000132622,7,#f45deb,HSPA12B
ENSG00000130598,0,#cccccc,TNNI2
ENSG00000231500,0,#cccccc,RPS18
ENSG00000100060,6,#8197f4,MFNG
ENSG00000157778,7,#f45deb,PSMG3
ENSG00000111490,0,#cccccc,TBC1D30
ENSG00000172183,0,#cccccc,ISG20
ENSG00000134247,0,#cccccc,PTGFRN
ENSG00000132846,0,#cccccc,ZBED3
ENSG00000170545,0,#cccccc,SMAGP
ENSG00000105699,0,#cccccc,LSR
ENSG00000047365,7,#f45deb,ARAP2
ENSG00000196187,0,#cccccc,TMEM63A
ENSG00000254363,0,#cccccc,AC011379.2
ENSG00000112655,0,#cccccc,PTK7
ENSG00000187323,7,#f45deb,DCC
ENSG00000003147,0,#cccccc,ICA1
ENSG00000152953,0,#cccccc,STK32B
ENSG00000114166,6,#8197f4,KAT2B
ENSG00000122786,5,#37aabb,CALD1
ENSG00000103490,0,#cccccc,PYCARD
ENSG00000174776,0,#cccccc,WDR49
ENSG00000016391,0,#cccccc,CHDH
ENSG00000167553,7,#f45deb,TUBA1C
ENSG00000197822,0,#cccccc,OCLN
ENSG00000182287,6,#8197f4,AP1S2
ENSG00000210082,0,#cccccc,MT-RNR2
